{
    "function_method_name": "extract_images_from_pdf_to_files",
    "time_start_1": 1770569573.9011571,
    "time_end_1": 1770569573.902973,
    "time_total_1": 0.0018157958984375,
    "time_start_2": 4152568.032884125,
    "time_end_2": 4152568.034699916,
    "time_total_2": 0.0018157907761633396,
    "time_start_3": 4152568032884166,
    "time_end_3": 4152568034700000,
    "time_total_3": 0.001815834
}