{
    "function_method_name": "extract_images_from_pdf_to_files",
    "time_start_1": 1770567649.113055,
    "time_end_1": 1770567649.114877,
    "time_total_1": 0.0018219947814941406,
    "time_start_2": 4150643.251320958,
    "time_end_2": 4150643.253142208,
    "time_total_2": 0.0018212497234344482,
    "time_start_3": 4150643251321041,
    "time_end_3": 4150643253142291,
    "time_total_3": 0.00182125
}