{
    "function_method_name": "extract_images_from_pdf_to_files",
    "time_start_1": 1770304412.913179,
    "time_end_1": 1770304412.9149299,
    "time_total_1": 0.001750946044921875,
    "time_start_2": 3903845.356462916,
    "time_end_2": 3903845.358213208,
    "time_total_2": 0.001750292256474495,
    "time_start_3": 3903845356462958,
    "time_end_3": 3903845358213291,
    "time_total_3": 0.001750333
}