{
    "function_method_name": "extract_images_from_pdf_to_files",
    "time_start_1": 1770511847.589708,
    "time_end_1": 1770511847.5914838,
    "time_total_1": 0.0017757415771484375,
    "time_start_2": 4094841.708557208,
    "time_end_2": 4094841.710333,
    "time_total_2": 0.0017757918685674667,
    "time_start_3": 4094841708557250,
    "time_end_3": 4094841710333083,
    "time_total_3": 0.001775833
}