{
    "function_method_name": "extract_images_from_pdf_to_files",
    "time_start_1": 1770516014.979311,
    "time_end_1": 1770516014.98115,
    "time_total_1": 0.0018389225006103516,
    "time_start_2": 4099009.091736916,
    "time_end_2": 4099009.093575375,
    "time_total_2": 0.0018384591676294804,
    "time_start_3": 4099009091736958,
    "time_end_3": 4099009093575458,
    "time_total_3": 0.0018385
}