{
    "function_method_name": "extract_images_from_pdf_to_files",
    "time_start_1": 1770570119.797222,
    "time_end_1": 1770570119.7990441,
    "time_total_1": 0.0018222332000732422,
    "time_start_2": 4153113.9275625,
    "time_end_2": 4153113.92938475,
    "time_total_2": 0.0018222499638795853,
    "time_start_3": 4153113927562541,
    "time_end_3": 4153113929384791,
    "time_total_3": 0.00182225
}