{
    "function_method_name": "extract_images_from_pdf_to_files",
    "time_start_1": 1770567868.521489,
    "time_end_1": 1770567868.523285,
    "time_total_1": 0.0017960071563720703,
    "time_start_2": 4150862.659249083,
    "time_end_2": 4150862.661045208,
    "time_total_2": 0.0017961249686777592,
    "time_start_3": 4150862659249125,
    "time_end_3": 4150862661045291,
    "time_total_3": 0.001796166
}