{
    "function_method_name": "extract_images_from_pdf_to_files",
    "time_start_1": 1770567956.138328,
    "time_end_1": 1770567956.14012,
    "time_total_1": 0.0017919540405273438,
    "time_start_2": 4150950.27588975,
    "time_end_2": 4150950.277681791,
    "time_total_2": 0.0017920411191880703,
    "time_start_3": 4150950275889833,
    "time_end_3": 4150950277681833,
    "time_total_3": 0.001792
}