{
    "function_method_name": "extract_images_from_pdf_to_files",
    "time_start_1": 1770306274.972336,
    "time_end_1": 1770306274.9742122,
    "time_total_1": 0.0018761157989501953,
    "time_start_2": 3905707.416065125,
    "time_end_2": 3905707.417941458,
    "time_total_2": 0.001876333262771368,
    "time_start_3": 3905707416065166,
    "time_end_3": 3905707417941500,
    "time_total_3": 0.001876334
}