{
    "function_method_name": "extract_images_from_pdf_to_files",
    "time_start_1": 1774242247.900515,
    "time_end_1": 1774242247.90299,
    "time_total_1": 0.0024750232696533203,
    "time_start_2": 1002203.587634,
    "time_end_2": 1002203.590109125,
    "time_total_2": 0.002475125016644597,
    "time_start_3": 1002203587634041,
    "time_end_3": 1002203590109166,
    "time_total_3": 0.002475125
}