{
    "function_method_name": "extract_images_from_pdf_to_files",
    "time_start_1": 1770306058.901592,
    "time_end_1": 1770306058.903359,
    "time_total_1": 0.0017669200897216797,
    "time_start_2": 3905491.345269291,
    "time_end_2": 3905491.347036791,
    "time_total_2": 0.0017674998380243778,
    "time_start_3": 3905491345269333,
    "time_end_3": 3905491347036833,
    "time_total_3": 0.0017675
}