{
    "function_method_name": "extract_images_from_pdf_to_files",
    "time_start_1": 1770513983.92593,
    "time_end_1": 1770513983.9277282,
    "time_total_1": 0.0017981529235839844,
    "time_start_2": 4096978.039486583,
    "time_end_2": 4096978.041284333,
    "time_total_2": 0.0017977501265704632,
    "time_start_3": 4096978039486666,
    "time_end_3": 4096978041284375,
    "time_total_3": 0.001797709
}