{
    "function_method_name": "extract_images_from_pdf_to_files",
    "time_start_1": 1771004927.075764,
    "time_end_1": 1771004927.07761,
    "time_total_1": 0.0018460750579833984,
    "time_start_2": 31280.588685333,
    "time_end_2": 31280.590531041,
    "time_total_2": 0.0018457080004736781,
    "time_start_3": 31280588685375,
    "time_end_3": 31280590531125,
    "time_total_3": 0.00184575
}