{
    "function_method_name": "extract_images_from_pdf_to_files",
    "time_start_1": 1771004705.498833,
    "time_end_1": 1771004705.500649,
    "time_total_1": 0.0018160343170166016,
    "time_start_2": 31059.012122666,
    "time_end_2": 31059.013938666,
    "time_total_2": 0.0018159999999625143,
    "time_start_3": 31059012122750,
    "time_end_3": 31059013938750,
    "time_total_3": 0.001816
}