{
    "function_method_name": "extract_images_from_pdf_to_files",
    "time_start_1": 1770302704.4899368,
    "time_end_1": 1770302704.491727,
    "time_total_1": 0.0017902851104736328,
    "time_start_2": 3902136.9325615,
    "time_end_2": 3902136.9343515,
    "time_total_2": 0.0017900001257658005,
    "time_start_3": 3902136932561541,
    "time_end_3": 3902136934351541,
    "time_total_3": 0.00179
}