{
    "function_method_name": "extract_images_from_pdf_to_files",
    "time_start_1": 1771005629.458722,
    "time_end_1": 1771005629.460027,
    "time_total_1": 0.0013048648834228516,
    "time_start_2": 31982.970345208,
    "time_end_2": 31982.971650333,
    "time_total_2": 0.0013051249989075586,
    "time_start_3": 31982970345250,
    "time_end_3": 31982971650375,
    "time_total_3": 0.001305125
}