{
    "function_method_name": "extract_images_from_pdf_to_files",
    "time_start_1": 1770302489.11797,
    "time_end_1": 1770302489.1197708,
    "time_total_1": 0.0018007755279541016,
    "time_start_2": 3901921.560558875,
    "time_end_2": 3901921.562359833,
    "time_total_2": 0.0018009580671787262,
    "time_start_3": 3901921560558958,
    "time_end_3": 3901921562359875,
    "time_total_3": 0.001800917
}