{
    "function_method_name": "extract_images_from_pdf_to_files",
    "time_start_1": 1770516762.809536,
    "time_end_1": 1770516762.811339,
    "time_total_1": 0.0018029212951660156,
    "time_start_2": 4099756.920616791,
    "time_end_2": 4099756.922419958,
    "time_total_2": 0.0018031666986644268,
    "time_start_3": 4099756920616833,
    "time_end_3": 4099756922420000,
    "time_total_3": 0.001803167
}