{
    "function_method_name": "extract_images_from_pdf_to_files",
    "time_start_1": 1770514154.782016,
    "time_end_1": 1770514154.783808,
    "time_total_1": 0.0017919540405273438,
    "time_start_2": 4097148.895121375,
    "time_end_2": 4097148.896913916,
    "time_total_2": 0.0017925407737493515,
    "time_start_3": 4097148895121458,
    "time_end_3": 4097148896914000,
    "time_total_3": 0.001792542
}