{
    "function_method_name": "extract_images_from_pdf_to_files",
    "time_start_1": 1770512060.9421031,
    "time_end_1": 1770512060.9438772,
    "time_total_1": 0.0017740726470947266,
    "time_start_2": 4095055.0603645,
    "time_end_2": 4095055.062138875,
    "time_total_2": 0.0017743748612701893,
    "time_start_3": 4095055060364583,
    "time_end_3": 4095055062138916,
    "time_total_3": 0.001774333
}