{
    "function_method_name": "extract_images_from_pdf_to_files",
    "time_start_1": 1771005861.758083,
    "time_end_1": 1771005861.7594008,
    "time_total_1": 0.001317739486694336,
    "time_start_2": 32215.269293208,
    "time_end_2": 32215.270611,
    "time_total_2": 0.0013177920009184163,
    "time_start_3": 32215269293250,
    "time_end_3": 32215270611041,
    "time_total_3": 0.001317791
}