{
    "function_method_name": "extract_images_from_pdf_to_files",
    "time_start_1": 1770511527.03011,
    "time_end_1": 1770511527.0319738,
    "time_total_1": 0.0018639564514160156,
    "time_start_2": 4094521.149828291,
    "time_end_2": 4094521.151692541,
    "time_total_2": 0.0018642498180270195,
    "time_start_3": 4094521149828375,
    "time_end_3": 4094521151692625,
    "time_total_3": 0.00186425
}