{
    "function_method_name": "extract_images_from_pdf_to_files",
    "time_start_1": 1771005971.251149,
    "time_end_1": 1771005971.252418,
    "time_total_1": 0.0012691020965576172,
    "time_start_2": 32324.762164125,
    "time_end_2": 32324.763432833,
    "time_total_2": 0.0012687079979514237,
    "time_start_3": 32324762164208,
    "time_end_3": 32324763432875,
    "time_total_3": 0.001268667
}