{
    "function_method_name": "extract_images_from_pdf_to_files",
    "time_start_1": 1770512552.362734,
    "time_end_1": 1770512552.364526,
    "time_total_1": 0.0017919540405273438,
    "time_start_2": 4095546.479663041,
    "time_end_2": 4095546.481454958,
    "time_total_2": 0.0017919172532856464,
    "time_start_3": 4095546479663125,
    "time_end_3": 4095546481455041,
    "time_total_3": 0.001791916
}