{
    "function_method_name": "extract_images_from_pdf_to_files",
    "time_start_1": 1770304111.57191,
    "time_end_1": 1770304111.573728,
    "time_total_1": 0.0018181800842285156,
    "time_start_2": 3903544.015120791,
    "time_end_2": 3903544.01693925,
    "time_total_2": 0.001818459015339613,
    "time_start_3": 3903544015120833,
    "time_end_3": 3903544016939333,
    "time_total_3": 0.0018185
}