{
    "function_method_name": "extract_images_from_pdf_to_files",
    "time_start_1": 1770571779.34274,
    "time_end_1": 1770571779.344558,
    "time_total_1": 0.001817941665649414,
    "time_start_2": 4154773.471361583,
    "time_end_2": 4154773.473178958,
    "time_total_2": 0.0018173749558627605,
    "time_start_3": 4154773471361666,
    "time_end_3": 4154773473179083,
    "time_total_3": 0.001817417
}