{
    "function_method_name": "extract_images_from_pdf_to_files",
    "time_start_1": 1770304219.233558,
    "time_end_1": 1770304219.235357,
    "time_total_1": 0.0017991065979003906,
    "time_start_2": 3903651.676794833,
    "time_end_2": 3903651.678594166,
    "time_total_2": 0.0017993329092860222,
    "time_start_3": 3903651676794875,
    "time_end_3": 3903651678594250,
    "time_total_3": 0.001799375
}