{
    "function_method_name": "extract_images_from_pdf_to_files",
    "time_start_1": 1770514860.2693472,
    "time_end_1": 1770514860.2711282,
    "time_total_1": 0.0017809867858886719,
    "time_start_2": 4097854.3805895,
    "time_end_2": 4097854.382370625,
    "time_total_2": 0.0017811250872910023,
    "time_start_3": 4097854380589583,
    "time_end_3": 4097854382370666,
    "time_total_3": 0.001781083
}