{
    "function_method_name": "extract_images_from_pdf_to_files",
    "time_start_1": 1770513578.33745,
    "time_end_1": 1770513578.3392441,
    "time_total_1": 0.0017940998077392578,
    "time_start_2": 4096572.452100083,
    "time_end_2": 4096572.453894541,
    "time_total_2": 0.0017944579012691975,
    "time_start_3": 4096572452100166,
    "time_end_3": 4096572453894583,
    "time_total_3": 0.001794417
}