{
    "function_method_name": "extract_images_from_pdf_to_files",
    "time_start_1": 1771754586.79155,
    "time_end_1": 1771754586.792863,
    "time_total_1": 0.0013129711151123047,
    "time_start_2": 211058.675951625,
    "time_end_2": 211058.67726475,
    "time_total_2": 0.00131312501616776,
    "time_start_3": 211058675951666,
    "time_end_3": 211058677264791,
    "time_total_3": 0.001313125
}