{
    "function_method_name": "extract_images_from_pdf_to_files",
    "time_start_1": 1770512637.88833,
    "time_end_1": 1770512637.890143,
    "time_total_1": 0.0018129348754882812,
    "time_start_2": 4095632.005023708,
    "time_end_2": 4095632.006837,
    "time_total_2": 0.0018132920376956463,
    "time_start_3": 4095632005023791,
    "time_end_3": 4095632006837041,
    "time_total_3": 0.00181325
}