{
    "function_method_name": "extract_images_from_pdf_to_files",
    "time_start_1": 1771755278.294461,
    "time_end_1": 1771755278.295808,
    "time_total_1": 0.0013470649719238281,
    "time_start_2": 211750.1783965,
    "time_end_2": 211750.179743833,
    "time_total_2": 0.0013473329890985042,
    "time_start_3": 211750178396583,
    "time_end_3": 211750179743916,
    "time_total_3": 0.001347333
}