{
    "function_method_name": "extract_images_from_pdf_to_files",
    "time_start_1": 1771005568.765923,
    "time_end_1": 1771005568.7672498,
    "time_total_1": 0.0013267993927001953,
    "time_start_2": 31922.277654375,
    "time_end_2": 31922.278981041,
    "time_total_2": 0.0013266659989312757,
    "time_start_3": 31922277654416,
    "time_end_3": 31922278981083,
    "time_total_3": 0.001326667
}