{
    "function_method_name": "extract_images_from_pdf_to_files",
    "time_start_1": 1770516591.478802,
    "time_end_1": 1770516591.4805892,
    "time_total_1": 0.0017871856689453125,
    "time_start_2": 4099585.590183916,
    "time_end_2": 4099585.591970375,
    "time_total_2": 0.0017864587716758251,
    "time_start_3": 4099585590183958,
    "time_end_3": 4099585591970416,
    "time_total_3": 0.001786458
}