{
    "function_method_name": "extract_images_from_pdf_to_files",
    "time_start_1": 1770515822.2954519,
    "time_end_1": 1770515822.297246,
    "time_total_1": 0.0017940998077392578,
    "time_start_2": 4098816.404156583,
    "time_end_2": 4098816.405950458,
    "time_total_2": 0.0017938748933374882,
    "time_start_3": 4098816404156666,
    "time_end_3": 4098816405950500,
    "time_total_3": 0.001793834
}