{
    "function_method_name": "extract_text_to_file_from_any_document",
    "time_start_1": 1769720946.753063,
    "time_end_1": 1769720946.886556,
    "time_total_1": 0.13349294662475586,
    "time_start_2": 3320378.62402675,
    "time_end_2": 3320378.757519666,
    "time_total_2": 0.1334929158911109,
    "time_start_3": 3320378624026791,
    "time_end_3": 3320378757520000,
    "time_total_3": 0.133493209
}