{
    "function_method_name": "extract_text_to_file_from_any_document",
    "time_start_1": 1772215506.662199,
    "time_end_1": 1772215506.751592,
    "time_total_1": 0.08939290046691895,
    "time_start_2": 403237.309086666,
    "time_end_2": 403237.3984805,
    "time_total_2": 0.08939383400138468,
    "time_start_3": 403237309086708,
    "time_end_3": 403237398480708,
    "time_total_3": 0.089394
}