{
    "function_method_name": "extract_text_to_file_from_any_document",
    "time_start_1": 1769788070.4828238,
    "time_end_1": 1769788070.6171021,
    "time_total_1": 0.1342782974243164,
    "time_start_2": 3387502.374046458,
    "time_end_2": 3387502.508325166,
    "time_total_2": 0.1342787081375718,
    "time_start_3": 3387502374046500,
    "time_end_3": 3387502508325333,
    "time_total_3": 0.134278833
}