{
  "function_method_name": "extract_text_to_file_from_any_document",
  "num_pages": 11,
  "time_start_1": 1773176809.39011,
  "time_end_1": 1773176809.659188,
  "time_total_1": 0.26907801628112793,
  "pages_per_second_1": 40.880337056251356,
  "time_start_2": 1317800.357287666,
  "time_end_2": 1317800.626364875,
  "time_total_2": 0.26907720882445574,
  "pages_per_second_2": 40.88045973145325,
  "time_start_3": 1317800357287708,
  "time_end_3": 1317800626365166,
  "time_total_3": 0.269077458,
  "pages_per_second_3": 40.88042187465589
}