{
    "function_method_name": "api_parse_analyze_markdown_mistletoe",
    "time_start_1": 1772789820.324042,
    "time_end_1": 1772789820.330911,
    "time_total_1": 0.006868839263916016,
    "time_start_2": 963790.281345875,
    "time_end_2": 963790.288214958,
    "time_total_2": 0.006869083037599921,
    "time_start_3": 963790281346000,
    "time_end_3": 963790288215291,
    "time_total_3": 0.006869291
}