{
    "function_method_name": "extract_text_to_file_from_any_document",
    "time_start_1": 1772631183.542769,
    "time_end_1": 1772631183.619734,
    "time_total_1": 0.0769650936126709,
    "time_start_2": 818913.956552708,
    "time_end_2": 818914.033517166,
    "time_total_2": 0.07696445798501372,
    "time_start_3": 818913956553041,
    "time_end_3": 818914033518333,
    "time_total_3": 0.076965292
}