{
    "function_method_name": "extract_text_to_file_from_any_document",
    "time_start_1": 1771940826.2188292,
    "time_end_1": 1771940826.219955,
    "time_total_1": 0.0011258125305175781,
    "time_start_2": 149728.587184958,
    "time_end_2": 149728.588311458,
    "time_total_2": 0.0011264999920967966,
    "time_start_3": 149728587184958,
    "time_end_3": 149728588311500,
    "time_total_3": 0.001126542
}