{
  "function_method_name": "extract_text_to_file_from_docx_document",
  "time_start_1": 1776797630.875565,
  "time_end_1": 1776797630.8860621,
  "time_total_1": 0.010497093200683594,
  "time_start_2": 786018.136695041,
  "time_end_2": 786018.147192083,
  "time_total_2": 0.01049704197794199,
  "time_start_3": 786018136695083,
  "time_end_3": 786018147192208,
  "time_total_3": 0.010497125,
  "num_pages": 0,
  "pages_per_second_1": 0.0,
  "pages_per_second_2": 0.0,
  "pages_per_second_3": 0.0
}