{
    "function_method_name": "extract_text_to_file_from_any_document",
    "time_start_1": 1764501795.083584,
    "time_end_1": 1764501795.1302028,
    "time_total_1": 0.04661870002746582,
    "time_start_2": 1437277.070815458,
    "time_end_2": 1437277.117435125,
    "time_total_2": 0.046619666973128915,
    "time_start_3": 1437277070815541,
    "time_end_3": 1437277117435333,
    "time_total_3": 0.046619792
}