{
    "function_method_name": "extract_text_to_file_from_any_document",
    "time_start_1": 1769608741.10198,
    "time_end_1": 1769608741.883342,
    "time_total_1": 0.7813620567321777,
    "time_start_2": 3208173.106413666,
    "time_end_2": 3208173.887775291,
    "time_total_2": 0.7813616250641644,
    "time_start_3": 3208173106413708,
    "time_end_3": 3208173887775416,
    "time_total_3": 0.781361708
}