{
    "function_method_name": "extract_text_to_file_from_any_document",
    "time_start_1": 1765466653.409612,
    "time_end_1": 1765466655.027251,
    "time_total_1": 1.6176390647888184,
    "time_start_2": 2375676.188972791,
    "time_end_2": 2375677.806613916,
    "time_total_2": 1.6176411248743534,
    "time_start_3": 2375676188972875,
    "time_end_3": 2375677806614000,
    "time_total_3": 1.617641125
}