{
    "function_method_name": "extract_markdown_to_file_from_any_document_complex",
    "num_pages": 74,
    "time_start_1": 1763174511.4084501,
    "time_end_1": 1763174525.434985,
    "time_total_1": 14.026534795761108,
    "pages_per_second_1": 5.27571499857279,
    "time_start_2": 140721.800132958,
    "time_end_2": 140735.826677833,
    "time_total_2": 14.026544875028776,
    "pages_per_second_2": 5.27571120752203,
    "time_start_3": 140721800133000,
    "time_end_3": 140735826677958,
    "time_total_3": 14.026544958,
    "pages_per_second_3": 5.275711176314614
}