{
    "function_method_name": "extract_text_to_file_from_any_document",
    "time_start_1": 1763177014.596498,
    "time_end_1": 1763177030.167254,
    "time_total_1": 15.570755958557129,
    "time_start_2": 143224.978466041,
    "time_end_2": 143240.549200708,
    "time_total_2": 15.57073466698057,
    "time_start_3": 143224978466083,
    "time_end_3": 143240549200791,
    "time_total_3": 15.570734708
}