{
    "function_method_name": "extract_text_to_file_from_any_document",
    "time_start_1": 1763075610.678154,
    "time_end_1": 1763075625.5232902,
    "time_total_1": 14.845136165618896,
    "time_start_2": 41821.176241583,
    "time_end_2": 41836.021298541,
    "time_total_2": 14.845056958001805,
    "time_start_3": 41821176241666,
    "time_end_3": 41836021298666,
    "time_total_3": 14.845057
}