{
    "function_method_name": "extract_markdown_to_file_from_any_document_complex",
    "num_pages": 74,
    "time_start_1": 1763065577.318049,
    "time_end_1": 1763065591.637279,
    "time_total_1": 14.319230079650879,
    "pages_per_second_1": 5.1678756181983365,
    "time_start_2": 31787.914211833,
    "time_end_2": 31802.2334975,
    "time_total_2": 14.319285667002987,
    "pages_per_second_2": 5.167855556546637,
    "time_start_3": 31787914211916,
    "time_end_3": 31802233497750,
    "time_total_3": 14.319285834,
    "pages_per_second_3": 5.167855496277119
}