{
    "function_method_name": "extract_text_to_file_from_any_document",
    "time_start_1": 1763104308.237077,
    "time_end_1": 1763104323.201034,
    "time_total_1": 14.963957071304321,
    "time_start_2": 70518.819522958,
    "time_end_2": 70533.783604166,
    "time_total_2": 14.964081208003336,
    "time_start_3": 70518819523125,
    "time_end_3": 70533783604291,
    "time_total_3": 14.964081166
}