{
    "function_method_name": "extract_markdown_to_file_from_any_document_complex",
    "num_pages": 74,
    "time_start_1": 1763149473.265578,
    "time_end_1": 1763149487.447499,
    "time_total_1": 14.181921005249023,
    "pages_per_second_1": 5.217910886163522,
    "time_start_2": 115683.666659708,
    "time_end_2": 115697.848718375,
    "time_total_2": 14.182058666992816,
    "pages_per_second_2": 5.217860237190167,
    "time_start_3": 115683666659708,
    "time_end_3": 115697848718583,
    "time_total_3": 14.182058875,
    "pages_per_second_3": 5.217860160660206
}