{
    "function_method_name": "extract_text_to_file_from_any_document",
    "time_start_1": 1763106816.359369,
    "time_end_1": 1763106832.046931,
    "time_total_1": 15.687561988830566,
    "time_start_2": 73026.871649875,
    "time_end_2": 73042.559127583,
    "time_total_2": 15.687477707993821,
    "time_start_3": 73026871649958,
    "time_end_3": 73042559127750,
    "time_total_3": 15.687477792
}