{
    "function_method_name": "extract_markdown_to_file_from_any_document_complex",
    "num_pages": 74,
    "time_start_1": 1763159546.4347699,
    "time_end_1": 1763159560.516706,
    "time_total_1": 14.081936120986938,
    "pages_per_second_1": 5.254959216134669,
    "time_start_2": 125756.837014583,
    "time_end_2": 125770.918954166,
    "time_total_2": 14.081939583003987,
    "pages_per_second_2": 5.254957924213319,
    "time_start_3": 125756837014708,
    "time_end_3": 125770918954333,
    "time_total_3": 14.081939625,
    "pages_per_second_3": 5.254957908541665
}