{
    "function_method_name": "extract_text_to_file_from_any_document",
    "time_start_1": 1763182032.377738,
    "time_end_1": 1763182047.373055,
    "time_total_1": 14.995316982269287,
    "time_start_2": 148242.703921916,
    "time_end_2": 148257.699110166,
    "time_total_2": 14.995188250002684,
    "time_start_3": 148242703922000,
    "time_end_3": 148257699110375,
    "time_total_3": 14.995188375
}