{
    "function_method_name": "extract_markdown_to_file_from_any_document",
    "num_pages": 74,
    "time_start_1": 1763109364.791716,
    "time_end_1": 1763109380.5712261,
    "time_total_1": 15.779510021209717,
    "pages_per_second_1": 4.6896259706755385,
    "time_start_2": 75575.238724166,
    "time_end_2": 75591.018036666,
    "time_total_2": 15.779312500002561,
    "pages_per_second_2": 4.689684674157254,
    "time_start_3": 75575238724291,
    "time_end_3": 75591018036875,
    "time_total_3": 15.779312584,
    "pages_per_second_3": 4.689684649192827
}