{
    "function_method_name": "extract_text_to_file_from_pdf_document",
    "time_start_1": 1770471212.0155141,
    "time_end_1": 1770471223.130062,
    "time_total_1": 11.114547967910767,
    "time_start_2": 4054206.211856166,
    "time_end_2": 4054217.326379541,
    "time_total_2": 11.1145233749412,
    "time_start_3": 4054206211856416,
    "time_end_3": 4054217326379666,
    "time_total_3": 11.11452325
}