{
    "function_method_name": "extract_text_to_file_from_any_document",
    "time_start_1": 1772631479.958755,
    "time_end_1": 1772631479.961828,
    "time_total_1": 0.003072977066040039,
    "time_start_2": 819210.371031958,
    "time_end_2": 819210.374105333,
    "time_total_2": 0.0030733749736100435,
    "time_start_3": 819210371032041,
    "time_end_3": 819210374105416,
    "time_total_3": 0.003073375
}