{
    "function_method_name": "extract_tables_to_files_from_pdf_document",
    "time_start_1": 1769327426.495025,
    "time_end_1": 1769327439.4785762,
    "time_total_1": 12.983551263809204,
    "time_start_2": 2931655.489444208,
    "time_end_2": 2931668.472704,
    "time_total_2": 12.983259791973978,
    "time_start_3": 2931655489444250,
    "time_end_3": 2931668472704208,
    "time_total_3": 12.983259958
}