{
    "function_method_name": "extract_tables_to_files_from_pdf_document",
    "time_start_1": 1769624036.7206001,
    "time_end_1": 1769624049.0495229,
    "time_total_1": 12.328922748565674,
    "time_start_2": 3223468.669662458,
    "time_end_2": 3223480.998555291,
    "time_total_2": 12.328892833087593,
    "time_start_3": 3223468669662541,
    "time_end_3": 3223480998555458,
    "time_total_3": 12.328892917
}