{
    "function_method_name": "extract_tables_to_files_from_pdf_document",
    "time_start_1": 1769301331.316499,
    "time_end_1": 1769301344.047691,
    "time_total_1": 12.731192111968994,
    "time_start_2": 2905560.379756708,
    "time_end_2": 2905573.110910458,
    "time_total_2": 12.731153749860823,
    "time_start_3": 2905560379756791,
    "time_end_3": 2905573110910666,
    "time_total_3": 12.731153875
}