{
    "function_method_name": "extract_tables_to_files_from_pdf_document",
    "time_start_1": 1769322429.208978,
    "time_end_1": 1769322442.114353,
    "time_total_1": 12.905375003814697,
    "time_start_2": 2926658.215983583,
    "time_end_2": 2926671.12132475,
    "time_total_2": 12.905341167002916,
    "time_start_3": 2926658215983708,
    "time_end_3": 2926671121324833,
    "time_total_3": 12.905341125
}