{
    "function_method_name": "extract_tables_to_files_from_pdf_document",
    "time_start_1": 1769311630.0818172,
    "time_end_1": 1769311668.092797,
    "time_total_1": 38.010979890823364,
    "time_start_2": 2915859.117739458,
    "time_end_2": 2915897.128607291,
    "time_total_2": 38.0108678326942,
    "time_start_3": 2915859117739500,
    "time_end_3": 2915897128607416,
    "time_total_3": 38.010867916
}