{
    "function_method_name": "extract_text_to_file_from_any_document",
    "time_start_1": 1769683232.52016,
    "time_end_1": 1769683232.523322,
    "time_total_1": 0.0031621456146240234,
    "time_start_2": 3282664.49486775,
    "time_end_2": 3282664.498030041,
    "time_total_2": 0.0031622909009456635,
    "time_start_3": 3282664494867875,
    "time_end_3": 3282664498030208,
    "time_total_3": 0.003162333
}