{
    "function_method_name": "extract_tables_to_files_from_pdf_document",
    "time_start_1": 1765484950.413693,
    "time_end_1": 1765484977.0953732,
    "time_total_1": 26.68168020248413,
    "time_start_2": 2393973.114044583,
    "time_end_2": 2393999.7956105,
    "time_total_2": 26.681565917097032,
    "time_start_3": 2393973114044625,
    "time_end_3": 2393999795610708,
    "time_total_3": 26.681566083
}