{
    "function_method_name": "extract_tables_to_files_from_pdf_document",
    "time_start_1": 1765519123.349709,
    "time_end_1": 1765519142.0033422,
    "time_total_1": 18.65363311767578,
    "time_start_2": 2428146.00127625,
    "time_end_2": 2428164.655005291,
    "time_total_2": 18.653729041107,
    "time_start_3": 2428146001276500,
    "time_end_3": 2428164655005375,
    "time_total_3": 18.653728875
}