{
    "function_method_name": "extract_tables_to_files_from_pdf_document",
    "time_start_1": 1765515660.2251341,
    "time_end_1": 1765515679.196419,
    "time_total_1": 18.971284866333008,
    "time_start_2": 2424682.846060041,
    "time_end_2": 2424701.817189791,
    "time_total_2": 18.971129749901593,
    "time_start_3": 2424682846060208,
    "time_end_3": 2424701817189916,
    "time_total_3": 18.971129708
}