{
    "function_method_name": "extract_text_to_file_from_any_document",
    "time_start_1": 1772652433.269593,
    "time_end_1": 1772652435.3560839,
    "time_total_1": 2.0864908695220947,
    "time_start_2": 840163.679917083,
    "time_end_2": 840165.766401083,
    "time_total_2": 2.086483999970369,
    "time_start_3": 840163679917125,
    "time_end_3": 840165766401208,
    "time_total_3": 2.086484083
}