{
    "function_method_name": "extract_text_to_file_from_any_document",
    "time_start_1": 1763113904.2247198,
    "time_end_1": 1763113904.5072472,
    "time_total_1": 0.28252744674682617,
    "time_start_2": 80114.736943125,
    "time_end_2": 80115.0194715,
    "time_total_2": 0.2825283749989467,
    "time_start_3": 80114736943208,
    "time_end_3": 80115019471666,
    "time_total_3": 0.282528458
}