{
    "function_method_name": "extract_text_to_file_from_any_document",
    "time_start_1": 1769682669.525516,
    "time_end_1": 1769682669.8952131,
    "time_total_1": 0.36969709396362305,
    "time_start_2": 3282101.507109166,
    "time_end_2": 3282101.876807541,
    "time_total_2": 0.36969837499782443,
    "time_start_3": 3282101507109250,
    "time_end_3": 3282101876807666,
    "time_total_3": 0.369698416
}