{
    "function_method_name": "extract_text_to_file_from_any_document",
    "time_start_1": 1770498954.935632,
    "time_end_1": 1770498955.0512252,
    "time_total_1": 0.11559319496154785,
    "time_start_2": 4081949.084994791,
    "time_end_2": 4081949.200587,
    "time_total_2": 0.11559220915660262,
    "time_start_3": 4081949084994833,
    "time_end_3": 4081949200587083,
    "time_total_3": 0.11559225
}