{
    "function_method_name": "extract_text_to_file_from_any_document",
    "time_start_1": 1769682783.993461,
    "time_end_1": 1769682786.610162,
    "time_total_1": 2.616701126098633,
    "time_start_2": 3282215.968578291,
    "time_end_2": 3282218.58525725,
    "time_total_2": 2.616678958758712,
    "time_start_3": 3282215968578291,
    "time_end_3": 3282218585257375,
    "time_total_3": 2.616679084
}