{
    "function_method_name": "extract_tables_to_files_from_pdf_document",
    "time_start_1": 1765497405.080458,
    "time_end_1": 1765497407.738867,
    "time_total_1": 2.6584091186523438,
    "time_start_2": 2406427.735857708,
    "time_end_2": 2406430.394258208,
    "time_total_2": 2.6584005001932383,
    "time_start_3": 2406427735857791,
    "time_end_3": 2406430394258500,
    "time_total_3": 2.658400709
}