{
    "function_method_name": "api_parse_analyze_markdown_mistune",
    "time_start_1": 1772641567.957477,
    "time_end_1": 1772641568.258232,
    "time_total_1": 0.30075502395629883,
    "time_start_2": 829298.4046215,
    "time_end_2": 829298.705381791,
    "time_total_2": 0.30076029093470424,
    "time_start_3": 829298404621541,
    "time_end_3": 829298705381958,
    "time_total_3": 0.300760417
}