{
  "function_method_name": "extract_text_to_file_from_any_document",
  "time_start_1": 1780747075.7543428,
  "time_end_1": 1780747075.817461,
  "time_total_1": 0.06311821937561035,
  "time_start_2": 1.717897375,
  "time_end_2": 1.781020458,
  "time_total_2": 0.06312308300000002,
  "time_start_3": 1717897416,
  "time_end_3": 1781020541,
  "time_total_3": 0.063123125
}