{
    "function_method_name": "extract_text_to_file_from_any_document",
    "time_start_1": 1772631471.270062,
    "time_end_1": 1772631471.443439,
    "time_total_1": 0.17337703704833984,
    "time_start_2": 819201.682384666,
    "time_end_2": 819201.85576075,
    "time_total_2": 0.17337608395610005,
    "time_start_3": 819201682384875,
    "time_end_3": 819201855761083,
    "time_total_3": 0.173376208
}