{
    "function_method_name": "extract_text_to_file_from_any_document",
    "time_start_1": 1769394814.8600519,
    "time_end_1": 1769394856.5553029,
    "time_total_1": 41.69525098800659,
    "time_start_2": 2999043.7583745,
    "time_end_2": 2999085.453730541,
    "time_total_2": 41.69535604072735,
    "time_start_3": 2999043758374541,
    "time_end_3": 2999085453730916,
    "time_total_3": 41.695356375
}