{
    "function_method_name": "extract_tables_to_files_from_pdf_document",
    "time_start_1": 1769630737.179635,
    "time_end_1": 1769630737.574153,
    "time_total_1": 0.3945178985595703,
    "time_start_2": 3230169.090503333,
    "time_end_2": 3230169.4850205,
    "time_total_2": 0.39451716700568795,
    "time_start_3": 3230169090503375,
    "time_end_3": 3230169485020625,
    "time_total_3": 0.39451725
}