{
    "function_method_name": "extract_tables_to_files_from_pdf_document",
    "time_start_1": 1769419666.6518059,
    "time_end_1": 1769419667.0498428,
    "time_total_1": 0.3980369567871094,
    "time_start_2": 3023895.5088585,
    "time_end_2": 3023895.906895166,
    "time_total_2": 0.3980366657488048,
    "time_start_3": 3023895508858583,
    "time_end_3": 3023895906895500,
    "time_total_3": 0.398036917
}