{
    "function_method_name": "extract_tables_to_files_from_pdf_document",
    "time_start_1": 1769321559.903815,
    "time_end_1": 1769321560.301285,
    "time_total_1": 0.39746999740600586,
    "time_start_2": 2925788.912763458,
    "time_end_2": 2925789.310233166,
    "time_total_2": 0.39746970776468515,
    "time_start_3": 2925788912763541,
    "time_end_3": 2925789310233541,
    "time_total_3": 0.39747
}