{
    "function_method_name": "extract_tables_to_files_from_pdf_document",
    "time_start_1": 1769411658.0139189,
    "time_end_1": 1769411658.406048,
    "time_total_1": 0.39212918281555176,
    "time_start_2": 3015886.894279,
    "time_end_2": 3015887.286407708,
    "time_total_2": 0.3921287083067,
    "time_start_3": 3015886894279041,
    "time_end_3": 3015887286407916,
    "time_total_3": 0.392128875
}