{
    "function_method_name": "extract_tables_to_files_from_pdf_document",
    "time_start_1": 1772677178.8247712,
    "time_end_1": 1772677179.0361779,
    "time_total_1": 0.21140670776367188,
    "time_start_2": 864909.154395791,
    "time_end_2": 864909.365802416,
    "time_total_2": 0.21140662499237806,
    "time_start_3": 864909154395833,
    "time_end_3": 864909365802583,
    "time_total_3": 0.21140675
}