{
    "function_method_name": "extract_tables_to_files_from_pdf_document",
    "time_start_1": 1769682917.532744,
    "time_end_1": 1769682917.9212391,
    "time_total_1": 0.38849520683288574,
    "time_start_2": 3282349.507620333,
    "time_end_2": 3282349.896115958,
    "time_total_2": 0.38849562499672174,
    "time_start_3": 3282349507620416,
    "time_end_3": 3282349896116166,
    "time_total_3": 0.38849575
}