{
    "function_method_name": "extract_tables_to_files_from_pdf_document",
    "time_start_1": 1769336548.3189561,
    "time_end_1": 1769336548.710488,
    "time_total_1": 0.39153194427490234,
    "time_start_2": 2940777.287603125,
    "time_end_2": 2940777.679134916,
    "time_total_2": 0.3915317910723388,
    "time_start_3": 2940777287603208,
    "time_end_3": 2940777679135125,
    "time_total_3": 0.391531917
}