{
    "function_method_name": "extract_markdown_to_file_from_any_document_complex",
    "num_pages": 54,
    "time_start_1": 1771538027.9119732,
    "time_end_1": 1771538038.233218,
    "time_total_1": 10.321244716644287,
    "pages_per_second_1": 5.231927105935034,
    "time_start_2": 5087.532797416,
    "time_end_2": 5097.853990083,
    "time_total_2": 10.321192667000105,
    "pages_per_second_2": 5.231953490477308,
    "time_start_3": 5087532797458,
    "time_end_3": 5097853990125,
    "time_total_3": 10.321192667,
    "pages_per_second_3": 5.231953490477362
}