{
    "function_method_name": "extract_text_to_file_from_any_document",
    "time_start_1": 1771572201.0811362,
    "time_end_1": 1771572215.59919,
    "time_total_1": 14.518053770065308,
    "time_start_2": 39260.759836083,
    "time_end_2": 39275.277886916,
    "time_total_2": 14.518050833001325,
    "time_start_3": 39260759836166,
    "time_end_3": 39275277886958,
    "time_total_3": 14.518050792
}