{
    "function_method_name": "extract_tables_to_files_from_pdf_document",
    "time_start_1": 1765493559.7060769,
    "time_end_1": 1765493559.71059,
    "time_total_1": 0.0045130252838134766,
    "time_start_2": 2402582.406961125,
    "time_end_2": 2402582.41147425,
    "time_total_2": 0.00451312493532896,
    "time_start_3": 2402582406961166,
    "time_end_3": 2402582411474333,
    "time_total_3": 0.004513167
}