{
    "function_method_name": "extract_tables_to_files_from_pdf_document",
    "time_start_1": 1765488850.7647822,
    "time_end_1": 1765488850.7690592,
    "time_total_1": 0.00427699089050293,
    "time_start_2": 2397873.436831083,
    "time_end_2": 2397873.441108333,
    "time_total_2": 0.004277249798178673,
    "time_start_3": 2397873436831125,
    "time_end_3": 2397873441108458,
    "time_total_3": 0.004277333
}