{
    "function_method_name": "extract_tables_to_files_from_pdf_document",
    "time_start_1": 1765463495.93948,
    "time_end_1": 1765463526.8337438,
    "time_total_1": 30.894263744354248,
    "time_start_2": 2372518.721293166,
    "time_end_2": 2372549.615500458,
    "time_total_2": 30.894207292236388,
    "time_start_3": 2372518721293416,
    "time_end_3": 2372549615500708,
    "time_total_3": 30.894207292
}