{
    "function_method_name": "extract_tables_to_files_from_pdf_document",
    "time_start_1": 1765500187.1040158,
    "time_end_1": 1765500214.9629068,
    "time_total_1": 27.858891010284424,
    "time_start_2": 2409209.731334083,
    "time_end_2": 2409237.590047583,
    "time_total_2": 27.858713500201702,
    "time_start_3": 2409209731334208,
    "time_end_3": 2409237590047666,
    "time_total_3": 27.858713458
}