{
    "function_method_name": "extract_text_to_file_from_pdf_document",
    "time_start_1": 1763913531.6488051,
    "time_end_1": 1763913705.7229939,
    "time_total_1": 174.07418870925903,
    "time_start_2": 849013.156585625,
    "time_end_2": 849187.231135,
    "time_total_2": 174.0745493749855,
    "time_start_3": 849013156585875,
    "time_end_3": 849187231135291,
    "time_total_3": 174.074549416
}