{
    "function_method_name": "extract_text_to_file_from_any_document",
    "time_start_1": 1772789391.377302,
    "time_end_1": 1772789391.377783,
    "time_total_1": 0.0004811286926269531,
    "time_start_2": 963361.334431,
    "time_end_2": 963361.33491275,
    "time_total_2": 0.0004817500011995435,
    "time_start_3": 963361334431291,
    "time_end_3": 963361334912958,
    "time_total_3": 0.000481667
}