{
  "function_method_name": "extract_markdown_to_file_from_any_document",
  "num_pages": 42,
  "time_start_1": 1773043058.626215,
  "time_end_1": 1773043065.757303,
  "time_total_1": 7.131088018417358,
  "pages_per_second_1": 5.889704332848957,
  "time_start_2": 1202711.047128416,
  "time_end_2": 1202718.178229625,
  "time_total_2": 7.131101209204644,
  "pages_per_second_2": 5.889693438341258,
  "time_start_3": 1202711047128500,
  "time_end_3": 1202718178229875,
  "time_total_3": 7.131101375,
  "pages_per_second_3": 5.889693301408157
}