{
    "function_method_name": "extract_images_from_pdf_to_files",
    "time_start_1": 1770567182.22099,
    "time_end_1": 1770567182.871976,
    "time_total_1": 0.6509859561920166,
    "time_start_2": 4150176.360268,
    "time_end_2": 4150177.011253375,
    "time_total_2": 0.65098537504673,
    "time_start_3": 4150176360268041,
    "time_end_3": 4150177011253750,
    "time_total_3": 0.650985709
}