{
    "function_method_name": "extract_images_from_pdf_to_files",
    "time_start_1": 1771754718.757696,
    "time_end_1": 1771754719.179018,
    "time_total_1": 0.4213221073150635,
    "time_start_2": 211190.642100875,
    "time_end_2": 211191.063423875,
    "time_total_2": 0.42132299998775125,
    "time_start_3": 211190642100916,
    "time_end_3": 211191063424250,
    "time_total_3": 0.421323334
}