{
    "function_method_name": "extract_images_from_pdf_to_files",
    "time_start_1": 1770513251.4046772,
    "time_end_1": 1770513252.031994,
    "time_total_1": 0.627316951751709,
    "time_start_2": 4096245.51964,
    "time_end_2": 4096246.14695575,
    "time_total_2": 0.6273157498799264,
    "time_start_3": 4096245519640083,
    "time_end_3": 4096246146956166,
    "time_total_3": 0.627316083
}