{
    "function_method_name": "extract_images_from_pdf_to_files",
    "time_start_1": 1770567335.786866,
    "time_end_1": 1770567336.4401898,
    "time_total_1": 0.6533238887786865,
    "time_start_2": 4150329.925821958,
    "time_end_2": 4150330.579145416,
    "time_total_2": 0.6533234580419958,
    "time_start_3": 4150329925822041,
    "time_end_3": 4150330579145541,
    "time_total_3": 0.6533235
}