{
    "function_method_name": "extract_images_from_pdf_to_files",
    "time_start_1": 1770303997.4857159,
    "time_end_1": 1770303998.109195,
    "time_total_1": 0.6234791278839111,
    "time_start_2": 3903429.928899791,
    "time_end_2": 3903430.552380125,
    "time_total_2": 0.6234803339466453,
    "time_start_3": 3903429928899833,
    "time_end_3": 3903430552380416,
    "time_total_3": 0.623480583
}