{
    "function_method_name": "extract_images_from_pdf_to_files",
    "time_start_1": 1770511670.641718,
    "time_end_1": 1770511671.2708328,
    "time_total_1": 0.6291148662567139,
    "time_start_2": 4094664.761054416,
    "time_end_2": 4094665.390168458,
    "time_total_2": 0.6291140420362353,
    "time_start_3": 4094664761054458,
    "time_end_3": 4094665390169250,
    "time_total_3": 0.629114792
}