{
    "function_method_name": "extract_images_from_pdf_to_files",
    "time_start_1": 1770303737.9298718,
    "time_end_1": 1770303738.5557592,
    "time_total_1": 0.625887393951416,
    "time_start_2": 3903170.372657583,
    "time_end_2": 3903170.99854525,
    "time_total_2": 0.6258876668289304,
    "time_start_3": 3903170372657666,
    "time_end_3": 3903170998545333,
    "time_total_3": 0.625887667
}