{
    "function_method_name": "extract_images_from_pdf_to_files",
    "time_start_1": 1770302071.995564,
    "time_end_1": 1770302072.624178,
    "time_total_1": 0.6286139488220215,
    "time_start_2": 3901504.43810175,
    "time_end_2": 3901505.066716625,
    "time_total_2": 0.6286148750223219,
    "time_start_3": 3901504438101791,
    "time_end_3": 3901505066716916,
    "time_total_3": 0.628615125
}