{
    "function_method_name": "extract_images_from_pdf_to_files",
    "time_start_1": 1770515581.06766,
    "time_end_1": 1770515581.6980858,
    "time_total_1": 0.6304256916046143,
    "time_start_2": 4098575.1770015,
    "time_end_2": 4098575.807425875,
    "time_total_2": 0.630424375180155,
    "time_start_3": 4098575177001583,
    "time_end_3": 4098575807425958,
    "time_total_3": 0.630424375
}