{
    "function_method_name": "extract_images_from_pdf_to_files",
    "time_start_1": 1770514683.134442,
    "time_end_1": 1770514683.764242,
    "time_total_1": 0.6297998428344727,
    "time_start_2": 4097677.246166583,
    "time_end_2": 4097677.87596575,
    "time_total_2": 0.6297991666942835,
    "time_start_3": 4097677246166666,
    "time_end_3": 4097677875966041,
    "time_total_3": 0.629799375
}