{
    "function_method_name": "extract_images_from_pdf_to_files",
    "time_start_1": 1770568299.6958551,
    "time_end_1": 1770568300.319783,
    "time_total_1": 0.6239278316497803,
    "time_start_2": 4151293.832668416,
    "time_end_2": 4151294.456595708,
    "time_total_2": 0.6239272919483483,
    "time_start_3": 4151293832668500,
    "time_end_3": 4151294456596083,
    "time_total_3": 0.623927583
}