{
    "function_method_name": "extract_images_from_pdf_to_files",
    "time_start_1": 1770567291.7995899,
    "time_end_1": 1770567292.430613,
    "time_total_1": 0.6310231685638428,
    "time_start_2": 4150285.938642208,
    "time_end_2": 4150286.56966525,
    "time_total_2": 0.6310230419039726,
    "time_start_3": 4150285938642250,
    "time_end_3": 4150286569666125,
    "time_total_3": 0.631023875
}