{
    "function_method_name": "extract_images_from_pdf_to_files",
    "time_start_1": 1770568649.000982,
    "time_end_1": 1770568649.625081,
    "time_total_1": 0.6240990161895752,
    "time_start_2": 4151643.136596041,
    "time_end_2": 4151643.760693666,
    "time_total_2": 0.62409762525931,
    "time_start_3": 4151643136596125,
    "time_end_3": 4151643760693958,
    "time_total_3": 0.624097833
}