{
    "function_method_name": "extract_images_from_pdf_to_files",
    "time_start_1": 1770568823.266707,
    "time_end_1": 1770568823.895073,
    "time_total_1": 0.6283659934997559,
    "time_start_2": 4151817.401923166,
    "time_end_2": 4151818.030288083,
    "time_total_2": 0.6283649168908596,
    "time_start_3": 4151817401923208,
    "time_end_3": 4151818030288291,
    "time_total_3": 0.628365083
}