{
    "function_method_name": "extract_images_from_pdf_to_files",
    "time_start_1": 1770511755.948371,
    "time_end_1": 1770511756.578561,
    "time_total_1": 0.6301901340484619,
    "time_start_2": 4094750.067472708,
    "time_end_2": 4094750.697661833,
    "time_total_2": 0.6301891249604523,
    "time_start_3": 4094750067472791,
    "time_end_3": 4094750697662208,
    "time_total_3": 0.630189417
}