{
    "function_method_name": "extract_images_from_pdf_to_files",
    "time_start_1": 1770306548.987988,
    "time_end_1": 1770306549.613119,
    "time_total_1": 0.6251308917999268,
    "time_start_2": 3905981.431497458,
    "time_end_2": 3905982.056628541,
    "time_total_2": 0.6251310831867158,
    "time_start_3": 3905981431497500,
    "time_end_3": 3905982056628708,
    "time_total_3": 0.625131208
}