{
    "function_method_name": "extract_images_from_pdf_to_files",
    "time_start_1": 1770515196.306667,
    "time_end_1": 1770515196.931233,
    "time_total_1": 0.624565839767456,
    "time_start_2": 4098190.417023041,
    "time_end_2": 4098191.041587083,
    "time_total_2": 0.624564042314887,
    "time_start_3": 4098190417023125,
    "time_end_3": 4098191041587333,
    "time_total_3": 0.624564208
}