{
    "function_method_name": "extract_images_from_pdf_to_files",
    "time_start_1": 1770305793.7034812,
    "time_end_1": 1770305794.325022,
    "time_total_1": 0.6215407848358154,
    "time_start_2": 3905226.147104291,
    "time_end_2": 3905226.768645083,
    "time_total_2": 0.621540792286396,
    "time_start_3": 3905226147104375,
    "time_end_3": 3905226768645375,
    "time_total_3": 0.621541
}