{
    "function_method_name": "extract_images_from_pdf_to_files",
    "time_start_1": 1770303759.473432,
    "time_end_1": 1770303760.100152,
    "time_total_1": 0.6267199516296387,
    "time_start_2": 3903191.916220541,
    "time_end_2": 3903192.542940708,
    "time_total_2": 0.6267201667651534,
    "time_start_3": 3903191916220583,
    "time_end_3": 3903192542940833,
    "time_total_3": 0.62672025
}