{
    "function_method_name": "extract_images_from_pdf_to_files",
    "time_start_1": 1770571881.843536,
    "time_end_1": 1770571882.465642,
    "time_total_1": 0.6221060752868652,
    "time_start_2": 4154875.971936833,
    "time_end_2": 4154876.594042,
    "time_total_2": 0.6221051667816937,
    "time_start_3": 4154875971936916,
    "time_end_3": 4154876594042250,
    "time_total_3": 0.622105334
}