{
    "function_method_name": "extract_images_from_pdf_to_files",
    "time_start_1": 1770302568.7872782,
    "time_end_1": 1770302569.410901,
    "time_total_1": 0.6236228942871094,
    "time_start_2": 3902001.229880333,
    "time_end_2": 3902001.853503708,
    "time_total_2": 0.6236233748495579,
    "time_start_3": 3902001229880375,
    "time_end_3": 3902001853504250,
    "time_total_3": 0.623623875
}