{
    "function_method_name": "extract_images_from_pdf_to_files",
    "time_start_1": 1770306354.702867,
    "time_end_1": 1770306355.328232,
    "time_total_1": 0.6253650188446045,
    "time_start_2": 3905787.146372375,
    "time_end_2": 3905787.771736083,
    "time_total_2": 0.6253637080080807,
    "time_start_3": 3905787146372416,
    "time_end_3": 3905787771736166,
    "time_total_3": 0.62536375
}