{
    "function_method_name": "extract_images_from_pdf_to_files",
    "time_start_1": 1770567949.4339929,
    "time_end_1": 1770567950.061352,
    "time_total_1": 0.62735915184021,
    "time_start_2": 4150943.571569875,
    "time_end_2": 4150944.198928291,
    "time_total_2": 0.627358416095376,
    "time_start_3": 4150943571569958,
    "time_end_3": 4150944198928541,
    "time_total_3": 0.627358583
}