{
    "function_method_name": "extract_images_from_pdf_to_files",
    "time_start_1": 1770303608.4243672,
    "time_end_1": 1770303609.060163,
    "time_total_1": 0.6357958316802979,
    "time_start_2": 3903040.8671315,
    "time_end_2": 3903041.502928833,
    "time_total_2": 0.6357973329722881,
    "time_start_3": 3903040867131583,
    "time_end_3": 3903041502929541,
    "time_total_3": 0.635797958
}