{
    "function_method_name": "extract_images_from_pdf_to_files",
    "time_start_1": 1770303651.469877,
    "time_end_1": 1770303652.093598,
    "time_total_1": 0.6237208843231201,
    "time_start_2": 3903083.912648625,
    "time_end_2": 3903084.536369375,
    "time_total_2": 0.6237207497470081,
    "time_start_3": 3903083912648708,
    "time_end_3": 3903084536369625,
    "time_total_3": 0.623720917
}