{
    "function_method_name": "extract_images_from_pdf_to_files",
    "time_start_1": 1770570965.639704,
    "time_end_1": 1770570966.2663019,
    "time_total_1": 0.6265978813171387,
    "time_start_2": 4153959.76784225,
    "time_end_2": 4153960.394439208,
    "time_total_2": 0.6265969579108059,
    "time_start_3": 4153959767842333,
    "time_end_3": 4153960394439458,
    "time_total_3": 0.626597125
}