{
    "function_method_name": "extract_images_from_pdf_to_files",
    "time_start_1": 1770512375.2620249,
    "time_end_1": 1770512375.884557,
    "time_total_1": 0.6225321292877197,
    "time_start_2": 4095369.379441916,
    "time_end_2": 4095370.0019725,
    "time_total_2": 0.6225305837579072,
    "time_start_3": 4095369379441958,
    "time_end_3": 4095370001972791,
    "time_total_3": 0.622530833
}