{
    "function_method_name": "extract_images_from_pdf_to_files",
    "time_start_1": 1770304428.139936,
    "time_end_1": 1770304428.762579,
    "time_total_1": 0.622642993927002,
    "time_start_2": 3903860.5832235,
    "time_end_2": 3903861.20586675,
    "time_total_2": 0.62264325004071,
    "time_start_3": 3903860583223583,
    "time_end_3": 3903861205867000,
    "time_total_3": 0.622643417
}