{
    "function_method_name": "extract_images_from_pdf_to_files",
    "time_start_1": 1770303953.8884978,
    "time_end_1": 1770303954.512446,
    "time_total_1": 0.6239480972290039,
    "time_start_2": 3903386.331671083,
    "time_end_2": 3903386.955620291,
    "time_total_2": 0.6239492082968354,
    "time_start_3": 3903386331671166,
    "time_end_3": 3903386955620583,
    "time_total_3": 0.623949417
}