{
    "function_method_name": "extract_images_from_pdf_to_files",
    "time_start_1": 1771004583.583592,
    "time_end_1": 1771004584.0053508,
    "time_total_1": 0.42175889015197754,
    "time_start_2": 30937.0945875,
    "time_end_2": 30937.516345708,
    "time_total_2": 0.4217582080018474,
    "time_start_3": 30937094587541,
    "time_end_3": 30937516345833,
    "time_total_3": 0.421758292
}