{
    "function_method_name": "extract_images_from_pdf_to_files",
    "time_start_1": 1771005795.2506392,
    "time_end_1": 1771005795.691037,
    "time_total_1": 0.4403977394104004,
    "time_start_2": 32148.761967291,
    "time_end_2": 32149.202364625,
    "time_total_2": 0.4403973340013181,
    "time_start_3": 32148761967333,
    "time_end_3": 32149202364708,
    "time_total_3": 0.440397375
}