{
    "function_method_name": "extract_images_from_pdf_to_files",
    "time_start_1": 1770515303.160002,
    "time_end_1": 1770515303.788394,
    "time_total_1": 0.6283919811248779,
    "time_start_2": 4098297.270075625,
    "time_end_2": 4098297.898466416,
    "time_total_2": 0.6283907913602889,
    "time_start_3": 4098297270075708,
    "time_end_3": 4098297898466708,
    "time_total_3": 0.628391
}