{
    "function_method_name": "extract_images_from_pdf_to_files",
    "time_start_1": 1770571402.505756,
    "time_end_1": 1770571403.130691,
    "time_total_1": 0.6249351501464844,
    "time_start_2": 4154396.635189041,
    "time_end_2": 4154397.260123416,
    "time_total_2": 0.624934374820441,
    "time_start_3": 4154396635189083,
    "time_end_3": 4154397260123750,
    "time_total_3": 0.624934667
}