{
    "function_method_name": "extract_images_from_pdf_to_files",
    "time_start_1": 1771755089.49934,
    "time_end_1": 1771755089.933395,
    "time_total_1": 0.4340548515319824,
    "time_start_2": 211561.383756166,
    "time_end_2": 211561.817811708,
    "time_total_2": 0.4340555419912562,
    "time_start_3": 211561383756250,
    "time_end_3": 211561817812041,
    "time_total_3": 0.434055791
}