{
    "function_method_name": "extract_images_from_pdf_to_files",
    "time_start_1": 1770568080.67556,
    "time_end_1": 1770568081.306286,
    "time_total_1": 0.6307260990142822,
    "time_start_2": 4151074.8128475,
    "time_end_2": 4151075.443572958,
    "time_total_2": 0.6307254577986896,
    "time_start_3": 4151074812847583,
    "time_end_3": 4151075443573166,
    "time_total_3": 0.630725583
}