{
    "function_method_name": "extract_images_from_pdf_to_files",
    "time_start_1": 1770306656.610969,
    "time_end_1": 1770306657.234654,
    "time_total_1": 0.6236848831176758,
    "time_start_2": 3906089.054497916,
    "time_end_2": 3906089.678184458,
    "time_total_2": 0.6236865422688425,
    "time_start_3": 3906089054498000,
    "time_end_3": 3906089678184583,
    "time_total_3": 0.623686583
}