{
    "function_method_name": "extract_images_from_pdf_to_files",
    "time_start_1": 1770301467.3860211,
    "time_end_1": 1770301468.0147378,
    "time_total_1": 0.6287167072296143,
    "time_start_2": 3900899.825650791,
    "time_end_2": 3900900.454370166,
    "time_total_2": 0.6287193750031292,
    "time_start_3": 3900899825650916,
    "time_end_3": 3900900454371000,
    "time_total_3": 0.628720084
}