{
    "function_method_name": "extract_images_from_pdf_to_files",
    "time_start_1": 1770303306.4459589,
    "time_end_1": 1770303307.069723,
    "time_total_1": 0.6237640380859375,
    "time_start_2": 3902738.888674,
    "time_end_2": 3902739.51243825,
    "time_total_2": 0.6237642499618232,
    "time_start_3": 3902738888674041,
    "time_end_3": 3902739512438291,
    "time_total_3": 0.62376425
}