{
    "function_method_name": "extract_images_from_pdf_to_files",
    "time_start_1": 1770305988.144589,
    "time_end_1": 1770305988.766857,
    "time_total_1": 0.6222679615020752,
    "time_start_2": 3905420.588249791,
    "time_end_2": 3905421.210518791,
    "time_total_2": 0.6222689999267459,
    "time_start_3": 3905420588249875,
    "time_end_3": 3905421210518875,
    "time_total_3": 0.622269
}