{
    "function_method_name": "extract_images_from_pdf_to_files",
    "time_start_1": 1771754520.743619,
    "time_end_1": 1771754521.162461,
    "time_total_1": 0.418842077255249,
    "time_start_2": 210992.628018041,
    "time_end_2": 210993.046860416,
    "time_total_2": 0.4188423750165384,
    "time_start_3": 210992628018125,
    "time_end_3": 210993046860583,
    "time_total_3": 0.418842458
}