{
    "function_method_name": "extract_images_from_pdf_to_files",
    "time_start_1": 1770304600.902807,
    "time_end_1": 1770304601.527869,
    "time_total_1": 0.6250619888305664,
    "time_start_2": 3904033.346136291,
    "time_end_2": 3904033.971198083,
    "time_total_2": 0.6250617918558419,
    "time_start_3": 3904033346136375,
    "time_end_3": 3904033971198416,
    "time_total_3": 0.625062041
}