{
    "function_method_name": "extract_images_from_pdf_to_files",
    "time_start_1": 1771755319.968727,
    "time_end_1": 1771755320.398335,
    "time_total_1": 0.4296078681945801,
    "time_start_2": 211791.852653875,
    "time_end_2": 211792.282261958,
    "time_total_2": 0.4296080830099527,
    "time_start_3": 211791852653958,
    "time_end_3": 211792282262291,
    "time_total_3": 0.429608333
}