{
  "function_method_name": "extract_text_to_file_from_any_document",
  "time_start_1": 1775249676.264746,
  "time_end_1": 1775249676.283576,
  "time_total_1": 0.018830060958862305,
  "time_start_2": 665793.201909375,
  "time_end_2": 665793.220739791,
  "time_total_2": 0.018830416025593877,
  "time_start_3": 665793201909416,
  "time_end_3": 665793220739916,
  "time_total_3": 0.0188305,
  "num_pages": 0,
  "pages_per_second_1": 0.0,
  "pages_per_second_2": 0.0,
  "pages_per_second_3": 0.0
}