{
    "function_method_name": "extract_text_to_file_from_any_document",
    "time_start_1": 1772215622.079655,
    "time_end_1": 1772215630.6714392,
    "time_total_1": 8.591784238815308,
    "time_start_2": 403352.726081375,
    "time_end_2": 403361.317830916,
    "time_total_2": 8.591749541054014,
    "time_start_3": 403352726081416,
    "time_end_3": 403361317831083,
    "time_total_3": 8.591749667
}