{
    "function_method_name": "extract_text_to_file_from_any_document",
    "time_start_1": 1769721678.173742,
    "time_end_1": 1769721680.119468,
    "time_total_1": 1.945725917816162,
    "time_start_2": 3321110.042984833,
    "time_end_2": 3321111.988705791,
    "time_total_2": 1.945720958057791,
    "time_start_3": 3321110042984916,
    "time_end_3": 3321111988706000,
    "time_total_3": 1.945721084
}