{
    "function_method_name": "extract_text_to_file_from_any_document",
    "time_start_1": 1769684047.49538,
    "time_end_1": 1769684049.928052,
    "time_total_1": 2.4326720237731934,
    "time_start_2": 3283479.469697,
    "time_end_2": 3283481.902368333,
    "time_total_2": 2.4326713331975043,
    "time_start_3": 3283479469697083,
    "time_end_3": 3283481902368458,
    "time_total_3": 2.432671375
}