{
  "function_method_name": "extract_text_to_file_from_any_document",
  "num_pages": 389,
  "time_start_1": 1772985468.063967,
  "time_end_1": 1772985469.033025,
  "time_total_1": 0.9690580368041992,
  "pages_per_second_1": 401.4207459471269,
  "time_start_2": 1145120.621664333,
  "time_end_2": 1145121.590719958,
  "time_total_2": 0.9690556251443923,
  "pages_per_second_2": 401.4217449509545,
  "time_start_3": 1145120621664375,
  "time_end_3": 1145121590720125,
  "time_total_3": 0.96905575,
  "pages_per_second_3": 401.4216932307558
}