{
    "function_method_name": "extract_text_to_file_from_any_document",
    "time_start_1": 1770561242.326779,
    "time_end_1": 1770561242.587013,
    "time_total_1": 0.26023411750793457,
    "time_start_2": 4144236.479714,
    "time_end_2": 4144236.739947625,
    "time_total_2": 0.2602336248382926,
    "time_start_3": 4144236479714083,
    "time_end_3": 4144236739947791,
    "time_total_3": 0.260233708
}