{
    "function_method_name": "extract_tables_to_files_from_pdf_document",
    "time_start_1": 1765561987.307536,
    "time_end_1": 1765561987.672947,
    "time_total_1": 0.36541104316711426,
    "time_start_2": 2447509.836529375,
    "time_end_2": 2447510.201939041,
    "time_total_2": 0.3654096657410264,
    "time_start_3": 2447509836529416,
    "time_end_3": 2447510201939125,
    "time_total_3": 0.365409709
}