{
    "function_method_name": "extract_tables_to_files_from_pdf_document",
    "time_start_1": 1765474819.7397811,
    "time_end_1": 1765474820.285579,
    "time_total_1": 0.5457978248596191,
    "time_start_2": 2383842.506814708,
    "time_end_2": 2383843.05261275,
    "time_total_2": 0.545798041857779,
    "time_start_3": 2383842506814833,
    "time_end_3": 2383843052612958,
    "time_total_3": 0.545798125
}