{
    "function_method_name": "extract_tables_to_files_from_pdf_document",
    "time_start_1": 1765565405.198857,
    "time_end_1": 1765565405.554139,
    "time_total_1": 0.3552818298339844,
    "time_start_2": 2450927.722813791,
    "time_end_2": 2450928.078094833,
    "time_total_2": 0.35528104193508625,
    "time_start_3": 2450927722813833,
    "time_end_3": 2450928078094958,
    "time_total_3": 0.355281125
}