{
    "function_method_name": "api_parse_analyze_markdown_mistune",
    "time_start_1": 1772641554.828205,
    "time_end_1": 1772641554.990031,
    "time_total_1": 0.16182589530944824,
    "time_start_2": 829285.275054208,
    "time_end_2": 829285.436885666,
    "time_total_2": 0.1618314579827711,
    "time_start_3": 829285275054291,
    "time_end_3": 829285436885750,
    "time_total_3": 0.161831459
}