{
    "function_method_name": "extract_text_to_file_from_any_document",
    "time_start_1": 1770468132.590501,
    "time_end_1": 1770468132.648741,
    "time_total_1": 0.05823993682861328,
    "time_start_2": 4051126.795114666,
    "time_end_2": 4051126.853354541,
    "time_total_2": 0.05823987489566207,
    "time_start_3": 4051126795114708,
    "time_end_3": 4051126853354833,
    "time_total_3": 0.058240125
}