{
    "function_method_name": "extract_tables_to_files_from_pdf_document",
    "time_start_1": 1769605702.4520478,
    "time_end_1": 1769605702.799124,
    "time_total_1": 0.3470761775970459,
    "time_start_2": 3205134.457655916,
    "time_end_2": 3205134.804732375,
    "time_total_2": 0.34707645885646343,
    "time_start_3": 3205134457656000,
    "time_end_3": 3205134804732583,
    "time_total_3": 0.347076583
}