{
    "function_method_name": "extract_tables_to_files_from_pdf_document",
    "time_start_1": 1769628821.1722398,
    "time_end_1": 1769628821.510155,
    "time_total_1": 0.33791518211364746,
    "time_start_2": 3228253.091403416,
    "time_end_2": 3228253.429317958,
    "time_total_2": 0.3379145422950387,
    "time_start_3": 3228253091403458,
    "time_end_3": 3228253429318166,
    "time_total_3": 0.337914708
}