{
    "function_method_name": "extract_tables_to_files_from_pdf_document",
    "time_start_1": 1769292352.2449338,
    "time_end_1": 1769292352.581707,
    "time_total_1": 0.336773157119751,
    "time_start_2": 2896581.338187458,
    "time_end_2": 2896581.674959291,
    "time_total_2": 0.3367718327790499,
    "time_start_3": 2896581338187500,
    "time_end_3": 2896581674959500,
    "time_total_3": 0.336772
}