{
    "function_method_name": "extract_tables_to_files_from_pdf_document",
    "time_start_1": 1769331525.495244,
    "time_end_1": 1769331525.831867,
    "time_total_1": 0.336622953414917,
    "time_start_2": 2935754.478229875,
    "time_end_2": 2935754.814852791,
    "time_total_2": 0.3366229156963527,
    "time_start_3": 2935754478229958,
    "time_end_3": 2935754814853041,
    "time_total_3": 0.336623083
}