{
    "function_method_name": "extract_tables_to_files_from_pdf_document",
    "time_start_1": 1769605222.3898659,
    "time_end_1": 1769605300.324383,
    "time_total_1": 77.93451714515686,
    "time_start_2": 3204654.395868875,
    "time_end_2": 3204732.330322416,
    "time_total_2": 77.93445354094729,
    "time_start_3": 3204654395868916,
    "time_end_3": 3204732330322750,
    "time_total_3": 77.934453834
}