{
    "function_method_name": "extract_tables_to_files_from_pdf_document",
    "time_start_1": 1769331100.004708,
    "time_end_1": 1769331152.364723,
    "time_total_1": 52.36001491546631,
    "time_start_2": 2935328.988819791,
    "time_end_2": 2935381.348696041,
    "time_total_2": 52.35987624991685,
    "time_start_3": 2935328988819958,
    "time_end_3": 2935381348696166,
    "time_total_3": 52.359876208
}