{
    "function_method_name": "extract_tables_to_files_from_pdf_document",
    "time_start_1": 1769308171.067747,
    "time_end_1": 1769308219.557688,
    "time_total_1": 48.489940881729126,
    "time_start_2": 2912400.114848541,
    "time_end_2": 2912448.6046675,
    "time_total_2": 48.489818959031254,
    "time_start_3": 2912400114848625,
    "time_end_3": 2912448604667708,
    "time_total_3": 48.489819083
}