{
    "function_method_name": "extract_text_to_file_from_any_document",
    "time_start_1": 1770498634.009296,
    "time_end_1": 1770498637.19573,
    "time_total_1": 3.186434030532837,
    "time_start_2": 4081628.15874775,
    "time_end_2": 4081631.345180875,
    "time_total_2": 3.1864331252872944,
    "time_start_3": 4081628158747875,
    "time_end_3": 4081631345181000,
    "time_total_3": 3.186433125
}