{
    "function_method_name": "extract_text_to_file_from_any_document",
    "time_start_1": 1772789391.065301,
    "time_end_1": 1772789391.118114,
    "time_total_1": 0.052813053131103516,
    "time_start_2": 963361.022429916,
    "time_end_2": 963361.075244291,
    "time_total_2": 0.05281437502708286,
    "time_start_3": 963361022430208,
    "time_end_3": 963361075244583,
    "time_total_3": 0.052814375
}