{
    "function_method_name": "extract_text_to_file_from_any_document",
    "time_start_1": 1772654329.209662,
    "time_end_1": 1772654376.532293,
    "time_total_1": 47.32263112068176,
    "time_start_2": 842059.62243775,
    "time_end_2": 842106.944978375,
    "time_total_2": 47.32254062499851,
    "time_start_3": 842059622437833,
    "time_end_3": 842106944978458,
    "time_total_3": 47.322540625
}