{
    "function_method_name": "extract_tables_to_files_from_pdf_document",
    "time_start_1": 1765513000.870173,
    "time_end_1": 1765513003.1582541,
    "time_total_1": 2.288081169128418,
    "time_start_2": 2422023.536461041,
    "time_end_2": 2422025.824542375,
    "time_total_2": 2.2880813339725137,
    "time_start_3": 2422023536461125,
    "time_end_3": 2422025824542625,
    "time_total_3": 2.2880815
}