{
    "function_method_name": "extract_tables_to_files_from_pdf_document",
    "time_start_1": 1765526872.751418,
    "time_end_1": 1765526875.106098,
    "time_total_1": 2.354679822921753,
    "time_start_2": 2435895.351844125,
    "time_end_2": 2435897.706519958,
    "time_total_2": 2.3546758331358433,
    "time_start_3": 2435895351844208,
    "time_end_3": 2435897706520083,
    "time_total_3": 2.354675875
}