{
    "function_method_name": "extract_tables_to_files_from_pdf_document",
    "time_start_1": 1765507774.917983,
    "time_end_1": 1765507777.269021,
    "time_total_1": 2.3510379791259766,
    "time_start_2": 2416797.571408083,
    "time_end_2": 2416799.922453416,
    "time_total_2": 2.3510453328490257,
    "time_start_3": 2416797571408125,
    "time_end_3": 2416799922453583,
    "time_total_3": 2.351045458
}