{
    "function_method_name": "extract_tables_to_files_from_pdf_document",
    "time_start_1": 1765514723.17211,
    "time_end_1": 1765514725.5137432,
    "time_total_1": 2.3416330814361572,
    "time_start_2": 2423745.838609833,
    "time_end_2": 2423748.180242666,
    "time_total_2": 2.341632833238691,
    "time_start_3": 2423745838609875,
    "time_end_3": 2423748180242916,
    "time_total_3": 2.341633041
}