{
    "function_method_name": "extract_tables_to_files_from_pdf_document",
    "time_start_1": 1763233712.590147,
    "time_end_1": 1763233716.8222332,
    "time_total_1": 4.232086181640625,
    "time_start_2": 199922.829021916,
    "time_end_2": 199927.061131666,
    "time_total_2": 4.23210975000984,
    "time_start_3": 199922829021958,
    "time_end_3": 199927061131750,
    "time_total_3": 4.232109792
}