{
  "function_method_name": "extract_text_to_file_from_any_document",
  "num_pages": 0,
  "time_start_1": 1773045176.938578,
  "time_end_1": 1773045177.002997,
  "time_total_1": 0.06441903114318848,
  "pages_per_second_1": 0.0,
  "time_start_2": 1204829.351802208,
  "time_end_2": 1204829.41622425,
  "time_total_2": 0.06442204210907221,
  "pages_per_second_2": 0.0,
  "time_start_3": 1204829351802250,
  "time_end_3": 1204829416224500,
  "time_total_3": 0.06442225,
  "pages_per_second_3": 0.0
}