{
    "function_method_name": "extract_text_to_file_from_any_document",
    "time_start_1": 1763898755.403146,
    "time_end_1": 1763898755.5362382,
    "time_total_1": 0.13309216499328613,
    "time_start_2": 834236.921632041,
    "time_end_2": 834237.054723291,
    "time_total_2": 0.13309124996885657,
    "time_start_3": 834236921632083,
    "time_end_3": 834237054723416,
    "time_total_3": 0.133091333
}