{
    "function_method_name": "extract_text_to_file_from_any_document",
    "time_start_1": 1763092622.85218,
    "time_end_1": 1763092623.0484202,
    "time_total_1": 0.19624018669128418,
    "time_start_2": 58833.419597791,
    "time_end_2": 58833.615838291,
    "time_total_2": 0.196240500001295,
    "time_start_3": 58833419597833,
    "time_end_3": 58833615838583,
    "time_total_3": 0.19624075
}