{
    "function_method_name": "extract_text_to_file_from_any_document",
    "time_start_1": 1763095110.057974,
    "time_end_1": 1763095110.2544398,
    "time_total_1": 0.19646573066711426,
    "time_start_2": 61320.623253333,
    "time_end_2": 61320.819706541,
    "time_total_2": 0.19645320800191257,
    "time_start_3": 61320623253416,
    "time_end_3": 61320819706708,
    "time_total_3": 0.196453292
}