{
    "function_method_name": "extract_text_to_file_from_any_document",
    "time_start_1": 1763098835.875295,
    "time_end_1": 1763098836.072315,
    "time_total_1": 0.1970200538635254,
    "time_start_2": 65046.3823815,
    "time_end_2": 65046.579399958,
    "time_total_2": 0.19701845799863804,
    "time_start_3": 65046382381541,
    "time_end_3": 65046579400000,
    "time_total_3": 0.197018459
}