{
    "function_method_name": "extract_text_to_file_from_any_document",
    "time_start_1": 1763907855.758174,
    "time_end_1": 1763907857.3856142,
    "time_total_1": 1.6274402141571045,
    "time_start_2": 843337.280586,
    "time_end_2": 843338.908027333,
    "time_total_2": 1.6274413330247626,
    "time_start_3": 843337280586041,
    "time_end_3": 843338908027541,
    "time_total_3": 1.6274415
}