{
  "function_method_name": "extract_text_to_file_from_any_document",
  "time_start_1": 1772979631.726301,
  "time_end_1": 1772979658.256782,
  "time_total_1": 26.530481100082397,
  "time_start_2": 1139284.309182166,
  "time_end_2": 1139310.839608875,
  "time_total_2": 26.530426709214225,
  "time_start_3": 1139284309182250,
  "time_end_3": 1139310839609041,
  "time_total_3": 26.530426791,
  "num_pages": 79,
  "pages_per_second_1": 2.9777070269470025,
  "pages_per_second_2": 2.9777131316385,
  "pages_per_second_3": 2.977713122459056
}