{
    "function_method_name": "extract_text_to_file_from_any_document",
    "time_start_1": 1769688143.596527,
    "time_end_1": 1769688143.823091,
    "time_total_1": 0.2265639305114746,
    "time_start_2": 3287575.558225208,
    "time_end_2": 3287575.784789,
    "time_total_2": 0.22656379221007228,
    "time_start_3": 3287575558225250,
    "time_end_3": 3287575784789208,
    "time_total_3": 0.226563958
}