{
    "function_method_name": "extract_text_to_file_from_any_document",
    "time_start_1": 1763922475.92828,
    "time_end_1": 1763922626.596931,
    "time_total_1": 150.6686508655548,
    "time_start_2": 857957.428667125,
    "time_end_2": 858108.097220083,
    "time_total_2": 150.66855295805726,
    "time_start_3": 857957428667208,
    "time_end_3": 858108097220291,
    "time_total_3": 150.668553083
}