{
    "function_method_name": "extract_text_to_file_from_any_document",
    "time_start_1": 1772789770.0431192,
    "time_end_1": 1772789770.0433931,
    "time_total_1": 0.0002739429473876953,
    "time_start_2": 963740.000402541,
    "time_end_2": 963740.000676083,
    "time_total_2": 0.00027354201301932335,
    "time_start_3": 963740000402750,
    "time_end_3": 963740000676375,
    "time_total_3": 0.000273625
}