{
    "function_method_name": "extract_tables_to_files_from_pdf_document",
    "time_start_1": 1763232746.736866,
    "time_end_1": 1763232753.992107,
    "time_total_1": 7.2552409172058105,
    "time_start_2": 198956.937002875,
    "time_end_2": 198964.192233958,
    "time_total_2": 7.255231082992395,
    "time_start_3": 198956937002958,
    "time_end_3": 198964192234041,
    "time_total_3": 7.255231083
}