{
  "function_method_name": "extract_text_to_file_from_any_document",
  "num_pages": 350,
  "time_start_1": 1773025073.8140311,
  "time_end_1": 1773025876.69012,
  "time_total_1": 802.8760888576508,
  "pages_per_second_1": 0.435932773260177,
  "time_start_2": 1184726.244131416,
  "time_end_2": 1185529.118573791,
  "time_total_2": 802.8744423750322,
  "pages_per_second_2": 0.4359336672427179,
  "time_start_3": 1184726244131458,
  "time_end_3": 1185529118574000,
  "time_total_3": 802.874442542,
  "pages_per_second_3": 0.43593366715206006
}