{
  "function_method_name": "extract_text_to_file_from_docx_document",
  "time_start_1": 1776797631.057041,
  "time_end_1": 1776797631.113906,
  "time_total_1": 0.05686497688293457,
  "time_start_2": 786018.318171125,
  "time_end_2": 786018.375036958,
  "time_total_2": 0.056865833001211286,
  "time_start_3": 786018318171166,
  "time_end_3": 786018375037125,
  "time_total_3": 0.056865959,
  "num_pages": 0,
  "pages_per_second_1": 0.0,
  "pages_per_second_2": 0.0,
  "pages_per_second_3": 0.0
}