{
    "function_method_name": "extract_tables_to_files_from_pdf_document",
    "time_start_1": 1765474476.6120372,
    "time_end_1": 1765474544.547723,
    "time_total_1": 67.93568587303162,
    "time_start_2": 2383499.37944025,
    "time_end_2": 2383567.315053916,
    "time_total_2": 67.93561366619542,
    "time_start_3": 2383499379440291,
    "time_end_3": 2383567315054250,
    "time_total_3": 67.935613959
}