{
    "function_method_name": "extract_tables_to_files_from_pdf_document",
    "time_start_1": 1765495052.649303,
    "time_end_1": 1765495090.0822961,
    "time_total_1": 37.43299317359924,
    "time_start_2": 2404075.29848425,
    "time_end_2": 2404112.731191583,
    "time_total_2": 37.432707333005965,
    "time_start_3": 2404075298484291,
    "time_end_3": 2404112731191791,
    "time_total_3": 37.4327075
}