{
    "function_method_name": "extract_text_to_file_from_any_document",
    "time_start_1": 1771446986.857889,
    "time_end_1": 1771446986.9672,
    "time_total_1": 0.10931110382080078,
    "time_start_2": 436995.364066458,
    "time_end_2": 436995.473378458,
    "time_total_2": 0.1093119999859482,
    "time_start_3": 436995364066583,
    "time_end_3": 436995473378750,
    "time_total_3": 0.109312167
}