{
    "function_method_name": "extract_text_to_file_from_any_document",
    "time_start_1": 1771447128.727298,
    "time_end_1": 1771447128.835902,
    "time_total_1": 0.10860395431518555,
    "time_start_2": 437137.233443375,
    "time_end_2": 437137.342048083,
    "time_total_2": 0.10860470804618672,
    "time_start_3": 437137233443458,
    "time_end_3": 437137342048250,
    "time_total_3": 0.108604792
}