{
    "function_method_name": "extract_text_to_file_from_any_document",
    "time_start_1": 1772016226.128045,
    "time_end_1": 1772016226.825349,
    "time_total_1": 0.6973040103912354,
    "time_start_2": 225128.532138083,
    "time_end_2": 225129.229442416,
    "time_total_2": 0.6973043329780921,
    "time_start_3": 225128532138125,
    "time_end_3": 225129229442583,
    "time_total_3": 0.697304458
}