{
    "function_method_name": "extract_tables_to_files_from_pdf_document",
    "time_start_1": 1769413627.181521,
    "time_end_1": 1769413630.469195,
    "time_total_1": 3.2876739501953125,
    "time_start_2": 3017856.05627175,
    "time_end_2": 3017859.343938291,
    "time_total_2": 3.28766654105857,
    "time_start_3": 3017856056271875,
    "time_end_3": 3017859343938500,
    "time_total_3": 3.287666625
}