{
    "function_method_name": "extract_tables_to_files_from_pdf_document",
    "time_start_1": 1769637730.852135,
    "time_end_1": 1769637734.446385,
    "time_total_1": 3.594249963760376,
    "time_start_2": 3237162.761199916,
    "time_end_2": 3237166.355448541,
    "time_total_2": 3.5942486254498363,
    "time_start_3": 3237162761200000,
    "time_end_3": 3237166355448750,
    "time_total_3": 3.59424875
}