{
    "function_method_name": "extract_tables_to_files_from_pdf_document",
    "time_start_1": 1769625211.8771641,
    "time_end_1": 1769625215.331367,
    "time_total_1": 3.454202890396118,
    "time_start_2": 3224643.811963916,
    "time_end_2": 3224647.2661515,
    "time_total_2": 3.4541875841096044,
    "time_start_3": 3224643811964041,
    "time_end_3": 3224647266151791,
    "time_total_3": 3.45418775
}