{
    "function_method_name": "extract_tables_to_files_from_pdf_document",
    "time_start_1": 1769424924.27664,
    "time_end_1": 1769424927.556486,
    "time_total_1": 3.279845952987671,
    "time_start_2": 3029153.117260958,
    "time_end_2": 3029156.397096083,
    "time_total_2": 3.279835124965757,
    "time_start_3": 3029153117261041,
    "time_end_3": 3029156397096250,
    "time_total_3": 3.279835209
}