{
    "function_method_name": "extract_tables_to_files_from_pdf_document",
    "time_start_1": 1769614390.6129012,
    "time_end_1": 1769614394.637061,
    "time_total_1": 4.024159908294678,
    "time_start_2": 3213822.580631833,
    "time_end_2": 3213826.604774958,
    "time_total_2": 4.024143124930561,
    "time_start_3": 3213822580632041,
    "time_end_3": 3213826604775166,
    "time_total_3": 4.024143125
}