{
    "function_method_name": "extract_tables_to_files_from_pdf_document",
    "time_start_1": 1769307319.001313,
    "time_end_1": 1769307322.797123,
    "time_total_1": 3.7958099842071533,
    "time_start_2": 2911548.050698416,
    "time_end_2": 2911551.846498958,
    "time_total_2": 3.7958005419932306,
    "time_start_3": 2911548050698500,
    "time_end_3": 2911551846499166,
    "time_total_3": 3.795800666
}