{
    "function_method_name": "extract_tables_to_files_from_pdf_document",
    "time_start_1": 1769633447.8981912,
    "time_end_1": 1769633451.4540951,
    "time_total_1": 3.555903911590576,
    "time_start_2": 3232879.800965916,
    "time_end_2": 3232883.3568565,
    "time_total_2": 3.555890583898872,
    "time_start_3": 3232879800966000,
    "time_end_3": 3232883356856708,
    "time_total_3": 3.555890708
}