{
    "function_method_name": "extract_tables_to_files_from_pdf_document",
    "time_start_1": 1765521141.988107,
    "time_end_1": 1765521141.9911401,
    "time_total_1": 0.003033161163330078,
    "time_start_2": 2430164.59856325,
    "time_end_2": 2430164.601595958,
    "time_total_2": 0.0030327080748975277,
    "time_start_3": 2430164598563291,
    "time_end_3": 2430164601596000,
    "time_total_3": 0.003032709
}