{
  "function_method_name": "extract_text_to_file_from_any_document",
  "time_start_1": 1780748041.990311,
  "time_end_1": 1780748049.595156,
  "time_total_1": 7.60484504699707,
  "time_start_2": 890.181937916,
  "time_end_2": 897.786833041,
  "time_total_2": 7.6048951249999845,
  "time_start_3": 890181938000,
  "time_end_3": 897786833291,
  "time_total_3": 7.604895291
}