{
    "function_method_name": "extract_tables_to_files_from_pdf_document",
    "time_start_1": 1769317739.731898,
    "time_end_1": 1769317741.065791,
    "time_total_1": 1.333892822265625,
    "time_start_2": 2921968.750669708,
    "time_end_2": 2921970.084559166,
    "time_total_2": 1.3338894578628242,
    "time_start_3": 2921968750669750,
    "time_end_3": 2921970084559250,
    "time_total_3": 1.3338895
}