{
    "function_method_name": "extract_tables_to_files_from_pdf_document",
    "time_start_1": 1769311250.052042,
    "time_end_1": 1769311251.351566,
    "time_total_1": 1.2995240688323975,
    "time_start_2": 2915479.089092,
    "time_end_2": 2915480.388611708,
    "time_total_2": 1.2995197079144418,
    "time_start_3": 2915479089092041,
    "time_end_3": 2915480388611916,
    "time_total_3": 1.299519875
}