{
    "function_method_name": "extract_tables_to_files_from_pdf_document",
    "time_start_1": 1769412673.4699788,
    "time_end_1": 1769412674.798351,
    "time_total_1": 1.3283722400665283,
    "time_start_2": 3016902.348312208,
    "time_end_2": 3016903.676681,
    "time_total_2": 1.3283687918446958,
    "time_start_3": 3016902348312250,
    "time_end_3": 3016903676681166,
    "time_total_3": 1.328368916
}