{
    "function_method_name": "extract_tables_to_files_from_pdf_document",
    "time_start_1": 1769549603.7317178,
    "time_end_1": 1769549605.250689,
    "time_total_1": 1.5189712047576904,
    "time_start_2": 3149035.799295916,
    "time_end_2": 3149037.318263583,
    "time_total_2": 1.5189676666632295,
    "time_start_3": 3149035799296000,
    "time_end_3": 3149037318263666,
    "time_total_3": 1.518967666
}