{
    "function_method_name": "extract_tables_to_files_from_pdf_document",
    "time_start_1": 1769571311.825601,
    "time_end_1": 1769571313.341192,
    "time_total_1": 1.5155909061431885,
    "time_start_2": 3170743.8778115,
    "time_end_2": 3170745.393398416,
    "time_total_2": 1.5155869163572788,
    "time_start_3": 3170743877811583,
    "time_end_3": 3170745393398541,
    "time_total_3": 1.515586958
}