{
    "function_method_name": "extract_tables_to_files_from_pdf_document",
    "time_start_1": 1769327585.9616709,
    "time_end_1": 1769327587.304319,
    "time_total_1": 1.3426480293273926,
    "time_start_2": 2931814.955077916,
    "time_end_2": 2931816.297723125,
    "time_total_2": 1.3426452092826366,
    "time_start_3": 2931814955077958,
    "time_end_3": 2931816297723291,
    "time_total_3": 1.342645333
}