{
    "function_method_name": "extract_tables_to_files_from_pdf_document",
    "time_start_1": 1769293371.7442071,
    "time_end_1": 1769293373.126393,
    "time_total_1": 1.382185935974121,
    "time_start_2": 2897600.832427791,
    "time_end_2": 2897602.214608083,
    "time_total_2": 1.382180292159319,
    "time_start_3": 2897600832427833,
    "time_end_3": 2897602214608208,
    "time_total_3": 1.382180375
}