{
  "function_method_name": "extract_text_to_file_from_pdf_document",
  "num_pages": 70,
  "time_start_1": 1773174367.115333,
  "time_end_1": 1773174367.2029839,
  "time_total_1": 0.08765077590942383,
  "pages_per_second_1": 798.6238487191065,
  "time_start_2": 1315358.094386041,
  "time_end_2": 1315358.182037583,
  "time_total_2": 0.08765154215507209,
  "pages_per_second_2": 798.6168671870805,
  "time_start_3": 1315358094386166,
  "time_end_3": 1315358182037791,
  "time_total_3": 0.087651625,
  "pages_per_second_3": 798.616112365287
}