{
    "function_method_name": "extract_text_to_file_from_any_document",
    "time_start_1": 1765466343.501102,
    "time_end_1": 1765466345.005452,
    "time_total_1": 1.504349946975708,
    "time_start_2": 2375366.280276666,
    "time_end_2": 2375367.784628041,
    "time_total_2": 1.5043513751588762,
    "time_start_3": 2375366280276791,
    "time_end_3": 2375367784628208,
    "time_total_3": 1.504351417
}