{
    "function_method_name": "extract_tables_to_files_from_pdf_document",
    "time_start_1": 1769621698.248933,
    "time_end_1": 1769621699.340916,
    "time_total_1": 1.0919828414916992,
    "time_start_2": 3221130.201067166,
    "time_end_2": 3221131.293046666,
    "time_total_2": 1.0919794999063015,
    "time_start_3": 3221130201067250,
    "time_end_3": 3221131293047000,
    "time_total_3": 1.09197975
}