{
    "function_method_name": "extract_text_to_file_from_any_document",
    "time_start_1": 1772672186.284357,
    "time_end_1": 1772672225.1989481,
    "time_total_1": 38.91459107398987,
    "time_start_2": 859916.650330541,
    "time_end_2": 859955.564806833,
    "time_total_2": 38.91447629209142,
    "time_start_3": 859916650330625,
    "time_end_3": 859955564806958,
    "time_total_3": 38.914476333
}