{
    "function_method_name": "extract_tables_to_files_from_pdf_document",
    "time_start_1": 1765508996.6653461,
    "time_end_1": 1765508997.089113,
    "time_total_1": 0.4237668514251709,
    "time_start_2": 2418019.329015791,
    "time_end_2": 2418019.75278475,
    "time_total_2": 0.42376895900815725,
    "time_start_3": 2418019329015875,
    "time_end_3": 2418019752784875,
    "time_total_3": 0.423769
}