{
  "function_method_name": "extract_text_to_file_from_any_document",
  "num_pages": 27,
  "time_start_1": 1773065552.506727,
  "time_end_1": 1773065700.835627,
  "time_total_1": 148.32890009880066,
  "pages_per_second_1": 0.1820279121736595,
  "time_start_2": 1225204.838647875,
  "time_end_2": 1225353.16722,
  "time_total_2": 148.32857212494127,
  "pages_per_second_2": 0.1820283146611642,
  "time_start_3": 1225204838649291,
  "time_end_3": 1225353167220333,
  "time_total_3": 148.328571042,
  "pages_per_second_3": 0.18202831599014604
}