{
    "function_method_name": "extract_text_to_file_from_any_document",
    "time_start_1": 1769787262.769557,
    "time_end_1": 1769787303.501313,
    "time_total_1": 40.73175597190857,
    "time_start_2": 3386694.657096,
    "time_end_2": 3386735.38880325,
    "time_total_2": 40.73170725023374,
    "time_start_3": 3386694657096166,
    "time_end_3": 3386735388803375,
    "time_total_3": 40.731707209
}