{
    "function_method_name": "extract_text_to_file_from_any_document",
    "time_start_1": 1769682379.1929479,
    "time_end_1": 1769682421.311241,
    "time_total_1": 42.118293046951294,
    "time_start_2": 3281811.174223166,
    "time_end_2": 3281853.292562458,
    "time_total_2": 42.1183392922394,
    "time_start_3": 3281811174223250,
    "time_end_3": 3281853292562625,
    "time_total_3": 42.118339375
}