{
    "function_method_name": "extract_text_to_file_from_any_document",
    "time_start_1": 1769720130.9233532,
    "time_end_1": 1769720171.903908,
    "time_total_1": 40.980554819107056,
    "time_start_2": 3319562.80054325,
    "time_end_2": 3319603.779742583,
    "time_total_2": 40.97919933311641,
    "time_start_3": 3319562800543458,
    "time_end_3": 3319603779742916,
    "time_total_3": 40.979199458
}