{
    "function_method_name": "extract_markdown_to_file_from_any_document",
    "num_pages": 155,
    "time_start_1": 1763159468.284797,
    "time_end_1": 1763159491.518999,
    "time_total_1": 23.23420214653015,
    "pages_per_second_1": 6.671199597148553,
    "time_start_2": 125678.687038291,
    "time_end_2": 125701.921233125,
    "time_total_2": 23.234194834003574,
    "pages_per_second_2": 6.671201696783368,
    "time_start_3": 125678687038458,
    "time_end_3": 125701921233291,
    "time_total_3": 23.234194833,
    "pages_per_second_3": 6.671201697071522
}