{
    "function_method_name": "extract_markdown_to_file_from_any_document",
    "num_pages": 155,
    "time_start_1": 1763134405.824068,
    "time_end_1": 1763134431.9130461,
    "time_total_1": 26.088978052139282,
    "pages_per_second_1": 5.941206270718223,
    "time_start_2": 100616.296849458,
    "time_end_2": 100642.386033,
    "time_total_2": 26.08918354200432,
    "pages_per_second_2": 5.941159475168919,
    "time_start_3": 100616296849541,
    "time_end_3": 100642386033125,
    "time_total_3": 26.089183584,
    "pages_per_second_3": 5.941159465605453
}