{
    "function_method_name": "extract_text_to_file_from_any_document",
    "time_start_1": 1763114316.175157,
    "time_end_1": 1763114339.572022,
    "time_total_1": 23.396864891052246,
    "time_start_2": 80526.688543666,
    "time_end_2": 80550.085475708,
    "time_total_2": 23.396932042000117,
    "time_start_3": 80526688543708,
    "time_end_3": 80550085475833,
    "time_total_3": 23.396932125
}