{
    "function_method_name": "extract_markdown_to_file_from_any_document",
    "num_pages": 155,
    "time_start_1": 1763181984.699454,
    "time_end_1": 1763182008.0738208,
    "time_total_1": 23.374366760253906,
    "pages_per_second_1": 6.63119568499131,
    "time_start_2": 148195.02604975,
    "time_end_2": 148218.400215041,
    "time_total_2": 23.374165290995734,
    "pages_per_second_2": 6.631252841345721,
    "time_start_3": 148195026049875,
    "time_end_3": 148218400215166,
    "time_total_3": 23.374165291,
    "pages_per_second_3": 6.631252841344511
}