{
    "function_method_name": "extract_markdown_to_file_from_any_document_complex",
    "num_pages": 155,
    "time_start_1": 1763197000.95731,
    "time_end_1": 1763197024.165293,
    "time_total_1": 23.207983016967773,
    "pages_per_second_1": 6.678736359237971,
    "time_start_2": 163211.223812333,
    "time_end_2": 163234.431567666,
    "time_total_2": 23.207755333016394,
    "pages_per_second_2": 6.678801882209179,
    "time_start_3": 163211223812375,
    "time_end_3": 163234431567833,
    "time_total_3": 23.207755458,
    "pages_per_second_3": 6.678801846240998
}