{
    "function_method_name": "extract_markdown_to_file_from_any_document",
    "num_pages": 155,
    "time_start_1": 1763194510.659189,
    "time_end_1": 1763194533.6849658,
    "time_total_1": 23.025776863098145,
    "pages_per_second_1": 6.731586122872928,
    "time_start_2": 160720.99106725,
    "time_end_2": 160744.016883,
    "time_total_2": 23.025815750006586,
    "pages_per_second_2": 6.7315747543040105,
    "time_start_3": 160720991067333,
    "time_end_3": 160744016883208,
    "time_total_3": 23.025815875,
    "pages_per_second_3": 6.731574717762308
}