{
    "function_method_name": "extract_markdown_to_file_from_any_document_complex",
    "num_pages": 155,
    "time_start_1": 1763192030.426364,
    "time_end_1": 1763192054.576666,
    "time_total_1": 24.150302171707153,
    "pages_per_second_1": 6.418139156104946,
    "time_start_2": 158240.750995666,
    "time_end_2": 158264.901325291,
    "time_total_2": 24.150329625001177,
    "pages_per_second_2": 6.418131860177144,
    "time_start_3": 158240750995708,
    "time_end_3": 158264901325375,
    "time_total_3": 24.150329667,
    "pages_per_second_3": 6.418131849015641
}