{
    "function_method_name": "extract_markdown_to_file_from_any_document_complex",
    "num_pages": 155,
    "time_start_1": 1763063018.7334762,
    "time_end_1": 1763063042.235507,
    "time_total_1": 23.502030849456787,
    "pages_per_second_1": 6.595174731616122,
    "time_start_2": 29229.294388541,
    "time_end_2": 29252.796314333,
    "time_total_2": 23.50192579200302,
    "pages_per_second_2": 6.5952042131263005,
    "time_start_3": 29229294388666,
    "time_end_3": 29252796314500,
    "time_total_3": 23.501925834,
    "pages_per_second_3": 6.59520420134094
}