{
    "function_method_name": "extract_markdown_to_file_from_any_document_complex",
    "num_pages": 155,
    "time_start_1": 1763119389.250924,
    "time_end_1": 1763119412.7809541,
    "time_total_1": 23.530030012130737,
    "pages_per_second_1": 6.587326914589181,
    "time_start_2": 85599.687910125,
    "time_end_2": 85623.2176885,
    "time_total_2": 23.529778374999296,
    "pages_per_second_2": 6.5873973621736095,
    "time_start_3": 85599687910166,
    "time_end_3": 85623217688541,
    "time_total_3": 23.529778375,
    "pages_per_second_3": 6.587397362173412
}