{
    "function_method_name": "extract_text_to_file_from_any_document",
    "time_start_1": 1763217887.332045,
    "time_end_1": 1763217910.5362911,
    "time_total_1": 23.204246044158936,
    "time_start_2": 184097.542858958,
    "time_end_2": 184120.746977541,
    "time_total_2": 23.204118583002128,
    "time_start_3": 184097542859000,
    "time_end_3": 184120746977583,
    "time_total_3": 23.204118583
}