{
    "function_method_name": "extract_text_to_file_from_any_document",
    "time_start_1": 1763220383.005843,
    "time_end_1": 1763220406.302366,
    "time_total_1": 23.296523094177246,
    "time_start_2": 186593.173954958,
    "time_end_2": 186616.47025575,
    "time_total_2": 23.29630079198978,
    "time_start_3": 186593173955041,
    "time_end_3": 186616470255958,
    "time_total_3": 23.296300917
}