{
    "function_method_name": "extract_markdown_to_file_from_any_document",
    "num_pages": 155,
    "time_start_1": 1763192006.556457,
    "time_end_1": 1763192030.420404,
    "time_total_1": 23.86394691467285,
    "pages_per_second_1": 6.495153570120355,
    "time_start_2": 158216.881061708,
    "time_end_2": 158240.745036541,
    "time_total_2": 23.86397483298788,
    "pages_per_second_2": 6.495145971480783,
    "time_start_3": 158216881061791,
    "time_end_3": 158240745036625,
    "time_total_3": 23.863974834,
    "pages_per_second_3": 6.49514597120531
}