{
    "function_method_name": "extract_text_to_file_from_any_document",
    "time_start_1": 1763080525.068268,
    "time_end_1": 1763080549.30653,
    "time_total_1": 24.238261938095093,
    "time_start_2": 46735.608912666,
    "time_end_2": 46759.84731025,
    "time_total_2": 24.23839758399845,
    "time_start_3": 46735608912708,
    "time_end_3": 46759847310333,
    "time_total_3": 24.238397625
}