{
  "function_method_name": "extract_text_to_file_from_any_document",
  "num_pages": 0,
  "time_start_1": 1775164076.752231,
  "time_end_1": 1775164076.786299,
  "time_total_1": 0.03406810760498047,
  "pages_per_second_1": 0.0,
  "time_start_2": 580194.164000458,
  "time_end_2": 580194.198073583,
  "time_total_2": 0.03407312498893589,
  "pages_per_second_2": 0.0,
  "time_start_3": 580194164000500,
  "time_end_3": 580194198073750,
  "time_total_3": 0.03407325,
  "pages_per_second_3": 0.0
}