{
    "function_method_name": "extract_tables_to_files_from_pdf_document",
    "time_start_1": 1765493567.312348,
    "time_end_1": 1765493567.813505,
    "time_total_1": 0.5011570453643799,
    "time_start_2": 2402590.013246833,
    "time_end_2": 2402590.514404708,
    "time_total_2": 0.5011578751727939,
    "time_start_3": 2402590013246916,
    "time_end_3": 2402590514404833,
    "time_total_3": 0.501157917
}