{
    "function_method_name": "extract_tables_to_files_from_pdf_document",
    "time_start_1": 1765498643.904211,
    "time_end_1": 1765498644.403528,
    "time_total_1": 0.499316930770874,
    "time_start_2": 2407666.555684416,
    "time_end_2": 2407667.055000125,
    "time_total_2": 0.49931570887565613,
    "time_start_3": 2407666555684500,
    "time_end_3": 2407667055000250,
    "time_total_3": 0.49931575
}