{
    "function_method_name": "extract_text_to_file_from_any_document",
    "time_start_1": 1764501328.104341,
    "time_end_1": 1764501332.214442,
    "time_total_1": 4.110100984573364,
    "time_start_2": 1436810.093522208,
    "time_end_2": 1436814.203606625,
    "time_total_2": 4.110084417043254,
    "time_start_3": 1436810093522250,
    "time_end_3": 1436814203606750,
    "time_total_3": 4.1100845
}