{
    "function_method_name": "extract_text_to_file_from_any_document",
    "time_start_1": 1763772817.892373,
    "time_end_1": 1763772817.982083,
    "time_total_1": 0.08970999717712402,
    "time_start_2": 708299.431793291,
    "time_end_2": 708299.521503583,
    "time_total_2": 0.08971029194071889,
    "time_start_3": 708299431793333,
    "time_end_3": 708299521503666,
    "time_total_3": 0.089710333
}