{
    "function_method_name": "extract_text_to_file_from_any_document",
    "time_start_1": 1763179109.9229062,
    "time_end_1": 1763179110.0519402,
    "time_total_1": 0.12903404235839844,
    "time_start_2": 145320.290754,
    "time_end_2": 145320.419787583,
    "time_total_2": 0.12903358301264234,
    "time_start_3": 145320290754041,
    "time_end_3": 145320419794500,
    "time_total_3": 0.129040459
}