{
    "function_method_name": "extract_text_to_file_from_any_document",
    "time_start_1": 1763062578.816113,
    "time_end_1": 1763062578.953744,
    "time_total_1": 0.13763093948364258,
    "time_start_2": 28789.378976833,
    "time_end_2": 28789.516607708,
    "time_total_2": 0.13763087500046822,
    "time_start_3": 28789378976916,
    "time_end_3": 28789516608041,
    "time_total_3": 0.137631125
}