{
    "function_method_name": "extract_text_to_file_from_any_document",
    "time_start_1": 1763898018.4694772,
    "time_end_1": 1763898018.696796,
    "time_total_1": 0.22731876373291016,
    "time_start_2": 833499.988718583,
    "time_end_2": 833500.21603775,
    "time_total_2": 0.22731916699558496,
    "time_start_3": 833499988718666,
    "time_end_3": 833500216037875,
    "time_total_3": 0.227319209
}