{
    "function_method_name": "extract_text_to_file_from_any_document",
    "time_start_1": 1763232195.430578,
    "time_end_1": 1763232195.5217311,
    "time_total_1": 0.09115314483642578,
    "time_start_2": 198405.63152075,
    "time_end_2": 198405.722673875,
    "time_total_2": 0.09115312498761341,
    "time_start_3": 198405631520833,
    "time_end_3": 198405722674000,
    "time_total_3": 0.091153167
}