{
    "function_method_name": "extract_text_to_file_from_any_document",
    "time_start_1": 1763226341.976536,
    "time_end_1": 1763226342.066714,
    "time_total_1": 0.09017801284790039,
    "time_start_2": 192552.204257916,
    "time_end_2": 192552.294435333,
    "time_total_2": 0.09017741700517945,
    "time_start_3": 192552204257958,
    "time_end_3": 192552294435375,
    "time_total_3": 0.090177417
}