{
    "function_method_name": "extract_text_to_file_from_any_document",
    "time_start_1": 1763212708.754529,
    "time_end_1": 1763212708.846056,
    "time_total_1": 0.09152698516845703,
    "time_start_2": 178918.963563958,
    "time_end_2": 178919.05509025,
    "time_total_2": 0.09152629200252704,
    "time_start_3": 178918963563958,
    "time_end_3": 178919055090291,
    "time_total_3": 0.091526333
}