{
    "function_method_name": "extract_text_to_file_from_any_document",
    "time_start_1": 1763212076.340242,
    "time_end_1": 1763212091.60593,
    "time_total_1": 15.265688180923462,
    "time_start_2": 178286.555489375,
    "time_end_2": 178301.821037958,
    "time_total_2": 15.265548583003692,
    "time_start_3": 178286555489458,
    "time_end_3": 178301821038041,
    "time_total_3": 15.265548583
}