{
    "function_method_name": "extract_markdown_to_file_from_any_document_complex",
    "num_pages": 111,
    "time_start_1": 1763180789.714546,
    "time_end_1": 1763180810.5028899,
    "time_total_1": 20.788343906402588,
    "pages_per_second_1": 5.33953067641012,
    "time_start_2": 147000.07568975,
    "time_end_2": 147020.86396375,
    "time_total_2": 20.78827399999136,
    "pages_per_second_2": 5.339548632082016,
    "time_start_3": 147000075689791,
    "time_end_3": 147020863963958,
    "time_total_3": 20.788274167,
    "pages_per_second_3": 5.3395485891852
}