{
    "function_method_name": "extract_markdown_to_file_from_any_document_complex",
    "num_pages": 111,
    "time_start_1": 1763105556.352512,
    "time_end_1": 1763105577.9470332,
    "time_total_1": 21.594521284103394,
    "pages_per_second_1": 5.14019266922632,
    "time_start_2": 71766.898241083,
    "time_end_2": 71788.49276325,
    "time_total_2": 21.594522166997194,
    "pages_per_second_2": 5.140192459069123,
    "time_start_3": 71766898241208,
    "time_end_3": 71788492763333,
    "time_total_3": 21.594522125,
    "pages_per_second_3": 5.140192469065809
}