{
    "function_method_name": "extract_text_to_file_from_any_document",
    "time_start_1": 1763185732.13185,
    "time_end_1": 1763185754.100738,
    "time_total_1": 21.9688880443573,
    "time_start_2": 151942.412852375,
    "time_end_2": 151964.3815765,
    "time_total_2": 21.968724124977598,
    "time_start_3": 151942412852625,
    "time_end_3": 151964381576625,
    "time_total_3": 21.968724
}