{
    "function_method_name": "extract_markdown_to_file_from_any_document_complex",
    "num_pages": 111,
    "time_start_1": 1763066790.985834,
    "time_end_1": 1763066812.405353,
    "time_total_1": 21.419519186019897,
    "pages_per_second_1": 5.182189153547738,
    "time_start_2": 33001.586698583,
    "time_end_2": 33023.006300291,
    "time_total_2": 21.41960170800303,
    "pages_per_second_2": 5.182169188446065,
    "time_start_3": 33001586698750,
    "time_end_3": 33023006300666,
    "time_total_3": 21.419601916,
    "pages_per_second_3": 5.182169138124144
}