{
    "function_method_name": "extract_markdown_to_file_from_any_document_complex",
    "num_pages": 111,
    "time_start_1": 1763210153.831703,
    "time_end_1": 1763210168.9396749,
    "time_total_1": 15.107971906661987,
    "pages_per_second_1": 7.347114535674614,
    "time_start_2": 176364.06423675,
    "time_end_2": 176379.172050166,
    "time_total_2": 15.107813415990677,
    "pages_per_second_2": 7.347191611627493,
    "time_start_3": 176364064236833,
    "time_end_3": 176379172050208,
    "time_total_3": 15.107813375,
    "pages_per_second_3": 7.34719163156197
}