{
    "function_method_name": "extract_markdown_to_file_from_any_document_complex",
    "num_pages": 111,
    "time_start_1": 1765464606.033704,
    "time_end_1": 1765464630.184435,
    "time_total_1": 24.150730848312378,
    "pages_per_second_1": 4.59613419971332,
    "time_start_2": 2373628.782005291,
    "time_end_2": 2373652.932555625,
    "time_total_2": 24.150550334248692,
    "pages_per_second_2": 4.596168553665928,
    "time_start_3": 2373628782005375,
    "time_end_3": 2373652932555791,
    "time_total_3": 24.150550416,
    "pages_per_second_3": 4.596168538107574
}