{
    "function_method_name": "extract_text_to_file_from_any_document",
    "time_start_1": 1763905997.395818,
    "time_end_1": 1763906012.873376,
    "time_total_1": 15.477557897567749,
    "time_start_2": 841478.9130295,
    "time_end_2": 841494.39058925,
    "time_total_2": 15.47755974996835,
    "time_start_3": 841478913029666,
    "time_end_3": 841494390589333,
    "time_total_3": 15.477559667
}