{
    "function_method_name": "extract_text_to_file_from_any_document",
    "time_start_1": 1763225718.510711,
    "time_end_1": 1763225733.387455,
    "time_total_1": 14.876744031906128,
    "time_start_2": 191928.759810208,
    "time_end_2": 191943.636661125,
    "time_total_2": 14.876850917004049,
    "time_start_3": 191928759810250,
    "time_end_3": 191943636661166,
    "time_total_3": 14.876850916
}