{
    "function_method_name": "extract_tables_to_files_from_pdf_document",
    "time_start_1": 1765481029.400515,
    "time_end_1": 1765481074.8041449,
    "time_total_1": 45.403629779815674,
    "time_start_2": 2390052.117338916,
    "time_end_2": 2390097.520758958,
    "time_total_2": 45.40342004224658,
    "time_start_3": 2390052117338958,
    "time_end_3": 2390097520759291,
    "time_total_3": 45.403420333
}