{
    "function_method_name": "extract_tables_to_files_from_pdf_document",
    "time_start_1": 1765499787.966061,
    "time_end_1": 1765499811.909194,
    "time_total_1": 23.943132877349854,
    "time_start_2": 2408810.595940166,
    "time_end_2": 2408834.538920458,
    "time_total_2": 23.942980291787535,
    "time_start_3": 2408810595940250,
    "time_end_3": 2408834538920666,
    "time_total_3": 23.942980416
}