{
    "function_method_name": "extract_tables_to_files_from_pdf_document",
    "time_start_1": 1765496383.461248,
    "time_end_1": 1765496406.1645482,
    "time_total_1": 22.70330023765564,
    "time_start_2": 2405406.100236375,
    "time_end_2": 2405428.803362916,
    "time_total_2": 22.70312654133886,
    "time_start_3": 2405406100236416,
    "time_end_3": 2405428803363125,
    "time_total_3": 22.703126709
}