{
    "function_method_name": "extract_tables_to_files_from_pdf_document",
    "time_start_1": 1765466946.295943,
    "time_end_1": 1765466969.067522,
    "time_total_1": 22.771579027175903,
    "time_start_2": 2375969.075480125,
    "time_end_2": 2375991.847072833,
    "time_total_2": 22.771592708304524,
    "time_start_3": 2375969075480208,
    "time_end_3": 2375991847073000,
    "time_total_3": 22.771592792
}