{
    "function_method_name": "extract_tables_to_files_from_pdf_document",
    "time_start_1": 1765470090.2486851,
    "time_end_1": 1765470132.508693,
    "time_total_1": 42.26000785827637,
    "time_start_2": 2379113.044894208,
    "time_end_2": 2379155.305034625,
    "time_total_2": 42.26014041667804,
    "time_start_3": 2379113044894250,
    "time_end_3": 2379155305034958,
    "time_total_3": 42.260140708
}