{
    "function_method_name": "extract_tables_to_files_from_pdf_document",
    "time_start_1": 1765506691.872983,
    "time_end_1": 1765506713.8313081,
    "time_total_1": 21.958325147628784,
    "time_start_2": 2415714.523346291,
    "time_end_2": 2415736.481733791,
    "time_total_2": 21.958387500140816,
    "time_start_3": 2415714523346333,
    "time_end_3": 2415736481733958,
    "time_total_3": 21.958387625
}