{
    "function_method_name": "extract_text_to_file_from_any_document",
    "time_start_1": 1769895181.4456599,
    "time_end_1": 1769895427.536896,
    "time_total_1": 246.09123611450195,
    "time_start_2": 3494613.292235875,
    "time_end_2": 3494859.386522666,
    "time_total_2": 246.09428679104894,
    "time_start_3": 3494613292235958,
    "time_end_3": 3494859386523000,
    "time_total_3": 246.094287042
}