{
    "function_method_name": "extract_text_to_file_from_any_document",
    "time_start_1": 1770561244.694454,
    "time_end_1": 1770561244.782426,
    "time_total_1": 0.08797216415405273,
    "time_start_2": 4144238.847378875,
    "time_end_2": 4144238.935351458,
    "time_total_2": 0.08797258278355002,
    "time_start_3": 4144238847378958,
    "time_end_3": 4144238935351666,
    "time_total_3": 0.087972708
}