{
    "function_method_name": "extract_text_to_file_from_any_document",
    "time_start_1": 1769607612.2358599,
    "time_end_1": 1769607612.319957,
    "time_total_1": 0.08409714698791504,
    "time_start_2": 3207044.234591375,
    "time_end_2": 3207044.318689625,
    "time_total_2": 0.08409824967384338,
    "time_start_3": 3207044234591416,
    "time_end_3": 3207044318689958,
    "time_total_3": 0.084098542
}