{
    "function_method_name": "extract_text_to_file_from_any_document",
    "time_start_1": 1763227110.4139671,
    "time_end_1": 1763227169.828205,
    "time_total_1": 59.41423797607422,
    "time_start_2": 193320.643589458,
    "time_end_2": 193380.048801625,
    "time_total_2": 59.40521216701018,
    "time_start_3": 193320643589541,
    "time_end_3": 193380048801708,
    "time_total_3": 59.405212167
}