{
    "function_method_name": "extract_markdown_to_file_from_any_document",
    "num_pages": 350,
    "time_start_1": 1763223442.794809,
    "time_end_1": 1763223523.8275552,
    "time_total_1": 81.03274607658386,
    "pages_per_second_1": 4.319241503542479,
    "time_start_2": 189652.983181416,
    "time_end_2": 189734.015683291,
    "time_total_2": 81.03250187501544,
    "pages_per_second_2": 4.319254520116386,
    "time_start_3": 189652983181541,
    "time_end_3": 189734015683333,
    "time_total_3": 81.032501792,
    "pages_per_second_3": 4.3192545245413365
}