{
    "function_method_name": "extract_markdown_to_file_from_any_document_complex",
    "num_pages": 350,
    "time_start_1": 1763137768.195059,
    "time_end_1": 1763137849.460821,
    "time_total_1": 81.2657618522644,
    "pages_per_second_1": 4.306856811805641,
    "time_start_2": 103978.607607875,
    "time_end_2": 104059.872984541,
    "time_total_2": 81.26537666599324,
    "pages_per_second_2": 4.306877225691404,
    "time_start_3": 103978607608083,
    "time_end_3": 104059872984833,
    "time_total_3": 81.26537675,
    "pages_per_second_3": 4.30687722123924
}