{
    "function_method_name": "extract_markdown_to_file_from_any_document",
    "num_pages": 350,
    "time_start_1": 1763086302.043802,
    "time_end_1": 1763086384.5749729,
    "time_total_1": 82.53117084503174,
    "pages_per_second_1": 4.240821939351773,
    "time_start_2": 52512.679463875,
    "time_end_2": 52595.211807666,
    "time_total_2": 82.5323437909974,
    "pages_per_second_2": 4.240761668980712,
    "time_start_3": 52512679464000,
    "time_end_3": 52595211807750,
    "time_total_3": 82.53234375,
    "pages_per_second_3": 4.240761671087283
}