{
    "function_method_name": "extract_markdown_to_file_from_any_document",
    "num_pages": 350,
    "time_start_1": 1763078779.924255,
    "time_end_1": 1763078860.281714,
    "time_total_1": 80.35745906829834,
    "pages_per_second_1": 4.3555384161976045,
    "time_start_2": 44990.432494458,
    "time_end_2": 45070.789925625,
    "time_total_2": 80.35743116700178,
    "pages_per_second_2": 4.355539928505394,
    "time_start_3": 44990432494625,
    "time_end_3": 45070789925750,
    "time_total_3": 80.357431125,
    "pages_per_second_3": 4.355539930781977
}