{
    "function_method_name": "extract_markdown_to_file_from_any_document",
    "num_pages": 350,
    "time_start_1": 1763068718.088979,
    "time_end_1": 1763068800.040548,
    "time_total_1": 81.95156908035278,
    "pages_per_second_1": 4.2708151158988565,
    "time_start_2": 34928.631943166,
    "time_end_2": 35010.58300125,
    "time_total_2": 81.95105808399967,
    "pages_per_second_2": 4.270841746073012,
    "time_start_3": 34928631943208,
    "time_end_3": 35010583001416,
    "time_total_3": 81.951058208,
    "pages_per_second_3": 4.270841739610792
}