{
    "function_method_name": "extract_text_to_file_from_any_document",
    "time_start_1": 1763099922.0622022,
    "time_end_1": 1763100003.706369,
    "time_total_1": 81.64416670799255,
    "time_start_2": 66132.589794625,
    "time_end_2": 66214.233803791,
    "time_total_2": 81.6440091659897,
    "time_start_3": 66132589794708,
    "time_end_3": 66214233803958,
    "time_total_3": 81.64400925
}