{
    "function_method_name": "extract_markdown_to_file_from_any_document_complex",
    "num_pages": 350,
    "time_start_1": 1763086384.602776,
    "time_end_1": 1763086466.097381,
    "time_total_1": 81.49460506439209,
    "pages_per_second_1": 4.29476282170398,
    "time_start_2": 52595.239610458,
    "time_end_2": 52676.735373625,
    "time_total_2": 81.49576316700404,
    "pages_per_second_2": 4.294701790604346,
    "time_start_3": 52595239610666,
    "time_end_3": 52676735373833,
    "time_total_3": 81.495763167,
    "pages_per_second_3": 4.2947017906045595
}