{
    "function_method_name": "extract_text_to_file_from_any_document",
    "time_start_1": 1763091194.632649,
    "time_end_1": 1763091277.026716,
    "time_total_1": 82.39406704902649,
    "time_start_2": 57405.161594583,
    "time_end_2": 57487.555061666,
    "time_total_2": 82.39346708299854,
    "time_start_3": 57405161594625,
    "time_end_3": 57487555061750,
    "time_total_3": 82.393467125
}