{
    "function_method_name": "extract_text_to_file_from_any_document",
    "time_start_1": 1770498932.6911821,
    "time_end_1": 1770498932.902565,
    "time_total_1": 0.21138286590576172,
    "time_start_2": 4081926.840550875,
    "time_end_2": 4081927.051933833,
    "time_total_2": 0.2113829581066966,
    "time_start_3": 4081926840550958,
    "time_end_3": 4081927051934125,
    "time_total_3": 0.211383167
}