{
    "function_method_name": "extract_tables_to_files_from_pdf_document",
    "time_start_1": 1769336442.9728498,
    "time_end_1": 1769336464.679095,
    "time_total_1": 21.706245183944702,
    "time_start_2": 2940671.941809791,
    "time_end_2": 2940693.647990583,
    "time_total_2": 21.706180791836232,
    "time_start_3": 2940671941809958,
    "time_end_3": 2940693647990750,
    "time_total_3": 21.706180792
}