{
    "function_method_name": "extract_tables_to_files_from_pdf_document",
    "time_start_1": 1769610051.224132,
    "time_end_1": 1769610073.881223,
    "time_total_1": 22.65709090232849,
    "time_start_2": 3209483.213420625,
    "time_end_2": 3209505.870444291,
    "time_total_2": 22.657023665960878,
    "time_start_3": 3209483213420666,
    "time_end_3": 3209505870444458,
    "time_total_3": 22.657023792
}