{
    "function_method_name": "extract_tables_to_files_from_pdf_document",
    "time_start_1": 1769408340.02914,
    "time_end_1": 1769408361.9522638,
    "time_total_1": 21.923123836517334,
    "time_start_2": 3012568.918285541,
    "time_end_2": 3012590.840691166,
    "time_total_2": 21.92240562522784,
    "time_start_3": 3012568918285583,
    "time_end_3": 3012590840691375,
    "time_total_3": 21.922405792
}