{
    "function_method_name": "extract_markdown_to_file_from_any_document",
    "num_pages": 27,
    "time_start_1": 1763211227.8161972,
    "time_end_1": 1763211261.6172001,
    "time_total_1": 33.801002979278564,
    "pages_per_second_1": 0.7987928647132789,
    "time_start_2": 177438.0374545,
    "time_end_2": 177471.838103583,
    "time_total_2": 33.80064908298664,
    "pages_per_second_2": 0.7988012281571922,
    "time_start_3": 177438037454750,
    "time_end_3": 177471838103708,
    "time_total_3": 33.800648958,
    "pages_per_second_3": 0.7988012311109663
}