{
    "function_method_name": "extract_text_to_file_from_any_document",
    "time_start_1": 1763095658.3054311,
    "time_end_1": 1763095691.7317781,
    "time_total_1": 33.42634701728821,
    "time_start_2": 61868.869624083,
    "time_end_2": 61902.295973125,
    "time_total_2": 33.42634904199804,
    "time_start_3": 61868869624208,
    "time_end_3": 61902295973250,
    "time_total_3": 33.426349042
}