{
    "function_method_name": "extract_text_to_file_from_any_document",
    "time_start_1": 1763070597.521815,
    "time_end_1": 1763070631.843148,
    "time_total_1": 34.321332931518555,
    "time_start_2": 36808.043674541,
    "time_end_2": 36842.364726541,
    "time_total_2": 34.3210520000066,
    "time_start_3": 36808043674625,
    "time_end_3": 36842364726666,
    "time_total_3": 34.321052041
}