{
    "function_method_name": "extract_markdown_to_file_from_any_document",
    "num_pages": 27,
    "time_start_1": 1763218034.208936,
    "time_end_1": 1763218068.40538,
    "time_total_1": 34.196444034576416,
    "pages_per_second_1": 0.7895557787441289,
    "time_start_2": 184244.418944291,
    "time_end_2": 184278.615201291,
    "time_total_2": 34.19625699997414,
    "pages_per_second_2": 0.7895600971773145,
    "time_start_3": 184244418944375,
    "time_end_3": 184278615201375,
    "time_total_3": 34.196257,
    "pages_per_second_3": 0.7895600971767173
}