{
    "function_method_name": "extract_markdown_to_file_from_any_document_complex",
    "num_pages": 27,
    "time_start_1": 1763117003.742731,
    "time_end_1": 1763117037.022939,
    "time_total_1": 33.28020787239075,
    "pages_per_second_1": 0.8112930094526,
    "time_start_2": 83214.216435333,
    "time_end_2": 83247.49646175,
    "time_total_2": 33.28002641699277,
    "pages_per_second_2": 0.8112974329315379,
    "time_start_3": 83214216435416,
    "time_end_3": 83247496461791,
    "time_total_3": 33.280026375,
    "pages_per_second_3": 0.8112974339552338
}