{
    "function_method_name": "extract_text_to_file_from_any_document",
    "time_start_1": 1770475338.6858618,
    "time_end_1": 1770475338.738299,
    "time_total_1": 0.05243706703186035,
    "time_start_2": 4058332.869846,
    "time_end_2": 4058332.922283291,
    "time_total_2": 0.05243729101493955,
    "time_start_3": 4058332869846125,
    "time_end_3": 4058332922283791,
    "time_total_3": 0.052437666
}