{
    "function_method_name": "extract_text_to_file_from_any_document",
    "time_start_1": 1769720800.7627032,
    "time_end_1": 1769720808.4224179,
    "time_total_1": 7.659714698791504,
    "time_start_2": 3320232.634009958,
    "time_end_2": 3320240.293707583,
    "time_total_2": 7.659697625320405,
    "time_start_3": 3320232634010041,
    "time_end_3": 3320240293707875,
    "time_total_3": 7.659697834
}