{
    "function_method_name": "extract_tables_to_files_from_pdf_document",
    "time_start_1": 1769622853.909618,
    "time_end_1": 1769622853.9138482,
    "time_total_1": 0.0042302608489990234,
    "time_start_2": 3222285.8594765,
    "time_end_2": 3222285.863706125,
    "time_total_2": 0.004229624755680561,
    "time_start_3": 3222285859476583,
    "time_end_3": 3222285863706208,
    "time_total_3": 0.004229625
}