{
    "function_method_name": "extract_tables_to_files_from_pdf_document",
    "time_start_1": 1769324839.329338,
    "time_end_1": 1769324839.3326862,
    "time_total_1": 0.003348112106323242,
    "time_start_2": 2929068.330204333,
    "time_end_2": 2929068.3335525,
    "time_total_2": 0.003348166588693857,
    "time_start_3": 2929068330204416,
    "time_end_3": 2929068333552708,
    "time_total_3": 0.003348292
}