{
    "function_method_name": "extract_tables_to_files_from_pdf_document",
    "time_start_1": 1769430048.852929,
    "time_end_1": 1769430048.856826,
    "time_total_1": 0.003896951675415039,
    "time_start_2": 3034277.671760958,
    "time_end_2": 3034277.675657875,
    "time_total_2": 0.003896916750818491,
    "time_start_3": 3034277671761000,
    "time_end_3": 3034277675658000,
    "time_total_3": 0.003897
}