{
    "function_method_name": "extract_tables_to_files_from_pdf_document",
    "time_start_1": 1769619916.3788521,
    "time_end_1": 1769619916.383379,
    "time_total_1": 0.004526853561401367,
    "time_start_2": 3219348.332545291,
    "time_end_2": 3219348.337072708,
    "time_total_2": 0.0045274170115590096,
    "time_start_3": 3219348332545375,
    "time_end_3": 3219348337072833,
    "time_total_3": 0.004527458
}