{
    "function_method_name": "extract_tables_to_files_from_pdf_document",
    "time_start_1": 1769635834.2832708,
    "time_end_1": 1769635834.2871192,
    "time_total_1": 0.0038483142852783203,
    "time_start_2": 3235266.189694333,
    "time_end_2": 3235266.193542125,
    "time_total_2": 0.0038477922789752483,
    "time_start_3": 3235266189694375,
    "time_end_3": 3235266193542375,
    "time_total_3": 0.003848
}