{
    "function_method_name": "extract_tables_to_files_from_pdf_document",
    "time_start_1": 1769311833.713055,
    "time_end_1": 1769311833.717205,
    "time_total_1": 0.0041501522064208984,
    "time_start_2": 2916062.748342125,
    "time_end_2": 2916062.752492583,
    "time_total_2": 0.004150457680225372,
    "time_start_3": 2916062748342166,
    "time_end_3": 2916062752492833,
    "time_total_3": 0.004150667
}