{
    "function_method_name": "extract_text_to_file_from_any_document",
    "time_start_1": 1770993069.472399,
    "time_end_1": 1770993069.5365272,
    "time_total_1": 0.06412816047668457,
    "time_start_2": 19423.015830791,
    "time_end_2": 19423.079958083,
    "time_total_2": 0.06412729200019385,
    "time_start_3": 19423015830875,
    "time_end_3": 19423079958250,
    "time_total_3": 0.064127375
}