{
    "function_method_name": "extract_text_to_file_from_any_document",
    "time_start_1": 1769379015.783883,
    "time_end_1": 1769379025.982084,
    "time_total_1": 10.198200941085815,
    "time_start_2": 2983244.737767541,
    "time_end_2": 2983254.935969,
    "time_total_2": 10.198201459366828,
    "time_start_3": 2983244737767625,
    "time_end_3": 2983254935969291,
    "time_total_3": 10.198201666
}