{
    "function_method_name": "extract_text_to_file_from_pdf_document",
    "time_start_1": 1765482290.1162372,
    "time_end_1": 1765483459.2188952,
    "time_total_1": 1169.102658033371,
    "time_start_2": 2391312.827482666,
    "time_end_2": 2392481.924806458,
    "time_total_2": 1169.0973237920552,
    "time_start_3": 2391312827482708,
    "time_end_3": 2392481924806666,
    "time_total_3": 1169.097323958
}