{
    "function_method_name": "extract_tables_to_files_from_pdf_document",
    "time_start_1": 1769286213.5548081,
    "time_end_1": 1769286215.0731468,
    "time_total_1": 1.518338680267334,
    "time_start_2": 2890442.677415291,
    "time_end_2": 2890444.195749916,
    "time_total_2": 1.518334625288844,
    "time_start_3": 2890442677415333,
    "time_end_3": 2890444195750041,
    "time_total_3": 1.518334708
}