{
    "function_method_name": "extract_tables_to_files_from_pdf_document",
    "time_start_1": 1769295844.4874198,
    "time_end_1": 1769295846.990428,
    "time_total_1": 2.5030081272125244,
    "time_start_2": 2900073.564724833,
    "time_end_2": 2900076.067721333,
    "time_total_2": 2.5029965001158416,
    "time_start_3": 2900073564724916,
    "time_end_3": 2900076067721541,
    "time_total_3": 2.502996625
}