{
    "function_method_name": "extract_tables_to_files_from_pdf_document",
    "time_start_1": 1769685331.539028,
    "time_end_1": 1769685333.820138,
    "time_total_1": 2.2811100482940674,
    "time_start_2": 3284763.517307166,
    "time_end_2": 3284765.798419416,
    "time_total_2": 2.2811122499406338,
    "time_start_3": 3284763517307250,
    "time_end_3": 3284765798419625,
    "time_total_3": 2.281112375
}