{
    "function_method_name": "extract_tables_to_files_from_pdf_document",
    "time_start_1": 1769786666.832391,
    "time_end_1": 1769786669.096801,
    "time_total_1": 2.2644100189208984,
    "time_start_2": 3386098.720632875,
    "time_end_2": 3386100.985040708,
    "time_total_2": 2.264407833106816,
    "time_start_3": 3386098720632958,
    "time_end_3": 3386100985040916,
    "time_total_3": 2.264407958
}