{
    "function_method_name": "extract_text_to_file_from_any_document",
    "time_start_1": 1769269883.744421,
    "time_end_1": 1769269885.706064,
    "time_total_1": 1.9616429805755615,
    "time_start_2": 2874112.90942225,
    "time_end_2": 2874114.871063666,
    "time_total_2": 1.9616414159536362,
    "time_start_3": 2874112909422291,
    "time_end_3": 2874114871063791,
    "time_total_3": 1.9616415
}