{
    "function_method_name": "extract_text_to_file_from_any_document",
    "time_start_1": 1772654113.303801,
    "time_end_1": 1772654116.94995,
    "time_total_1": 3.646148920059204,
    "time_start_2": 841843.71699,
    "time_end_2": 841847.363132833,
    "time_total_2": 3.6461428330512717,
    "time_start_3": 841843716990083,
    "time_end_3": 841847363132958,
    "time_total_3": 3.646142875
}