{
    "function_method_name": "extract_markdown_to_file_from_any_document_complex",
    "num_pages": 13,
    "time_start_1": 1770992921.1454048,
    "time_end_1": 1770992924.405279,
    "time_total_1": 3.259874105453491,
    "pages_per_second_1": 3.98788406529323,
    "time_start_2": 19274.689482375,
    "time_end_2": 19277.949343208,
    "time_total_2": 3.2598608330008574,
    "pages_per_second_2": 3.987900301876654,
    "time_start_3": 19274689482458,
    "time_end_3": 19277949343333,
    "time_total_3": 3.259860875,
    "pages_per_second_3": 3.987900250497653
}