{
  "function_method_name": "extract_text_to_file_from_any_document",
  "num_pages": 98,
  "time_start_1": 1773005539.3967419,
  "time_end_1": 1773005542.020155,
  "time_total_1": 2.6234130859375,
  "pages_per_second_1": 37.35591643013355,
  "time_start_2": 1165191.908661291,
  "time_end_2": 1165194.532066375,
  "time_total_2": 2.623405084013939,
  "pages_per_second_2": 37.356030373340275,
  "time_start_3": 1165191908661375,
  "time_end_3": 1165194532066625,
  "time_total_3": 2.62340525,
  "pages_per_second_3": 37.35602800977851
}