{
    "function_method_name": "extract_tables_to_files_from_pdf_document",
    "time_start_1": 1770511447.384208,
    "time_end_1": 1770511449.4146528,
    "time_total_1": 2.030444860458374,
    "time_start_2": 4094441.504146208,
    "time_end_2": 4094443.5345855,
    "time_total_2": 2.0304392920807004,
    "time_start_3": 4094441504146291,
    "time_end_3": 4094443534585833,
    "time_total_3": 2.030439542
}