{
    "function_method_name": "extract_text_to_file_from_any_document",
    "time_start_1": 1770550464.992596,
    "time_end_1": 1770550465.05042,
    "time_total_1": 0.057824134826660156,
    "time_start_2": 4133459.185629625,
    "time_end_2": 4133459.243454416,
    "time_total_2": 0.05782479094341397,
    "time_start_3": 4133459185629708,
    "time_end_3": 4133459243454500,
    "time_total_3": 0.057824792
}