{
  "function_method_name": "extract_text_to_file_from_any_document",
  "time_start_1": 1773043879.471062,
  "time_end_1": 1773043879.532829,
  "time_total_1": 0.0617671012878418,
  "time_start_2": 1203531.887873,
  "time_end_2": 1203531.94964,
  "time_total_2": 0.06176700000651181,
  "time_start_3": 1203531887873125,
  "time_end_3": 1203531949640166,
  "time_total_3": 0.061767041,
  "num_pages": 17,
  "pages_per_second_1": 275.2274211603042,
  "pages_per_second_2": 275.2278724595297,
  "pages_per_second_3": 275.2276897965697
}