{
    "function_method_name": "extract_text_to_file_from_any_document",
    "time_start_1": 1769608908.305644,
    "time_end_1": 1769608908.35763,
    "time_total_1": 0.051985979080200195,
    "time_start_2": 3208340.310052,
    "time_end_2": 3208340.362038791,
    "time_total_2": 0.05198679119348526,
    "time_start_3": 3208340310052041,
    "time_end_3": 3208340362038958,
    "time_total_3": 0.051986917
}