{
    "function_method_name": "extract_text_to_file_from_epub_documentw",
    "time_start_1": 1770509009.879402,
    "time_end_1": 1770509009.910354,
    "time_total_1": 0.030951976776123047,
    "time_start_2": 4092004.007008166,
    "time_end_2": 4092004.037960916,
    "time_total_2": 0.030952749773859978,
    "time_start_3": 4092004007008250,
    "time_end_3": 4092004037961000,
    "time_total_3": 0.03095275
}