{
    "function_method_name": "extract_tables_to_files_from_pdf_document",
    "time_start_1": 1769604179.0932631,
    "time_end_1": 1769604207.979738,
    "time_total_1": 28.88647484779358,
    "time_start_2": 3203611.100136333,
    "time_end_2": 3203639.986587666,
    "time_total_2": 28.886451332829893,
    "time_start_3": 3203611100136458,
    "time_end_3": 3203639986587958,
    "time_total_3": 28.8864515
}