{
    "function_method_name": "extract_tables_to_files_from_pdf_document",
    "time_start_1": 1769627537.244875,
    "time_end_1": 1769627566.217201,
    "time_total_1": 28.972326040267944,
    "time_start_2": 3226969.173806375,
    "time_end_2": 3226998.146024625,
    "time_total_2": 28.97221824992448,
    "time_start_3": 3226969173806458,
    "time_end_3": 3226998146024916,
    "time_total_3": 28.972218458
}