{
    "function_method_name": "extract_text_to_file_from_any_document",
    "time_start_1": 1769682764.270047,
    "time_end_1": 1769682764.2975318,
    "time_total_1": 0.027484893798828125,
    "time_start_2": 3282196.245536416,
    "time_end_2": 3282196.273021,
    "time_total_2": 0.027484584134072065,
    "time_start_3": 3282196245536500,
    "time_end_3": 3282196273021125,
    "time_total_3": 0.027484625
}