{
    "function_method_name": "extract_text_to_file_from_any_document",
    "time_start_1": 1769266849.860201,
    "time_end_1": 1769266849.8892858,
    "time_total_1": 0.02908492088317871,
    "time_start_2": 2871079.0304865,
    "time_end_2": 2871079.059572583,
    "time_total_2": 0.02908608317375183,
    "time_start_3": 2871079030486583,
    "time_end_3": 2871079059572750,
    "time_total_3": 0.029086167
}