{
    "function_method_name": "extract_text_to_file_from_any_document",
    "time_start_1": 1763898960.655673,
    "time_end_1": 1763898961.8591921,
    "time_total_1": 1.2035191059112549,
    "time_start_2": 834442.15053375,
    "time_end_2": 834443.35404525,
    "time_total_2": 1.2035115000326186,
    "time_start_3": 834442150533791,
    "time_end_3": 834443354045458,
    "time_total_3": 1.203511667
}