{
    "function_method_name": "extract_text_to_file_from_any_document",
    "time_start_1": 1763164030.167666,
    "time_end_1": 1763164031.8299782,
    "time_total_1": 1.6623122692108154,
    "time_start_2": 130240.5121105,
    "time_end_2": 130242.174409791,
    "time_total_2": 1.6622992909979075,
    "time_start_3": 130240512110541,
    "time_end_3": 130242174409833,
    "time_total_3": 1.662299292
}