{
    "function_method_name": "extract_text_to_file_from_any_document",
    "time_start_1": 1763097637.689271,
    "time_end_1": 1763097639.355967,
    "time_total_1": 1.6666960716247559,
    "time_start_2": 63848.205448625,
    "time_end_2": 63849.872131625,
    "time_total_2": 1.666683000003104,
    "time_start_3": 63848205448666,
    "time_end_3": 63849872131708,
    "time_total_3": 1.666683042
}