{
    "function_method_name": "extract_tables_to_files_from_pdf_document",
    "time_start_1": 1769421076.4320588,
    "time_end_1": 1769421085.105914,
    "time_total_1": 8.673855304718018,
    "time_start_2": 3025305.285571875,
    "time_end_2": 3025313.959403833,
    "time_total_2": 8.673831957858056,
    "time_start_3": 3025305285572083,
    "time_end_3": 3025313959403958,
    "time_total_3": 8.673831875
}