{
    "function_method_name": "extract_tables_to_files_from_pdf_document",
    "time_start_1": 1769314856.97331,
    "time_end_1": 1769314865.854187,
    "time_total_1": 8.880877017974854,
    "time_start_2": 2919085.999434541,
    "time_end_2": 2919094.880285333,
    "time_total_2": 8.880850791931152,
    "time_start_3": 2919085999434708,
    "time_end_3": 2919094880285541,
    "time_total_3": 8.880850833
}