{
    "function_method_name": "extract_tables_to_files_from_pdf_document",
    "time_start_1": 1769303492.4792929,
    "time_end_1": 1769303501.458156,
    "time_total_1": 8.97886323928833,
    "time_start_2": 2907721.53784475,
    "time_end_2": 2907730.516684,
    "time_total_2": 8.978839249815792,
    "time_start_3": 2907721537845000,
    "time_end_3": 2907730516684125,
    "time_total_3": 8.978839125
}