{
    "function_method_name": "extract_tables_to_files_from_pdf_document",
    "time_start_1": 1769306721.3431559,
    "time_end_1": 1769306730.2040288,
    "time_total_1": 8.860872983932495,
    "time_start_2": 2910950.394024333,
    "time_end_2": 2910959.254875041,
    "time_total_2": 8.860850708093494,
    "time_start_3": 2910950394024458,
    "time_end_3": 2910959254875125,
    "time_total_3": 8.860850667
}