{
    "function_method_name": "extract_tables_to_files_from_pdf_document",
    "time_start_1": 1769425964.413522,
    "time_end_1": 1769425973.039399,
    "time_total_1": 8.625876903533936,
    "time_start_2": 3030193.250763833,
    "time_end_2": 3030201.876612583,
    "time_total_2": 8.625848750118166,
    "time_start_3": 3030193250763958,
    "time_end_3": 3030201876612750,
    "time_total_3": 8.625848792
}