{
    "function_method_name": "extract_tables_to_files_from_pdf_document",
    "time_start_1": 1769328449.4742641,
    "time_end_1": 1769328456.4337301,
    "time_total_1": 6.959465980529785,
    "time_start_2": 2932678.465343833,
    "time_end_2": 2932685.424791041,
    "time_total_2": 6.959447207860649,
    "time_start_3": 2932678465343916,
    "time_end_3": 2932685424791166,
    "time_total_3": 6.95944725
}