{
    "function_method_name": "extract_tables_to_files_from_pdf_document",
    "time_start_1": 1769289804.760289,
    "time_end_1": 1769289809.6185951,
    "time_total_1": 4.858306169509888,
    "time_start_2": 2894033.865451083,
    "time_end_2": 2894038.72373725,
    "time_total_2": 4.858286167029291,
    "time_start_3": 2894033865451125,
    "time_end_3": 2894038723737458,
    "time_total_3": 4.858286333
}