{
    "function_method_name": "extract_tables_to_files_from_pdf_document",
    "time_start_1": 1769285025.0609322,
    "time_end_1": 1769285029.790658,
    "time_total_1": 4.7297258377075195,
    "time_start_2": 2889254.188682833,
    "time_end_2": 2889258.918396875,
    "time_total_2": 4.7297140415757895,
    "time_start_3": 2889254188682875,
    "time_end_3": 2889258918397083,
    "time_total_3": 4.729714208
}