{
    "function_method_name": "extract_tables_to_files_from_pdf_document",
    "time_start_1": 1771634824.752654,
    "time_end_1": 1771634829.5056078,
    "time_total_1": 4.752953767776489,
    "time_start_2": 91296.754545416,
    "time_end_2": 91301.507472833,
    "time_total_2": 4.752927416993771,
    "time_start_3": 91296754545458,
    "time_end_3": 91301507473166,
    "time_total_3": 4.752927708
}