{
  "function_method_name": "extract_text_to_file_from_any_document",
  "num_pages": 104,
  "time_start_1": 1774208133.993772,
  "time_end_1": 1774208137.94674,
  "time_total_1": 3.952967882156372,
  "pages_per_second_1": 26.309346066142904,
  "time_start_2": 968089.741412833,
  "time_end_2": 968093.694374416,
  "time_total_2": 3.9529615830397233,
  "pages_per_second_2": 26.3093879905675,
  "time_start_3": 968089741412916,
  "time_end_3": 968093694374750,
  "time_total_3": 3.952961834,
  "pages_per_second_3": 26.309386320272782
}