{
    "function_method_name": "extract_images_from_pdf_to_files",
    "time_start_1": 1771005924.5952241,
    "time_end_1": 1771005924.601784,
    "time_total_1": 0.006559848785400391,
    "time_start_2": 32278.106321708,
    "time_end_2": 32278.112882666,
    "time_total_2": 0.006560957997862715,
    "time_start_3": 32278106321708,
    "time_end_3": 32278112882750,
    "time_total_3": 0.006561042
}