{
    "function_method_name": "extract_images_from_pdf_to_files",
    "time_start_1": 1771005523.2654998,
    "time_end_1": 1771005523.276181,
    "time_total_1": 0.01068115234375,
    "time_start_2": 31876.777316458,
    "time_end_2": 31876.787997,
    "time_total_2": 0.010680542000045534,
    "time_start_3": 31876777316500,
    "time_end_3": 31876787997375,
    "time_total_3": 0.010680875
}