{
    "function_method_name": "extract_images_from_pdf_to_files",
    "time_start_1": 1770570404.294422,
    "time_end_1": 1770570404.302806,
    "time_total_1": 0.008383989334106445,
    "time_start_2": 4153398.424024083,
    "time_end_2": 4153398.432407291,
    "time_total_2": 0.008383207954466343,
    "time_start_3": 4153398424024125,
    "time_end_3": 4153398432407416,
    "time_total_3": 0.008383291
}