{
    "function_method_name": "extract_images_from_pdf_to_files",
    "time_start_1": 1771755031.98095,
    "time_end_1": 1771755031.988033,
    "time_total_1": 0.007082939147949219,
    "time_start_2": 211503.865364208,
    "time_end_2": 211503.872448125,
    "time_total_2": 0.0070839170075487345,
    "time_start_3": 211503865364250,
    "time_end_3": 211503872448333,
    "time_total_3": 0.007084083
}