{
    "function_method_name": "extract_images_from_pdf_to_files",
    "time_start_1": 1770512488.4438112,
    "time_end_1": 1770512488.462879,
    "time_total_1": 0.019067764282226562,
    "time_start_2": 4095482.560917041,
    "time_end_2": 4095482.579984291,
    "time_total_2": 0.019067250192165375,
    "time_start_3": 4095482560917125,
    "time_end_3": 4095482579984583,
    "time_total_3": 0.019067458
}