{
    "function_method_name": "extract_images_from_pdf_to_files",
    "time_start_1": 1770301948.474745,
    "time_end_1": 1770301948.482969,
    "time_total_1": 0.008224010467529297,
    "time_start_2": 3901380.9172625,
    "time_end_2": 3901380.92548625,
    "time_total_2": 0.008223749697208405,
    "time_start_3": 3901380917262583,
    "time_end_3": 3901380925486375,
    "time_total_3": 0.008223792
}