{
    "function_method_name": "extract_images_from_pdf_to_files",
    "time_start_1": 1771004838.810826,
    "time_end_1": 1771004838.819206,
    "time_total_1": 0.008379936218261719,
    "time_start_2": 31192.323903666,
    "time_end_2": 31192.332284208,
    "time_total_2": 0.00838054199994076,
    "time_start_3": 31192323903750,
    "time_end_3": 31192332284458,
    "time_total_3": 0.008380708
}