{
    "function_method_name": "extract_images_from_pdf_to_files",
    "time_start_1": 1770515309.257819,
    "time_end_1": 1770515309.266446,
    "time_total_1": 0.008627176284790039,
    "time_start_2": 4098303.367876375,
    "time_end_2": 4098303.376503416,
    "time_total_2": 0.008627040777355433,
    "time_start_3": 4098303367876458,
    "time_end_3": 4098303376503500,
    "time_total_3": 0.008627042
}