{
    "function_method_name": "extract_images_from_pdf_to_files",
    "time_start_1": 1771755109.95611,
    "time_end_1": 1771755109.962523,
    "time_total_1": 0.006412982940673828,
    "time_start_2": 211581.840526583,
    "time_end_2": 211581.84694025,
    "time_total_2": 0.006413666997104883,
    "time_start_3": 211581840526583,
    "time_end_3": 211581846940333,
    "time_total_3": 0.00641375
}