{
    "function_method_name": "extract_images_from_pdf_to_files",
    "time_start_1": 1770566795.924056,
    "time_end_1": 1770566795.932378,
    "time_total_1": 0.008322000503540039,
    "time_start_2": 4149790.060277666,
    "time_end_2": 4149790.068599083,
    "time_total_2": 0.008321417029947042,
    "time_start_3": 4149790060277708,
    "time_end_3": 4149790068599166,
    "time_total_3": 0.008321458
}