{
    "function_method_name": "extract_images_from_pdf_to_files",
    "time_start_1": 1770302078.266722,
    "time_end_1": 1770302078.2757702,
    "time_total_1": 0.009048223495483398,
    "time_start_2": 3901510.709260708,
    "time_end_2": 3901510.718307958,
    "time_total_2": 0.009047249797731638,
    "time_start_3": 3901510709260791,
    "time_end_3": 3901510718308000,
    "time_total_3": 0.009047209
}