{
    "function_method_name": "extract_images_from_pdf_to_files",
    "time_start_1": 1771005753.528,
    "time_end_1": 1771005753.5348601,
    "time_total_1": 0.006860017776489258,
    "time_start_2": 32107.0394025,
    "time_end_2": 32107.046262416,
    "time_total_2": 0.006859916000394151,
    "time_start_3": 32107039402541,
    "time_end_3": 32107046262416,
    "time_total_3": 0.006859875
}