{
    "function_method_name": "extract_images_from_pdf_to_files",
    "time_start_1": 1770513962.622171,
    "time_end_1": 1770513962.630538,
    "time_total_1": 0.008367061614990234,
    "time_start_2": 4096956.735783666,
    "time_end_2": 4096956.744151416,
    "time_total_2": 0.008367749862372875,
    "time_start_3": 4096956735783708,
    "time_end_3": 4096956744151458,
    "time_total_3": 0.00836775
}