{
    "function_method_name": "extract_images_from_pdf_to_files",
    "time_start_1": 1771005015.284984,
    "time_end_1": 1771005015.2936509,
    "time_total_1": 0.008666753768920898,
    "time_start_2": 31368.797748625,
    "time_end_2": 31368.8064155,
    "time_total_2": 0.008666875000926666,
    "time_start_3": 31368797748708,
    "time_end_3": 31368806415666,
    "time_total_3": 0.008666958
}