{
    "function_method_name": "extract_images_from_pdf_to_files",
    "time_start_1": 1770567079.673698,
    "time_end_1": 1770567079.681872,
    "time_total_1": 0.008173942565917969,
    "time_start_2": 4150073.811359125,
    "time_end_2": 4150073.819534208,
    "time_total_2": 0.008175082970410585,
    "time_start_3": 4150073811359166,
    "time_end_3": 4150073819534291,
    "time_total_3": 0.008175125
}