{
    "function_method_name": "extract_images_from_pdf_to_files",
    "time_start_1": 1770302920.777406,
    "time_end_1": 1770302920.785865,
    "time_total_1": 0.008459091186523438,
    "time_start_2": 3902353.220065833,
    "time_end_2": 3902353.22852475,
    "time_total_2": 0.008458917029201984,
    "time_start_3": 3902353220065875,
    "time_end_3": 3902353228524833,
    "time_total_3": 0.008458958
}