{
    "function_method_name": "extract_images_from_pdf_to_files",
    "time_start_1": 1770569530.41278,
    "time_end_1": 1770569530.422483,
    "time_total_1": 0.009702920913696289,
    "time_start_2": 4152524.544668291,
    "time_end_2": 4152524.554371416,
    "time_total_2": 0.00970312487334013,
    "time_start_3": 4152524544668333,
    "time_end_3": 4152524554371500,
    "time_total_3": 0.009703167
}