{
    "function_method_name": "extract_images_from_pdf_to_files",
    "time_start_1": 1770303744.219546,
    "time_end_1": 1770303744.229551,
    "time_total_1": 0.010004997253417969,
    "time_start_2": 3903176.662332333,
    "time_end_2": 3903176.672337875,
    "time_total_2": 0.010005541611462831,
    "time_start_3": 3903176662332375,
    "time_end_3": 3903176672338000,
    "time_total_3": 0.010005625
}