{
    "function_method_name": "extract_images_from_pdf_to_files",
    "time_start_1": 1770571365.417098,
    "time_end_1": 1770571365.425644,
    "time_total_1": 0.008545875549316406,
    "time_start_2": 4154359.546610125,
    "time_end_2": 4154359.555157041,
    "time_total_2": 0.008546916302293539,
    "time_start_3": 4154359546610166,
    "time_end_3": 4154359555157083,
    "time_total_3": 0.008546917
}