{
    "function_method_name": "extract_images_from_pdf_to_files",
    "time_start_1": 1770304176.25651,
    "time_end_1": 1770304176.265825,
    "time_total_1": 0.009315013885498047,
    "time_start_2": 3903608.699736958,
    "time_end_2": 3903608.709052416,
    "time_total_2": 0.009315458126366138,
    "time_start_3": 3903608699737000,
    "time_end_3": 3903608709052458,
    "time_total_3": 0.009315458
}