{
    "function_method_name": "extract_images_from_pdf_to_files",
    "time_start_1": 1770511975.524488,
    "time_end_1": 1770511975.533212,
    "time_total_1": 0.008723974227905273,
    "time_start_2": 4094969.6429855,
    "time_end_2": 4094969.651708708,
    "time_total_2": 0.008723208215087652,
    "time_start_3": 4094969642985541,
    "time_end_3": 4094969651708750,
    "time_total_3": 0.008723209
}