{
    "function_method_name": "extract_images_from_pdf_to_files",
    "time_start_1": 1770302207.996595,
    "time_end_1": 1770302208.0047731,
    "time_total_1": 0.008178234100341797,
    "time_start_2": 3901640.439154791,
    "time_end_2": 3901640.447332375,
    "time_total_2": 0.008177584037184715,
    "time_start_3": 3901640439154833,
    "time_end_3": 3901640447332416,
    "time_total_3": 0.008177583
}