{
    "function_method_name": "extract_images_from_pdf_to_files",
    "time_start_1": 1770301667.522319,
    "time_end_1": 1770301667.530612,
    "time_total_1": 0.008292913436889648,
    "time_start_2": 3901099.963266291,
    "time_end_2": 3901099.971559958,
    "time_total_2": 0.008293666876852512,
    "time_start_3": 3901099963266333,
    "time_end_3": 3901099971560041,
    "time_total_3": 0.008293708
}