{
    "function_method_name": "extract_images_from_pdf_to_files",
    "time_start_1": 1770304133.212959,
    "time_end_1": 1770304133.2219331,
    "time_total_1": 0.008974075317382812,
    "time_start_2": 3903565.656175125,
    "time_end_2": 3903565.665149,
    "time_total_2": 0.00897387508302927,
    "time_start_3": 3903565656175166,
    "time_end_3": 3903565665149083,
    "time_total_3": 0.008973917
}