{
    "function_method_name": "extract_images_from_pdf_to_files",
    "time_start_1": 1771004187.496784,
    "time_end_1": 1771004187.504145,
    "time_total_1": 0.007360935211181641,
    "time_start_2": 30541.008685583,
    "time_end_2": 30541.0160465,
    "time_total_2": 0.007360916999459732,
    "time_start_3": 30541008685625,
    "time_end_3": 30541016046625,
    "time_total_3": 0.007361
}