{
    "function_method_name": "extract_images_from_pdf_to_files",
    "time_start_1": 1770515651.401653,
    "time_end_1": 1770515651.4098508,
    "time_total_1": 0.008197784423828125,
    "time_start_2": 4098645.510808916,
    "time_end_2": 4098645.519006333,
    "time_total_2": 0.00819741701707244,
    "time_start_3": 4098645510808958,
    "time_end_3": 4098645519006416,
    "time_total_3": 0.008197458
}