{
    "function_method_name": "extract_images_from_pdf_to_files",
    "time_start_1": 1770516698.5171149,
    "time_end_1": 1770516698.525509,
    "time_total_1": 0.008394241333007812,
    "time_start_2": 4099692.628309166,
    "time_end_2": 4099692.636702375,
    "time_total_2": 0.008393208961933851,
    "time_start_3": 4099692628309250,
    "time_end_3": 4099692636702458,
    "time_total_3": 0.008393208
}