{
    "function_method_name": "extract_images_from_pdf_to_files",
    "time_start_1": 1770301733.0121238,
    "time_end_1": 1770301733.0207171,
    "time_total_1": 0.008593320846557617,
    "time_start_2": 3901165.454576875,
    "time_end_2": 3901165.463169791,
    "time_total_2": 0.00859291572123766,
    "time_start_3": 3901165454576958,
    "time_end_3": 3901165463170000,
    "time_total_3": 0.008593042
}