{
    "function_method_name": "extract_images_from_pdf_to_files",
    "time_start_1": 1770566970.647406,
    "time_end_1": 1770566970.656409,
    "time_total_1": 0.009002923965454102,
    "time_start_2": 4149964.783098916,
    "time_end_2": 4149964.79210225,
    "time_total_2": 0.009003333747386932,
    "time_start_3": 4149964783098958,
    "time_end_3": 4149964792102291,
    "time_total_3": 0.009003333
}