{
    "function_method_name": "extract_images_from_pdf_to_files",
    "time_start_1": 1770570075.959082,
    "time_end_1": 1770570075.968541,
    "time_total_1": 0.00945901870727539,
    "time_start_2": 4153070.08953775,
    "time_end_2": 4153070.0989965,
    "time_total_2": 0.009458750020712614,
    "time_start_3": 4153070089537791,
    "time_end_3": 4153070098996541,
    "time_total_3": 0.00945875
}