{
    "function_method_name": "extract_images_from_pdf_to_files",
    "time_start_1": 1770301969.986934,
    "time_end_1": 1770301969.995157,
    "time_total_1": 0.00822305679321289,
    "time_start_2": 3901402.42945475,
    "time_end_2": 3901402.437677375,
    "time_total_2": 0.008222625125199556,
    "time_start_3": 3901402429454791,
    "time_end_3": 3901402437677416,
    "time_total_3": 0.008222625
}