{
    "function_method_name": "extract_tables_to_files_from_pdf_document",
    "time_start_1": 1769340040.5091252,
    "time_end_1": 1769340040.571933,
    "time_total_1": 0.06280779838562012,
    "time_start_2": 2944269.470728,
    "time_end_2": 2944269.533535583,
    "time_total_2": 0.0628075827844441,
    "time_start_3": 2944269470728041,
    "time_end_3": 2944269533535791,
    "time_total_3": 0.06280775
}