{
    "function_method_name": "extract_tables_to_files_from_pdf_document",
    "time_start_1": 1769305469.130589,
    "time_end_1": 1769305469.191766,
    "time_total_1": 0.06117701530456543,
    "time_start_2": 2909698.184245333,
    "time_end_2": 2909698.24542275,
    "time_total_2": 0.06117741670459509,
    "time_start_3": 2909698184245416,
    "time_end_3": 2909698245422916,
    "time_total_3": 0.0611775
}