{
    "function_method_name": "extract_text_to_file_from_any_document",
    "time_start_1": 1770498797.0235689,
    "time_end_1": 1770498799.936963,
    "time_total_1": 2.9133942127227783,
    "time_start_2": 4081791.17297475,
    "time_end_2": 4081794.086368541,
    "time_total_2": 2.913393790833652,
    "time_start_3": 4081791172974833,
    "time_end_3": 4081794086368666,
    "time_total_3": 2.913393833
}