{
    "function_method_name": "extract_images_from_pdf_to_files",
    "time_start_1": 1771754759.089854,
    "time_end_1": 1771754759.296792,
    "time_total_1": 0.2069380283355713,
    "time_start_2": 211230.974260166,
    "time_end_2": 211231.181198875,
    "time_total_2": 0.206938709015958,
    "time_start_3": 211230974260208,
    "time_end_3": 211231181199125,
    "time_total_3": 0.206938917
}