{
    "function_method_name": "extract_images_from_pdf_to_files",
    "time_start_1": 1770513307.131435,
    "time_end_1": 1770513307.414131,
    "time_total_1": 0.282696008682251,
    "time_start_2": 4096301.246245291,
    "time_end_2": 4096301.5289405,
    "time_total_2": 0.28269520914182067,
    "time_start_3": 4096301246245375,
    "time_end_3": 4096301528941083,
    "time_total_3": 0.282695708
}