{
    "function_method_name": "extract_images_from_pdf_to_files",
    "time_start_1": 1770569733.278463,
    "time_end_1": 1770569733.56011,
    "time_total_1": 0.2816472053527832,
    "time_start_2": 4152727.409768833,
    "time_end_2": 4152727.691416125,
    "time_total_2": 0.28164729196578264,
    "time_start_3": 4152727409768875,
    "time_end_3": 4152727691416375,
    "time_total_3": 0.2816475
}