{
    "function_method_name": "extract_images_from_pdf_to_files",
    "time_start_1": 1770302906.0080519,
    "time_end_1": 1770302906.2910058,
    "time_total_1": 0.28295397758483887,
    "time_start_2": 3902338.450708833,
    "time_end_2": 3902338.733664583,
    "time_total_2": 0.28295574989169836,
    "time_start_3": 3902338450708875,
    "time_end_3": 3902338733665291,
    "time_total_3": 0.282956416
}