{
    "function_method_name": "extract_images_from_pdf_to_files",
    "time_start_1": 1770301847.78353,
    "time_end_1": 1770301848.06674,
    "time_total_1": 0.28321003913879395,
    "time_start_2": 3901280.22603075,
    "time_end_2": 3901280.509240666,
    "time_total_2": 0.2832099157385528,
    "time_start_3": 3901280226030833,
    "time_end_3": 3901280509240750,
    "time_total_3": 0.283209917
}