{
    "function_method_name": "extract_images_from_pdf_to_files",
    "time_start_1": 1770567721.7769432,
    "time_end_1": 1770567722.0659368,
    "time_total_1": 0.28899359703063965,
    "time_start_2": 4150715.9150485,
    "time_end_2": 4150716.204042708,
    "time_total_2": 0.2889942079782486,
    "time_start_3": 4150715915048583,
    "time_end_3": 4150716204043000,
    "time_total_3": 0.288994417
}