{
    "function_method_name": "extract_images_from_pdf_to_files",
    "time_start_1": 1770303535.382758,
    "time_end_1": 1770303535.664455,
    "time_total_1": 0.28169703483581543,
    "time_start_2": 3902967.825509833,
    "time_end_2": 3902968.107207875,
    "time_total_2": 0.2816980415955186,
    "time_start_3": 3902967825509875,
    "time_end_3": 3902968107208166,
    "time_total_3": 0.281698291
}