{
    "function_method_name": "extract_images_from_pdf_to_files",
    "time_start_1": 1771005000.143456,
    "time_end_1": 1771005000.426247,
    "time_total_1": 0.2827908992767334,
    "time_start_2": 31353.656247291,
    "time_end_2": 31353.939038416,
    "time_total_2": 0.28279112499876646,
    "time_start_3": 31353656247375,
    "time_end_3": 31353939038666,
    "time_total_3": 0.282791291
}