{
    "function_method_name": "extract_images_from_pdf_to_files",
    "time_start_1": 1771755160.8102899,
    "time_end_1": 1771755161.0048199,
    "time_total_1": 0.19453001022338867,
    "time_start_2": 211632.694707875,
    "time_end_2": 211632.889238625,
    "time_total_2": 0.19453075001365505,
    "time_start_3": 211632694707958,
    "time_end_3": 211632889238791,
    "time_total_3": 0.194530833
}