{
    "function_method_name": "extract_images_from_pdf_to_files",
    "time_start_1": 1770515423.0386,
    "time_end_1": 1770515423.33119,
    "time_total_1": 0.2925901412963867,
    "time_start_2": 4098417.148358791,
    "time_end_2": 4098417.440947583,
    "time_total_2": 0.2925887918099761,
    "time_start_3": 4098417148358833,
    "time_end_3": 4098417440948166,
    "time_total_3": 0.292589333
}