{
    "function_method_name": "extract_images_from_pdf_to_files",
    "time_start_1": 1770303664.49939,
    "time_end_1": 1770303664.7807539,
    "time_total_1": 0.28136396408081055,
    "time_start_2": 3903096.942163291,
    "time_end_2": 3903097.223527125,
    "time_total_2": 0.2813638341613114,
    "time_start_3": 3903096942163333,
    "time_end_3": 3903097223527458,
    "time_total_3": 0.281364125
}