{
    "function_method_name": "extract_images_from_pdf_to_files",
    "time_start_1": 1771004485.217161,
    "time_end_1": 1771004485.408715,
    "time_total_1": 0.19155406951904297,
    "time_start_2": 30838.728381083,
    "time_end_2": 30838.919935875,
    "time_total_2": 0.19155479199980618,
    "time_start_3": 30838728381166,
    "time_end_3": 30838919936166,
    "time_total_3": 0.191555
}