{
    "function_method_name": "extract_images_from_pdf_to_files",
    "time_start_1": 1771755439.9595048,
    "time_end_1": 1771755440.159769,
    "time_total_1": 0.20026421546936035,
    "time_start_2": 211911.843419583,
    "time_end_2": 211912.043684875,
    "time_total_2": 0.20026529202004895,
    "time_start_3": 211911843419708,
    "time_end_3": 211912043685166,
    "time_total_3": 0.200265458
}