{
    "function_method_name": "extract_images_from_pdf_to_files",
    "time_start_1": 1770566911.946692,
    "time_end_1": 1770566912.231597,
    "time_total_1": 0.28490495681762695,
    "time_start_2": 4149906.082562958,
    "time_end_2": 4149906.367466541,
    "time_total_2": 0.2849035831168294,
    "time_start_3": 4149906082563041,
    "time_end_3": 4149906367466958,
    "time_total_3": 0.284903917
}