{
    "function_method_name": "extract_images_from_pdf_to_files",
    "time_start_1": 1770301783.026031,
    "time_end_1": 1770301783.308373,
    "time_total_1": 0.28234195709228516,
    "time_start_2": 3901215.468519833,
    "time_end_2": 3901215.750862458,
    "time_total_2": 0.28234262485057116,
    "time_start_3": 3901215468519916,
    "time_end_3": 3901215750863250,
    "time_total_3": 0.282343334
}