{
    "function_method_name": "extract_images_from_pdf_to_files",
    "time_start_1": 1770568858.527248,
    "time_end_1": 1770568858.814152,
    "time_total_1": 0.28690409660339355,
    "time_start_2": 4151852.662383791,
    "time_end_2": 4151852.949286583,
    "time_total_2": 0.2869027918204665,
    "time_start_3": 4151852662383833,
    "time_end_3": 4151852949286958,
    "time_total_3": 0.286903125
}