{
    "function_method_name": "extract_images_from_pdf_to_files",
    "time_start_1": 1770303859.224243,
    "time_end_1": 1770303859.5057018,
    "time_total_1": 0.28145885467529297,
    "time_start_2": 3903291.667390958,
    "time_end_2": 3903291.948850791,
    "time_total_2": 0.2814598330296576,
    "time_start_3": 3903291667391041,
    "time_end_3": 3903291948850958,
    "time_total_3": 0.281459917
}