{
    "function_method_name": "extract_images_from_pdf_to_files",
    "time_start_1": 1770515273.39409,
    "time_end_1": 1770515273.678498,
    "time_total_1": 0.2844080924987793,
    "time_start_2": 4098267.50424275,
    "time_end_2": 4098267.788649291,
    "time_total_2": 0.28440654091537,
    "time_start_3": 4098267504242791,
    "time_end_3": 4098267788649791,
    "time_total_3": 0.284407
}