{
    "function_method_name": "extract_images_from_pdf_to_files",
    "time_start_1": 1770569559.060147,
    "time_end_1": 1770569559.342685,
    "time_total_1": 0.28253793716430664,
    "time_start_2": 4152553.191917625,
    "time_end_2": 4152553.474455708,
    "time_total_2": 0.28253808338195086,
    "time_start_3": 4152553191917708,
    "time_end_3": 4152553474456166,
    "time_total_3": 0.282538458
}