{
    "function_method_name": "extract_images_from_pdf_to_files",
    "time_start_1": 1770306691.179847,
    "time_end_1": 1770306691.462625,
    "time_total_1": 0.2827780246734619,
    "time_start_2": 3906123.623381583,
    "time_end_2": 3906123.906159791,
    "time_total_2": 0.2827782081440091,
    "time_start_3": 3906123623381625,
    "time_end_3": 3906123906160041,
    "time_total_3": 0.282778416
}