{
    "function_method_name": "extract_images_from_pdf_to_files",
    "time_start_1": 1770304290.62335,
    "time_end_1": 1770304290.905714,
    "time_total_1": 0.2823641300201416,
    "time_start_2": 3903723.066604666,
    "time_end_2": 3903723.348969125,
    "time_total_2": 0.28236445924267173,
    "time_start_3": 3903723066604708,
    "time_end_3": 3903723348969666,
    "time_total_3": 0.282364958
}