{
    "function_method_name": "extract_images_from_pdf_to_files",
    "time_start_1": 1770302431.3169112,
    "time_end_1": 1770302431.5986838,
    "time_total_1": 0.2817726135253906,
    "time_start_2": 3901863.759492708,
    "time_end_2": 3901864.041267,
    "time_total_2": 0.28177429223433137,
    "time_start_3": 3901863759492791,
    "time_end_3": 3901864041267666,
    "time_total_3": 0.281774875
}