{
    "function_method_name": "extract_images_from_pdf_to_files",
    "time_start_1": 1770303448.700145,
    "time_end_1": 1770303448.9811032,
    "time_total_1": 0.2809581756591797,
    "time_start_2": 3902881.142883041,
    "time_end_2": 3902881.42384225,
    "time_total_2": 0.2809592089615762,
    "time_start_3": 3902881142883166,
    "time_end_3": 3902881423842583,
    "time_total_3": 0.280959417
}