{
    "function_method_name": "extract_images_from_pdf_to_files",
    "time_start_1": 1770514311.593289,
    "time_end_1": 1770514311.876737,
    "time_total_1": 0.2834482192993164,
    "time_start_2": 4097305.705994833,
    "time_end_2": 4097305.989442375,
    "time_total_2": 0.28344754222780466,
    "time_start_3": 4097305705994958,
    "time_end_3": 4097305989442958,
    "time_total_3": 0.283448
}