{
    "function_method_name": "extract_images_from_pdf_to_files",
    "time_start_1": 1770515487.235193,
    "time_end_1": 1770515487.518265,
    "time_total_1": 0.28307199478149414,
    "time_start_2": 4098481.344782,
    "time_end_2": 4098481.627853541,
    "time_total_2": 0.2830715412274003,
    "time_start_3": 4098481344782083,
    "time_end_3": 4098481627853833,
    "time_total_3": 0.28307175
}