{
    "function_method_name": "extract_images_from_pdf_to_files",
    "time_start_1": 1770301415.812114,
    "time_end_1": 1770301416.104115,
    "time_total_1": 0.29200100898742676,
    "time_start_2": 3900848.251768958,
    "time_end_2": 3900848.543769375,
    "time_total_2": 0.2920004171319306,
    "time_start_3": 3900848251769041,
    "time_end_3": 3900848543769541,
    "time_total_3": 0.2920005
}