{
    "function_method_name": "extract_images_from_pdf_to_files",
    "time_start_1": 1770571000.909344,
    "time_end_1": 1770571001.1916,
    "time_total_1": 0.2822561264038086,
    "time_start_2": 4153995.037389958,
    "time_end_2": 4153995.319645291,
    "time_total_2": 0.2822553333826363,
    "time_start_3": 4153995037390041,
    "time_end_3": 4153995319645666,
    "time_total_3": 0.282255625
}