{
    "function_method_name": "extract_images_from_pdf_to_files",
    "time_start_1": 1770302819.296878,
    "time_end_1": 1770302819.578998,
    "time_total_1": 0.2821199893951416,
    "time_start_2": 3902251.739521,
    "time_end_2": 3902252.021640875,
    "time_total_2": 0.2821198748424649,
    "time_start_3": 3902251739521083,
    "time_end_3": 3902252021641125,
    "time_total_3": 0.282120042
}