{
    "function_method_name": "extract_images_from_pdf_to_files",
    "time_start_1": 1770302538.8550558,
    "time_end_1": 1770302539.137264,
    "time_total_1": 0.2822082042694092,
    "time_start_2": 3901971.297653541,
    "time_end_2": 3901971.579861541,
    "time_total_2": 0.28220799984410405,
    "time_start_3": 3901971297653583,
    "time_end_3": 3901971579862000,
    "time_total_3": 0.282208417
}