{
    "function_method_name": "extract_images_from_pdf_to_files",
    "time_start_1": 1770513200.337725,
    "time_end_1": 1770513200.6207502,
    "time_total_1": 0.28302526473999023,
    "time_start_2": 4096194.45282875,
    "time_end_2": 4096194.735853791,
    "time_total_2": 0.28302504075691104,
    "time_start_3": 4096194452828791,
    "time_end_3": 4096194735854125,
    "time_total_3": 0.283025334
}