{
    "function_method_name": "extract_images_from_pdf_to_files",
    "time_start_1": 1770569929.602206,
    "time_end_1": 1770569929.887543,
    "time_total_1": 0.285336971282959,
    "time_start_2": 4152923.733044666,
    "time_end_2": 4152924.018381333,
    "time_total_2": 0.2853366672061384,
    "time_start_3": 4152923733044708,
    "time_end_3": 4152924018381625,
    "time_total_3": 0.285336917
}