{
    "function_method_name": "extract_images_from_pdf_to_files",
    "time_start_1": 1770304548.931715,
    "time_end_1": 1770304549.213541,
    "time_total_1": 0.2818260192871094,
    "time_start_2": 3903981.375031583,
    "time_end_2": 3903981.656858166,
    "time_total_2": 0.2818265832029283,
    "time_start_3": 3903981375031666,
    "time_end_3": 3903981656858375,
    "time_total_3": 0.281826709
}