{
    "function_method_name": "extract_images_from_pdf_to_files",
    "time_start_1": 1770303513.6962829,
    "time_end_1": 1770303513.9776242,
    "time_total_1": 0.2813413143157959,
    "time_start_2": 3902946.139032083,
    "time_end_2": 3902946.420372625,
    "time_total_2": 0.28134054178372025,
    "time_start_3": 3902946139032166,
    "time_end_3": 3902946420372916,
    "time_total_3": 0.28134075
}