{
    "function_method_name": "extract_images_from_pdf_to_files",
    "time_start_1": 1771004845.7729778,
    "time_end_1": 1771004846.056831,
    "time_total_1": 0.28385305404663086,
    "time_start_2": 31199.286043541,
    "time_end_2": 31199.569896625,
    "time_total_2": 0.2838530839981104,
    "time_start_3": 31199286043625,
    "time_end_3": 31199569897083,
    "time_total_3": 0.283853458
}