{
    "function_method_name": "extract_images_from_pdf_to_files",
    "time_start_1": 1771005726.812068,
    "time_end_1": 1771005727.0185359,
    "time_total_1": 0.206467866897583,
    "time_start_2": 32080.323517375,
    "time_end_2": 32080.529985291,
    "time_total_2": 0.20646791599938297,
    "time_start_3": 32080323517458,
    "time_end_3": 32080529985625,
    "time_total_3": 0.206468167
}