{
    "function_method_name": "extract_images_from_pdf_to_files",
    "time_start_1": 1770304183.024108,
    "time_end_1": 1770304183.306315,
    "time_total_1": 0.28220701217651367,
    "time_start_2": 3903615.467336375,
    "time_end_2": 3903615.749544416,
    "time_total_2": 0.2822080412879586,
    "time_start_3": 3903615467336458,
    "time_end_3": 3903615749544875,
    "time_total_3": 0.282208417
}