{
    "function_method_name": "extract_images_from_pdf_to_files",
    "time_start_1": 1770511704.825014,
    "time_end_1": 1770511705.107501,
    "time_total_1": 0.2824869155883789,
    "time_start_2": 4094698.944256958,
    "time_end_2": 4094699.22674325,
    "time_total_2": 0.2824862920679152,
    "time_start_3": 4094698944257041,
    "time_end_3": 4094699226743833,
    "time_total_3": 0.282486792
}