{
    "function_method_name": "extract_images_from_pdf_to_files",
    "time_start_1": 1770301480.331756,
    "time_end_1": 1770301480.6151848,
    "time_total_1": 0.2834286689758301,
    "time_start_2": 3900912.771379958,
    "time_end_2": 3900913.05480925,
    "time_total_2": 0.2834292920306325,
    "time_start_3": 3900912771380000,
    "time_end_3": 3900913054810083,
    "time_total_3": 0.283430083
}