{
    "function_method_name": "extract_images_from_pdf_to_files",
    "time_start_1": 1770569602.344044,
    "time_end_1": 1770569602.6361148,
    "time_total_1": 0.2920708656311035,
    "time_start_2": 4152596.47569375,
    "time_end_2": 4152596.767764416,
    "time_total_2": 0.29207066586241126,
    "time_start_3": 4152596475693875,
    "time_end_3": 4152596767764666,
    "time_total_3": 0.292070791
}