{
    "function_method_name": "extract_images_from_pdf_to_files",
    "time_start_1": 1770303945.434134,
    "time_end_1": 1770303945.716575,
    "time_total_1": 0.2824409008026123,
    "time_start_2": 3903377.877305166,
    "time_end_2": 3903378.159746708,
    "time_total_2": 0.2824415420182049,
    "time_start_3": 3903377877305166,
    "time_end_3": 3903378159747083,
    "time_total_3": 0.282441917
}