{
    "function_method_name": "extract_images_from_pdf_to_files",
    "time_start_1": 1770516662.630076,
    "time_end_1": 1770516662.9152489,
    "time_total_1": 0.2851729393005371,
    "time_start_2": 4099656.741332958,
    "time_end_2": 4099657.026506041,
    "time_total_2": 0.2851730831898749,
    "time_start_3": 4099656741333041,
    "time_end_3": 4099657026506333,
    "time_total_3": 0.285173292
}