{
    "function_method_name": "extract_images_from_pdf_to_files",
    "time_start_1": 1770568531.155908,
    "time_end_1": 1770568531.438598,
    "time_total_1": 0.28268980979919434,
    "time_start_2": 4151525.29193875,
    "time_end_2": 4151525.57462675,
    "time_total_2": 0.28268799977377057,
    "time_start_3": 4151525291938875,
    "time_end_3": 4151525574627125,
    "time_total_3": 0.28268825
}