{
    "function_method_name": "extract_images_from_pdf_to_files",
    "time_start_1": 1770512965.283503,
    "time_end_1": 1770512965.567008,
    "time_total_1": 0.2835049629211426,
    "time_start_2": 4095959.399278833,
    "time_end_2": 4095959.682782458,
    "time_total_2": 0.28350362507626414,
    "time_start_3": 4095959399278916,
    "time_end_3": 4095959682782708,
    "time_total_3": 0.283503792
}