{
    "function_method_name": "extract_images_from_pdf_to_files",
    "time_start_1": 1770304570.462239,
    "time_end_1": 1770304570.743582,
    "time_total_1": 0.2813429832458496,
    "time_start_2": 3904002.905560791,
    "time_end_2": 3904003.18690425,
    "time_total_2": 0.28134345915168524,
    "time_start_3": 3904002905560875,
    "time_end_3": 3904003186904750,
    "time_total_3": 0.281343875
}