{
    "function_method_name": "extract_images_from_pdf_to_files",
    "time_start_1": 1770303772.5225658,
    "time_end_1": 1770303772.80526,
    "time_total_1": 0.28269410133361816,
    "time_start_2": 3903204.965356583,
    "time_end_2": 3903205.248052333,
    "time_total_2": 0.2826957502402365,
    "time_start_3": 3903204965356708,
    "time_end_3": 3903205248052833,
    "time_total_3": 0.282696125
}