{
    "function_method_name": "extract_images_from_pdf_to_files",
    "time_start_1": 1770570323.6329,
    "time_end_1": 1770570323.924756,
    "time_total_1": 0.291856050491333,
    "time_start_2": 4153317.762706166,
    "time_end_2": 4153318.054562916,
    "time_total_2": 0.29185674991458654,
    "time_start_3": 4153317762706250,
    "time_end_3": 4153318054563625,
    "time_total_3": 0.291857375
}