{
    "function_method_name": "extract_images_from_pdf_to_files",
    "time_start_1": 1770515102.22612,
    "time_end_1": 1770515102.517271,
    "time_total_1": 0.2911510467529297,
    "time_start_2": 4098096.336723875,
    "time_end_2": 4098096.627875208,
    "time_total_2": 0.2911513331346214,
    "time_start_3": 4098096336723958,
    "time_end_3": 4098096627875375,
    "time_total_3": 0.291151417
}