{
    "function_method_name": "extract_images_from_pdf_to_files",
    "time_start_1": 1770304592.459102,
    "time_end_1": 1770304592.740989,
    "time_total_1": 0.2818870544433594,
    "time_start_2": 3904024.902429041,
    "time_end_2": 3904025.184316291,
    "time_total_2": 0.28188725002110004,
    "time_start_3": 3904024902429125,
    "time_end_3": 3904025184316625,
    "time_total_3": 0.2818875
}