{
    "function_method_name": "extract_images_from_pdf_to_files",
    "time_start_1": 1771005820.300582,
    "time_end_1": 1771005820.4945972,
    "time_total_1": 0.1940152645111084,
    "time_start_2": 32173.811865666,
    "time_end_2": 32174.005881125,
    "time_total_2": 0.19401545899745543,
    "time_start_3": 32173811865750,
    "time_end_3": 32174005881375,
    "time_total_3": 0.194015625
}