{
    "function_method_name": "extract_images_from_pdf_to_files",
    "time_start_1": 1769604862.3271198,
    "time_end_1": 1769604862.775318,
    "time_total_1": 0.4481980800628662,
    "time_start_2": 3204294.333420166,
    "time_end_2": 3204294.781618416,
    "time_total_2": 0.4481982500292361,
    "time_start_3": 3204294333420250,
    "time_end_3": 3204294781618666,
    "time_total_3": 0.448198416
}