{
    "function_method_name": "extract_images_from_pdf_to_files",
    "time_start_1": 1770303340.9520268,
    "time_end_1": 1770303341.233918,
    "time_total_1": 0.2818911075592041,
    "time_start_2": 3902773.394747625,
    "time_end_2": 3902773.676638833,
    "time_total_2": 0.2818912076763809,
    "time_start_3": 3902773394747708,
    "time_end_3": 3902773676639375,
    "time_total_3": 0.281891667
}