{
    "function_method_name": "extract_images_from_pdf_to_files",
    "time_start_1": 1770571219.277874,
    "time_end_1": 1770571219.559318,
    "time_total_1": 0.28144407272338867,
    "time_start_2": 4154213.407701041,
    "time_end_2": 4154213.689145291,
    "time_total_2": 0.28144425014033914,
    "time_start_3": 4154213407701083,
    "time_end_3": 4154213689145708,
    "time_total_3": 0.281444625
}