{
    "function_method_name": "extract_images_from_pdf_to_files",
    "time_start_1": 1770566868.474952,
    "time_end_1": 1770566868.75903,
    "time_total_1": 0.28407812118530273,
    "time_start_2": 4149862.610954125,
    "time_end_2": 4149862.895031583,
    "time_total_2": 0.2840774580836296,
    "time_start_3": 4149862610954166,
    "time_end_3": 4149862895031958,
    "time_total_3": 0.284077792
}