{
    "function_method_name": "extract_images_from_pdf_to_files",
    "time_start_1": 1770305181.30906,
    "time_end_1": 1770305181.60075,
    "time_total_1": 0.2916898727416992,
    "time_start_2": 3904613.752549958,
    "time_end_2": 3904614.044240666,
    "time_total_2": 0.29169070813804865,
    "time_start_3": 3904613752550041,
    "time_end_3": 3904614044240750,
    "time_total_3": 0.291690709
}