{
    "function_method_name": "extract_images_from_pdf_to_files",
    "time_start_1": 1771755176.095602,
    "time_end_1": 1771755176.293094,
    "time_total_1": 0.19749188423156738,
    "time_start_2": 211647.980020375,
    "time_end_2": 211648.177512791,
    "time_total_2": 0.1974924160167575,
    "time_start_3": 211647980020416,
    "time_end_3": 211648177513083,
    "time_total_3": 0.197492667
}