{
    "function_method_name": "extract_images_from_pdf_to_files",
    "time_start_1": 1770515871.9132822,
    "time_end_1": 1770515872.1979148,
    "time_total_1": 0.28463268280029297,
    "time_start_2": 4098866.02496075,
    "time_end_2": 4098866.309611291,
    "time_total_2": 0.2846505413763225,
    "time_start_3": 4098866024960833,
    "time_end_3": 4098866309611416,
    "time_total_3": 0.284650583
}