{
    "function_method_name": "extract_images_from_pdf_to_files",
    "time_start_1": 1770303013.529492,
    "time_end_1": 1770303013.8114402,
    "time_total_1": 0.2819483280181885,
    "time_start_2": 3902445.972166875,
    "time_end_2": 3902446.254116541,
    "time_total_2": 0.2819496658630669,
    "time_start_3": 3902445972166958,
    "time_end_3": 3902446254116833,
    "time_total_3": 0.281949875
}