{
    "function_method_name": "extract_images_from_pdf_to_files",
    "time_start_1": 1770512131.998949,
    "time_end_1": 1770512132.283655,
    "time_total_1": 0.28470587730407715,
    "time_start_2": 4095126.117015833,
    "time_end_2": 4095126.401721541,
    "time_total_2": 0.28470570780336857,
    "time_start_3": 4095126117015916,
    "time_end_3": 4095126401721875,
    "time_total_3": 0.284705959
}