{
    "function_method_name": "extract_images_from_pdf_to_files",
    "time_start_1": 1770302992.155212,
    "time_end_1": 1770302992.4368992,
    "time_total_1": 0.28168725967407227,
    "time_start_2": 3902424.597883625,
    "time_end_2": 3902424.879570791,
    "time_total_2": 0.2816871660761535,
    "time_start_3": 3902424597883791,
    "time_end_3": 3902424879571125,
    "time_total_3": 0.281687334
}