{
    "function_method_name": "extract_images_from_pdf_to_files",
    "time_start_1": 1770515251.91008,
    "time_end_1": 1770515252.194457,
    "time_total_1": 0.2843770980834961,
    "time_start_2": 4098246.020288708,
    "time_end_2": 4098246.304665541,
    "time_total_2": 0.28437683265656233,
    "time_start_3": 4098246020288791,
    "time_end_3": 4098246304665958,
    "time_total_3": 0.284377167
}