{
    "function_method_name": "extract_images_from_pdf_to_files",
    "time_start_1": 1770568967.912713,
    "time_end_1": 1770568968.1946418,
    "time_total_1": 0.28192877769470215,
    "time_start_2": 4151962.047610166,
    "time_end_2": 4151962.329539458,
    "time_total_2": 0.28192929178476334,
    "time_start_3": 4151962047610291,
    "time_end_3": 4151962329539541,
    "time_total_3": 0.28192925
}