{
    "function_method_name": "extract_images_from_pdf_to_files",
    "time_start_1": 1770306454.082636,
    "time_end_1": 1770306454.364025,
    "time_total_1": 0.2813889980316162,
    "time_start_2": 3905886.526132583,
    "time_end_2": 3905886.807521791,
    "time_total_2": 0.2813892080448568,
    "time_start_3": 3905886526132625,
    "time_end_3": 3905886807522041,
    "time_total_3": 0.281389416
}