{
    "function_method_name": "extract_images_from_pdf_to_files",
    "time_start_1": 1770304857.893815,
    "time_end_1": 1770304858.176385,
    "time_total_1": 0.28256988525390625,
    "time_start_2": 3904290.337227333,
    "time_end_2": 3904290.619798541,
    "time_total_2": 0.2825712081976235,
    "time_start_3": 3904290337227416,
    "time_end_3": 3904290619799125,
    "time_total_3": 0.282571709
}