{
    "function_method_name": "extract_images_from_pdf_to_files",
    "time_start_1": 1770571807.8602922,
    "time_end_1": 1770571808.152074,
    "time_total_1": 0.2917819023132324,
    "time_start_2": 4154801.988851875,
    "time_end_2": 4154802.28063375,
    "time_total_2": 0.29178187483921647,
    "time_start_3": 4154801988851916,
    "time_end_3": 4154802280633833,
    "time_total_3": 0.291781917
}