{
    "function_method_name": "extract_images_from_pdf_to_files",
    "time_start_1": 1770567021.1254349,
    "time_end_1": 1770567021.408554,
    "time_total_1": 0.28311920166015625,
    "time_start_2": 4150015.260976375,
    "time_end_2": 4150015.544095041,
    "time_total_2": 0.28311866614967585,
    "time_start_3": 4150015260976458,
    "time_end_3": 4150015544095458,
    "time_total_3": 0.283119
}