{
    "function_method_name": "extract_images_from_pdf_to_files",
    "time_start_1": 1770511683.490738,
    "time_end_1": 1770511683.7718349,
    "time_total_1": 0.2810969352722168,
    "time_start_2": 4094677.610038708,
    "time_end_2": 4094677.891135916,
    "time_total_2": 0.28109720814973116,
    "time_start_3": 4094677610038791,
    "time_end_3": 4094677891136125,
    "time_total_3": 0.281097334
}