{
    "function_method_name": "extract_images_from_pdf_to_files",
    "time_start_1": 1770571633.954448,
    "time_end_1": 1770571634.236619,
    "time_total_1": 0.28217101097106934,
    "time_start_2": 4154628.083382333,
    "time_end_2": 4154628.365553458,
    "time_total_2": 0.2821711250580847,
    "time_start_3": 4154628083382375,
    "time_end_3": 4154628365553791,
    "time_total_3": 0.282171416
}