{
    "function_method_name": "extract_images_from_pdf_to_files",
    "time_start_1": 1771005178.1092129,
    "time_end_1": 1771005178.395045,
    "time_total_1": 0.28583216667175293,
    "time_start_2": 31531.62165475,
    "time_end_2": 31531.907487375,
    "time_total_2": 0.28583262499887496,
    "time_start_3": 31531621654833,
    "time_end_3": 31531907487875,
    "time_total_3": 0.285833042
}