{
    "function_method_name": "extract_images_from_pdf_to_files",
    "time_start_1": 1771005558.278285,
    "time_end_1": 1771005558.470168,
    "time_total_1": 0.19188308715820312,
    "time_start_2": 31911.790035333,
    "time_end_2": 31911.981918166,
    "time_total_2": 0.19188283299808973,
    "time_start_3": 31911790035375,
    "time_end_3": 31911981918208,
    "time_total_3": 0.191882833
}