{
    "function_method_name": "extract_images_from_pdf_to_files",
    "time_start_1": 1770569165.825048,
    "time_end_1": 1770569166.1071439,
    "time_total_1": 0.28209590911865234,
    "time_start_2": 4152159.959492583,
    "time_end_2": 4152160.241588083,
    "time_total_2": 0.2820955002680421,
    "time_start_3": 4152159959492625,
    "time_end_3": 4152160241588291,
    "time_total_3": 0.282095666
}