{
    "function_method_name": "extract_images_from_pdf_to_files",
    "time_start_1": 1771754652.3592331,
    "time_end_1": 1771754652.554294,
    "time_total_1": 0.19506096839904785,
    "time_start_2": 211124.243636166,
    "time_end_2": 211124.438698041,
    "time_total_2": 0.19506187498336658,
    "time_start_3": 211124243636208,
    "time_end_3": 211124438698250,
    "time_total_3": 0.195062042
}