{
    "function_method_name": "extract_tables_to_files_from_pdf_document",
    "time_start_1": 1769289945.3539798,
    "time_end_1": 1769289969.1485922,
    "time_total_1": 23.794612407684326,
    "time_start_2": 2894174.458554375,
    "time_end_2": 2894198.253067166,
    "time_total_2": 23.79451279109344,
    "time_start_3": 2894174458554416,
    "time_end_3": 2894198253067375,
    "time_total_3": 23.794512959
}