{
    "function_method_name": "extract_tables_to_files_from_pdf_document",
    "time_start_1": 1769309021.833123,
    "time_end_1": 1769309052.862572,
    "time_total_1": 31.029448986053467,
    "time_start_2": 2913250.878079333,
    "time_end_2": 2913281.907450375,
    "time_total_2": 31.029371042270213,
    "time_start_3": 2913250878079416,
    "time_end_3": 2913281907450666,
    "time_total_3": 31.02937125
}