{
    "function_method_name": "extract_text_to_file_from_any_document",
    "time_start_1": 1770468267.547574,
    "time_end_1": 1770468267.5607839,
    "time_total_1": 0.013209819793701172,
    "time_start_2": 4051261.752012375,
    "time_end_2": 4051261.765222708,
    "time_total_2": 0.013210333418101072,
    "time_start_3": 4051261752012458,
    "time_end_3": 4051261765222833,
    "time_total_3": 0.013210375
}