{
    "function_method_name": "extract_images_from_pdf_to_files",
    "time_start_1": 1770305186.298955,
    "time_end_1": 1770305186.474282,
    "time_total_1": 0.17532706260681152,
    "time_start_2": 3904618.742446791,
    "time_end_2": 3904618.917773083,
    "time_total_2": 0.17532629193738103,
    "time_start_3": 3904618742446875,
    "time_end_3": 3904618917773125,
    "time_total_3": 0.17532625
}