{
    "function_method_name": "extract_images_from_pdf_to_files",
    "time_start_1": 1770304058.458011,
    "time_end_1": 1770304058.633636,
    "time_total_1": 0.17562508583068848,
    "time_start_2": 3903490.901209208,
    "time_end_2": 3903491.076835375,
    "time_total_2": 0.17562616663053632,
    "time_start_3": 3903490901209291,
    "time_end_3": 3903491076835500,
    "time_total_3": 0.175626209
}