{
    "function_method_name": "extract_images_from_pdf_to_files",
    "time_start_1": 1770571071.613048,
    "time_end_1": 1770571071.7899551,
    "time_total_1": 0.17690706253051758,
    "time_start_2": 4154065.743184708,
    "time_end_2": 4154065.920092833,
    "time_total_2": 0.17690812516957521,
    "time_start_3": 4154065743184791,
    "time_end_3": 4154065920093375,
    "time_total_3": 0.176908584
}