{
    "function_method_name": "extract_images_from_pdf_to_files",
    "time_start_1": 1770568601.890986,
    "time_end_1": 1770568602.072546,
    "time_total_1": 0.18156003952026367,
    "time_start_2": 4151596.026709708,
    "time_end_2": 4151596.2082695,
    "time_total_2": 0.1815597922541201,
    "time_start_3": 4151596026709750,
    "time_end_3": 4151596208269750,
    "time_total_3": 0.18156
}