{
    "function_method_name": "extract_images_from_pdf_to_files",
    "time_start_1": 1770302608.706749,
    "time_end_1": 1770302608.882567,
    "time_total_1": 0.17581796646118164,
    "time_start_2": 3902041.149357458,
    "time_end_2": 3902041.325175083,
    "time_total_2": 0.17581762466579676,
    "time_start_3": 3902041149357541,
    "time_end_3": 3902041325175208,
    "time_total_3": 0.175817667
}