{
    "function_method_name": "extract_images_from_pdf_to_files",
    "time_start_1": 1770515107.2191129,
    "time_end_1": 1770515107.395545,
    "time_total_1": 0.17643213272094727,
    "time_start_2": 4098101.329703958,
    "time_end_2": 4098101.506136958,
    "time_total_2": 0.17643300024792552,
    "time_start_3": 4098101329704083,
    "time_end_3": 4098101506137041,
    "time_total_3": 0.176432958
}