{
    "function_method_name": "extract_images_from_pdf_to_files",
    "time_start_1": 1770571180.454219,
    "time_end_1": 1770571180.630864,
    "time_total_1": 0.17664480209350586,
    "time_start_2": 4154174.584130916,
    "time_end_2": 4154174.760776083,
    "time_total_2": 0.1766451671719551,
    "time_start_3": 4154174584130958,
    "time_end_3": 4154174760776333,
    "time_total_3": 0.176645375
}