{
    "function_method_name": "extract_images_from_pdf_to_files",
    "time_start_1": 1770302522.362195,
    "time_end_1": 1770302522.5383859,
    "time_total_1": 0.17619085311889648,
    "time_start_2": 3901954.804789583,
    "time_end_2": 3901954.980980583,
    "time_total_2": 0.176190999802202,
    "time_start_3": 3901954804789666,
    "time_end_3": 3901954980981000,
    "time_total_3": 0.176191334
}