{
    "function_method_name": "extract_images_from_pdf_to_files",
    "time_start_1": 1770512884.597739,
    "time_end_1": 1770512884.7738519,
    "time_total_1": 0.17611289024353027,
    "time_start_2": 4095878.713753416,
    "time_end_2": 4095878.889866375,
    "time_total_2": 0.1761129586957395,
    "time_start_3": 4095878713753458,
    "time_end_3": 4095878889866458,
    "time_total_3": 0.176113
}