{
    "function_method_name": "extract_images_from_pdf_to_files",
    "time_start_1": 1770301874.341411,
    "time_end_1": 1770301874.5173702,
    "time_total_1": 0.17595911026000977,
    "time_start_2": 3901306.783915958,
    "time_end_2": 3901306.959875583,
    "time_total_2": 0.17595962528139353,
    "time_start_3": 3901306783916000,
    "time_end_3": 3901306959875666,
    "time_total_3": 0.175959666
}