{
    "function_method_name": "extract_images_from_pdf_to_files",
    "time_start_1": 1770512115.403788,
    "time_end_1": 1770512115.5797818,
    "time_total_1": 0.1759936809539795,
    "time_start_2": 4095109.521899833,
    "time_end_2": 4095109.697893125,
    "time_total_2": 0.1759932921268046,
    "time_start_3": 4095109521899916,
    "time_end_3": 4095109697893166,
    "time_total_3": 0.17599325
}