{
    "function_method_name": "extract_images_from_pdf_to_files",
    "time_start_1": 1770512820.596043,
    "time_end_1": 1770512820.773105,
    "time_total_1": 0.1770617961883545,
    "time_start_2": 4095814.71223425,
    "time_end_2": 4095814.889296041,
    "time_total_2": 0.17706179106608033,
    "time_start_3": 4095814712234291,
    "time_end_3": 4095814889296416,
    "time_total_3": 0.177062125
}