{
    "function_method_name": "extract_images_from_pdf_to_files",
    "time_start_1": 1770513739.707229,
    "time_end_1": 1770513739.884232,
    "time_total_1": 0.1770031452178955,
    "time_start_2": 4096733.82143025,
    "time_end_2": 4096733.998433166,
    "time_total_2": 0.17700291611254215,
    "time_start_3": 4096733821430333,
    "time_end_3": 4096733998433250,
    "time_total_3": 0.177002917
}