{
    "function_method_name": "extract_images_from_pdf_to_files",
    "time_start_1": 1770512435.9828732,
    "time_end_1": 1770512436.168266,
    "time_total_1": 0.1853928565979004,
    "time_start_2": 4095430.100122916,
    "time_end_2": 4095430.285516041,
    "time_total_2": 0.18539312481880188,
    "time_start_3": 4095430100123041,
    "time_end_3": 4095430285516291,
    "time_total_3": 0.18539325
}