{
    "function_method_name": "extract_images_from_pdf_to_files",
    "time_start_1": 1771004395.3251588,
    "time_end_1": 1771004395.442455,
    "time_total_1": 0.11729621887207031,
    "time_start_2": 30748.836585291,
    "time_end_2": 30748.953880875,
    "time_total_2": 0.11729558400111273,
    "time_start_3": 30748836585375,
    "time_end_3": 30748953881166,
    "time_total_3": 0.117295791
}