{
    "function_method_name": "extract_images_from_pdf_to_files",
    "time_start_1": 1770567376.374151,
    "time_end_1": 1770567376.5511098,
    "time_total_1": 0.17695879936218262,
    "time_start_2": 4150370.513017625,
    "time_end_2": 4150370.689976208,
    "time_total_2": 0.17695858282968402,
    "time_start_3": 4150370513017708,
    "time_end_3": 4150370689976416,
    "time_total_3": 0.176958708
}