{
    "function_method_name": "extract_images_from_pdf_to_files",
    "time_start_1": 1770567880.3616269,
    "time_end_1": 1770567880.538707,
    "time_total_1": 0.1770801544189453,
    "time_start_2": 4150874.499358,
    "time_end_2": 4150874.676438166,
    "time_total_2": 0.1770801660604775,
    "time_start_3": 4150874499358083,
    "time_end_3": 4150874676438375,
    "time_total_3": 0.177080292
}