{
    "function_method_name": "extract_images_from_pdf_to_files",
    "time_start_1": 1770513440.441764,
    "time_end_1": 1770513440.6186628,
    "time_total_1": 0.17689871788024902,
    "time_start_2": 4096434.556770166,
    "time_end_2": 4096434.733670375,
    "time_total_2": 0.17690020892769098,
    "time_start_3": 4096434556770250,
    "time_end_3": 4096434733670541,
    "time_total_3": 0.176900291
}