{
    "function_method_name": "extract_images_from_pdf_to_files",
    "time_start_1": 1770303993.9751308,
    "time_end_1": 1770303994.1528902,
    "time_total_1": 0.17775940895080566,
    "time_start_2": 3903426.418313625,
    "time_end_2": 3903426.596073166,
    "time_total_2": 0.17775954119861126,
    "time_start_3": 3903426418313750,
    "time_end_3": 3903426596073250,
    "time_total_3": 0.1777595
}