{
    "function_method_name": "extract_images_from_pdf_to_files",
    "time_start_1": 1770568120.787456,
    "time_end_1": 1770568120.9658399,
    "time_total_1": 0.17838382720947266,
    "time_start_2": 4151114.924655708,
    "time_end_2": 4151115.103040583,
    "time_total_2": 0.1783848749473691,
    "time_start_3": 4151114924655750,
    "time_end_3": 4151115103040666,
    "time_total_3": 0.178384916
}