{
    "function_method_name": "extract_images_from_pdf_to_files",
    "time_start_1": 1770568797.938118,
    "time_end_1": 1770568798.1160161,
    "time_total_1": 0.17789816856384277,
    "time_start_2": 4151792.073391583,
    "time_end_2": 4151792.251289875,
    "time_total_2": 0.1778982919640839,
    "time_start_3": 4151792073391666,
    "time_end_3": 4151792251290208,
    "time_total_3": 0.177898542
}