{
    "function_method_name": "extract_images_from_pdf_to_files",
    "time_start_1": 1770572053.143889,
    "time_end_1": 1770572053.320172,
    "time_total_1": 0.1762831211090088,
    "time_start_2": 4155047.274104541,
    "time_end_2": 4155047.450388125,
    "time_total_2": 0.17628358397632837,
    "time_start_3": 4155047274104583,
    "time_end_3": 4155047450388500,
    "time_total_3": 0.176283917
}