{
    "function_method_name": "extract_images_from_pdf_to_files",
    "time_start_1": 1771006243.1526778,
    "time_end_1": 1771006243.276132,
    "time_total_1": 0.12345433235168457,
    "time_start_2": 32596.64820825,
    "time_end_2": 32596.771661791,
    "time_total_2": 0.12345354100034456,
    "time_start_3": 32596648208291,
    "time_end_3": 32596771661958,
    "time_total_3": 0.123453667
}