{
    "function_method_name": "extract_images_from_pdf_to_files",
    "time_start_1": 1770305639.615542,
    "time_end_1": 1770305639.790781,
    "time_total_1": 0.17523908615112305,
    "time_start_2": 3905072.059128208,
    "time_end_2": 3905072.234367041,
    "time_total_2": 0.17523883283138275,
    "time_start_3": 3905072059128291,
    "time_end_3": 3905072234367208,
    "time_total_3": 0.175238917
}