{
    "function_method_name": "extract_images_from_pdf_to_files",
    "time_start_1": 1770305661.421241,
    "time_end_1": 1770305661.597145,
    "time_total_1": 0.1759040355682373,
    "time_start_2": 3905093.864831583,
    "time_end_2": 3905094.040736,
    "time_total_2": 0.1759044169448316,
    "time_start_3": 3905093864831666,
    "time_end_3": 3905094040736333,
    "time_total_3": 0.175904667
}