{
    "function_method_name": "extract_images_from_pdf_to_files",
    "time_start_1": 1770516667.621294,
    "time_end_1": 1770516667.797351,
    "time_total_1": 0.1760568618774414,
    "time_start_2": 4099661.7325425,
    "time_end_2": 4099661.908599791,
    "time_total_2": 0.1760572912171483,
    "time_start_3": 4099661732542666,
    "time_end_3": 4099661908600166,
    "time_total_3": 0.1760575
}