{
    "function_method_name": "extract_images_from_pdf_to_files",
    "time_start_1": 1770301485.350096,
    "time_end_1": 1770301485.525785,
    "time_total_1": 0.1756889820098877,
    "time_start_2": 3900917.789718166,
    "time_end_2": 3900917.965407,
    "time_total_2": 0.17568883392959833,
    "time_start_3": 3900917789718208,
    "time_end_3": 3900917965407041,
    "time_total_3": 0.175688833
}