{
    "function_method_name": "extract_images_from_pdf_to_files",
    "time_start_1": 1771005027.280072,
    "time_end_1": 1771005027.460887,
    "time_total_1": 0.1808149814605713,
    "time_start_2": 31380.792815166,
    "time_end_2": 31380.973630333,
    "time_total_2": 0.18081516699749045,
    "time_start_3": 31380792815208,
    "time_end_3": 31380973630750,
    "time_total_3": 0.180815542
}