{
    "function_method_name": "extract_images_from_pdf_to_files",
    "time_start_1": 1770303669.4673622,
    "time_end_1": 1770303669.64592,
    "time_total_1": 0.1785578727722168,
    "time_start_2": 3903101.910135791,
    "time_end_2": 3903102.088694708,
    "time_total_2": 0.17855891678482294,
    "time_start_3": 3903101910135875,
    "time_end_3": 3903102088694958,
    "time_total_3": 0.178559083
}