{
    "function_method_name": "extract_images_from_pdf_to_files",
    "time_start_1": 1770306567.209125,
    "time_end_1": 1770306567.384664,
    "time_total_1": 0.1755390167236328,
    "time_start_2": 3905999.652637541,
    "time_end_2": 3905999.828177041,
    "time_total_2": 0.17553950008004904,
    "time_start_3": 3905999652637625,
    "time_end_3": 3905999828177500,
    "time_total_3": 0.175539875
}