{
    "function_method_name": "extract_images_from_pdf_to_files",
    "time_start_1": 1770570394.224753,
    "time_end_1": 1770570394.402006,
    "time_total_1": 0.17725300788879395,
    "time_start_2": 4153388.3543745,
    "time_end_2": 4153388.531626916,
    "time_total_2": 0.17725241603329778,
    "time_start_3": 4153388354374583,
    "time_end_3": 4153388531627208,
    "time_total_3": 0.177252625
}