{
    "function_method_name": "extract_images_from_pdf_to_files",
    "time_start_1": 1770513824.993278,
    "time_end_1": 1770513825.1699488,
    "time_total_1": 0.17667078971862793,
    "time_start_2": 4096819.10725375,
    "time_end_2": 4096819.283925875,
    "time_total_2": 0.17667212523519993,
    "time_start_3": 4096819107253875,
    "time_end_3": 4096819283926375,
    "time_total_3": 0.1766725
}