{
    "function_method_name": "extract_images_from_pdf_to_files",
    "time_start_1": 1770305488.188429,
    "time_end_1": 1770305488.367199,
    "time_total_1": 0.17876982688903809,
    "time_start_2": 3904920.631978,
    "time_end_2": 3904920.810748625,
    "time_total_2": 0.17877062503248453,
    "time_start_3": 3904920631978083,
    "time_end_3": 3904920810748833,
    "time_total_3": 0.17877075
}