{
    "function_method_name": "extract_images_from_pdf_to_files",
    "time_start_1": 1770570241.179085,
    "time_end_1": 1770570241.355829,
    "time_total_1": 0.1767439842224121,
    "time_start_2": 4153235.309107083,
    "time_end_2": 4153235.48585125,
    "time_total_2": 0.17674416722729802,
    "time_start_3": 4153235309107125,
    "time_end_3": 4153235485851708,
    "time_total_3": 0.176744583
}