{
    "function_method_name": "extract_images_from_pdf_to_files",
    "time_start_1": 1770305596.130156,
    "time_end_1": 1770305596.306864,
    "time_total_1": 0.17670798301696777,
    "time_start_2": 3905028.573731791,
    "time_end_2": 3905028.750439333,
    "time_total_2": 0.1767075415700674,
    "time_start_3": 3905028573731916,
    "time_end_3": 3905028750439375,
    "time_total_3": 0.176707459
}