{
    "function_method_name": "extract_images_from_pdf_to_files",
    "time_start_1": 1770306739.143559,
    "time_end_1": 1770306739.318367,
    "time_total_1": 0.17480802536010742,
    "time_start_2": 3906171.58710225,
    "time_end_2": 3906171.761913416,
    "time_total_2": 0.17481116577982903,
    "time_start_3": 3906171587102333,
    "time_end_3": 3906171761913708,
    "time_total_3": 0.174811375
}