{
    "function_method_name": "extract_images_from_pdf_to_files",
    "time_start_1": 1770515214.134955,
    "time_end_1": 1770515214.3122659,
    "time_total_1": 0.17731094360351562,
    "time_start_2": 4098208.245263458,
    "time_end_2": 4098208.422575208,
    "time_total_2": 0.17731174966320395,
    "time_start_3": 4098208245263500,
    "time_end_3": 4098208422575500,
    "time_total_3": 0.177312
}