{
    "function_method_name": "extract_images_from_pdf_to_files",
    "time_start_1": 1771005546.550953,
    "time_end_1": 1771005546.668712,
    "time_total_1": 0.11775898933410645,
    "time_start_2": 31900.062724041,
    "time_end_2": 31900.180483666,
    "time_total_2": 0.11775962500178139,
    "time_start_3": 31900062724083,
    "time_end_3": 31900180483916,
    "time_total_3": 0.117759833
}