{
    "function_method_name": "extract_images_from_pdf_to_files",
    "time_start_1": 1771005400.820589,
    "time_end_1": 1771005400.997563,
    "time_total_1": 0.17697381973266602,
    "time_start_2": 31754.332635041,
    "time_end_2": 31754.50960875,
    "time_total_2": 0.17697370899986709,
    "time_start_3": 31754332635125,
    "time_end_3": 31754509609125,
    "time_total_3": 0.176974
}