{
    "function_method_name": "extract_images_from_pdf_to_files",
    "time_start_1": 1770567836.251581,
    "time_end_1": 1770567836.433286,
    "time_total_1": 0.18170499801635742,
    "time_start_2": 4150830.389434791,
    "time_end_2": 4150830.571139416,
    "time_total_2": 0.1817046250216663,
    "time_start_3": 4150830389434875,
    "time_end_3": 4150830571139750,
    "time_total_3": 0.181704875
}