{
    "function_method_name": "extract_images_from_pdf_to_files",
    "time_start_1": 1770515534.827192,
    "time_end_1": 1770515535.005147,
    "time_total_1": 0.17795491218566895,
    "time_start_2": 4098528.93665525,
    "time_end_2": 4098529.114610458,
    "time_total_2": 0.17795520788058639,
    "time_start_3": 4098528936655333,
    "time_end_3": 4098529114610750,
    "time_total_3": 0.177955417
}