{
    "function_method_name": "extract_images_from_pdf_to_files",
    "time_start_1": 1770302457.787479,
    "time_end_1": 1770302457.9628422,
    "time_total_1": 0.17536330223083496,
    "time_start_2": 3901890.230063125,
    "time_end_2": 3901890.405426333,
    "time_total_2": 0.17536320816725492,
    "time_start_3": 3901890230063250,
    "time_end_3": 3901890405426625,
    "time_total_3": 0.175363375
}