{
    "function_method_name": "extract_images_from_pdf_to_files",
    "time_start_1": 1771004917.076283,
    "time_end_1": 1771004917.2521658,
    "time_total_1": 0.17588281631469727,
    "time_start_2": 31270.589221958,
    "time_end_2": 31270.765104833,
    "time_total_2": 0.17588287500257138,
    "time_start_3": 31270589222041,
    "time_end_3": 31270765105083,
    "time_total_3": 0.175883042
}