{
    "function_method_name": "extract_images_from_pdf_to_files",
    "time_start_1": 1770303149.691303,
    "time_end_1": 1770303149.867361,
    "time_total_1": 0.17605805397033691,
    "time_start_2": 3902582.133992291,
    "time_end_2": 3902582.310051375,
    "time_total_2": 0.17605908401310444,
    "time_start_3": 3902582133992375,
    "time_end_3": 3902582310051416,
    "time_total_3": 0.176059041
}