{
    "function_method_name": "extract_images_from_pdf_to_files",
    "time_start_1": 1770566764.071372,
    "time_end_1": 1770566764.247844,
    "time_total_1": 0.17647194862365723,
    "time_start_2": 4149758.207689083,
    "time_end_2": 4149758.3841615,
    "time_total_2": 0.17647241661325097,
    "time_start_3": 4149758207689166,
    "time_end_3": 4149758384161958,
    "time_total_3": 0.176472792
}