{
    "function_method_name": "extract_images_from_pdf_to_files",
    "time_start_1": 1770568296.211852,
    "time_end_1": 1770568296.392042,
    "time_total_1": 0.180189847946167,
    "time_start_2": 4151290.348673708,
    "time_end_2": 4151290.528863708,
    "time_total_2": 0.18019000021740794,
    "time_start_3": 4151290348673750,
    "time_end_3": 4151290528864083,
    "time_total_3": 0.180190333
}