{
    "function_method_name": "extract_images_from_pdf_to_files",
    "time_start_1": 1770515192.8226938,
    "time_end_1": 1770515192.998903,
    "time_total_1": 0.1762092113494873,
    "time_start_2": 4098186.933058916,
    "time_end_2": 4098187.10926825,
    "time_total_2": 0.17620933381840587,
    "time_start_3": 4098186933059000,
    "time_end_3": 4098187109269000,
    "time_total_3": 0.17621
}