{
    "function_method_name": "extract_images_from_pdf_to_files",
    "time_start_1": 1770305445.171948,
    "time_end_1": 1770305445.3474739,
    "time_total_1": 0.17552590370178223,
    "time_start_2": 3904877.615487125,
    "time_end_2": 3904877.79101325,
    "time_total_2": 0.17552612535655499,
    "time_start_3": 3904877615487166,
    "time_end_3": 3904877791013583,
    "time_total_3": 0.175526417
}