{
    "function_method_name": "extract_images_from_pdf_to_files",
    "time_start_1": 1770306113.896728,
    "time_end_1": 1770306114.072358,
    "time_total_1": 0.1756298542022705,
    "time_start_2": 3905546.340419041,
    "time_end_2": 3905546.516049875,
    "time_total_2": 0.175630833953619,
    "time_start_3": 3905546340419083,
    "time_end_3": 3905546516050125,
    "time_total_3": 0.175631042
}