{
    "function_method_name": "extract_images_from_pdf_to_files",
    "time_start_1": 1770571136.769799,
    "time_end_1": 1770571136.945765,
    "time_total_1": 0.1759660243988037,
    "time_start_2": 4154130.899813833,
    "time_end_2": 4154131.075779375,
    "time_total_2": 0.17596554197371006,
    "time_start_3": 4154130899813875,
    "time_end_3": 4154131075779625,
    "time_total_3": 0.17596575
}