{
    "function_method_name": "extract_images_from_pdf_to_files",
    "time_start_1": 1770513055.7176042,
    "time_end_1": 1770513055.893572,
    "time_total_1": 0.17596793174743652,
    "time_start_2": 4096049.833105791,
    "time_end_2": 4096050.009074041,
    "time_total_2": 0.17596825025975704,
    "time_start_3": 4096049833105833,
    "time_end_3": 4096050009074250,
    "time_total_3": 0.175968417
}