{
    "function_method_name": "extract_images_from_pdf_to_files",
    "time_start_1": 1770304273.934101,
    "time_end_1": 1770304274.109521,
    "time_total_1": 0.17541980743408203,
    "time_start_2": 3903706.377350958,
    "time_end_2": 3903706.552771791,
    "time_total_2": 0.17542083282023668,
    "time_start_3": 3903706377351041,
    "time_end_3": 3903706552771833,
    "time_total_3": 0.175420792
}