{
    "function_method_name": "extract_images_from_pdf_to_files",
    "time_start_1": 1770516282.671283,
    "time_end_1": 1770516282.8476002,
    "time_total_1": 0.1763172149658203,
    "time_start_2": 4099276.783211041,
    "time_end_2": 4099276.959528125,
    "time_total_2": 0.17631708411499858,
    "time_start_3": 4099276783211291,
    "time_end_3": 4099276959528458,
    "time_total_3": 0.176317167
}