{
    "function_method_name": "extract_images_from_pdf_to_files",
    "time_start_1": 1770304316.9541278,
    "time_end_1": 1770304317.129774,
    "time_total_1": 0.17564630508422852,
    "time_start_2": 3903749.397388166,
    "time_end_2": 3903749.573034416,
    "time_total_2": 0.1756462501361966,
    "time_start_3": 3903749397388208,
    "time_end_3": 3903749573034916,
    "time_total_3": 0.175646708
}