{
    "function_method_name": "extract_images_from_pdf_to_files",
    "time_start_1": 1770515919.819214,
    "time_end_1": 1770515919.9954948,
    "time_total_1": 0.17628073692321777,
    "time_start_2": 4098913.931756333,
    "time_end_2": 4098914.108039,
    "time_total_2": 0.17628266708925366,
    "time_start_3": 4098913931756416,
    "time_end_3": 4098914108039666,
    "time_total_3": 0.17628325
}