{
    "function_method_name": "extract_images_from_pdf_to_files",
    "time_start_1": 1770569520.270198,
    "time_end_1": 1770569520.458851,
    "time_total_1": 0.18865299224853516,
    "time_start_2": 4152514.402160708,
    "time_end_2": 4152514.5908125,
    "time_total_2": 0.18865179223939776,
    "time_start_3": 4152514402160791,
    "time_end_3": 4152514590812833,
    "time_total_3": 0.188652042
}