{
    "function_method_name": "extract_tables_to_files_from_pdf_document",
    "time_start_1": 1763235042.8854809,
    "time_end_1": 1763235057.220191,
    "time_total_1": 14.334710121154785,
    "time_start_2": 201253.086947083,
    "time_end_2": 201267.421652541,
    "time_total_2": 14.33470545799355,
    "time_start_3": 201253086947166,
    "time_end_3": 201267421652750,
    "time_total_3": 14.334705584
}