{
    "function_method_name": "extract_tables_to_files_from_pdf_document",
    "time_start_1": 1769621682.936206,
    "time_end_1": 1769621683.241927,
    "time_total_1": 0.30572080612182617,
    "time_start_2": 3221114.888390333,
    "time_end_2": 3221115.194110833,
    "time_total_2": 0.3057205001823604,
    "time_start_3": 3221114888390375,
    "time_end_3": 3221115194111208,
    "time_total_3": 0.305720833
}