{
    "function_method_name": "extract_tables_to_files_from_pdf_document",
    "time_start_1": 1769634669.477369,
    "time_end_1": 1769634669.7849731,
    "time_total_1": 0.3076040744781494,
    "time_start_2": 3234101.384293041,
    "time_end_2": 3234101.691897333,
    "time_total_2": 0.3076042919419706,
    "time_start_3": 3234101384293166,
    "time_end_3": 3234101691897666,
    "time_total_3": 0.3076045
}