{
    "function_method_name": "extract_tables_to_files_from_pdf_document",
    "time_start_1": 1769625606.900739,
    "time_end_1": 1769625607.274859,
    "time_total_1": 0.37411999702453613,
    "time_start_2": 3225038.833751833,
    "time_end_2": 3225039.207870125,
    "time_total_2": 0.374118291772902,
    "time_start_3": 3225038833751916,
    "time_end_3": 3225039207870375,
    "time_total_3": 0.374118459
}