{
    "function_method_name": "extract_tables_to_files_from_pdf_document",
    "time_start_1": 1769626709.8804228,
    "time_end_1": 1769626751.191518,
    "time_total_1": 41.311095237731934,
    "time_start_2": 3226141.812434625,
    "time_end_2": 3226183.123375,
    "time_total_2": 41.31094037508592,
    "time_start_3": 3226141812434833,
    "time_end_3": 3226183123375250,
    "time_total_3": 41.310940417
}