{
    "function_method_name": "extract_tables_to_files_from_pdf_document",
    "time_start_1": 1769414714.691065,
    "time_end_1": 1769414754.4521742,
    "time_total_1": 39.76110911369324,
    "time_start_2": 3018943.562017375,
    "time_end_2": 3018983.323020333,
    "time_total_2": 39.76100295782089,
    "time_start_3": 3018943562017750,
    "time_end_3": 3018983323020458,
    "time_total_3": 39.761002708
}