{
    "function_method_name": "extract_tables_to_files_from_pdf_document",
    "time_start_1": 1769411516.7840152,
    "time_end_1": 1769411556.9721332,
    "time_total_1": 40.18811798095703,
    "time_start_2": 3015745.664656958,
    "time_end_2": 3015785.852695166,
    "time_total_2": 40.18803820805624,
    "time_start_3": 3015745664657041,
    "time_end_3": 3015785852695333,
    "time_total_3": 40.188038292
}