{
  "function_method_name": "extract_tables_to_files_from_pdf_document",
  "time_start_1": 1773215211.693548,
  "time_end_1": 1773215220.136794,
  "time_total_1": 8.443246126174927,
  "time_start_2": 1356202.563286666,
  "time_end_2": 1356211.0065365,
  "time_total_2": 8.443249834002927,
  "time_start_3": 1356202563286750,
  "time_end_3": 1356211006536791,
  "time_total_3": 8.443250041,
  "num_pages": 0,
  "pages_per_second_1": 0.0,
  "pages_per_second_2": 0.0,
  "pages_per_second_3": 0.0
}