{
  "function_method_name": "extract_text_to_file_from_any_document",
  "num_pages": 44,
  "time_start_1": 1773005748.53513,
  "time_end_1": 1773005796.937074,
  "time_total_1": 48.40194392204285,
  "pages_per_second_1": 0.9090543981222592,
  "time_start_2": 1165401.046441875,
  "time_end_2": 1165449.448245666,
  "time_total_2": 48.40180379105732,
  "pages_per_second_2": 0.9090570299805523,
  "time_start_3": 1165401046441958,
  "time_end_3": 1165449448245875,
  "time_total_3": 48.401803917,
  "pages_per_second_3": 0.9090570276151635
}