{
    "function_method_name": "extract_text_to_file_from_any_document",
    "time_start_1": 1772631474.4064991,
    "time_end_1": 1772631474.555972,
    "time_total_1": 0.14947295188903809,
    "time_start_2": 819204.818804833,
    "time_end_2": 819204.96827775,
    "time_total_2": 0.14947291696444154,
    "time_start_3": 819204818804916,
    "time_end_3": 819204968277875,
    "time_total_3": 0.149472959
}