{
    "function_method_name": "extract_text_to_file_from_any_document",
    "time_start_1": 1772014675.2324018,
    "time_end_1": 1772014675.284287,
    "time_total_1": 0.051885128021240234,
    "time_start_2": 223577.6386355,
    "time_end_2": 223577.69052125,
    "time_total_2": 0.051885749999200925,
    "time_start_3": 223577638635500,
    "time_end_3": 223577690521416,
    "time_total_3": 0.051885916
}