{
    "function_method_name": "extract_text_to_file_from_any_document",
    "time_start_1": 1771573472.8902469,
    "time_end_1": 1771573474.329793,
    "time_total_1": 1.4395461082458496,
    "time_start_2": 40532.5448985,
    "time_end_2": 40533.984438291,
    "time_total_2": 1.4395397910047905,
    "time_start_3": 40532544898583,
    "time_end_3": 40533984438541,
    "time_total_3": 1.439539958
}