{
    "function_method_name": "extract_text_to_file_from_any_document",
    "time_start_1": 1772666352.825658,
    "time_end_1": 1772666446.509253,
    "time_total_1": 93.6835949420929,
    "time_start_2": 854083.211833166,
    "time_end_2": 854176.895421541,
    "time_total_2": 93.68358837498818,
    "time_start_3": 854083211833416,
    "time_end_3": 854176895421750,
    "time_total_3": 93.683588334
}