{
    "function_method_name": "extract_tables_to_files_from_pdf_document",
    "time_start_1": 1769338638.4997618,
    "time_end_1": 1769338640.8482828,
    "time_total_1": 2.3485209941864014,
    "time_start_2": 2942867.468453958,
    "time_end_2": 2942869.816971291,
    "time_total_2": 2.3485173326916993,
    "time_start_3": 2942867468454000,
    "time_end_3": 2942869816971708,
    "time_total_3": 2.348517708
}