{
    "function_method_name": "extract_tables_to_files_from_pdf_document",
    "time_start_1": 1769637766.448012,
    "time_end_1": 1769637768.5398269,
    "time_total_1": 2.0918147563934326,
    "time_start_2": 3237198.357057708,
    "time_end_2": 3237200.448872416,
    "time_total_2": 2.0918147079646587,
    "time_start_3": 3237198357057791,
    "time_end_3": 3237200448872625,
    "time_total_3": 2.091814834
}