{
    "function_method_name": "extract_tables_to_files_from_pdf_document",
    "time_start_1": 1769323594.248308,
    "time_end_1": 1769323596.6016471,
    "time_total_1": 2.353339195251465,
    "time_start_2": 2927823.252635791,
    "time_end_2": 2927825.605969125,
    "time_total_2": 2.3533333339728415,
    "time_start_3": 2927823252635875,
    "time_end_3": 2927825605969375,
    "time_total_3": 2.3533335
}