{
    "function_method_name": "extract_tables_to_files_from_pdf_document",
    "time_start_1": 1769428693.972047,
    "time_end_1": 1769428697.834164,
    "time_total_1": 3.862116813659668,
    "time_start_2": 3032922.797663291,
    "time_end_2": 3032926.659766708,
    "time_total_2": 3.8621034170500934,
    "time_start_3": 3032922797663333,
    "time_end_3": 3032926659767000,
    "time_total_3": 3.862103667
}