{
    "function_method_name": "extract_tables_to_files_from_pdf_document",
    "time_start_1": 1769321967.85407,
    "time_end_1": 1769321970.1976562,
    "time_total_1": 2.3435862064361572,
    "time_start_2": 2926196.862264333,
    "time_end_2": 2926199.205845041,
    "time_total_2": 2.343580708373338,
    "time_start_3": 2926196862264416,
    "time_end_3": 2926199205845375,
    "time_total_3": 2.343580959
}