{
    "function_method_name": "extract_tables_to_files_from_pdf_document",
    "time_start_1": 1769307358.870965,
    "time_end_1": 1769307361.805782,
    "time_total_1": 2.93481707572937,
    "time_start_2": 2911587.92025225,
    "time_end_2": 2911590.855062333,
    "time_total_2": 2.9348100828938186,
    "time_start_3": 2911587920252333,
    "time_end_3": 2911590855062708,
    "time_total_3": 2.934810375
}