{
    "function_method_name": "extract_text_to_file_from_any_document",
    "time_start_1": 1772631198.8510249,
    "time_end_1": 1772631198.9975748,
    "time_total_1": 0.14654994010925293,
    "time_start_2": 818929.264730625,
    "time_end_2": 818929.411282083,
    "time_total_2": 0.14655145804863423,
    "time_start_3": 818929264730916,
    "time_end_3": 818929411282500,
    "time_total_3": 0.146551584
}