{
    "function_method_name": "extract_text_to_file_from_any_document",
    "time_start_1": 1771404648.881828,
    "time_end_1": 1771404649.2998028,
    "time_total_1": 0.41797471046447754,
    "time_start_2": 411637.698424333,
    "time_end_2": 411638.116398583,
    "time_total_2": 0.41797424998367205,
    "time_start_3": 411637698424375,
    "time_end_3": 411638116398791,
    "time_total_3": 0.417974416
}