{
  "function_method_name": "extract_markdown_to_file_from_any_document",
  "num_pages": 1,
  "time_start_1": 1783970787.762839,
  "time_end_1": 1783970788.445027,
  "time_total_1": 0.6821880340576172,
  "pages_per_second_1": 1.465871504740496,
  "time_start_2": 2316.60914275,
  "time_end_2": 2317.2913325,
  "time_total_2": 0.6821897499999068,
  "pages_per_second_2": 1.4658678175685529,
  "time_start_3": 2316609142833,
  "time_end_3": 2317291332625,
  "time_total_3": 0.682189792,
  "pages_per_second_3": 1.4658677273200829
}