{
    "function_method_name": "extract_text_to_file_from_any_document",
    "time_start_1": 1763124821.677984,
    "time_end_1": 1763124844.328028,
    "time_total_1": 22.650043964385986,
    "time_start_2": 91032.1494855,
    "time_end_2": 91054.799570208,
    "time_total_2": 22.650084707987844,
    "time_start_3": 91032149485541,
    "time_end_3": 91054799570375,
    "time_total_3": 22.650084834
}