{
    "function_method_name": "extract_text_to_file_from_any_document",
    "time_start_1": 1763211507.3015769,
    "time_end_1": 1763211524.230538,
    "time_total_1": 16.928961038589478,
    "time_start_2": 177717.519887291,
    "time_end_2": 177734.448670458,
    "time_total_2": 16.928783166978974,
    "time_start_3": 177717519887333,
    "time_end_3": 177734448670541,
    "time_total_3": 16.928783208
}