{
    "function_method_name": "extract_text_to_file_from_any_document",
    "time_start_1": 1763109777.286308,
    "time_end_1": 1763109800.272956,
    "time_total_1": 22.986647844314575,
    "time_start_2": 75987.766435083,
    "time_end_2": 76010.752977958,
    "time_total_2": 22.986542875005398,
    "time_start_3": 75987766435125,
    "time_end_3": 76010752978083,
    "time_total_3": 22.986542958
}