{
    "function_method_name": "extract_text_to_file_from_any_document",
    "time_start_1": 1763068465.6755662,
    "time_end_1": 1763068488.540357,
    "time_total_1": 22.86479091644287,
    "time_start_2": 34676.218294583,
    "time_end_2": 34699.082932625,
    "time_total_2": 22.864638042003207,
    "time_start_3": 34676218294625,
    "time_end_3": 34699082932833,
    "time_total_3": 22.864638208
}