{
    "function_method_name": "extract_markdown_to_file_from_any_document_complex",
    "num_pages": 106,
    "time_start_1": 1763157484.706638,
    "time_end_1": 1763157506.228123,
    "time_total_1": 21.521484851837158,
    "pages_per_second_1": 4.925310717626968,
    "time_start_2": 123695.1058755,
    "time_end_2": 123716.627355666,
    "time_total_2": 21.52148016600404,
    "pages_per_second_2": 4.925311790006001,
    "time_start_3": 123695105875625,
    "time_end_3": 123716627355791,
    "time_total_3": 21.521480166,
    "pages_per_second_3": 4.925311790006925
}