{
    "function_method_name": "extract_markdown_to_file_from_any_document",
    "num_pages": 106,
    "time_start_1": 1763068488.548228,
    "time_end_1": 1763068510.18188,
    "time_total_1": 21.633651971817017,
    "pages_per_second_1": 4.899773747774543,
    "time_start_2": 34699.090803333,
    "time_end_2": 34720.724311208,
    "time_total_2": 21.633507875005307,
    "pages_per_second_2": 4.899806384265085,
    "time_start_3": 34699090803416,
    "time_end_3": 34720724311291,
    "time_total_3": 21.633507875,
    "pages_per_second_3": 4.899806384266287
}