{
    "function_method_name": "extract_markdown_to_file_from_any_document",
    "num_pages": 106,
    "time_start_1": 1763063488.8750138,
    "time_end_1": 1763063510.5703082,
    "time_total_1": 21.69529438018799,
    "pages_per_second_1": 4.88585211808873,
    "time_start_2": 29699.433815125,
    "time_end_2": 29721.129012208,
    "time_total_2": 21.695197082997765,
    "pages_per_second_2": 4.885874029836344,
    "time_start_3": 29699433815208,
    "time_end_3": 29721129012375,
    "time_total_3": 21.695197167,
    "pages_per_second_3": 4.885874010918593
}