{
    "function_method_name": "extract_markdown_to_file_from_any_document",
    "num_pages": 106,
    "time_start_1": 1763124844.335961,
    "time_end_1": 1763124867.311039,
    "time_total_1": 22.975077867507935,
    "pages_per_second_1": 4.613694918088111,
    "time_start_2": 91054.807502708,
    "time_end_2": 91077.7826215,
    "time_total_2": 22.9751187919901,
    "pages_per_second_2": 4.613686699933633,
    "time_start_3": 91054807502916,
    "time_end_3": 91077782621583,
    "time_total_3": 22.975118667,
    "pages_per_second_3": 4.613686725033184
}