{
    "function_method_name": "extract_text_to_file_from_any_document",
    "time_start_1": 1763192474.6662211,
    "time_end_1": 1763192497.386556,
    "time_total_1": 22.720334768295288,
    "time_start_2": 158684.99132075,
    "time_end_2": 158707.711681583,
    "time_total_2": 22.720360832987353,
    "time_start_3": 158684991320791,
    "time_end_3": 158707711681666,
    "time_total_3": 22.720360875
}