{
    "function_method_name": "extract_text_to_file_from_any_document",
    "time_start_1": 1763129838.8516102,
    "time_end_1": 1763129861.638125,
    "time_total_1": 22.78651475906372,
    "time_start_2": 96049.230024375,
    "time_end_2": 96072.016321875,
    "time_total_2": 22.786297499987995,
    "time_start_3": 96049230024458,
    "time_end_3": 96072016322166,
    "time_total_3": 22.786297708
}