{
    "function_method_name": "extract_markdown_to_file_from_any_document_complex",
    "num_pages": 106,
    "time_start_1": 1763215951.271395,
    "time_end_1": 1763215973.1074529,
    "time_total_1": 21.836057901382446,
    "pages_per_second_1": 4.854356059996027,
    "time_start_2": 182161.4979285,
    "time_end_2": 182183.3338955,
    "time_total_2": 21.835966999991797,
    "pages_per_second_2": 4.854376268293492,
    "time_start_3": 182161497928625,
    "time_end_3": 182183333895666,
    "time_total_3": 21.835967041,
    "pages_per_second_3": 4.854376259176916
}