{
    "function_method_name": "extract_text_to_file_from_any_document",
    "num_pages": 106,
    "time_start_1": 1762963237.233685,
    "time_end_1": 1762963260.335291,
    "time_total_1": 23.101605892181396,
    "pages_per_second_1": 4.588425605333137,
    "time_start_2": 2164191.2306645,
    "time_end_2": 2164214.332442625,
    "time_total_2": 23.10177812492475,
    "pages_per_second_2": 4.588391396835186,
    "time_start_3": 2164191230664583,
    "time_end_3": 2164214332442791,
    "time_total_3": 23.101778208,
    "pages_per_second_3": 4.58839138033508
}