{
    "function_method_name": "extract_text_to_file_from_pdf_document",
    "time_start_1": 1771410440.5937312,
    "time_end_1": 1771410636.832949,
    "time_total_1": 196.2392177581787,
    "time_start_2": 417429.389409916,
    "time_end_2": 417625.627894375,
    "time_total_2": 196.23848445899785,
    "time_start_3": 417429389410083,
    "time_end_3": 417625627894708,
    "time_total_3": 196.238484625
}