{
    "function_method_name": "extract_text_to_file_from_any_document",
    "time_start_1": 1765496090.146445,
    "time_end_1": 1765496532.390167,
    "time_total_1": 442.2437219619751,
    "time_start_2": 2405112.7876785,
    "time_end_2": 2405555.028014875,
    "time_total_2": 442.24033637484536,
    "time_start_3": 2405112787678791,
    "time_end_3": 2405555028015083,
    "time_total_3": 442.240336292
}