{
    "function_method_name": "extract_markdown_to_file_from_any_document",
    "num_pages": 12,
    "time_start_1": 1769681067.8037398,
    "time_end_1": 1769681080.8561559,
    "time_total_1": 13.0524160861969,
    "pages_per_second_1": 0.9193700170721769,
    "time_start_2": 3280499.783597416,
    "time_end_2": 3280512.836027833,
    "time_total_2": 13.052430417388678,
    "pages_per_second_2": 0.9193690076304402,
    "time_start_3": 3280499783597458,
    "time_end_3": 3280512836027916,
    "time_total_3": 13.052430458,
    "pages_per_second_3": 0.9193690047699161
}