{
    "function_method_name": "extract_text_to_file_from_any_document",
    "time_start_1": 1772651910.9490519,
    "time_end_1": 1772651932.295569,
    "time_total_1": 21.346517086029053,
    "time_start_2": 839641.361353625,
    "time_end_2": 839662.707790583,
    "time_total_2": 21.34643695806153,
    "time_start_3": 839641361353708,
    "time_end_3": 839662707790791,
    "time_total_3": 21.346437083
}