{
    "function_method_name": "extract_images_from_pdf_to_files",
    "time_start_1": 1771789921.110092,
    "time_end_1": 1771789921.383724,
    "time_total_1": 0.2736320495605469,
    "time_start_2": 10702.418644708,
    "time_end_2": 10702.692276666,
    "time_total_2": 0.27363195800171525,
    "time_start_3": 10702418644791,
    "time_end_3": 10702692276875,
    "time_total_3": 0.273632084
}