{
    "function_method_name": "extract_text_to_file_from_any_document",
    "time_start_1": 1772789375.8905432,
    "time_end_1": 1772789375.9640162,
    "time_total_1": 0.07347297668457031,
    "time_start_2": 963345.847665541,
    "time_end_2": 963345.92113975,
    "time_total_2": 0.07347420905716717,
    "time_start_3": 963345847665666,
    "time_end_3": 963345921140083,
    "time_total_3": 0.073474417
}