{
    "function_method_name": "extract_text_to_file_from_any_document",
    "time_start_1": 1763907855.043815,
    "time_end_1": 1763907855.7579598,
    "time_total_1": 0.7141449451446533,
    "time_start_2": 843336.56622675,
    "time_end_2": 843337.280373625,
    "time_total_2": 0.7141468749614432,
    "time_start_3": 843336566226833,
    "time_end_3": 843337280373916,
    "time_total_3": 0.714147083
}