{
    "function_method_name": "extract_text_to_file_from_any_document",
    "time_start_1": 1765467189.682448,
    "time_end_1": 1765467190.709135,
    "time_total_1": 1.0266871452331543,
    "time_start_2": 2376212.462126916,
    "time_end_2": 2376213.488814791,
    "time_total_2": 1.0266878753900528,
    "time_start_3": 2376212462127000,
    "time_end_3": 2376213488814916,
    "time_total_3": 1.026687916
}