{
    "function_method_name": "extract_tables_to_files_from_pdf_document",
    "time_start_1": 1772681498.780612,
    "time_end_1": 1772681686.700236,
    "time_total_1": 187.9196240901947,
    "time_start_2": 869229.084071041,
    "time_end_2": 869417.002556208,
    "time_total_2": 187.91848516708706,
    "time_start_3": 869229084071125,
    "time_end_3": 869417002556458,
    "time_total_3": 187.918485333
}