{
    "function_method_name": "extract_markdown_to_file_from_any_document",
    "num_pages": 79,
    "time_start_1": 1763143887.009012,
    "time_end_1": 1763143914.267442,
    "time_total_1": 27.258430004119873,
    "pages_per_second_1": 2.8981859919320314,
    "time_start_2": 110097.36857275,
    "time_end_2": 110124.626698291,
    "time_total_2": 27.25812554100412,
    "pages_per_second_2": 2.8982183635907433,
    "time_start_3": 110097368572750,
    "time_end_3": 110124626698416,
    "time_total_3": 27.258125666,
    "pages_per_second_3": 2.8982183503005645
}