{
    "function_method_name": "extract_markdown_to_file_from_any_document",
    "num_pages": 79,
    "time_start_1": 1763067459.7289119,
    "time_end_1": 1763067486.905406,
    "time_total_1": 27.176494121551514,
    "pages_per_second_1": 2.9069238896915475,
    "time_start_2": 33670.278357708,
    "time_end_2": 33697.454671125,
    "time_total_2": 27.176313417003257,
    "pages_per_second_2": 2.906943218816887,
    "time_start_3": 33670278357791,
    "time_end_3": 33697454671208,
    "time_total_3": 27.176313417,
    "pages_per_second_3": 2.9069432188172355
}