{
    "function_method_name": "extract_text_to_file_from_any_document",
    "time_start_1": 1763103686.682715,
    "time_end_1": 1763103713.416998,
    "time_total_1": 26.734282970428467,
    "time_start_2": 69897.260031125,
    "time_end_2": 69923.994534083,
    "time_total_2": 26.73450295800285,
    "time_start_3": 69897260031166,
    "time_end_3": 69923994534166,
    "time_total_3": 26.734503
}