{
    "function_method_name": "extract_text_to_file_from_any_document",
    "time_start_1": 1771865881.578114,
    "time_end_1": 1771865881.633595,
    "time_total_1": 0.05548095703125,
    "time_start_2": 74784.007505708,
    "time_end_2": 74784.062987208,
    "time_total_2": 0.055481500006862916,
    "time_start_3": 74784007505833,
    "time_end_3": 74784062987416,
    "time_total_3": 0.055481583
}