{
    "function_method_name": "extract_text_to_file_from_any_document",
    "time_start_1": 1763120902.848911,
    "time_end_1": 1763120904.664394,
    "time_total_1": 1.8154828548431396,
    "time_start_2": 87113.269661416,
    "time_end_2": 87115.085125666,
    "time_total_2": 1.8154642500012415,
    "time_start_3": 87113269661458,
    "time_end_3": 87115085126041,
    "time_total_3": 1.815464583
}