{
    "function_method_name": "extract_text_to_file_from_any_document",
    "time_start_1": 1771940816.736373,
    "time_end_1": 1771940816.7584598,
    "time_total_1": 0.02208685874938965,
    "time_start_2": 149719.104727708,
    "time_end_2": 149719.126815791,
    "time_total_2": 0.02208808300201781,
    "time_start_3": 149719104727791,
    "time_end_3": 149719126815833,
    "time_total_3": 0.022088042
}