{
    "function_method_name": "extract_images_from_pdf_to_files",
    "time_start_1": 1765462072.08341,
    "time_end_1": 1765462072.195092,
    "time_total_1": 0.11168193817138672,
    "time_start_2": 2371094.867825416,
    "time_end_2": 2371094.979507375,
    "time_total_2": 0.11168195912614465,
    "time_start_3": 2371094867825500,
    "time_end_3": 2371094979507708,
    "time_total_3": 0.111682208
}