{
    "function_method_name": "extract_text_to_file_from_any_document",
    "time_start_1": 1763119371.616134,
    "time_end_1": 1763119371.735691,
    "time_total_1": 0.11955714225769043,
    "time_start_2": 85582.053309333,
    "time_end_2": 85582.172865583,
    "time_total_2": 0.11955624999245629,
    "time_start_3": 85582053309416,
    "time_end_3": 85582172865750,
    "time_total_3": 0.119556334
}