{
  "function_method_name": "extract_markdown_to_file_from_any_document",
  "num_pages": 350,
  "time_start_1": 1772981472.418751,
  "time_end_1": 1772981655.016171,
  "time_total_1": 182.5974199771881,
  "pages_per_second_1": 1.9167850238175625,
  "time_start_2": 1141124.995157666,
  "time_end_2": 1141307.592099708,
  "time_total_2": 182.5969420420006,
  "pages_per_second_2": 1.9167900408731582,
  "time_start_3": 1141124995157708,
  "time_end_3": 1141307592099916,
  "time_total_3": 182.596942208,
  "pages_per_second_3": 1.9167900391305988
}