{
    "function_method_name": "extract_text_to_file_from_any_document",
    "time_start_1": 1763120996.9112792,
    "time_end_1": 1763121000.061955,
    "time_total_1": 3.1506757736206055,
    "time_start_2": 87207.331020666,
    "time_end_2": 87210.481663208,
    "time_total_2": 3.150642542008427,
    "time_start_3": 87207331020750,
    "time_end_3": 87210481663416,
    "time_total_3": 3.150642666
}