{
    "function_method_name": "extract_tables_to_files_from_pdf_document",
    "time_start_1": 1765499180.9429371,
    "time_end_1": 1765499209.532577,
    "time_total_1": 28.589639902114868,
    "time_start_2": 2408203.576670166,
    "time_end_2": 2408232.166127208,
    "time_total_2": 28.589457042049617,
    "time_start_3": 2408203576670250,
    "time_end_3": 2408232166127416,
    "time_total_3": 28.589457166
}