{
    "function_method_name": "extract_tables_to_files_from_pdf_document",
    "time_start_1": 1765525213.019713,
    "time_end_1": 1765525238.689861,
    "time_total_1": 25.670148134231567,
    "time_start_2": 2434235.609153916,
    "time_end_2": 2434261.279143,
    "time_total_2": 25.669989083893597,
    "time_start_3": 2434235609153958,
    "time_end_3": 2434261279143291,
    "time_total_3": 25.669989333
}