{
    "function_method_name": "extract_tables_to_files_from_pdf_document",
    "time_start_1": 1765513070.5990698,
    "time_end_1": 1765513096.067631,
    "time_total_1": 25.46856117248535,
    "time_start_2": 2422093.265352208,
    "time_end_2": 2422118.733916458,
    "time_total_2": 25.4685642500408,
    "time_start_3": 2422093265352291,
    "time_end_3": 2422118733916750,
    "time_total_3": 25.468564459
}