{
    "function_method_name": "extract_tables_to_files_from_pdf_document",
    "time_start_1": 1765564277.936689,
    "time_end_1": 1765564303.618285,
    "time_total_1": 25.681596040725708,
    "time_start_2": 2449800.474228666,
    "time_end_2": 2449826.155837333,
    "time_total_2": 25.681608666665852,
    "time_start_3": 2449800474228708,
    "time_end_3": 2449826155837500,
    "time_total_3": 25.681608792
}