{
    "function_method_name": "extract_text_to_file_from_any_document",
    "time_start_1": 1770992976.886741,
    "time_end_1": 1770992976.9321191,
    "time_total_1": 0.04537820816040039,
    "time_start_2": 19330.43057575,
    "time_end_2": 19330.475953791,
    "time_total_2": 0.045378040998912184,
    "time_start_3": 19330430575875,
    "time_end_3": 19330475953958,
    "time_total_3": 0.045378083
}