{
    "function_method_name": "extract_text_to_file_from_any_document",
    "time_start_1": 1770412253.978828,
    "time_end_1": 1770412254.0241122,
    "time_total_1": 0.045284271240234375,
    "time_start_2": 3995248.209913333,
    "time_end_2": 3995248.255197541,
    "time_total_2": 0.0452842079102993,
    "time_start_3": 3995248209913375,
    "time_end_3": 3995248255197666,
    "time_total_3": 0.045284291
}