{
    "function_method_name": "extract_tables_to_files_from_pdf_document",
    "time_start_1": 1769412123.993433,
    "time_end_1": 1769412132.5366771,
    "time_total_1": 8.543244123458862,
    "time_start_2": 3016352.872862666,
    "time_end_2": 3016361.416089541,
    "time_total_2": 8.54322687489912,
    "time_start_3": 3016352872862750,
    "time_end_3": 3016361416089666,
    "time_total_3": 8.543226916
}