{
    "function_method_name": "extract_tables_to_files_from_pdf_document",
    "time_start_1": 1769312317.123378,
    "time_end_1": 1769312325.618261,
    "time_total_1": 8.494883060455322,
    "time_start_2": 2916546.15723225,
    "time_end_2": 2916554.652090625,
    "time_total_2": 8.49485837481916,
    "time_start_3": 2916546157232291,
    "time_end_3": 2916554652090875,
    "time_total_3": 8.494858584
}