{
    "function_method_name": "extract_tables_to_files_from_pdf_document",
    "time_start_1": 1769432117.262352,
    "time_end_1": 1769432125.472723,
    "time_total_1": 8.210371017456055,
    "time_start_2": 3036346.072149458,
    "time_end_2": 3036354.282486791,
    "time_total_2": 8.210337332915515,
    "time_start_3": 3036346072149625,
    "time_end_3": 3036354282487041,
    "time_total_3": 8.210337416
}