{
    "function_method_name": "extract_tables_to_files_from_pdf_document",
    "time_start_1": 1769408919.4011872,
    "time_end_1": 1769408927.948642,
    "time_total_1": 8.547454833984375,
    "time_start_2": 3013148.28862,
    "time_end_2": 3013156.836063375,
    "time_total_2": 8.547443375457078,
    "time_start_3": 3013148288620125,
    "time_end_3": 3013156836063625,
    "time_total_3": 8.5474435
}