{
    "function_method_name": "extract_tables_to_files_from_pdf_document",
    "time_start_1": 1769320419.9431171,
    "time_end_1": 1769320428.436915,
    "time_total_1": 8.493797779083252,
    "time_start_2": 2924648.955093,
    "time_end_2": 2924657.448868166,
    "time_total_2": 8.493775166105479,
    "time_start_3": 2924648955093083,
    "time_end_3": 2924657448868458,
    "time_total_3": 8.493775375
}