{
    "function_method_name": "extract_tables_to_files_from_pdf_document",
    "time_start_1": 1769684652.0168269,
    "time_end_1": 1769684661.890111,
    "time_total_1": 9.873284101486206,
    "time_start_2": 3284083.990834791,
    "time_end_2": 3284093.864114958,
    "time_total_2": 9.873280166648328,
    "time_start_3": 3284083990834833,
    "time_end_3": 3284093864115125,
    "time_total_3": 9.873280292
}