{
    "function_method_name": "extract_tables_to_files_from_pdf_document",
    "time_start_1": 1769629302.396173,
    "time_end_1": 1769629311.054222,
    "time_total_1": 8.6580491065979,
    "time_start_2": 3228734.313082291,
    "time_end_2": 3228742.97109225,
    "time_total_2": 8.658009959384799,
    "time_start_3": 3228734313082375,
    "time_end_3": 3228742971092416,
    "time_total_3": 8.658010041
}