{
    "function_method_name": "extract_tables_to_files_from_pdf_document",
    "time_start_1": 1769610623.2628238,
    "time_end_1": 1769610633.099303,
    "time_total_1": 9.836479187011719,
    "time_start_2": 3210055.25042425,
    "time_end_2": 3210065.086874625,
    "time_total_2": 9.83645037515089,
    "time_start_3": 3210055250424333,
    "time_end_3": 3210065086874833,
    "time_total_3": 9.8364505
}