{
    "function_method_name": "extract_tables_to_files_from_pdf_document",
    "time_start_1": 1769289969.149169,
    "time_end_1": 1769289975.779419,
    "time_total_1": 6.630249977111816,
    "time_start_2": 2894198.253643708,
    "time_end_2": 2894204.883865666,
    "time_total_2": 6.630221958272159,
    "time_start_3": 2894198253643791,
    "time_end_3": 2894204883865875,
    "time_total_3": 6.630222084
}