{
    "function_method_name": "extract_tables_to_files_from_pdf_document",
    "time_start_1": 1769634630.16399,
    "time_end_1": 1769634651.9190242,
    "time_total_1": 21.75503420829773,
    "time_start_2": 3234062.070993833,
    "time_end_2": 3234083.825984708,
    "time_total_2": 21.754990875255316,
    "time_start_3": 3234062070993958,
    "time_end_3": 3234083825984875,
    "time_total_3": 21.754990917
}