{
    "function_method_name": "extract_tables_to_files_from_pdf_document",
    "time_start_1": 1772686171.934371,
    "time_end_1": 1772686197.04255,
    "time_total_1": 25.108179092407227,
    "time_start_2": 873902.201951416,
    "time_end_2": 873927.309943833,
    "time_total_2": 25.107992417062633,
    "time_start_3": 873902201951458,
    "time_end_3": 873927309943958,
    "time_total_3": 25.1079925
}