{
    "function_method_name": "extract_tables_to_files_from_pdf_document",
    "time_start_1": 1769786816.2477388,
    "time_end_1": 1769786849.292316,
    "time_total_1": 33.04457712173462,
    "time_start_2": 3386248.135805666,
    "time_end_2": 3386281.180343958,
    "time_total_2": 33.044538292102516,
    "time_start_3": 3386248135805750,
    "time_end_3": 3386281180344125,
    "time_total_3": 33.044538375
}