{
    "function_method_name": "extract_text_to_file_from_any_document",
    "time_start_1": 1770475359.10948,
    "time_end_1": 1770475359.115655,
    "time_total_1": 0.006175041198730469,
    "time_start_2": 4058353.293402416,
    "time_end_2": 4058353.299577,
    "time_total_2": 0.0061745839193463326,
    "time_start_3": 4058353293402500,
    "time_end_3": 4058353299577250,
    "time_total_3": 0.00617475
}