{
    "function_method_name": "extract_images_from_pdf_to_files",
    "time_start_1": 1772686300.327142,
    "time_end_1": 1772686301.2464378,
    "time_total_1": 0.9192957878112793,
    "time_start_2": 874030.593768166,
    "time_end_2": 874031.51305725,
    "time_total_2": 0.9192890839185566,
    "time_start_3": 874030593768250,
    "time_end_3": 874031513057375,
    "time_total_3": 0.919289125
}