{
    "function_method_name": "extract_text_to_file_from_any_document",
    "time_start_1": 1772014629.538033,
    "time_end_1": 1772014629.625033,
    "time_total_1": 0.08699989318847656,
    "time_start_2": 223531.944255375,
    "time_end_2": 223532.031255,
    "time_total_2": 0.0869996249966789,
    "time_start_3": 223531944255416,
    "time_end_3": 223532031255125,
    "time_total_3": 0.086999709
}