{
    "function_method_name": "extract_text_to_file_from_any_document",
    "time_start_1": 1769788068.5606642,
    "time_end_1": 1769788068.7591512,
    "time_total_1": 0.1984870433807373,
    "time_start_2": 3387500.451887416,
    "time_end_2": 3387500.650374333,
    "time_total_2": 0.19848691672086716,
    "time_start_3": 3387500451887500,
    "time_end_3": 3387500650374416,
    "time_total_3": 0.198486916
}