{
    "function_method_name": "extract_text_to_file_from_any_document",
    "time_start_1": 1771538660.372693,
    "time_end_1": 1771538660.507423,
    "time_total_1": 0.13472986221313477,
    "time_start_2": 5719.99566475,
    "time_end_2": 5720.1304155,
    "time_total_2": 0.13475074999951175,
    "time_start_3": 5719995664791,
    "time_end_3": 5720130415666,
    "time_total_3": 0.134750875
}