{
    "function_method_name": "extract_text_to_file_from_any_document",
    "time_start_1": 1763917976.5494761,
    "time_end_1": 1763918042.122549,
    "time_total_1": 65.57307291030884,
    "time_start_2": 853458.049384333,
    "time_end_2": 853523.622423583,
    "time_total_2": 65.57303924998268,
    "time_start_3": 853458049384333,
    "time_end_3": 853523622425833,
    "time_total_3": 65.5730415
}