{
    "function_method_name": "extract_text_to_file_from_any_document",
    "time_start_1": 1770499051.122359,
    "time_end_1": 1770499051.264016,
    "time_total_1": 0.14165687561035156,
    "time_start_2": 4082045.271694875,
    "time_end_2": 4082045.413352166,
    "time_total_2": 0.14165729098021984,
    "time_start_3": 4082045271694958,
    "time_end_3": 4082045413352333,
    "time_total_3": 0.141657375
}