{
  "function_method_name": "extract_text_to_file_from_any_document",
  "num_pages": 42,
  "time_start_1": 1773176999.7402701,
  "time_end_1": 1773177001.5431628,
  "time_total_1": 1.8028926849365234,
  "pages_per_second_1": 23.295895729633372,
  "time_start_2": 1317990.706856958,
  "time_end_2": 1317992.509745041,
  "time_total_2": 1.802888082806021,
  "pages_per_second_2": 23.295955195749624,
  "time_start_3": 1317990706856958,
  "time_end_3": 1317992509745291,
  "time_total_3": 1.802888333,
  "pages_per_second_3": 23.295951962877336
}