{
    "function_method_name": "extract_markdown_to_file_from_any_document_complex",
    "num_pages": 118,
    "time_start_1": 1769428998.734483,
    "time_end_1": 1769429029.054034,
    "time_total_1": 30.31955099105835,
    "pages_per_second_1": 3.891878215307338,
    "time_start_2": 3033227.558957791,
    "time_end_2": 3033257.878395833,
    "time_total_2": 30.319438042119145,
    "pages_per_second_2": 3.8918927137131236,
    "time_start_3": 3033227558957875,
    "time_end_3": 3033257878395958,
    "time_total_3": 30.319438083,
    "pages_per_second_3": 3.8918927084655364
}