{
    "function_method_name": "extract_text_to_file_from_any_document",
    "time_start_1": 1769404959.229714,
    "time_end_1": 1769405261.419432,
    "time_total_1": 302.1897180080414,
    "time_start_2": 3009188.123710083,
    "time_end_2": 3009490.313296375,
    "time_total_2": 302.189586292021,
    "time_start_3": 3009188123710666,
    "time_end_3": 3009490313296625,
    "time_total_3": 302.189585959
}