{
  "function_method_name": "extract_text_to_file_from_any_document",
  "time_start_1": 1773043458.1381829,
  "time_end_1": 1773043474.5008798,
  "time_total_1": 16.362696886062622,
  "time_start_2": 1203110.555710416,
  "time_end_2": 1203126.917820791,
  "time_total_2": 16.36211037496105,
  "time_start_3": 1203110555710458,
  "time_end_3": 1203126917821041,
  "time_total_3": 16.362110583,
  "num_pages": 0,
  "pages_per_second_1": 0.0,
  "pages_per_second_2": 0.0,
  "pages_per_second_3": 0.0
}