{
    "function_method_name": "extract_text_to_file_from_any_document",
    "time_start_1": 1764501380.8228009,
    "time_end_1": 1764501382.353049,
    "time_total_1": 1.5302481651306152,
    "time_start_2": 1436862.811762916,
    "time_end_2": 1436864.342005875,
    "time_total_2": 1.5302429590374231,
    "time_start_3": 1436862811762958,
    "time_end_3": 1436864342005958,
    "time_total_3": 1.530243
}