{
    "function_method_name": "extract_text_to_file_from_any_document",
    "time_start_1": 1770498974.797175,
    "time_end_1": 1770498974.936385,
    "time_total_1": 0.13920998573303223,
    "time_start_2": 4081968.946532125,
    "time_end_2": 4081969.085741875,
    "time_total_2": 0.13920975010842085,
    "time_start_3": 4081968946532208,
    "time_end_3": 4081969085742041,
    "time_total_3": 0.139209833
}