{
    "function_method_name": "extract_tables_to_files_from_pdf_document",
    "time_start_1": 1765524266.494169,
    "time_end_1": 1765524320.142712,
    "time_total_1": 53.64854311943054,
    "time_start_2": 2433289.112586041,
    "time_end_2": 2433342.761100541,
    "time_total_2": 53.648514499887824,
    "time_start_3": 2433289112586208,
    "time_end_3": 2433342761100750,
    "time_total_3": 53.648514542
}