{
    "function_method_name": "extract_tables_to_files_from_pdf_document",
    "time_start_1": 1765563346.241129,
    "time_end_1": 1765563398.8015711,
    "time_total_1": 52.560442209243774,
    "time_start_2": 2448868.761028958,
    "time_end_2": 2448921.321223791,
    "time_total_2": 52.56019483320415,
    "time_start_3": 2448868761029125,
    "time_end_3": 2448921321223875,
    "time_total_3": 52.56019475
}