{
    "function_method_name": "extract_tables_to_files_from_pdf_document",
    "time_start_1": 1765508636.738805,
    "time_end_1": 1765508689.2091331,
    "time_total_1": 52.47032809257507,
    "time_start_2": 2417659.400994291,
    "time_end_2": 2417711.871530333,
    "time_total_2": 52.470536042004824,
    "time_start_3": 2417659400994333,
    "time_end_3": 2417711871530458,
    "time_total_3": 52.470536125
}