{
    "function_method_name": "api_parse_analyze_markdown_mistune",
    "time_start_1": 1772789859.1828969,
    "time_end_1": 1772789859.3259761,
    "time_total_1": 0.14307928085327148,
    "time_start_2": 963829.14021675,
    "time_end_2": 963829.283295791,
    "time_total_2": 0.14307904103770852,
    "time_start_3": 963829140216833,
    "time_end_3": 963829283295875,
    "time_total_3": 0.143079042
}