{
    "function_method_name": "extract_tables_to_files_from_pdf_document",
    "time_start_1": 1765392415.081043,
    "time_end_1": 1765392421.662209,
    "time_total_1": 6.58116602897644,
    "time_start_2": 2301437.79116325,
    "time_end_2": 2301444.372335666,
    "time_total_2": 6.581172415986657,
    "time_start_3": 2301437791163333,
    "time_end_3": 2301444372336000,
    "time_total_3": 6.581172667
}