{
    "function_method_name": "extract_tables_to_files_from_pdf_document",
    "time_start_1": 1769336697.142241,
    "time_end_1": 1769336697.365579,
    "time_total_1": 0.22333788871765137,
    "time_start_2": 2940926.110446416,
    "time_end_2": 2940926.333784,
    "time_total_2": 0.22333758417516947,
    "time_start_3": 2940926110446500,
    "time_end_3": 2940926333784291,
    "time_total_3": 0.223337791
}