{
    "function_method_name": "extract_tables_to_files_from_pdf_document",
    "time_start_1": 1769583436.188104,
    "time_end_1": 1769583436.417894,
    "time_total_1": 0.22978997230529785,
    "time_start_2": 3182868.213179041,
    "time_end_2": 3182868.442968,
    "time_total_2": 0.22978895902633667,
    "time_start_3": 3182868213179125,
    "time_end_3": 3182868442968208,
    "time_total_3": 0.229789083
}