{
    "function_method_name": "extract_tables_to_files_from_pdf_document",
    "time_start_1": 1769426345.832298,
    "time_end_1": 1769426346.125566,
    "time_total_1": 0.29326796531677246,
    "time_start_2": 3030574.667175875,
    "time_end_2": 3030574.960442833,
    "time_total_2": 0.293266958091408,
    "time_start_3": 3030574667176166,
    "time_end_3": 3030574960442958,
    "time_total_3": 0.293266792
}