{
    "function_method_name": "extract_tables_to_files_from_pdf_document",
    "time_start_1": 1769303856.504231,
    "time_end_1": 1769303856.728714,
    "time_total_1": 0.22448301315307617,
    "time_start_2": 2908085.561812958,
    "time_end_2": 2908085.786295833,
    "time_total_2": 0.22448287485167384,
    "time_start_3": 2908085561813041,
    "time_end_3": 2908085786296125,
    "time_total_3": 0.224483084
}