{
    "function_method_name": "extract_tables_to_files_from_pdf_document",
    "time_start_1": 1769720244.5495691,
    "time_end_1": 1769720244.889993,
    "time_total_1": 0.3404238224029541,
    "time_start_2": 3319676.42221175,
    "time_end_2": 3319676.762634625,
    "time_total_2": 0.3404228752478957,
    "time_start_3": 3319676422211833,
    "time_end_3": 3319676762634833,
    "time_total_3": 0.340423
}