{
    "function_method_name": "extract_tables_to_files_from_pdf_document",
    "time_start_1": 1769313603.6815841,
    "time_end_1": 1769313603.906421,
    "time_total_1": 0.2248368263244629,
    "time_start_2": 2917832.711274416,
    "time_end_2": 2917832.936111,
    "time_total_2": 0.2248365837149322,
    "time_start_3": 2917832711274500,
    "time_end_3": 2917832936111291,
    "time_total_3": 0.224836791
}