{
    "function_method_name": "extract_markdown_to_file_from_any_document_complex",
    "num_pages": 0,
    "time_start_1": 1772214725.187617,
    "time_end_1": 1772214726.356025,
    "time_total_1": 1.168407917022705,
    "pages_per_second_1": 0.0,
    "time_start_2": 402455.837630291,
    "time_end_2": 402457.00603375,
    "time_total_2": 1.168403459014371,
    "pages_per_second_2": 0.0,
    "time_start_3": 402455837630375,
    "time_end_3": 402457006033875,
    "time_total_3": 1.1684035,
    "pages_per_second_3": 0.0
}