{
  "function_method_name": "extract_text_to_file_from_any_document",
  "num_pages": 118,
  "time_start_1": 1774222508.23338,
  "time_end_1": 1774222896.2512481,
  "time_total_1": 388.0178680419922,
  "pages_per_second_1": 0.3041097065850322,
  "time_start_2": 982463.916739083,
  "time_end_2": 982851.932898125,
  "time_total_2": 388.01615904201753,
  "pages_per_second_2": 0.30411104602275596,
  "time_start_3": 982463916739166,
  "time_end_3": 982851932898458,
  "time_total_3": 388.016159292,
  "pages_per_second_3": 0.3041110458268301
}