{
    "function_method_name": "extract_tables_to_files_from_pdf_document",
    "time_start_1": 1763233461.868204,
    "time_end_1": 1763233465.266072,
    "time_total_1": 3.3978679180145264,
    "time_start_2": 199672.105694166,
    "time_end_2": 199675.503581083,
    "time_total_2": 3.3978869169950485,
    "time_start_3": 199672105694208,
    "time_end_3": 199675503581208,
    "time_total_3": 3.397887
}