{
    "function_method_name": "extract_tables_to_files_from_pdf_document",
    "time_start_1": 1765466435.503575,
    "time_end_1": 1765466439.5696058,
    "time_total_1": 4.066030740737915,
    "time_start_2": 2375458.282802833,
    "time_end_2": 2375462.348837125,
    "time_total_2": 4.066034292336553,
    "time_start_3": 2375458282802958,
    "time_end_3": 2375462348837250,
    "time_total_3": 4.066034292
}