{
    "function_method_name": "extract_text_to_file_from_any_document",
    "time_start_1": 1765466292.673543,
    "time_end_1": 1765466296.353808,
    "time_total_1": 3.680264949798584,
    "time_start_2": 2375315.452687958,
    "time_end_2": 2375319.132955791,
    "time_total_2": 3.680267833173275,
    "time_start_3": 2375315452688000,
    "time_end_3": 2375319132956083,
    "time_total_3": 3.680268083
}