{
    "function_method_name": "extract_text_to_file_from_any_document",
    "time_start_1": 1765466652.804534,
    "time_end_1": 1765466653.280745,
    "time_total_1": 0.4762110710144043,
    "time_start_2": 2375675.583894416,
    "time_end_2": 2375676.0601065,
    "time_total_2": 0.4762120838277042,
    "time_start_3": 2375675583894500,
    "time_end_3": 2375676060106708,
    "time_total_3": 0.476212208
}