{
  "function_method_name": "extract_text_to_file_from_any_document",
  "num_pages": 19,
  "time_start_1": 1772966883.629948,
  "time_end_1": 1772966883.632014,
  "time_total_1": 0.0020661354064941406,
  "pages_per_second_1": 9195.912300946227,
  "time_start_2": 1126536.2423635,
  "time_end_2": 1126536.244429291,
  "time_total_2": 0.0020657910499721766,
  "pages_per_second_2": 9197.445211245302,
  "time_start_3": 1126536242363541,
  "time_end_3": 1126536244429416,
  "time_total_3": 0.002065875,
  "pages_per_second_3": 9197.071458824954
}