{
    "function_method_name": "extract_text_to_file_from_any_document",
    "time_start_1": 1772214727.624095,
    "time_end_1": 1772214727.8294458,
    "time_total_1": 0.2053508758544922,
    "time_start_2": 402458.274097916,
    "time_end_2": 402458.479449041,
    "time_total_2": 0.20535112504148856,
    "time_start_3": 402458274098000,
    "time_end_3": 402458479449208,
    "time_total_3": 0.205351208
}