{
    "function_method_name": "extract_text_to_file_from_any_document",
    "time_start_1": 1770412311.400683,
    "time_end_1": 1770412311.4635031,
    "time_total_1": 0.0628201961517334,
    "time_start_2": 3995305.631853791,
    "time_end_2": 3995305.694674291,
    "time_total_2": 0.06282050022855401,
    "time_start_3": 3995305631853833,
    "time_end_3": 3995305694674458,
    "time_total_3": 0.062820625
}