{
  "function_method_name": "extract_text_to_file_from_any_document",
  "time_start_1": 1774225757.747536,
  "time_end_1": 1774225757.969027,
  "time_total_1": 0.22149109840393066,
  "time_start_2": 985713.420343666,
  "time_end_2": 985713.64183425,
  "time_total_2": 0.2214905839646235,
  "time_start_3": 985713420343750,
  "time_end_3": 985713641834333,
  "time_total_3": 0.221490583,
  "num_pages": 17,
  "pages_per_second_1": 76.75252018027967,
  "pages_per_second_2": 76.75269844751162,
  "pages_per_second_3": 76.75269878178072
}