{
    "function_method_name": "extract_text_to_file_from_any_document",
    "time_start_1": 1772789423.948075,
    "time_end_1": 1772789424.692378,
    "time_total_1": 0.7443029880523682,
    "time_start_2": 963393.905221375,
    "time_end_2": 963394.649521416,
    "time_total_2": 0.7443000409984961,
    "time_start_3": 963393905222125,
    "time_end_3": 963394649521875,
    "time_total_3": 0.74429975
}