{
    "function_method_name": "extract_text_to_file_from_any_document",
    "time_start_1": 1769382004.408587,
    "time_end_1": 1769382004.674818,
    "time_total_1": 0.26623106002807617,
    "time_start_2": 2986233.357168583,
    "time_end_2": 2986233.623399041,
    "time_total_2": 0.2662304579280317,
    "time_start_3": 2986233357168666,
    "time_end_3": 2986233623399125,
    "time_total_3": 0.266230459
}