{
    "function_method_name": "extract_text_to_file_from_any_document",
    "time_start_1": 1769269924.5943182,
    "time_end_1": 1769269924.8602161,
    "time_total_1": 0.2658979892730713,
    "time_start_2": 2874153.759274958,
    "time_end_2": 2874154.025172833,
    "time_total_2": 0.2658978747203946,
    "time_start_3": 2874153759274958,
    "time_end_3": 2874154025172875,
    "time_total_3": 0.265897917
}