{
    "function_method_name": "extract_text_to_file_from_any_document",
    "time_start_1": 1765467133.938424,
    "time_end_1": 1765467139.11289,
    "time_total_1": 5.174465894699097,
    "time_start_2": 2376156.718070291,
    "time_end_2": 2376161.89254,
    "time_total_2": 5.174469708930701,
    "time_start_3": 2376156718070416,
    "time_end_3": 2376161892540125,
    "time_total_3": 5.174469709
}