{
    "function_method_name": "extract_text_to_file_from_any_document",
    "time_start_1": 1772631474.866404,
    "time_end_1": 1772631474.873784,
    "time_total_1": 0.007380008697509766,
    "time_start_2": 819205.278707666,
    "time_end_2": 819205.286087708,
    "time_total_2": 0.007380041992291808,
    "time_start_3": 819205278707875,
    "time_end_3": 819205286087833,
    "time_total_3": 0.007379958
}