{
    "function_method_name": "extract_text_to_file_from_any_document",
    "time_start_1": 1769382652.693977,
    "time_end_1": 1769382655.5933928,
    "time_total_1": 2.8994157314300537,
    "time_start_2": 2986881.64178625,
    "time_end_2": 2986884.541199375,
    "time_total_2": 2.8994131251238286,
    "time_start_3": 2986881641786375,
    "time_end_3": 2986884541199708,
    "time_total_3": 2.899413333
}