{
    "function_method_name": "extract_text_to_file_from_any_document",
    "time_start_1": 1769689415.194701,
    "time_end_1": 1769689419.495826,
    "time_total_1": 4.3011250495910645,
    "time_start_2": 3288847.145283583,
    "time_end_2": 3288851.446390875,
    "time_total_2": 4.301107292063534,
    "time_start_3": 3288847145283666,
    "time_end_3": 3288851446391125,
    "time_total_3": 4.301107459
}