{
    "function_method_name": "extract_text_to_file_from_any_document",
    "time_start_1": 1769684067.174547,
    "time_end_1": 1769684073.307521,
    "time_total_1": 6.132974147796631,
    "time_start_2": 3283499.148854208,
    "time_end_2": 3283505.281826083,
    "time_total_2": 6.1329718749038875,
    "time_start_3": 3283499148854291,
    "time_end_3": 3283505281826333,
    "time_total_3": 6.132972042
}