{
    "function_method_name": "extract_text_to_file_from_any_document",
    "time_start_1": 1771404655.197275,
    "time_end_1": 1771404659.489553,
    "time_total_1": 4.292278051376343,
    "time_start_2": 411644.01384975,
    "time_end_2": 411648.306113791,
    "time_total_2": 4.2922640410251915,
    "time_start_3": 411644013849833,
    "time_end_3": 411648306114041,
    "time_total_3": 4.292264208
}