{
    "function_method_name": "extract_text_to_file_from_any_document",
    "time_start_1": 1770550290.0334349,
    "time_end_1": 1770550290.0427399,
    "time_total_1": 0.009305000305175781,
    "time_start_2": 4133284.225872,
    "time_end_2": 4133284.235177,
    "time_total_2": 0.009304999839514494,
    "time_start_3": 4133284225872041,
    "time_end_3": 4133284235177041,
    "time_total_3": 0.009305
}