{
    "function_method_name": "extract_text_to_file_from_any_document",
    "time_start_1": 1770412254.097811,
    "time_end_1": 1770412254.106907,
    "time_total_1": 0.009095907211303711,
    "time_start_2": 3995248.328896333,
    "time_end_2": 3995248.337992416,
    "time_total_2": 0.009096083231270313,
    "time_start_3": 3995248328896375,
    "time_end_3": 3995248337992458,
    "time_total_3": 0.009096083
}