{
    "function_method_name": "extract_tables_to_files_from_pdf_document",
    "time_start_1": 1769786994.424955,
    "time_end_1": 1769787000.3951201,
    "time_total_1": 5.970165252685547,
    "time_start_2": 3386426.312811166,
    "time_end_2": 3386432.282969083,
    "time_total_2": 5.970157917123288,
    "time_start_3": 3386426312811166,
    "time_end_3": 3386432282969375,
    "time_total_3": 5.970158209
}