{
    "function_method_name": "extract_tables_to_files_from_pdf_document",
    "time_start_1": 1769612925.6215749,
    "time_end_1": 1769612930.6854641,
    "time_total_1": 5.063889265060425,
    "time_start_2": 3212357.595473625,
    "time_end_2": 3212362.659341541,
    "time_total_2": 5.063867915887386,
    "time_start_3": 3212357595473708,
    "time_end_3": 3212362659341750,
    "time_total_3": 5.063868042
}