{
    "function_method_name": "extract_tables_to_files_from_pdf_document",
    "time_start_1": 1771635004.694832,
    "time_end_1": 1771635007.988956,
    "time_total_1": 3.294123888015747,
    "time_start_2": 91476.695689083,
    "time_end_2": 91479.989793708,
    "time_total_2": 3.294104624990723,
    "time_start_3": 91476695689166,
    "time_end_3": 91479989793875,
    "time_total_3": 3.294104709
}