{
    "function_method_name": "extract_markdown_to_file_from_any_document",
    "num_pages": 193,
    "time_start_1": 1763200606.6923258,
    "time_end_1": 1763200659.84569,
    "time_total_1": 53.153364181518555,
    "pages_per_second_1": 3.6310025333656335,
    "time_start_2": 166816.986581416,
    "time_end_2": 166870.139923416,
    "time_total_2": 53.15334200000507,
    "pages_per_second_2": 3.6310040486256083,
    "time_start_3": 166816986581625,
    "time_end_3": 166870139923583,
    "time_total_3": 53.153341958,
    "pages_per_second_3": 3.631004051495053
}