{
    "function_method_name": "extract_markdown_to_file_from_any_document_complex",
    "num_pages": 193,
    "time_start_1": 1763069208.233096,
    "time_end_1": 1763069260.332896,
    "time_total_1": 52.09980010986328,
    "pages_per_second_1": 3.70442879997657,
    "time_start_2": 35418.772999791,
    "time_end_2": 35470.872474416,
    "time_total_2": 52.09947462499986,
    "pages_per_second_2": 3.7044519429259126,
    "time_start_3": 35418772999833,
    "time_end_3": 35470872474583,
    "time_total_3": 52.09947475,
    "pages_per_second_3": 3.7044519340379725
}