{
    "function_method_name": "extract_text_to_file_from_any_document",
    "time_start_1": 1763155542.4090219,
    "time_end_1": 1763155595.98575,
    "time_total_1": 53.576728105545044,
    "time_start_2": 121752.804785208,
    "time_end_2": 121806.381466375,
    "time_total_2": 53.57668116698915,
    "time_start_3": 121752804785416,
    "time_end_3": 121806381466500,
    "time_total_3": 53.576681084
}