{
    "function_method_name": "extract_text_to_file_from_any_document",
    "time_start_1": 1763815280.9045918,
    "time_end_1": 1763815318.685792,
    "time_total_1": 37.78120017051697,
    "time_start_2": 750762.2629995,
    "time_end_2": 750800.044160666,
    "time_total_2": 37.781161165912636,
    "time_start_3": 750762262999666,
    "time_end_3": 750800044160833,
    "time_total_3": 37.781161167
}