{
    "function_method_name": "extract_markdown_to_file_from_any_document",
    "num_pages": 193,
    "time_start_1": 1763128034.09571,
    "time_end_1": 1763128086.517768,
    "time_total_1": 52.42205786705017,
    "pages_per_second_1": 3.681656307531375,
    "time_start_2": 94244.491378625,
    "time_end_2": 94296.912935291,
    "time_total_2": 52.42155666599865,
    "pages_per_second_2": 3.6816915077453714,
    "time_start_3": 94244491378833,
    "time_end_3": 94296912935375,
    "time_total_3": 52.421556542,
    "pages_per_second_3": 3.681691516454094
}