{
    "function_method_name": "extract_text_to_file_from_any_document",
    "time_start_1": 1763132979.483632,
    "time_end_1": 1763133032.518036,
    "time_total_1": 53.034403800964355,
    "time_start_2": 99189.948250291,
    "time_end_2": 99242.983112583,
    "time_total_2": 53.03486229199916,
    "time_start_3": 99189948250500,
    "time_end_3": 99242983112750,
    "time_total_3": 53.03486225
}