{
    "function_method_name": "extract_tables_to_files_from_pdf_document",
    "time_start_1": 1765529306.240719,
    "time_end_1": 1765529318.397578,
    "time_total_1": 12.156858921051025,
    "time_start_2": 2438328.819289041,
    "time_end_2": 2438340.976084666,
    "time_total_2": 12.156795624643564,
    "time_start_3": 2438328819289083,
    "time_end_3": 2438340976084791,
    "time_total_3": 12.156795708
}