{
    "function_method_name": "extract_tables_to_files_from_pdf_document",
    "time_start_1": 1765494736.212909,
    "time_end_1": 1765494748.425049,
    "time_total_1": 12.212140083312988,
    "time_start_2": 2403758.8645405,
    "time_end_2": 2403771.076587125,
    "time_total_2": 12.212046625092626,
    "time_start_3": 2403758864540625,
    "time_end_3": 2403771076587291,
    "time_total_3": 12.212046666
}