{
    "function_method_name": "extract_tables_to_files_from_pdf_document",
    "time_start_1": 1769631834.961567,
    "time_end_1": 1769631839.3972852,
    "time_total_1": 4.435718297958374,
    "time_start_2": 3231266.869149166,
    "time_end_2": 3231271.304849,
    "time_total_2": 4.435699834022671,
    "time_start_3": 3231266869149250,
    "time_end_3": 3231271304849250,
    "time_total_3": 4.4357
}