{
    "function_method_name": "extract_tables_to_files_from_pdf_document",
    "time_start_1": 1769606645.566435,
    "time_end_1": 1769606650.600333,
    "time_total_1": 5.033897876739502,
    "time_start_2": 3206077.566770666,
    "time_end_2": 3206082.600660125,
    "time_total_2": 5.033889458980411,
    "time_start_3": 3206077566770791,
    "time_end_3": 3206082600660291,
    "time_total_3": 5.0338895
}