{
    "function_method_name": "extract_text_to_file_from_any_document",
    "time_start_1": 1769788888.1936052,
    "time_end_1": 1769788888.314281,
    "time_total_1": 0.12067580223083496,
    "time_start_2": 3388320.07686325,
    "time_end_2": 3388320.19753975,
    "time_total_2": 0.12067649979144335,
    "time_start_3": 3388320076863333,
    "time_end_3": 3388320197539958,
    "time_total_3": 0.120676625
}