{
    "function_method_name": "extract_images_from_pdf_to_files",
    "time_start_1": 1769283744.016137,
    "time_end_1": 1769283744.200066,
    "time_total_1": 0.1839292049407959,
    "time_start_2": 2887973.148564333,
    "time_end_2": 2887973.33249375,
    "time_total_2": 0.18392941681668162,
    "time_start_3": 2887973148564416,
    "time_end_3": 2887973332494041,
    "time_total_3": 0.183929625
}