{
    "function_method_name": "extract_text_to_file_from_any_document",
    "time_start_1": 1772652004.6395469,
    "time_end_1": 1772652016.2999182,
    "time_total_1": 11.66037130355835,
    "time_start_2": 839735.051488333,
    "time_end_2": 839746.711818708,
    "time_total_2": 11.660330374957994,
    "time_start_3": 839735051488416,
    "time_end_3": 839746711818958,
    "time_total_3": 11.660330542
}