{
    "function_method_name": "extract_text_to_file_from_any_document",
    "time_start_1": 1763898018.457645,
    "time_end_1": 1763898018.469145,
    "time_total_1": 0.011500120162963867,
    "time_start_2": 833499.976886958,
    "time_end_2": 833499.988386625,
    "time_total_2": 0.011499666958115995,
    "time_start_3": 833499976887083,
    "time_end_3": 833499988387000,
    "time_total_3": 0.011499917
}