{
    "function_method_name": "extract_text_to_file_from_any_document",
    "time_start_1": 1763899300.163809,
    "time_end_1": 1763899300.169006,
    "time_total_1": 0.005197048187255859,
    "time_start_2": 834781.65655075,
    "time_end_2": 834781.661748166,
    "time_total_2": 0.005197415943257511,
    "time_start_3": 834781656550833,
    "time_end_3": 834781661748208,
    "time_total_3": 0.005197375
}