{
    "function_method_name": "extract_text_to_file_from_any_document",
    "time_start_1": 1763075170.655079,
    "time_end_1": 1763075170.662463,
    "time_total_1": 0.007384061813354492,
    "time_start_2": 41381.155508958,
    "time_end_2": 41381.162893208,
    "time_total_2": 0.007384249998722225,
    "time_start_3": 41381155509041,
    "time_end_3": 41381162893250,
    "time_total_3": 0.007384209
}