{
    "function_method_name": "extract_text_to_file_from_any_document",
    "time_start_1": 1770412417.173451,
    "time_end_1": 1770412417.270303,
    "time_total_1": 0.09685206413269043,
    "time_start_2": 3995411.404774208,
    "time_end_2": 3995411.501626583,
    "time_total_2": 0.09685237472876906,
    "time_start_3": 3995411404774291,
    "time_end_3": 3995411501626666,
    "time_total_3": 0.096852375
}