{
    "function_method_name": "extract_tables_to_files_from_pdf_document",
    "time_start_1": 1769419665.490335,
    "time_end_1": 1769419665.8325708,
    "time_total_1": 0.342235803604126,
    "time_start_2": 3023894.347391291,
    "time_end_2": 3023894.689626083,
    "time_total_2": 0.34223479172214866,
    "time_start_3": 3023894347391333,
    "time_end_3": 3023894689626208,
    "time_total_3": 0.342234875
}