{
    "function_method_name": "extract_tables_to_files_from_pdf_document",
    "time_start_1": 1769416459.2683148,
    "time_end_1": 1769416459.612105,
    "time_total_1": 0.34379005432128906,
    "time_start_2": 3020688.134023958,
    "time_end_2": 3020688.477813708,
    "time_total_2": 0.34378975024446845,
    "time_start_3": 3020688134024041,
    "time_end_3": 3020688477813875,
    "time_total_3": 0.343789834
}