{
    "function_method_name": "extract_tables_to_files_from_pdf_document",
    "time_start_1": 1769628817.642012,
    "time_end_1": 1769628817.986078,
    "time_total_1": 0.34406614303588867,
    "time_start_2": 3228249.561192083,
    "time_end_2": 3228249.9052565,
    "time_total_2": 0.3440644168294966,
    "time_start_3": 3228249561192166,
    "time_end_3": 3228249905256666,
    "time_total_3": 0.3440645
}