{
    "function_method_name": "extract_tables_to_files_from_pdf_document",
    "time_start_1": 1769286039.70348,
    "time_end_1": 1769286039.9381042,
    "time_total_1": 0.23462414741516113,
    "time_start_2": 2890268.828735375,
    "time_end_2": 2890269.063358875,
    "time_total_2": 0.23462350014597178,
    "time_start_3": 2890268828735458,
    "time_end_3": 2890269063358958,
    "time_total_3": 0.2346235
}