{
    "function_method_name": "extract_tables_to_files_from_pdf_document",
    "time_start_1": 1769336547.1723058,
    "time_end_1": 1769336547.516434,
    "time_total_1": 0.3441281318664551,
    "time_start_2": 2940776.140956541,
    "time_end_2": 2940776.485084166,
    "time_total_2": 0.3441276247613132,
    "time_start_3": 2940776140956666,
    "time_end_3": 2940776485084291,
    "time_total_3": 0.344127625
}