{
    "function_method_name": "extract_tables_to_files_from_pdf_document",
    "time_start_1": 1769298820.413057,
    "time_end_1": 1769298820.752137,
    "time_total_1": 0.3390798568725586,
    "time_start_2": 2903049.482110583,
    "time_end_2": 2903049.821190166,
    "time_total_2": 0.33907958259806037,
    "time_start_3": 2903049482110666,
    "time_end_3": 2903049821190291,
    "time_total_3": 0.339079625
}