{
    "function_method_name": "extract_tables_to_files_from_pdf_document",
    "time_start_1": 1765475254.875499,
    "time_end_1": 1765475262.8917131,
    "time_total_1": 8.01621413230896,
    "time_start_2": 2384277.642054125,
    "time_end_2": 2384285.6582595,
    "time_total_2": 8.01620537461713,
    "time_start_3": 2384277642054250,
    "time_end_3": 2384285658259625,
    "time_total_3": 8.016205375
}