{
    "function_method_name": "extract_tables_to_files_from_pdf_document",
    "time_start_1": 1765497233.5699441,
    "time_end_1": 1765497238.0373492,
    "time_total_1": 4.467405080795288,
    "time_start_2": 2406256.226232375,
    "time_end_2": 2406260.693624083,
    "time_total_2": 4.467391707934439,
    "time_start_3": 2406256226232416,
    "time_end_3": 2406260693624458,
    "time_total_3": 4.467392042
}