{
    "function_method_name": "extract_tables_to_files_from_pdf_document",
    "time_start_1": 1765565753.5615091,
    "time_end_1": 1765565758.563852,
    "time_total_1": 5.002342939376831,
    "time_start_2": 2451276.084339833,
    "time_end_2": 2451281.086666625,
    "time_total_2": 5.002326792106032,
    "time_start_3": 2451276084339875,
    "time_end_3": 2451281086666750,
    "time_total_3": 5.002326875
}