{
    "function_method_name": "extract_tables_to_files_from_pdf_document",
    "time_start_1": 1769606775.3767638,
    "time_end_1": 1769606783.380346,
    "time_total_1": 8.003582239151001,
    "time_start_2": 3206207.376882208,
    "time_end_2": 3206215.38045225,
    "time_total_2": 8.003570042084903,
    "time_start_3": 3206207376882291,
    "time_end_3": 3206215380452583,
    "time_total_3": 8.003570292
}