{
    "function_method_name": "extract_text_to_file_from_any_document",
    "time_start_1": 1771940665.409895,
    "time_end_1": 1771940665.411489,
    "time_total_1": 0.0015940666198730469,
    "time_start_2": 149567.778228166,
    "time_end_2": 149567.779822166,
    "time_total_2": 0.0015940000012051314,
    "time_start_3": 149567778228208,
    "time_end_3": 149567779822208,
    "time_total_3": 0.001594
}