{
  "function_method_name": "extract_tables_to_files_from_pdf_document",
  "time_start_1": 1773070039.308448,
  "time_end_1": 1773070046.883469,
  "time_total_1": 7.575021028518677,
  "time_start_2": 1229691.630009458,
  "time_end_2": 1229699.20501175,
  "time_total_2": 7.575002292171121,
  "time_start_3": 1229691630009541,
  "time_end_3": 1229699205012083,
  "time_total_3": 7.575002542,
  "num_pages": 42,
  "pages_per_second_1": 5.544539063571848,
  "pages_per_second_2": 5.544552777681353,
  "pages_per_second_3": 5.544552594818126
}