{
  "function_method_name": "extract_text_to_file_from_any_document",
  "time_start_1": 1780747095.9472482,
  "time_end_1": 1780747096.0132842,
  "time_total_1": 0.06603598594665527,
  "time_start_2": 21.91092875,
  "time_end_2": 21.976967833,
  "time_total_2": 0.06603908299999972,
  "time_start_3": 21910928833,
  "time_end_3": 21976967916,
  "time_total_3": 0.066039083
}