{
    "function_method_name": "extract_tables_to_files_from_pdf_document",
    "time_start_1": 1763235483.042329,
    "time_end_1": 1763235486.3810189,
    "time_total_1": 3.3386898040771484,
    "time_start_2": 201693.243133916,
    "time_end_2": 201696.581817875,
    "time_total_2": 3.3386839590093587,
    "time_start_3": 201693243134000,
    "time_end_3": 201696581818208,
    "time_total_3": 3.338684208
}