{
    "function_method_name": "extract_tables_to_files_from_pdf_document",
    "time_start_1": 1765564047.132166,
    "time_end_1": 1765564050.276619,
    "time_total_1": 3.1444530487060547,
    "time_start_2": 2449569.669600791,
    "time_end_2": 2449572.814056166,
    "time_total_2": 3.144455375149846,
    "time_start_3": 2449569669600916,
    "time_end_3": 2449572814056375,
    "time_total_3": 3.144455459
}