{
    "function_method_name": "extract_tables_to_files_from_pdf_document",
    "time_start_1": 1765495550.034818,
    "time_end_1": 1765495552.824055,
    "time_total_1": 2.7892370223999023,
    "time_start_2": 2404572.680185625,
    "time_end_2": 2404575.469402083,
    "time_total_2": 2.7892164583317935,
    "time_start_3": 2404572680185708,
    "time_end_3": 2404575469402208,
    "time_total_3": 2.7892165
}