{
    "function_method_name": "extract_tables_to_files_from_pdf_document",
    "time_start_1": 1765512837.439677,
    "time_end_1": 1765512840.393458,
    "time_total_1": 2.9537808895111084,
    "time_start_2": 2421860.1059435,
    "time_end_2": 2421863.059725125,
    "time_total_2": 2.953781624790281,
    "time_start_3": 2421860105943583,
    "time_end_3": 2421863059725333,
    "time_total_3": 2.95378175
}