{
    "function_method_name": "extract_text_to_file_from_any_document",
    "time_start_1": 1772789377.054189,
    "time_end_1": 1772789377.376159,
    "time_total_1": 0.32196998596191406,
    "time_start_2": 963347.011312791,
    "time_end_2": 963347.333283375,
    "time_total_2": 0.3219705839874223,
    "time_start_3": 963347011313041,
    "time_end_3": 963347333283833,
    "time_total_3": 0.321970792
}