{
  "function_method_name": "extract_text_to_file_from_any_document",
  "num_pages": 118,
  "time_start_1": 1773005866.357964,
  "time_end_1": 1773005867.283067,
  "time_total_1": 0.925102949142456,
  "pages_per_second_1": 127.55337134032771,
  "time_start_2": 1165518.868934333,
  "time_end_2": 1165519.794034916,
  "time_total_2": 0.9251005828846246,
  "pages_per_second_2": 127.55369760124404,
  "time_start_3": 1165518868934416,
  "time_end_3": 1165519794035166,
  "time_total_3": 0.92510075,
  "pages_per_second_3": 127.55367455923043
}