{
    "function_method_name": "extract_tables_to_files_from_pdf_document",
    "time_start_1": 1769684193.752618,
    "time_end_1": 1769684227.075731,
    "time_total_1": 33.32311296463013,
    "time_start_2": 3283625.726856541,
    "time_end_2": 3283659.049952541,
    "time_total_2": 33.32309600012377,
    "time_start_3": 3283625726856791,
    "time_end_3": 3283659049952750,
    "time_total_3": 33.323095959
}