{
    "function_method_name": "extract_tables_to_files_from_pdf_document",
    "time_start_1": 1769290622.091328,
    "time_end_1": 1769290646.714199,
    "time_total_1": 24.622871160507202,
    "time_start_2": 2894851.192005791,
    "time_end_2": 2894875.814767125,
    "time_total_2": 24.62276133429259,
    "time_start_3": 2894851192005833,
    "time_end_3": 2894875814767208,
    "time_total_3": 24.622761375
}