{
    "function_method_name": "extract_tables_to_files_from_pdf_document",
    "time_start_1": 1765502600.7806988,
    "time_end_1": 1765502610.785195,
    "time_total_1": 10.004496335983276,
    "time_start_2": 2411623.402780916,
    "time_end_2": 2411633.4072325,
    "time_total_2": 10.004451584070921,
    "time_start_3": 2411623402781000,
    "time_end_3": 2411633407232708,
    "time_total_3": 10.004451708
}