{
    "function_method_name": "extract_tables_to_files_from_pdf_document",
    "time_start_1": 1765464259.292672,
    "time_end_1": 1765464279.939839,
    "time_total_1": 20.647166967391968,
    "time_start_2": 2373282.043568625,
    "time_end_2": 2373302.690580666,
    "time_total_2": 20.647012040950358,
    "time_start_3": 2373282043569375,
    "time_end_3": 2373302690580958,
    "time_total_3": 20.647011583
}