{
    "function_method_name": "extract_tables_to_files_from_pdf_document",
    "time_start_1": 1765500880.8103192,
    "time_end_1": 1765500890.5530329,
    "time_total_1": 9.742713689804077,
    "time_start_2": 2409903.433201166,
    "time_end_2": 2409913.175853333,
    "time_total_2": 9.74265216710046,
    "time_start_3": 2409903433201250,
    "time_end_3": 2409913175853583,
    "time_total_3": 9.742652333
}