{
    "function_method_name": "extract_tables_to_files_from_pdf_document",
    "time_start_1": 1765475656.190737,
    "time_end_1": 1765475700.388215,
    "time_total_1": 44.19747805595398,
    "time_start_2": 2384678.956857208,
    "time_end_2": 2384723.154288541,
    "time_total_2": 44.197431332897395,
    "time_start_3": 2384678956857291,
    "time_end_3": 2384723154288875,
    "time_total_3": 44.197431584
}