{
    "function_method_name": "extract_tables_to_files_from_pdf_document",
    "time_start_1": 1765521670.5817752,
    "time_end_1": 1765521680.341884,
    "time_total_1": 9.760108709335327,
    "time_start_2": 2430693.190473333,
    "time_end_2": 2430702.950549958,
    "time_total_2": 9.76007662480697,
    "time_start_3": 2430693190473416,
    "time_end_3": 2430702950550208,
    "time_total_3": 9.760076792
}