{
    "function_method_name": "extract_tables_to_files_from_pdf_document",
    "time_start_1": 1763234796.2943418,
    "time_end_1": 1763234802.909755,
    "time_total_1": 6.615413188934326,
    "time_start_2": 201006.496247916,
    "time_end_2": 201013.111649458,
    "time_total_2": 6.615401542017935,
    "time_start_3": 201006496247958,
    "time_end_3": 201013111649541,
    "time_total_3": 6.615401583
}