{
    "function_method_name": "extract_tables_to_files_from_pdf_document",
    "time_start_1": 1765494091.380495,
    "time_end_1": 1765494100.909145,
    "time_total_1": 9.528650045394897,
    "time_start_2": 2403114.082412583,
    "time_end_2": 2403123.611082416,
    "time_total_2": 9.52866983320564,
    "time_start_3": 2403114082412666,
    "time_end_3": 2403123611082541,
    "time_total_3": 9.528669875
}