{
    "function_method_name": "extract_text_to_file_from_any_document",
    "time_start_1": 1764090852.8046799,
    "time_end_1": 1764090852.8070662,
    "time_total_1": 0.002386331558227539,
    "time_start_2": 1026334.4681405,
    "time_end_2": 1026334.47052625,
    "time_total_2": 0.0023857499472796917,
    "time_start_3": 1026334468140583,
    "time_end_3": 1026334470526333,
    "time_total_3": 0.00238575
}