{
    "function_method_name": "extract_text_to_file_from_any_document",
    "time_start_1": 1769805996.743464,
    "time_end_1": 1769806063.059048,
    "time_total_1": 66.31558394432068,
    "time_start_2": 3405428.548249083,
    "time_end_2": 3405494.863528,
    "time_total_2": 66.31527891708538,
    "time_start_3": 3405428548249125,
    "time_end_3": 3405494863528541,
    "time_total_3": 66.315279416
}