{
    "function_method_name": "extract_text_to_file_from_any_document",
    "time_start_1": 1769266849.837758,
    "time_end_1": 1769266849.860054,
    "time_total_1": 0.02229595184326172,
    "time_start_2": 2871079.008043666,
    "time_end_2": 2871079.030339791,
    "time_total_2": 0.022296125069260597,
    "time_start_3": 2871079008043750,
    "time_end_3": 2871079030339958,
    "time_total_3": 0.022296208
}