{
    "function_method_name": "extract_tables_to_files_from_pdf_document",
    "time_start_1": 1765489286.5724669,
    "time_end_1": 1765489300.871488,
    "time_total_1": 14.299021244049072,
    "time_start_2": 2398309.24221725,
    "time_end_2": 2398323.541068541,
    "time_total_2": 14.298851290717721,
    "time_start_3": 2398309242217333,
    "time_end_3": 2398323541068750,
    "time_total_3": 14.298851417
}