{
    "function_method_name": "extract_text_to_file_from_any_document",
    "time_start_1": 1771882028.470976,
    "time_end_1": 1771882028.4710689,
    "time_total_1": 9.274482727050781e-05,
    "time_start_2": 90930.890789833,
    "time_end_2": 90930.890882958,
    "time_total_2": 9.31249960558489e-05,
    "time_start_3": 90930890789916,
    "time_end_3": 90930890883041,
    "time_total_3": 9.3125e-05
}