{
    "function_method_name": "extract_tables_to_files_from_pdf_document",
    "time_start_1": 1765563699.531293,
    "time_end_1": 1765563699.9054332,
    "time_total_1": 0.37414026260375977,
    "time_start_2": 2449222.058237833,
    "time_end_2": 2449222.432627666,
    "time_total_2": 0.3743898328393698,
    "time_start_3": 2449222058237833,
    "time_end_3": 2449222432627750,
    "time_total_3": 0.374389917
}