{
    "function_method_name": "extract_tables_to_files_from_pdf_document",
    "time_start_1": 1765507254.834304,
    "time_end_1": 1765507255.200597,
    "time_total_1": 0.36629295349121094,
    "time_start_2": 2416277.486261166,
    "time_end_2": 2416277.852555583,
    "time_total_2": 0.36629441706463695,
    "time_start_3": 2416277486261250,
    "time_end_3": 2416277852555708,
    "time_total_3": 0.366294458
}