{
    "function_method_name": "extract_tables_to_files_from_pdf_document",
    "time_start_1": 1765500352.8597062,
    "time_end_1": 1765500353.21748,
    "time_total_1": 0.3577737808227539,
    "time_start_2": 2409375.485965083,
    "time_end_2": 2409375.843737625,
    "time_total_2": 0.35777254216372967,
    "time_start_3": 2409375485965166,
    "time_end_3": 2409375843737833,
    "time_total_3": 0.357772667
}