{
    "function_method_name": "extract_tables_to_files_from_pdf_document",
    "time_start_1": 1765562616.936387,
    "time_end_1": 1765562627.689472,
    "time_total_1": 10.753084897994995,
    "time_start_2": 2448139.459717875,
    "time_end_2": 2448150.212753,
    "time_total_2": 10.75303512532264,
    "time_start_3": 2448139459718000,
    "time_end_3": 2448150212753208,
    "time_total_3": 10.753035208
}