{
    "function_method_name": "extract_tables_to_files_from_pdf_document",
    "time_start_1": 1765378758.937902,
    "time_end_1": 1765378769.541552,
    "time_total_1": 10.603650093078613,
    "time_start_2": 2287781.667945833,
    "time_end_2": 2287792.2716215,
    "time_total_2": 10.603675667196512,
    "time_start_3": 2287781667946000,
    "time_end_3": 2287792271621708,
    "time_total_3": 10.603675708
}