{
    "function_method_name": "extract_tables_to_files_from_pdf_document",
    "time_start_1": 1765483406.993243,
    "time_end_1": 1765483430.404819,
    "time_total_1": 23.41157603263855,
    "time_start_2": 2392429.699405416,
    "time_end_2": 2392453.110866416,
    "time_total_2": 23.411460999865085,
    "time_start_3": 2392429699405666,
    "time_end_3": 2392453110866750,
    "time_total_3": 23.411461084
}