{
    "function_method_name": "extract_tables_to_files_from_pdf_document",
    "time_start_1": 1765489441.8278358,
    "time_end_1": 1765489453.582783,
    "time_total_1": 11.754947185516357,
    "time_start_2": 2398464.496664375,
    "time_end_2": 2398476.251554,
    "time_total_2": 11.754889625124633,
    "time_start_3": 2398464496664416,
    "time_end_3": 2398476251554208,
    "time_total_3": 11.754889792
}