{
    "function_method_name": "extract_text_to_file_from_any_document",
    "time_start_1": 1771444686.049067,
    "time_end_1": 1771444686.056579,
    "time_total_1": 0.007512092590332031,
    "time_start_2": 434694.561437791,
    "time_end_2": 434694.56895025,
    "time_total_2": 0.0075124590075574815,
    "time_start_3": 434694561437833,
    "time_end_3": 434694568950416,
    "time_total_3": 0.007512583
}