{
    "function_method_name": "extract_text_to_file_from_any_document",
    "time_start_1": 1769706698.932485,
    "time_end_1": 1769707504.090008,
    "time_total_1": 805.1575229167938,
    "time_start_2": 3306130.835832375,
    "time_end_2": 3306935.992863916,
    "time_total_2": 805.1570315407589,
    "time_start_3": 3306130835832958,
    "time_end_3": 3306935992864208,
    "time_total_3": 805.15703125
}