{
    "function_method_name": "extract_text_to_file_from_any_document",
    "time_start_1": 1772631199.41828,
    "time_end_1": 1772631200.1665778,
    "time_total_1": 0.748297929763794,
    "time_start_2": 818929.831982875,
    "time_end_2": 818930.580278166,
    "time_total_2": 0.7482952909776941,
    "time_start_3": 818929831983000,
    "time_end_3": 818930580278416,
    "time_total_3": 0.748295416
}