{
    "function_method_name": "extract_tables_to_files_from_pdf_document",
    "time_start_1": 1769622852.7211719,
    "time_end_1": 1769622853.2414238,
    "time_total_1": 0.520251989364624,
    "time_start_2": 3222284.671034208,
    "time_end_2": 3222285.191283833,
    "time_total_2": 0.5202496247366071,
    "time_start_3": 3222284671034291,
    "time_end_3": 3222285191284000,
    "time_total_3": 0.520249709
}