{
    "function_method_name": "extract_tables_to_files_from_pdf_document",
    "time_start_1": 1769424542.51775,
    "time_end_1": 1769424543.03357,
    "time_total_1": 0.5158200263977051,
    "time_start_2": 3028771.360992875,
    "time_end_2": 3028771.876811541,
    "time_total_2": 0.5158186662010849,
    "time_start_3": 3028771360992958,
    "time_end_3": 3028771876811750,
    "time_total_3": 0.515818792
}