{
    "function_method_name": "extract_tables_to_files_from_pdf_document",
    "time_start_1": 1769338215.207275,
    "time_end_1": 1769338215.717897,
    "time_total_1": 0.5106220245361328,
    "time_start_2": 2942444.176662208,
    "time_end_2": 2942444.687283583,
    "time_total_2": 0.510621374938637,
    "time_start_3": 2942444176662333,
    "time_end_3": 2942444687283791,
    "time_total_3": 0.510621458
}