{
    "function_method_name": "extract_text_to_file_from_pdf_document",
    "time_start_1": 1765472248.06963,
    "time_end_1": 1765475442.8266208,
    "time_total_1": 3194.7569909095764,
    "time_start_2": 2381270.828012541,
    "time_end_2": 2384465.592972375,
    "time_total_2": 3194.7649598340504,
    "time_start_3": 2381270828012666,
    "time_end_3": 2384465592972666,
    "time_total_3": 3194.76496
}