{
    "function_method_name": "extract_tables_to_files_from_pdf_document",
    "time_start_1": 1769419808.304095,
    "time_end_1": 1769419811.11487,
    "time_total_1": 2.8107750415802,
    "time_start_2": 3024037.160762625,
    "time_end_2": 3024039.971530625,
    "time_total_2": 2.810768000315875,
    "time_start_3": 3024037160762750,
    "time_end_3": 3024039971530791,
    "time_total_3": 2.810768041
}