{
    "function_method_name": "extract_text_to_file_from_any_document",
    "time_start_1": 1763070840.132093,
    "time_end_1": 1763070840.282804,
    "time_total_1": 0.1507110595703125,
    "time_start_2": 37050.651959208,
    "time_end_2": 37050.80266925,
    "time_total_2": 0.15071004199853633,
    "time_start_3": 37050651959250,
    "time_end_3": 37050802669375,
    "time_total_3": 0.150710125
}