{
    "function_method_name": "extract_text_to_file_from_any_document",
    "time_start_1": 1772652246.771363,
    "time_end_1": 1772652249.9193752,
    "time_total_1": 3.148012161254883,
    "time_start_2": 839977.182390458,
    "time_end_2": 839980.330390708,
    "time_total_2": 3.1480002501048148,
    "time_start_3": 839977182390500,
    "time_end_3": 839980330390791,
    "time_total_3": 3.148000291
}