{
    "function_method_name": "extract_text_to_file_from_any_document",
    "time_start_1": 1769688302.805989,
    "time_end_1": 1769688304.124474,
    "time_total_1": 1.3184850215911865,
    "time_start_2": 3287734.767277625,
    "time_end_2": 3287736.085759625,
    "time_total_2": 1.3184819999150932,
    "time_start_3": 3287734767277666,
    "time_end_3": 3287736085759833,
    "time_total_3": 1.318482167
}