{
    "function_method_name": "extract_tables_to_files_from_pdf_document",
    "time_start_1": 1769331667.713472,
    "time_end_1": 1769331675.252685,
    "time_total_1": 7.539213180541992,
    "time_start_2": 2935896.696082,
    "time_end_2": 2935904.235276708,
    "time_total_2": 7.539194707758725,
    "time_start_3": 2935896696082083,
    "time_end_3": 2935904235276791,
    "time_total_3": 7.539194708
}