{
    "function_method_name": "extract_tables_to_files_from_pdf_document",
    "time_start_1": 1769318475.372635,
    "time_end_1": 1769318482.745604,
    "time_total_1": 7.372969150543213,
    "time_start_2": 2922704.389351416,
    "time_end_2": 2922711.762300666,
    "time_total_2": 7.3729492500424385,
    "time_start_3": 2922704389351500,
    "time_end_3": 2922711762301083,
    "time_total_3": 7.372949583
}