{
    "function_method_name": "extract_tables_to_files_from_pdf_document",
    "time_start_1": 1769618118.186442,
    "time_end_1": 1769618126.602038,
    "time_total_1": 8.415596008300781,
    "time_start_2": 3217550.162600458,
    "time_end_2": 3217558.578186416,
    "time_total_2": 8.415585957933217,
    "time_start_3": 3217550162600541,
    "time_end_3": 3217558578186750,
    "time_total_3": 8.415586209
}