{
    "function_method_name": "api_parse_analyze_markdown_mistune",
    "time_start_1": 1772789854.134156,
    "time_end_1": 1772789854.155165,
    "time_total_1": 0.021008968353271484,
    "time_start_2": 963824.091473375,
    "time_end_2": 963824.112483416,
    "time_total_2": 0.021010041004046798,
    "time_start_3": 963824091473458,
    "time_end_3": 963824112483625,
    "time_total_3": 0.021010167
}