{
    "function_method_name": "extract_markdown_to_file_from_any_document_complex",
    "num_pages": 9,
    "time_start_1": 1770412019.7318249,
    "time_end_1": 1770412026.719938,
    "time_total_1": 6.988113164901733,
    "pages_per_second_1": 1.2879012957607932,
    "time_start_2": 3995013.962553416,
    "time_end_2": 3995020.950676875,
    "time_total_2": 6.988123459275812,
    "pages_per_second_2": 1.2878993985221723,
    "time_start_3": 3995013962553500,
    "time_end_3": 3995020950677000,
    "time_total_3": 6.9881235,
    "pages_per_second_3": 1.2878993910167729
}