{
    "function_method_name": "extract_text_to_file_from_any_document",
    "time_start_1": 1770412008.795001,
    "time_end_1": 1770412014.2888901,
    "time_total_1": 5.493889093399048,
    "time_start_2": 3995003.02571375,
    "time_end_2": 3995008.519610791,
    "time_total_2": 5.493897040840238,
    "time_start_3": 3995003025714000,
    "time_end_3": 3995008519610958,
    "time_total_3": 5.493896958
}