{
    "function_method_name": "extract_markdown_to_file_from_any_document_complex",
    "num_pages": 9,
    "time_start_1": 1770992745.462966,
    "time_end_1": 1770992752.387981,
    "time_total_1": 6.925014972686768,
    "pages_per_second_1": 1.2996361791992168,
    "time_start_2": 19099.007811083,
    "time_end_2": 19105.932795666,
    "time_total_2": 6.9249845830017875,
    "pages_per_second_2": 1.2996418825381344,
    "time_start_3": 19099007811166,
    "time_end_3": 19105932795791,
    "time_total_3": 6.924984625,
    "pages_per_second_3": 1.2996418746561478
}