{
    "function_method_name": "extract_tables_to_files_from_pdf_document",
    "time_start_1": 1765522893.8269582,
    "time_end_1": 1765522894.2335382,
    "time_total_1": 0.40657997131347656,
    "time_start_2": 2431916.446126083,
    "time_end_2": 2431916.852706583,
    "time_total_2": 0.40658050030469894,
    "time_start_3": 2431916446126125,
    "time_end_3": 2431916852706958,
    "time_total_3": 0.406580833
}