{
  "function_method_name": "extract_text_to_file_from_any_document",
  "num_pages": 804,
  "time_start_1": 1773006452.393159,
  "time_end_1": 1773006453.52254,
  "time_total_1": 1.1293811798095703,
  "pages_per_second_1": 711.8942783654016,
  "time_start_2": 1166104.90242975,
  "time_end_2": 1166106.031807375,
  "time_total_2": 1.129377624951303,
  "pages_per_second_2": 711.896519142273,
  "time_start_3": 1166104902429833,
  "time_end_3": 1166106031807625,
  "time_total_3": 1.129377792,
  "pages_per_second_3": 711.8964138441283
}