{
    "function_method_name": "extract_text_to_file_from_any_document",
    "time_start_1": 1771942053.824613,
    "time_end_1": 1771942053.936109,
    "time_total_1": 0.1114959716796875,
    "time_start_2": 150956.191891958,
    "time_end_2": 150956.303388208,
    "time_total_2": 0.11149624999961816,
    "time_start_3": 150956191892000,
    "time_end_3": 150956303388333,
    "time_total_3": 0.111496333
}