{
    "function_method_name": "extract_text_to_file_from_any_document",
    "time_start_1": 1771446988.68349,
    "time_end_1": 1771446988.749826,
    "time_total_1": 0.06633591651916504,
    "time_start_2": 436997.189666416,
    "time_end_2": 436997.256002708,
    "time_total_2": 0.06633629201678559,
    "time_start_3": 436997189666458,
    "time_end_3": 436997256003000,
    "time_total_3": 0.066336542
}