{
    "function_method_name": "extract_text_to_file_from_any_document",
    "time_start_1": 1772216693.210667,
    "time_end_1": 1772216707.750816,
    "time_total_1": 14.540149211883545,
    "time_start_2": 404423.8463465,
    "time_end_2": 404438.386419958,
    "time_total_2": 14.540073458047118,
    "time_start_3": 404423846346583,
    "time_end_3": 404438386420166,
    "time_total_3": 14.540073583
}