{
    "function_method_name": "extract_tables_to_files_from_pdf_document",
    "time_start_1": 1769410220.158067,
    "time_end_1": 1769410243.537966,
    "time_total_1": 23.37989902496338,
    "time_start_2": 3014449.041547625,
    "time_end_2": 3014472.421402333,
    "time_total_2": 23.379854707978666,
    "time_start_3": 3014449041547708,
    "time_end_3": 3014472421402541,
    "time_total_3": 23.379854833
}