{
    "function_method_name": "extract_tables_to_files_from_pdf_document",
    "time_start_1": 1769423083.959371,
    "time_end_1": 1769423106.5930738,
    "time_total_1": 22.633702754974365,
    "time_start_2": 3027312.807459,
    "time_end_2": 3027335.441101958,
    "time_total_2": 22.633642958011478,
    "time_start_3": 3027312807459083,
    "time_end_3": 3027335441102125,
    "time_total_3": 22.633643042
}