{
    "function_method_name": "extract_tables_to_files_from_pdf_document",
    "time_start_1": 1769300599.741676,
    "time_end_1": 1769300623.088734,
    "time_total_1": 23.347057819366455,
    "time_start_2": 2904828.807144166,
    "time_end_2": 2904852.154131625,
    "time_total_2": 23.346987458877265,
    "time_start_3": 2904828807144208,
    "time_end_3": 2904852154131916,
    "time_total_3": 23.346987708
}