{
    "function_method_name": "extract_tables_to_files_from_pdf_document",
    "time_start_1": 1769316851.512825,
    "time_end_1": 1769316874.750106,
    "time_total_1": 23.23728108406067,
    "time_start_2": 2921080.534330916,
    "time_end_2": 2921103.771548958,
    "time_total_2": 23.23721804190427,
    "time_start_3": 2921080534330958,
    "time_end_3": 2921103771549375,
    "time_total_3": 23.237218417
}