{
    "function_method_name": "extract_tables_to_files_from_pdf_document",
    "time_start_1": 1769623025.8688052,
    "time_end_1": 1769623048.70842,
    "time_total_1": 22.839614868164062,
    "time_start_2": 3222457.818155541,
    "time_end_2": 3222480.657703833,
    "time_total_2": 22.839548292104155,
    "time_start_3": 3222457818155583,
    "time_end_3": 3222480657703916,
    "time_total_3": 22.839548333
}