{
    "function_method_name": "extract_tables_to_files_from_pdf_document",
    "time_start_1": 1769408604.8584719,
    "time_end_1": 1769408628.352727,
    "time_total_1": 23.49425506591797,
    "time_start_2": 3012833.746340708,
    "time_end_2": 3012857.240563708,
    "time_total_2": 23.494223000016063,
    "time_start_3": 3012833746340833,
    "time_end_3": 3012857240564000,
    "time_total_3": 23.494223167
}