{
    "function_method_name": "extract_tables_to_files_from_pdf_document",
    "time_start_1": 1769628984.646893,
    "time_end_1": 1769629007.606953,
    "time_total_1": 22.960059881210327,
    "time_start_2": 3228416.565291416,
    "time_end_2": 3228439.525243666,
    "time_total_2": 22.959952250123024,
    "time_start_3": 3228416565291541,
    "time_end_3": 3228439525243875,
    "time_total_3": 22.959952334
}