{
    "function_method_name": "api_parse_analyze_markdown_mistune",
    "time_start_1": 1772789859.182345,
    "time_end_1": 1772789859.1827898,
    "time_total_1": 0.0004448890686035156,
    "time_start_2": 963829.139664875,
    "time_end_2": 963829.140109583,
    "time_total_2": 0.00044470804277807474,
    "time_start_3": 963829139665000,
    "time_end_3": 963829140109666,
    "time_total_3": 0.000444666
}