{
    "function_method_name": "extract_text_to_file_from_any_document",
    "time_start_1": 1769379056.780171,
    "time_end_1": 1769379061.4727979,
    "time_total_1": 4.692626953125,
    "time_start_2": 2983285.734053166,
    "time_end_2": 2983290.4266805,
    "time_total_2": 4.692627334035933,
    "time_start_3": 2983285734053208,
    "time_end_3": 2983290426680791,
    "time_total_3": 4.692627583
}