{
    "function_method_name": "extract_text_to_file_from_any_document",
    "time_start_1": 1770475334.857745,
    "time_end_1": 1770475335.18335,
    "time_total_1": 0.3256051540374756,
    "time_start_2": 4058329.04174075,
    "time_end_2": 4058329.367345083,
    "time_total_2": 0.32560433307662606,
    "time_start_3": 4058329041741083,
    "time_end_3": 4058329367345208,
    "time_total_3": 0.325604125
}