{
    "function_method_name": "extract_text_to_file_from_any_document",
    "time_start_1": 1765467185.5751271,
    "time_end_1": 1765467188.0125,
    "time_total_1": 2.437372922897339,
    "time_start_2": 2376208.354802958,
    "time_end_2": 2376210.792177333,
    "time_total_2": 2.4373743748292327,
    "time_start_3": 2376208354803041,
    "time_end_3": 2376210792177500,
    "time_total_3": 2.437374459
}