{
    "function_method_name": "extract_images_from_pdf_to_files",
    "time_start_1": 1769283746.1114209,
    "time_end_1": 1769283746.488466,
    "time_total_1": 0.3770451545715332,
    "time_start_2": 2887975.243844291,
    "time_end_2": 2887975.620888791,
    "time_total_2": 0.37704449985176325,
    "time_start_3": 2887975243844375,
    "time_end_3": 2887975620889083,
    "time_total_3": 0.377044708
}