{
    "function_method_name": "extract_text_to_file_from_pdf_document",
    "time_start_1": 1770553258.336682,
    "time_end_1": 1770553268.5805151,
    "time_total_1": 10.243833065032959,
    "time_start_2": 4136252.529073541,
    "time_end_2": 4136262.772925625,
    "time_total_2": 10.243852084036916,
    "time_start_3": 4136252529073708,
    "time_end_3": 4136262772925791,
    "time_total_3": 10.243852083
}