{
    "function_method_name": "extract_text_to_file_from_any_document",
    "time_start_1": 1769383086.33,
    "time_end_1": 1769383152.9357178,
    "time_total_1": 66.60571789741516,
    "time_start_2": 2987315.277293625,
    "time_end_2": 2987381.882519583,
    "time_total_2": 66.60522595839575,
    "time_start_3": 2987315277293708,
    "time_end_3": 2987381882519916,
    "time_total_3": 66.605226208
}