{
    "function_method_name": "extract_tables_to_files_from_pdf_document",
    "time_start_1": 1769286230.268333,
    "time_end_1": 1769286232.2815738,
    "time_total_1": 2.0132408142089844,
    "time_start_2": 2890459.390890083,
    "time_end_2": 2890461.404125541,
    "time_total_2": 2.0132354581728578,
    "time_start_3": 2890459390890166,
    "time_end_3": 2890461404125791,
    "time_total_3": 2.013235625
}