{
    "function_method_name": "extract_tables_to_files_from_pdf_document",
    "time_start_1": 1769415128.989181,
    "time_end_1": 1769415131.8981571,
    "time_total_1": 2.9089760780334473,
    "time_start_2": 3019357.859035,
    "time_end_2": 3019360.768003625,
    "time_total_2": 2.9089686246588826,
    "time_start_3": 3019357859035083,
    "time_end_3": 3019360768003791,
    "time_total_3": 2.908968708
}