{
    "function_method_name": "extract_tables_to_files_from_pdf_document",
    "time_start_1": 1769631017.523756,
    "time_end_1": 1769631020.4856489,
    "time_total_1": 2.96189284324646,
    "time_start_2": 3230449.434785541,
    "time_end_2": 3230452.396665958,
    "time_total_2": 2.961880417075008,
    "time_start_3": 3230449434785625,
    "time_end_3": 3230452396666291,
    "time_total_3": 2.961880666
}