{
    "function_method_name": "extract_tables_to_files_from_pdf_document",
    "time_start_1": 1769288606.736744,
    "time_end_1": 1769288608.817815,
    "time_total_1": 2.081071138381958,
    "time_start_2": 2892835.848394333,
    "time_end_2": 2892837.929457791,
    "time_total_2": 2.0810634582303464,
    "time_start_3": 2892835848394416,
    "time_end_3": 2892837929458000,
    "time_total_3": 2.081063584
}