{
    "function_method_name": "extract_tables_to_files_from_pdf_document",
    "time_start_1": 1769331803.579038,
    "time_end_1": 1769331806.459692,
    "time_total_1": 2.8806540966033936,
    "time_start_2": 2936032.561288916,
    "time_end_2": 2936035.44193675,
    "time_total_2": 2.8806478339247406,
    "time_start_3": 2936032561289000,
    "time_end_3": 2936035441936958,
    "time_total_3": 2.880647958
}