{
    "function_method_name": "extract_tables_to_files_from_pdf_document",
    "time_start_1": 1769316963.669517,
    "time_end_1": 1769316966.534038,
    "time_total_1": 2.864521026611328,
    "time_start_2": 2921192.690718291,
    "time_end_2": 2921195.555231583,
    "time_total_2": 2.864513291977346,
    "time_start_3": 2921192690718375,
    "time_end_3": 2921195555231833,
    "time_total_3": 2.864513458
}