{
    "function_method_name": "extract_tables_to_files_from_pdf_document",
    "time_start_1": 1769421576.336264,
    "time_end_1": 1769421579.2053602,
    "time_total_1": 2.869096279144287,
    "time_start_2": 3025805.188447333,
    "time_end_2": 3025808.057535625,
    "time_total_2": 2.869088292121887,
    "time_start_3": 3025805188447416,
    "time_end_3": 3025808057535875,
    "time_total_3": 2.869088459
}