{
    "function_method_name": "extract_tables_to_files_from_pdf_document",
    "time_start_1": 1769431929.011463,
    "time_end_1": 1769431931.902503,
    "time_total_1": 2.891040086746216,
    "time_start_2": 3036157.822055916,
    "time_end_2": 3036160.713084625,
    "time_total_2": 2.891028709243983,
    "time_start_3": 3036157822056000,
    "time_end_3": 3036160713084875,
    "time_total_3": 2.891028875
}