{
    "function_method_name": "extract_tables_to_files_from_pdf_document",
    "time_start_1": 1769608389.87638,
    "time_end_1": 1769608392.81645,
    "time_total_1": 2.940070152282715,
    "time_start_2": 3207821.880863208,
    "time_end_2": 3207824.820935416,
    "time_total_2": 2.9400722081772983,
    "time_start_3": 3207821880863291,
    "time_end_3": 3207824820935666,
    "time_total_3": 2.940072375
}