{
    "function_method_name": "extract_tables_to_files_from_pdf_document",
    "time_start_1": 1765523964.8461142,
    "time_end_1": 1765524006.258658,
    "time_total_1": 41.41254377365112,
    "time_start_2": 2432987.464709833,
    "time_end_2": 2433028.877232125,
    "time_total_2": 41.41252229223028,
    "time_start_3": 2432987464709875,
    "time_end_3": 2433028877232250,
    "time_total_3": 41.412522375
}