{
    "function_method_name": "extract_tables_to_files_from_pdf_document",
    "time_start_1": 1765504874.889729,
    "time_end_1": 1765504916.4686,
    "time_total_1": 41.57887101173401,
    "time_start_2": 2413897.510118833,
    "time_end_2": 2413939.088870291,
    "time_total_2": 41.57875145832077,
    "time_start_3": 2413897510118916,
    "time_end_3": 2413939088870416,
    "time_total_3": 41.5787515
}