{
    "function_method_name": "extract_text_to_file_from_any_document",
    "time_start_1": 1769787448.510827,
    "time_end_1": 1769787475.2605271,
    "time_total_1": 26.74970006942749,
    "time_start_2": 3386880.398170916,
    "time_end_2": 3386907.147839083,
    "time_total_2": 26.749668166972697,
    "time_start_3": 3386880398171000,
    "time_end_3": 3386907147839166,
    "time_total_3": 26.749668166
}