{
    "function_method_name": "extract_images_from_pdf_to_files",
    "time_start_1": 1765462192.013715,
    "time_end_1": 1765462193.445087,
    "time_total_1": 1.4313719272613525,
    "time_start_2": 2371214.797909375,
    "time_end_2": 2371216.229278625,
    "time_total_2": 1.4313692501746118,
    "time_start_3": 2371214797909458,
    "time_end_3": 2371216229278791,
    "time_total_3": 1.431369333
}