{
    "function_method_name": "extract_images_from_pdf_to_files",
    "time_start_1": 1763892322.067156,
    "time_end_1": 1763892323.24652,
    "time_total_1": 1.1793639659881592,
    "time_start_2": 827803.619295333,
    "time_end_2": 827804.798671625,
    "time_total_2": 1.179376291926019,
    "time_start_3": 827803619295375,
    "time_end_3": 827804798671916,
    "time_total_3": 1.179376541
}