{
    "function_method_name": "extract_text_to_file_from_any_document",
    "time_start_1": 1771447130.029276,
    "time_end_1": 1771447130.065846,
    "time_total_1": 0.036570072174072266,
    "time_start_2": 437138.535421083,
    "time_end_2": 437138.571991166,
    "time_total_2": 0.036570083000697196,
    "time_start_3": 437138535421166,
    "time_end_3": 437138571991541,
    "time_total_3": 0.036570375
}