{
    "function_method_name": "extract_tables_to_files_from_pdf_document",
    "time_start_1": 1765499611.419677,
    "time_end_1": 1765499623.291918,
    "time_total_1": 11.872241020202637,
    "time_start_2": 2408634.0506845,
    "time_end_2": 2408645.922849208,
    "time_total_2": 11.872164708096534,
    "time_start_3": 2408634050684625,
    "time_end_3": 2408645922849375,
    "time_total_3": 11.87216475
}