{
    "function_method_name": "extract_tables_to_files_from_pdf_document",
    "time_start_1": 1765462798.276758,
    "time_end_1": 1765462816.6273742,
    "time_total_1": 18.350616216659546,
    "time_start_2": 2371821.059805375,
    "time_end_2": 2371839.410385666,
    "time_total_2": 18.35058029089123,
    "time_start_3": 2371821059805750,
    "time_end_3": 2371839410385875,
    "time_total_3": 18.350580125
}