{
  "function_method_name": "extract_text_to_file_from_any_document",
  "num_pages": 1901,
  "time_start_1": 1773006028.9999459,
  "time_end_1": 1773006032.271049,
  "time_total_1": 3.2711031436920166,
  "pages_per_second_1": 581.1495133272949,
  "time_start_2": 1165681.510445,
  "time_end_2": 1165684.781538625,
  "time_total_2": 3.2710936251096427,
  "pages_per_second_2": 581.1512044190667,
  "time_start_3": 1165681510445041,
  "time_end_3": 1165684781538833,
  "time_total_3": 3.271093792,
  "pages_per_second_3": 581.1511747688829
}