{
    "function_method_name": "extract_markdown_to_file_from_any_document_complex",
    "num_pages": 1,
    "time_start_1": 1770498646.576761,
    "time_end_1": 1770498648.059857,
    "time_total_1": 1.4830958843231201,
    "pages_per_second_1": 0.6742652383911082,
    "time_start_2": 4081640.726208458,
    "time_end_2": 4081642.209303916,
    "time_total_2": 1.483095457777381,
    "pages_per_second_2": 0.6742654323131939,
    "time_start_3": 4081640726208500,
    "time_end_3": 4081642209304041,
    "time_total_3": 1.483095541,
    "pages_per_second_3": 0.6742653944773744
}