{
    "function_method_name": "extract_markdown_to_file_from_any_document_complex",
    "num_pages": 1,
    "time_start_1": 1770412092.176785,
    "time_end_1": 1770412093.850581,
    "time_total_1": 1.6737959384918213,
    "pages_per_second_1": 0.5974443939092438,
    "time_start_2": 3995086.40761775,
    "time_end_2": 3995088.081416541,
    "time_total_2": 1.673798790667206,
    "pages_per_second_2": 0.5974433758560562,
    "time_start_3": 3995086407617833,
    "time_end_3": 3995088081416666,
    "time_total_3": 1.673798833,
    "pages_per_second_3": 0.5974433607458489
}