{
    "function_method_name": "extract_tables_to_files_from_pdf_document",
    "time_start_1": 1769422618.1655629,
    "time_end_1": 1769422639.839036,
    "time_total_1": 21.673473119735718,
    "time_start_2": 3026847.014896333,
    "time_end_2": 3026868.688311541,
    "time_total_2": 21.67341520776972,
    "time_start_3": 3026847014896500,
    "time_end_3": 3026868688311750,
    "time_total_3": 21.67341525
}