{
    "function_method_name": "extract_tables_to_files_from_pdf_document",
    "time_start_1": 1769424231.985941,
    "time_end_1": 1769424254.473539,
    "time_total_1": 22.487598180770874,
    "time_start_2": 3028460.830071916,
    "time_end_2": 3028483.317606333,
    "time_total_2": 22.48753441730514,
    "time_start_3": 3028460830072041,
    "time_end_3": 3028483317606458,
    "time_total_3": 22.487534417
}