{
    "function_method_name": "extract_tables_to_files_from_pdf_document",
    "time_start_1": 1769296894.903451,
    "time_end_1": 1769296917.163758,
    "time_total_1": 22.26030707359314,
    "time_start_2": 2901123.978389333,
    "time_end_2": 2901146.238607833,
    "time_total_2": 22.26021850015968,
    "time_start_3": 2901123978389416,
    "time_end_3": 2901146238607916,
    "time_total_3": 22.2602185
}