{
    "function_method_name": "extract_tables_to_files_from_pdf_document",
    "time_start_1": 1769331206.696733,
    "time_end_1": 1769331229.202902,
    "time_total_1": 22.506169080734253,
    "time_start_2": 2935435.680561916,
    "time_end_2": 2935458.18667175,
    "time_total_2": 22.506109834183007,
    "time_start_3": 2935435680561958,
    "time_end_3": 2935458186671875,
    "time_total_3": 22.506109917
}