{
    "function_method_name": "extract_tables_to_files_from_pdf_document",
    "time_start_1": 1769319643.625369,
    "time_end_1": 1769319665.286596,
    "time_total_1": 21.661226987838745,
    "time_start_2": 2923872.639254375,
    "time_end_2": 2923894.30042225,
    "time_total_2": 21.66116787493229,
    "time_start_3": 2923872639254416,
    "time_end_3": 2923894300422458,
    "time_total_3": 21.661168042
}