{
    "function_method_name": "extract_text_to_file_from_any_document",
    "time_start_1": 1770471266.899594,
    "time_end_1": 1770471310.1264,
    "time_total_1": 43.22680592536926,
    "time_start_2": 4054261.095818625,
    "time_end_2": 4054304.322540083,
    "time_total_2": 43.226721458137035,
    "time_start_3": 4054261095818750,
    "time_end_3": 4054304322540458,
    "time_total_3": 43.226721708
}