{
    "function_method_name": "extract_tables_to_files_from_pdf_document",
    "time_start_1": 1769616808.835445,
    "time_end_1": 1769616815.649117,
    "time_total_1": 6.813672065734863,
    "time_start_2": 3216240.81380475,
    "time_end_2": 3216247.627469416,
    "time_total_2": 6.813664665911347,
    "time_start_3": 3216240813804833,
    "time_end_3": 3216247627469750,
    "time_total_3": 6.813664917
}