{
    "function_method_name": "extract_text_to_file_from_any_document",
    "time_start_1": 1763118173.4300008,
    "time_end_1": 1763118193.15781,
    "time_total_1": 19.727809190750122,
    "time_start_2": 84383.915431541,
    "time_end_2": 84403.643198875,
    "time_total_2": 19.72776733399951,
    "time_start_3": 84383915431708,
    "time_end_3": 84403643198958,
    "time_total_3": 19.72776725
}