{
    "function_method_name": "extract_markdown_to_file_from_any_document",
    "num_pages": 100,
    "time_start_1": 1763113191.36522,
    "time_end_1": 1763113209.897551,
    "time_total_1": 18.532330989837646,
    "pages_per_second_1": 5.395975285291192,
    "time_start_2": 79401.875435083,
    "time_end_2": 79420.407818541,
    "time_total_2": 18.532383458004915,
    "pages_per_second_2": 5.395960008414665,
    "time_start_3": 79401875435208,
    "time_end_3": 79420407818708,
    "time_total_3": 18.5323835,
    "pages_per_second_3": 5.395959996187214
}