{
    "function_method_name": "extract_text_to_file_from_any_document",
    "time_start_1": 1763096890.71413,
    "time_end_1": 1763096910.767918,
    "time_total_1": 20.05378818511963,
    "time_start_2": 63101.236025791,
    "time_end_2": 63121.289661208,
    "time_total_2": 20.053635417003534,
    "time_start_3": 63101236025916,
    "time_end_3": 63121289661291,
    "time_total_3": 20.053635375
}