{
    "function_method_name": "extract_markdown_to_file_from_any_document_complex",
    "num_pages": 100,
    "time_start_1": 1763165802.943934,
    "time_end_1": 1763165820.870079,
    "time_total_1": 17.92614507675171,
    "pages_per_second_1": 5.578444198228056,
    "time_start_2": 132013.275588166,
    "time_end_2": 132031.201589958,
    "time_total_2": 17.9260017919878,
    "pages_per_second_2": 5.578488787426986,
    "time_start_3": 132013275588208,
    "time_end_3": 132031201590041,
    "time_total_3": 17.926001833,
    "pages_per_second_3": 5.578488774664179
}