{
    "function_method_name": "extract_text_to_file_from_any_document",
    "time_start_1": 1763193319.6064441,
    "time_end_1": 1763193338.354891,
    "time_total_1": 18.748446941375732,
    "time_start_2": 159529.932517916,
    "time_end_2": 159548.68098575,
    "time_total_2": 18.748467833996983,
    "time_start_3": 159529932518000,
    "time_end_3": 159548680985875,
    "time_total_3": 18.748467875
}