{
    "function_method_name": "extract_markdown_to_file_from_any_document",
    "num_pages": 100,
    "time_start_1": 1763064343.469322,
    "time_end_1": 1763064362.2319622,
    "time_total_1": 18.762640237808228,
    "pages_per_second_1": 5.329740310134603,
    "time_start_2": 30554.052279958,
    "time_end_2": 30572.814949708,
    "time_total_2": 18.762669750001805,
    "pages_per_second_2": 5.329731926875192,
    "time_start_3": 30554052280000,
    "time_end_3": 30572814949916,
    "time_total_3": 18.762669916,
    "pages_per_second_3": 5.329731879721675
}