{
    "function_method_name": "extract_markdown_to_file_from_any_document_complex",
    "num_pages": 100,
    "time_start_1": 1763175793.436262,
    "time_end_1": 1763175811.957418,
    "time_total_1": 18.521156072616577,
    "pages_per_second_1": 5.399230998752255,
    "time_start_2": 142003.828850708,
    "time_end_2": 142022.350019208,
    "time_total_2": 18.52116850001039,
    "pages_per_second_2": 5.399227375958699,
    "time_start_3": 142003828850875,
    "time_end_3": 142022350019458,
    "time_total_3": 18.521168583,
    "pages_per_second_3": 5.399227351765853
}