{
    "function_method_name": "extract_markdown_to_file_from_any_document",
    "num_pages": 100,
    "time_start_1": 1763214266.809221,
    "time_end_1": 1763214286.798156,
    "time_total_1": 19.988934993743896,
    "pages_per_second_1": 5.002767782840748,
    "time_start_2": 180477.050815083,
    "time_end_2": 180497.039717875,
    "time_total_2": 19.988902792014414,
    "pages_per_second_2": 5.002775842201308,
    "time_start_3": 180477050815208,
    "time_end_3": 180497039718166,
    "time_total_3": 19.988902958,
    "pages_per_second_3": 5.002775800658824
}