{
    "function_method_name": "extract_markdown_to_file_from_any_document",
    "num_pages": 100,
    "time_start_1": 1763148226.6451,
    "time_end_1": 1763148245.3967428,
    "time_total_1": 18.75164270401001,
    "pages_per_second_1": 5.3328661162371205,
    "time_start_2": 114437.00143,
    "time_end_2": 114455.752985416,
    "time_total_2": 18.75155541599088,
    "pages_per_second_2": 5.332890940594847,
    "time_start_3": 114437001430083,
    "time_end_3": 114455752985500,
    "time_total_3": 18.751555417,
    "pages_per_second_3": 5.332890940307856
}