{
    "function_method_name": "extract_markdown_to_file_from_any_document",
    "num_pages": 100,
    "time_start_1": 1763216761.1293728,
    "time_end_1": 1763216780.362229,
    "time_total_1": 19.232856273651123,
    "pages_per_second_1": 5.199435724843392,
    "time_start_2": 182971.348325583,
    "time_end_2": 182990.579676,
    "time_total_2": 19.23135041698697,
    "pages_per_second_2": 5.199842851996,
    "time_start_3": 182971348325666,
    "time_end_3": 182990579676041,
    "time_total_3": 19.231350375,
    "pages_per_second_3": 5.19984286334859
}