{
    "function_method_name": "extract_markdown_to_file_from_any_document",
    "num_pages": 100,
    "time_start_1": 1763219255.162389,
    "time_end_1": 1763219274.530095,
    "time_total_1": 19.367706060409546,
    "pages_per_second_1": 5.163234080902063,
    "time_start_2": 185465.341239958,
    "time_end_2": 185484.708762666,
    "time_total_2": 19.367522707994794,
    "pages_per_second_2": 5.163282961259708,
    "time_start_3": 185465341240000,
    "time_end_3": 185484708762750,
    "time_total_3": 19.36752275,
    "pages_per_second_3": 5.163282950061334
}