{
    "function_method_name": "extract_text_to_file_from_any_document",
    "time_start_1": 1772631359.253849,
    "time_end_1": 1772631359.8021178,
    "time_total_1": 0.5482687950134277,
    "time_start_2": 819089.6667555,
    "time_end_2": 819090.2150225,
    "time_total_2": 0.5482670000055805,
    "time_start_3": 819089666755791,
    "time_end_3": 819090215022958,
    "time_total_3": 0.548267167
}