{
    "function_method_name": "extract_text_to_file_from_any_document",
    "time_start_1": 1772014628.951019,
    "time_end_1": 1772014629.060181,
    "time_total_1": 0.1091618537902832,
    "time_start_2": 223531.357240708,
    "time_end_2": 223531.466403583,
    "time_total_2": 0.1091628750145901,
    "time_start_3": 223531357240875,
    "time_end_3": 223531466403666,
    "time_total_3": 0.109162791
}