{
    "function_method_name": "api_parse_analyze_markdown_mistletoe",
    "time_start_1": 1772634554.685811,
    "time_end_1": 1772634554.7786582,
    "time_total_1": 0.09284710884094238,
    "time_start_2": 822285.109367166,
    "time_end_2": 822285.202214416,
    "time_total_2": 0.09284725005272776,
    "time_start_3": 822285109367291,
    "time_end_3": 822285202214541,
    "time_total_3": 0.09284725
}