{
    "function_method_name": "extract_text_to_file_from_any_document",
    "time_start_1": 1770993023.24826,
    "time_end_1": 1770993030.540746,
    "time_total_1": 7.292485952377319,
    "time_start_2": 19376.791893125,
    "time_end_2": 19384.084355541,
    "time_total_2": 7.29246241600049,
    "time_start_3": 19376791893208,
    "time_end_3": 19384084355833,
    "time_total_3": 7.292462625
}