{
    "function_method_name": "extract_text_to_file_from_any_document",
    "time_start_1": 1770550335.847876,
    "time_end_1": 1770550343.6261709,
    "time_total_1": 7.778294801712036,
    "time_start_2": 4133330.040469,
    "time_end_2": 4133337.818790791,
    "time_total_2": 7.778321790974587,
    "time_start_3": 4133330040469125,
    "time_end_3": 4133337818791041,
    "time_total_3": 7.778321916
}