{
  "function_method_name": "extract_text_to_file_from_any_document",
  "time_start_1": 1773198152.1448178,
  "time_end_1": 1773198152.1950378,
  "time_total_1": 0.05022001266479492,
  "time_start_2": 1339143.00023325,
  "time_end_2": 1339143.050454791,
  "time_total_2": 0.050221540965139866,
  "time_start_3": 1339143000233291,
  "time_end_3": 1339143050455875,
  "time_total_3": 0.050222584,
  "num_pages": 12,
  "pages_per_second_1": 238.9485657858506,
  "pages_per_second_2": 238.94129430097587,
  "pages_per_second_3": 238.93633190996306
}