{
    "function_method_name": "extract_text_to_file_from_any_document",
    "time_start_1": 1769720941.95024,
    "time_end_1": 1769720941.970849,
    "time_total_1": 0.020609140396118164,
    "time_start_2": 3320373.821215125,
    "time_end_2": 3320373.841823625,
    "time_total_2": 0.020608500111848116,
    "time_start_3": 3320373821215166,
    "time_end_3": 3320373841823750,
    "time_total_3": 0.020608584
}