{
    "function_method_name": "extract_images_from_pdf_to_files",
    "time_start_1": 1769784362.209562,
    "time_end_1": 1769784362.433126,
    "time_total_1": 0.22356390953063965,
    "time_start_2": 3383794.104798916,
    "time_end_2": 3383794.328364166,
    "time_total_2": 0.2235652501694858,
    "time_start_3": 3383794104799000,
    "time_end_3": 3383794328364458,
    "time_total_3": 0.223565458
}