{
  "function_method_name": "extract_text_to_file_from_any_document",
  "num_pages": 0,
  "time_start_1": 1773005351.9706051,
  "time_end_1": 1773005354.867703,
  "time_total_1": 2.8970978260040283,
  "pages_per_second_1": 0.0,
  "time_start_2": 1165004.48641975,
  "time_end_2": 1165007.382939041,
  "time_total_2": 2.8965192909818143,
  "pages_per_second_2": 0.0,
  "time_start_3": 1165004486419833,
  "time_end_3": 1165007382939291,
  "time_total_3": 2.896519458,
  "pages_per_second_3": 0.0
}