{
    "function_method_name": "extract_tables_to_files_from_pdf_document",
    "time_start_1": 1771004130.4428868,
    "time_end_1": 1771004131.464681,
    "time_total_1": 1.021794080734253,
    "time_start_2": 30483.954919458,
    "time_end_2": 30484.976710875,
    "time_total_2": 1.0217914169988944,
    "time_start_3": 30483954919500,
    "time_end_3": 30484976711083,
    "time_total_3": 1.021791583
}