{
    "function_method_name": "extract_text_to_file_from_any_document",
    "time_start_1": 1772652196.879763,
    "time_end_1": 1772652204.7318988,
    "time_total_1": 7.852135896682739,
    "time_start_2": 839927.290979208,
    "time_end_2": 839935.143085583,
    "time_total_2": 7.8521063750376925,
    "time_start_3": 839927290979250,
    "time_end_3": 839935143085875,
    "time_total_3": 7.852106625
}