{
    "function_method_name": "extract_text_to_file_from_any_document",
    "time_start_1": 1769379037.5292218,
    "time_end_1": 1769379041.887342,
    "time_total_1": 4.3581202030181885,
    "time_start_2": 2983266.483106083,
    "time_end_2": 2983270.841226125,
    "time_total_2": 4.358120042365044,
    "time_start_3": 2983266483106125,
    "time_end_3": 2983270841226333,
    "time_total_3": 4.358120208
}