{
    "function_method_name": "extract_text_to_file_from_any_document",
    "time_start_1": 1772214919.1027489,
    "time_end_1": 1772214934.4362218,
    "time_total_1": 15.333472967147827,
    "time_start_2": 402649.751987125,
    "time_end_2": 402665.085399375,
    "time_total_2": 15.333412249980029,
    "time_start_3": 402649751987250,
    "time_end_3": 402665085399833,
    "time_total_3": 15.333412583
}