{
    "function_method_name": "extract_tables_to_files_from_pdf_document",
    "time_start_1": 1765503654.0419462,
    "time_end_1": 1765503694.6100218,
    "time_total_1": 40.56807565689087,
    "time_start_2": 2412676.65917975,
    "time_end_2": 2412717.227069666,
    "time_total_2": 40.567889916244894,
    "time_start_3": 2412676659179875,
    "time_end_3": 2412717227069833,
    "time_total_3": 40.567889958
}