{
    "function_method_name": "extract_tables_to_files_from_pdf_document",
    "time_start_1": 1765478242.1065989,
    "time_end_1": 1765478312.641254,
    "time_total_1": 70.53465509414673,
    "time_start_2": 2387264.841423208,
    "time_end_2": 2387335.375901791,
    "time_total_2": 70.53447858290747,
    "time_start_3": 2387264841423333,
    "time_end_3": 2387335375902000,
    "time_total_3": 70.534478667
}