{
    "function_method_name": "extract_tables_to_files_from_pdf_document",
    "time_start_1": 1765470913.634676,
    "time_end_1": 1765470984.595843,
    "time_total_1": 70.96116709709167,
    "time_start_2": 2379936.398924625,
    "time_end_2": 2380007.359601208,
    "time_total_2": 70.9606765829958,
    "time_start_3": 2379936398924833,
    "time_end_3": 2380007359601500,
    "time_total_3": 70.960676667
}