{
    "function_method_name": "extract_tables_to_files_from_pdf_document",
    "time_start_1": 1765563563.5240278,
    "time_end_1": 1765563603.736663,
    "time_total_1": 40.21263527870178,
    "time_start_2": 2449086.042905541,
    "time_end_2": 2449126.255351,
    "time_total_2": 40.21244545886293,
    "time_start_3": 2449086042905625,
    "time_end_3": 2449126255351250,
    "time_total_3": 40.212445625
}