{
    "function_method_name": "extract_text_to_file_from_any_document",
    "time_start_1": 1763118988.838491,
    "time_end_1": 1763118991.534846,
    "time_total_1": 2.696355104446411,
    "time_start_2": 85199.280310166,
    "time_end_2": 85201.976551583,
    "time_total_2": 2.696241416997509,
    "time_start_3": 85199280310250,
    "time_end_3": 85201976551916,
    "time_total_3": 2.696241666
}