{
    "function_method_name": "extract_text_to_file_from_any_document",
    "time_start_1": 1763898918.47698,
    "time_end_1": 1763898920.4157188,
    "time_total_1": 1.9387388229370117,
    "time_start_2": 834399.972214375,
    "time_end_2": 834401.910927583,
    "time_total_2": 1.9387132079573348,
    "time_start_3": 834399972214416,
    "time_end_3": 834401910927791,
    "time_total_3": 1.938713375
}