{
    "function_method_name": "extract_text_to_file_from_any_document",
    "time_start_1": 1763171542.3088582,
    "time_end_1": 1763171544.997118,
    "time_total_1": 2.6882598400115967,
    "time_start_2": 137752.7002445,
    "time_end_2": 137755.388519875,
    "time_total_2": 2.68827537499601,
    "time_start_3": 137752700244583,
    "time_end_3": 137755388520041,
    "time_total_3": 2.688275458
}