{
    "function_method_name": "extract_text_to_file_from_any_document",
    "time_start_1": 1763179146.2970722,
    "time_end_1": 1763179148.973139,
    "time_total_1": 2.6760668754577637,
    "time_start_2": 145356.664905375,
    "time_end_2": 145359.340967541,
    "time_total_2": 2.6760621660214383,
    "time_start_3": 145356664905458,
    "time_end_3": 145359340967708,
    "time_total_3": 2.67606225
}