{
    "function_method_name": "extract_text_to_file_from_any_document",
    "time_start_1": 1763899531.6393092,
    "time_end_1": 1763899533.571606,
    "time_total_1": 1.9322967529296875,
    "time_start_2": 835013.130625208,
    "time_end_2": 835015.062911125,
    "time_total_2": 1.9322859169915318,
    "time_start_3": 835013130625250,
    "time_end_3": 835015062911375,
    "time_total_3": 1.932286125
}