{
    "function_method_name": "extract_text_to_file_from_any_document",
    "time_start_1": 1763222400.5119941,
    "time_end_1": 1763222402.462899,
    "time_total_1": 1.9509048461914062,
    "time_start_2": 188610.703516666,
    "time_end_2": 188612.654416166,
    "time_total_2": 1.9508995000214782,
    "time_start_3": 188610703516708,
    "time_end_3": 188612654416208,
    "time_total_3": 1.9508995
}