{
    "function_method_name": "extract_text_to_file_from_any_document",
    "time_start_1": 1763121499.816016,
    "time_end_1": 1763121502.493485,
    "time_total_1": 2.67746901512146,
    "time_start_2": 87710.230345958,
    "time_end_2": 87712.907786541,
    "time_total_2": 2.67744058300741,
    "time_start_3": 87710230346000,
    "time_end_3": 87712907786875,
    "time_total_3": 2.677440875
}