{
    "function_method_name": "extract_text_to_file_from_any_document",
    "time_start_1": 1763070150.9950552,
    "time_end_1": 1763070153.675373,
    "time_total_1": 2.6803178787231445,
    "time_start_2": 36361.529067791,
    "time_end_2": 36364.209369,
    "time_total_2": 2.6803012089949334,
    "time_start_3": 36361529067833,
    "time_end_3": 36364209369166,
    "time_total_3": 2.680301333
}