{
    "function_method_name": "extract_text_to_file_from_any_document",
    "time_start_1": 1763087716.509422,
    "time_end_1": 1763087719.193208,
    "time_total_1": 2.683785915374756,
    "time_start_2": 53927.098728041,
    "time_end_2": 53929.782523083,
    "time_total_2": 2.683795042001293,
    "time_start_3": 53927098728125,
    "time_end_3": 53929782523208,
    "time_total_3": 2.683795083
}