{
    "function_method_name": "extract_images_from_pdf_to_files",
    "time_start_1": 1769283747.033993,
    "time_end_1": 1769283747.278097,
    "time_total_1": 0.24410390853881836,
    "time_start_2": 2887976.166414333,
    "time_end_2": 2887976.410517916,
    "time_total_2": 0.24410358304157853,
    "time_start_3": 2887976166414416,
    "time_end_3": 2887976410518166,
    "time_total_3": 0.24410375
}