{
    "function_method_name": "extract_text_to_file_from_any_document",
    "time_start_1": 1772631210.885045,
    "time_end_1": 1772631210.885525,
    "time_total_1": 0.0004799365997314453,
    "time_start_2": 818941.298691041,
    "time_end_2": 818941.299170958,
    "time_total_2": 0.0004799170419573784,
    "time_start_3": 818941298691166,
    "time_end_3": 818941299171041,
    "time_total_3": 0.000479875
}