{
    "function_method_name": "extract_text_to_file_from_any_document",
    "time_start_1": 1770412339.451298,
    "time_end_1": 1770412339.462214,
    "time_total_1": 0.010915994644165039,
    "time_start_2": 3995333.68250925,
    "time_end_2": 3995333.693425458,
    "time_total_2": 0.010916207917034626,
    "time_start_3": 3995333682509291,
    "time_end_3": 3995333693425500,
    "time_total_3": 0.010916209
}