{
    "function_method_name": "extract_tables_to_files_from_pdf_document",
    "time_start_1": 1770511375.843894,
    "time_end_1": 1770511386.718051,
    "time_total_1": 10.874156951904297,
    "time_start_2": 4094369.964029041,
    "time_end_2": 4094380.838156291,
    "time_total_2": 10.874127249699086,
    "time_start_3": 4094369964029083,
    "time_end_3": 4094380838156541,
    "time_total_3": 10.874127458
}