{
    "function_method_name": "extract_tables_to_files_from_pdf_document",
    "time_start_1": 1773059270.183799,
    "time_end_1": 1773059307.0618129,
    "time_total_1": 36.87801384925842,
    "time_start_2": 1218922.529075,
    "time_end_2": 1218959.406911083,
    "time_total_2": 36.87783608306199,
    "time_start_3": 1218922529075250,
    "time_end_3": 1218959406911208,
    "time_total_3": 36.877835958,
    "num_pages": 104,
    "pages_per_second_1": 2.820108491338704,
    "pages_per_second_2": 2.820122085410734,
    "pages_per_second_3": 2.8201220949744754
}