{
    "function_method_name": "extract_images_from_pdf_to_files",
    "time_start_1": 1772686369.050574,
    "time_end_1": 1772686370.247988,
    "time_total_1": 1.1974139213562012,
    "time_start_2": 874099.316689208,
    "time_end_2": 874100.514094166,
    "time_total_2": 1.197404957958497,
    "time_start_3": 874099316689291,
    "time_end_3": 874100514094333,
    "time_total_3": 1.197405042
}