{
    "function_method_name": "extract_markdown_to_file_from_any_document",
    "num_pages": 44,
    "time_start_1": 1763134360.045435,
    "time_end_1": 1763134372.040403,
    "time_total_1": 11.994967937469482,
    "pages_per_second_1": 3.6682048863635774,
    "time_start_2": 100570.517855875,
    "time_end_2": 100582.512917791,
    "time_total_2": 11.995061915993574,
    "pages_per_second_2": 3.6681761468302847,
    "time_start_3": 100570517855916,
    "time_end_3": 100582512917833,
    "time_total_3": 11.995061917,
    "pages_per_second_3": 3.6681761465225127
}