{
    "function_method_name": "extract_text_to_file_from_any_document",
    "time_start_1": 1763161911.4940858,
    "time_end_1": 1763161923.7590148,
    "time_total_1": 12.264929056167603,
    "time_start_2": 128121.85654175,
    "time_end_2": 128134.121393708,
    "time_total_2": 12.264851957996143,
    "time_start_3": 128121856541833,
    "time_end_3": 128134121393791,
    "time_total_3": 12.264851958
}