{
    "function_method_name": "extract_markdown_to_file_from_any_document",
    "num_pages": 44,
    "time_start_1": 1763814477.334713,
    "time_end_1": 1763814486.286886,
    "time_total_1": 8.952172994613647,
    "pages_per_second_1": 4.915007789334943,
    "time_start_2": 749958.676595458,
    "time_end_2": 749967.628724166,
    "time_total_2": 8.952128708013333,
    "pages_per_second_2": 4.915032104108849,
    "time_start_3": 749958676595500,
    "time_end_3": 749967628724250,
    "time_total_3": 8.95212875,
    "pages_per_second_3": 4.915032081056698
}