{
    "function_method_name": "extract_markdown_to_file_from_any_document",
    "num_pages": 44,
    "time_start_1": 1763078021.557985,
    "time_end_1": 1763078034.0086882,
    "time_total_1": 12.450703144073486,
    "pages_per_second_1": 3.533936958487676,
    "time_start_2": 44232.057554625,
    "time_end_2": 44244.508225041,
    "time_total_2": 12.45067041600123,
    "pages_per_second_2": 3.5339462478624855,
    "time_start_3": 44232057554708,
    "time_end_3": 44244508225125,
    "time_total_3": 12.450670417,
    "pages_per_second_3": 3.533946247578999
}