{
    "function_method_name": "extract_text_to_file_from_any_document",
    "time_start_1": 1763072956.114933,
    "time_end_1": 1763072968.495105,
    "time_total_1": 12.38017201423645,
    "time_start_2": 39166.622853625,
    "time_end_2": 39179.002938958,
    "time_total_2": 12.38008533300308,
    "time_start_3": 39166622853666,
    "time_end_3": 39179002939041,
    "time_total_3": 12.380085375
}