{
    "function_method_name": "extract_markdown_to_file_from_any_document",
    "num_pages": 44,
    "time_start_1": 1763139419.500426,
    "time_end_1": 1763139431.5016341,
    "time_total_1": 12.001208066940308,
    "pages_per_second_1": 3.6662975722591353,
    "time_start_2": 105629.926502458,
    "time_end_2": 105641.927696833,
    "time_total_2": 12.001194374999614,
    "pages_per_second_2": 3.6663017550702253,
    "time_start_3": 105629926502458,
    "time_end_3": 105641927696916,
    "time_total_3": 12.001194458,
    "pages_per_second_3": 3.666301729714044
}