{
    "function_method_name": "extract_markdown_to_file_from_any_document_complex",
    "num_pages": 44,
    "time_start_1": 1763111822.573193,
    "time_end_1": 1763111829.929753,
    "time_total_1": 7.356559991836548,
    "pages_per_second_1": 5.981056369937317,
    "time_start_2": 78033.070910208,
    "time_end_2": 78040.427470833,
    "time_total_2": 7.356560625004931,
    "pages_per_second_2": 5.981055855156567,
    "time_start_3": 78033070910208,
    "time_end_3": 78040427470916,
    "time_total_3": 7.356560708,
    "pages_per_second_3": 5.981055787679636
}