{
    "function_method_name": "extract_text_to_file_from_any_document",
    "time_start_1": 1763201939.5663161,
    "time_end_1": 1763201952.5265641,
    "time_total_1": 12.960247993469238,
    "time_start_2": 168149.875866458,
    "time_end_2": 168162.8361455,
    "time_total_2": 12.960279042017646,
    "time_start_3": 168149875866541,
    "time_end_3": 168162836145583,
    "time_total_3": 12.960279042
}