{
    "function_method_name": "extract_text_to_file_from_any_document",
    "time_start_1": 1763078009.061955,
    "time_end_1": 1763078021.5573602,
    "time_total_1": 12.495405197143555,
    "time_start_2": 44219.5615575,
    "time_end_2": 44232.056929666,
    "time_total_2": 12.495372166005836,
    "time_start_3": 44219561557541,
    "time_end_3": 44232056929708,
    "time_total_3": 12.495372167
}