{
    "function_method_name": "extract_markdown_to_file_from_any_document_complex",
    "num_pages": 44,
    "time_start_1": 1763065469.023436,
    "time_end_1": 1763065476.763971,
    "time_total_1": 7.740535020828247,
    "pages_per_second_1": 5.684361595368371,
    "time_start_2": 31679.619164041,
    "time_end_2": 31687.359735708,
    "time_total_2": 7.74057166700004,
    "pages_per_second_2": 5.684334683907497,
    "time_start_3": 31679619164083,
    "time_end_3": 31687359735791,
    "time_total_3": 7.740571708,
    "pages_per_second_3": 5.684334653798934
}