{
    "function_method_name": "extract_markdown_to_file_from_any_document_complex",
    "num_pages": 44,
    "time_start_1": 1763174404.1041012,
    "time_end_1": 1763174411.4855921,
    "time_total_1": 7.38149094581604,
    "pages_per_second_1": 5.96085537772555,
    "time_start_2": 140614.495706791,
    "time_end_2": 140621.877203625,
    "time_total_2": 7.381496833986603,
    "pages_per_second_2": 5.960850622791158,
    "time_start_3": 140614495706833,
    "time_end_3": 140621877203666,
    "time_total_3": 7.381496833,
    "pages_per_second_3": 5.960850623587879
}