{
    "function_method_name": "extract_markdown_to_file_from_any_document_complex",
    "num_pages": 44,
    "time_start_1": 1763062964.194913,
    "time_end_1": 1763062971.738962,
    "time_total_1": 7.544049024581909,
    "pages_per_second_1": 5.832411726995435,
    "time_start_2": 29174.756070041,
    "time_end_2": 29182.300085666,
    "time_total_2": 7.544015625000611,
    "pages_per_second_2": 5.8324375488016615,
    "time_start_3": 29174756070083,
    "time_end_3": 29182300085750,
    "time_total_3": 7.544015667,
    "pages_per_second_3": 5.832437516331049
}