{
    "function_method_name": "extract_text_to_file_from_any_document",
    "time_start_1": 1763129323.690712,
    "time_end_1": 1763129336.268746,
    "time_total_1": 12.578033924102783,
    "time_start_2": 95534.074082,
    "time_end_2": 95546.651996166,
    "time_total_2": 12.57791416598775,
    "time_start_3": 95534074082083,
    "time_end_3": 95546651996333,
    "time_total_3": 12.57791425
}