{
    "function_method_name": "extract_text_to_file_from_any_document",
    "time_start_1": 1762895779.1063528,
    "time_end_1": 1762895788.672268,
    "time_total_1": 9.56591510772705,
    "time_start_2": 2096732.9715755,
    "time_end_2": 2096742.54048025,
    "time_total_2": 9.568904750049114,
    "time_start_3": 2096732971575541,
    "time_end_3": 2096742540480416,
    "time_total_3": 9.568904875
}