{
    "function_method_name": "extract_text_to_file_from_any_document",
    "num_pages": 44,
    "time_start_1": 1762962718.646359,
    "time_end_1": 1762962731.2504268,
    "time_total_1": 12.6040678024292,
    "pages_per_second_1": 3.490936473026575,
    "time_start_2": 2163672.66530975,
    "time_end_2": 2163685.269543208,
    "time_total_2": 12.60423345817253,
    "pages_per_second_2": 3.490890592118523,
    "time_start_3": 2163672665309791,
    "time_end_3": 2163685269543291,
    "time_total_3": 12.6042335,
    "pages_per_second_3": 3.4908905805339137
}