{
    "function_method_name": "extract_text_to_file_from_any_document",
    "time_start_1": 1769682715.836152,
    "time_end_1": 1769682716.0212622,
    "time_total_1": 0.18511009216308594,
    "time_start_2": 3282147.817796625,
    "time_end_2": 3282148.002907083,
    "time_total_2": 0.18511045770719647,
    "time_start_3": 3282147817796666,
    "time_end_3": 3282148002907291,
    "time_total_3": 0.185110625
}