{
  "function_method_name": "extract_text_to_file_from_any_document",
  "num_pages": 74,
  "time_start_1": 1773029502.4703722,
  "time_end_1": 1773029699.76115,
  "time_total_1": 197.29077768325806,
  "pages_per_second_1": 0.37508088755574703,
  "time_start_2": 1189154.878327083,
  "time_end_2": 1189352.168280916,
  "time_total_2": 197.28995383298025,
  "pages_per_second_2": 0.37508245383161365,
  "time_start_3": 1189154878327208,
  "time_end_3": 1189352168281250,
  "time_total_3": 197.289954042,
  "pages_per_second_3": 0.3750824534342308
}