{
    "function_method_name": "extract_text_to_file_from_any_document",
    "time_start_1": 1769682663.35412,
    "time_end_1": 1769682663.459015,
    "time_total_1": 0.10489487648010254,
    "time_start_2": 3282095.335706916,
    "time_end_2": 3282095.440601666,
    "time_total_2": 0.10489474982023239,
    "time_start_3": 3282095335707000,
    "time_end_3": 3282095440601875,
    "time_total_3": 0.104894875
}