{
    "function_method_name": "extract_text_to_file_from_any_document",
    "time_start_1": 1769607610.0927029,
    "time_end_1": 1769607610.1991,
    "time_total_1": 0.10639715194702148,
    "time_start_2": 3207042.091438041,
    "time_end_2": 3207042.197835666,
    "time_total_2": 0.10639762505888939,
    "time_start_3": 3207042091438125,
    "time_end_3": 3207042197835750,
    "time_total_3": 0.106397625
}