{
    "function_method_name": "extract_text_to_file_from_any_document",
    "time_start_1": 1772652063.544965,
    "time_end_1": 1772652063.620197,
    "time_total_1": 0.07523202896118164,
    "time_start_2": 839793.956683375,
    "time_end_2": 839794.031916541,
    "time_total_2": 0.07523316598962992,
    "time_start_3": 839793956683416,
    "time_end_3": 839794031916666,
    "time_total_3": 0.07523325
}