{
    "function_method_name": "extract_text_to_file_from_any_document",
    "time_start_1": 1769269678.642258,
    "time_end_1": 1769269678.746594,
    "time_total_1": 0.10433602333068848,
    "time_start_2": 2873907.807483208,
    "time_end_2": 2873907.911819916,
    "time_total_2": 0.1043367083184421,
    "time_start_3": 2873907807483250,
    "time_end_3": 2873907911820041,
    "time_total_3": 0.104336791
}