{
    "function_method_name": "extract_text_to_file_from_any_document",
    "time_start_1": 1769788545.47509,
    "time_end_1": 1769788546.023694,
    "time_total_1": 0.5486040115356445,
    "time_start_2": 3387977.366200333,
    "time_end_2": 3387977.914805083,
    "time_total_2": 0.5486047500744462,
    "time_start_3": 3387977366200375,
    "time_end_3": 3387977914805458,
    "time_total_3": 0.548605083
}