{
    "function_method_name": "extract_text_to_file_from_any_document",
    "time_start_1": 1769542615.009984,
    "time_end_1": 1769542615.56462,
    "time_total_1": 0.5546360015869141,
    "time_start_2": 3142047.09646625,
    "time_end_2": 3142047.651103333,
    "time_total_2": 0.5546370833180845,
    "time_start_3": 3142047096466291,
    "time_end_3": 3142047651103750,
    "time_total_3": 0.554637459
}