{
    "function_method_name": "extract_text_to_file_from_any_document",
    "time_start_1": 1770508987.565577,
    "time_end_1": 1770508987.785661,
    "time_total_1": 0.22008395195007324,
    "time_start_2": 4091981.693236833,
    "time_end_2": 4091981.913321458,
    "time_total_2": 0.2200846248306334,
    "time_start_3": 4091981693236875,
    "time_end_3": 4091981913321583,
    "time_total_3": 0.220084708
}