{
  "function_method_name": "extract_text_to_file_from_any_document",
  "num_pages": 232,
  "time_start_1": 1772966698.177788,
  "time_end_1": 1772966716.835815,
  "time_total_1": 18.658026933670044,
  "pages_per_second_1": 12.434326567582325,
  "time_start_2": 1126350.790239125,
  "time_end_2": 1126369.448262958,
  "time_total_2": 18.658023833064362,
  "pages_per_second_2": 12.434328633928898,
  "time_start_3": 1126350790239250,
  "time_end_3": 1126369448263416,
  "time_total_3": 18.658024166,
  "pages_per_second_3": 12.434328412049501
}