{
    "function_method_name": "extract_tables_to_files_from_pdf_document",
    "time_start_1": 1769611458.329366,
    "time_end_1": 1769611475.663239,
    "time_total_1": 17.33387303352356,
    "time_start_2": 3210890.314493791,
    "time_end_2": 3210907.648316208,
    "time_total_2": 17.33382241660729,
    "time_start_3": 3210890314493833,
    "time_end_3": 3210907648316333,
    "time_total_3": 17.3338225
}