{
    "function_method_name": "extract_tables_to_files_from_pdf_document",
    "time_start_1": 1769409460.154647,
    "time_end_1": 1769409477.679312,
    "time_total_1": 17.524664878845215,
    "time_start_2": 3013689.041329,
    "time_end_2": 3013706.565969958,
    "time_total_2": 17.524640957824886,
    "time_start_3": 3013689041329083,
    "time_end_3": 3013706565970083,
    "time_total_3": 17.524641
}