{
    "function_method_name": "extract_tables_to_files_from_pdf_document",
    "time_start_1": 1769307976.764113,
    "time_end_1": 1769307994.210329,
    "time_total_1": 17.446216106414795,
    "time_start_2": 2912205.811704958,
    "time_end_2": 2912223.257876166,
    "time_total_2": 17.446171208284795,
    "time_start_3": 2912205811705083,
    "time_end_3": 2912223257876250,
    "time_total_3": 17.446171167
}