{
    "function_method_name": "extract_tables_to_files_from_pdf_document",
    "time_start_1": 1769615399.12713,
    "time_end_1": 1769615416.5215008,
    "time_total_1": 17.394370794296265,
    "time_start_2": 3214831.104704625,
    "time_end_2": 3214848.499047333,
    "time_total_2": 17.39434270793572,
    "time_start_3": 3214831104704750,
    "time_end_3": 3214848499047375,
    "time_total_3": 17.394342625
}