{
    "function_method_name": "extract_tables_to_files_from_pdf_document",
    "time_start_1": 1769322566.1126761,
    "time_end_1": 1769322583.513673,
    "time_total_1": 17.400996923446655,
    "time_start_2": 2926795.119328,
    "time_end_2": 2926812.520280583,
    "time_total_2": 17.400952582713217,
    "time_start_3": 2926795119328041,
    "time_end_3": 2926812520280666,
    "time_total_3": 17.400952625
}