{
    "function_method_name": "extract_tables_to_files_from_pdf_document",
    "time_start_1": 1769624199.677382,
    "time_end_1": 1769624217.436775,
    "time_total_1": 17.759392976760864,
    "time_start_2": 3223631.626047,
    "time_end_2": 3223649.385397416,
    "time_total_2": 17.759350416250527,
    "time_start_3": 3223631626047083,
    "time_end_3": 3223649385397541,
    "time_total_3": 17.759350458
}