{
    "function_method_name": "extract_tables_to_files_from_pdf_document",
    "time_start_1": 1769630133.134086,
    "time_end_1": 1769630150.766342,
    "time_total_1": 17.632256031036377,
    "time_start_2": 3229565.047712625,
    "time_end_2": 3229582.679888,
    "time_total_2": 17.632175374776125,
    "time_start_3": 3229565047712750,
    "time_end_3": 3229582679888125,
    "time_total_3": 17.632175375
}