{
    "function_method_name": "extract_tables_to_files_from_pdf_document",
    "time_start_1": 1769304726.023886,
    "time_end_1": 1769304743.407014,
    "time_total_1": 17.38312792778015,
    "time_start_2": 2908955.079153541,
    "time_end_2": 2908972.462235,
    "time_total_2": 17.38308145897463,
    "time_start_3": 2908955079153666,
    "time_end_3": 2908972462235125,
    "time_total_3": 17.383081459
}