{
    "function_method_name": "extract_tables_to_files_from_pdf_document",
    "time_start_1": 1769303100.864297,
    "time_end_1": 1769303118.4256792,
    "time_total_1": 17.561382293701172,
    "time_start_2": 2907329.923684208,
    "time_end_2": 2907347.485018,
    "time_total_2": 17.56133379181847,
    "time_start_3": 2907329923684250,
    "time_end_3": 2907347485018083,
    "time_total_3": 17.561333833
}