{
    "function_method_name": "extract_tables_to_files_from_pdf_document",
    "time_start_1": 1765492051.4194229,
    "time_end_1": 1765492051.479497,
    "time_total_1": 0.0600740909576416,
    "time_start_2": 2401074.122093625,
    "time_end_2": 2401074.182168791,
    "time_total_2": 0.060075166169553995,
    "time_start_3": 2401074122093666,
    "time_end_3": 2401074182168916,
    "time_total_3": 0.06007525
}