{
    "function_method_name": "extract_tables_to_files_from_pdf_document",
    "time_start_1": 1765463903.635196,
    "time_end_1": 1765463903.698774,
    "time_total_1": 0.06357812881469727,
    "time_start_2": 2372926.388770083,
    "time_end_2": 2372926.452349,
    "time_total_2": 0.06357891717925668,
    "time_start_3": 2372926388770166,
    "time_end_3": 2372926452349333,
    "time_total_3": 0.063579167
}