{
    "function_method_name": "extract_tables_to_files_from_pdf_document",
    "time_start_1": 1765523128.262673,
    "time_end_1": 1765523128.336961,
    "time_total_1": 0.07428812980651855,
    "time_start_2": 2432150.881723208,
    "time_end_2": 2432150.956012416,
    "time_total_2": 0.07428920827805996,
    "time_start_3": 2432150881723250,
    "time_end_3": 2432150956012541,
    "time_total_3": 0.074289291
}