{
    "function_method_name": "extract_text_to_file_from_any_document",
    "time_start_1": 1771445272.3791091,
    "time_end_1": 1771445272.3803039,
    "time_total_1": 0.0011947154998779297,
    "time_start_2": 435280.892441791,
    "time_end_2": 435280.893636791,
    "time_total_2": 0.0011949999607168138,
    "time_start_3": 435280892441833,
    "time_end_3": 435280893636916,
    "time_total_3": 0.001195083
}