{
    "function_method_name": "extract_tables_to_files_from_pdf_document",
    "time_start_1": 1772684646.365474,
    "time_end_1": 1772684698.796164,
    "time_total_1": 52.43069005012512,
    "time_start_2": 872376.650639291,
    "time_end_2": 872429.081017291,
    "time_total_2": 52.43037800001912,
    "time_start_3": 872376650639333,
    "time_end_3": 872429081017458,
    "time_total_3": 52.430378125
}