{
    "function_method_name": "extract_text_to_file_from_any_document",
    "time_start_1": 1771940826.2479858,
    "time_end_1": 1771940826.249276,
    "time_total_1": 0.0012900829315185547,
    "time_start_2": 149728.616342625,
    "time_end_2": 149728.617632541,
    "time_total_2": 0.0012899159919470549,
    "time_start_3": 149728616342666,
    "time_end_3": 149728617632583,
    "time_total_3": 0.001289917
}