{
    "function_method_name": "extract_images_from_pdf_to_files",
    "time_start_1": 1770304003.730165,
    "time_end_1": 1770304003.73163,
    "time_total_1": 0.0014650821685791016,
    "time_start_2": 3903436.173350333,
    "time_end_2": 3903436.174815333,
    "time_total_2": 0.0014650002121925354,
    "time_start_3": 3903436173350375,
    "time_end_3": 3903436174815416,
    "time_total_3": 0.001465041
}