{
    "function_method_name": "extract_images_from_pdf_to_files",
    "time_start_1": 1770570272.909187,
    "time_end_1": 1770570272.910609,
    "time_total_1": 0.0014219284057617188,
    "time_start_2": 4153267.039125916,
    "time_end_2": 4153267.040548541,
    "time_total_2": 0.0014226250350475311,
    "time_start_3": 4153267039126000,
    "time_end_3": 4153267040548625,
    "time_total_3": 0.001422625
}