{
    "function_method_name": "extract_images_from_pdf_to_files",
    "time_start_1": 1770514625.216844,
    "time_end_1": 1770514625.2183511,
    "time_total_1": 0.0015070438385009766,
    "time_start_2": 4097619.328722291,
    "time_end_2": 4097619.330229291,
    "time_total_2": 0.0015070000663399696,
    "time_start_3": 4097619328722375,
    "time_end_3": 4097619330229333,
    "time_total_3": 0.001506958
}