{
    "function_method_name": "extract_images_from_pdf_to_files",
    "time_start_1": 1770514817.5508428,
    "time_end_1": 1770514817.55231,
    "time_total_1": 0.0014672279357910156,
    "time_start_2": 4097811.662198208,
    "time_end_2": 4097811.663666291,
    "time_total_2": 0.0014680833555758,
    "time_start_3": 4097811662198250,
    "time_end_3": 4097811663666375,
    "time_total_3": 0.001468125
}