{
    "function_method_name": "extract_images_from_pdf_to_files",
    "time_start_1": 1771005367.184481,
    "time_end_1": 1771005367.185941,
    "time_total_1": 0.0014600753784179688,
    "time_start_2": 31720.696586583,
    "time_end_2": 31720.698047208,
    "time_total_2": 0.0014606250006181654,
    "time_start_3": 31720696586666,
    "time_end_3": 31720698047250,
    "time_total_3": 0.001460584
}