{
    "function_method_name": "extract_images_from_pdf_to_files",
    "time_start_1": 1770571954.036525,
    "time_end_1": 1770571954.03794,
    "time_total_1": 0.0014150142669677734,
    "time_start_2": 4154948.1647705,
    "time_end_2": 4154948.166185291,
    "time_total_2": 0.001414791215211153,
    "time_start_3": 4154948164770583,
    "time_end_3": 4154948166185333,
    "time_total_3": 0.00141475
}