{
    "function_method_name": "extract_images_from_pdf_to_files",
    "time_start_1": 1770301473.5419142,
    "time_end_1": 1770301473.543363,
    "time_total_1": 0.0014488697052001953,
    "time_start_2": 3900905.981540958,
    "time_end_2": 3900905.982990625,
    "time_total_2": 0.0014496669173240662,
    "time_start_3": 3900905981541000,
    "time_end_3": 3900905982990708,
    "time_total_3": 0.001449708
}