{
    "function_method_name": "extract_images_from_pdf_to_files",
    "time_start_1": 1771005971.246161,
    "time_end_1": 1771005971.247194,
    "time_total_1": 0.0010330677032470703,
    "time_start_2": 32324.75717625,
    "time_end_2": 32324.758209125,
    "time_total_2": 0.0010328749995096587,
    "time_start_3": 32324757176375,
    "time_end_3": 32324758209166,
    "time_total_3": 0.001032791
}