{
    "function_method_name": "extract_images_from_pdf_to_files",
    "time_start_1": 1770568327.95214,
    "time_end_1": 1770568327.953588,
    "time_total_1": 0.001447916030883789,
    "time_start_2": 4151322.088891875,
    "time_end_2": 4151322.090339625,
    "time_total_2": 0.0014477497898042202,
    "time_start_3": 4151322088891958,
    "time_end_3": 4151322090339708,
    "time_total_3": 0.00144775
}