{
    "function_method_name": "extract_images_from_pdf_to_files",
    "time_start_1": 1771004233.379193,
    "time_end_1": 1771004233.380162,
    "time_total_1": 0.00096893310546875,
    "time_start_2": 30586.89099025,
    "time_end_2": 30586.891958416,
    "time_total_2": 0.0009681659976195078,
    "time_start_3": 30586890990291,
    "time_end_3": 30586891958500,
    "time_total_3": 0.000968209
}