{
    "function_method_name": "extract_images_from_pdf_to_files",
    "time_start_1": 1770570797.473863,
    "time_end_1": 1770570797.475369,
    "time_total_1": 0.0015060901641845703,
    "time_start_2": 4153791.60244175,
    "time_end_2": 4153791.603947666,
    "time_total_2": 0.0015059160068631172,
    "time_start_3": 4153791602441791,
    "time_end_3": 4153791603947750,
    "time_total_3": 0.001505959
}