{
    "function_method_name": "extract_images_from_pdf_to_files",
    "time_start_1": 1770571670.6239822,
    "time_end_1": 1770571670.625482,
    "time_total_1": 0.0014998912811279297,
    "time_start_2": 4154664.752837083,
    "time_end_2": 4154664.754337958,
    "time_total_2": 0.001500875223428011,
    "time_start_3": 4154664752837166,
    "time_end_3": 4154664754338000,
    "time_total_3": 0.001500834
}