{
    "function_method_name": "extract_images_from_pdf_to_files",
    "time_start_1": 1770571757.65217,
    "time_end_1": 1770571757.653598,
    "time_total_1": 0.0014281272888183594,
    "time_start_2": 4154751.78083775,
    "time_end_2": 4154751.78226575,
    "time_total_2": 0.0014280001632869244,
    "time_start_3": 4154751780837833,
    "time_end_3": 4154751782265833,
    "time_total_3": 0.001428
}