{
    "function_method_name": "extract_images_from_pdf_to_files",
    "time_start_1": 1770515587.150316,
    "time_end_1": 1770515587.151791,
    "time_total_1": 0.0014750957489013672,
    "time_start_2": 4098581.259641666,
    "time_end_2": 4098581.261116333,
    "time_total_2": 0.0014746668748557568,
    "time_start_3": 4098581259641708,
    "time_end_3": 4098581261116416,
    "time_total_3": 0.001474708
}