{
    "function_method_name": "extract_images_from_pdf_to_files",
    "time_start_1": 1770305282.3955321,
    "time_end_1": 1770305282.396966,
    "time_total_1": 0.0014338493347167969,
    "time_start_2": 3904714.839033833,
    "time_end_2": 3904714.840467833,
    "time_total_2": 0.0014340002089738846,
    "time_start_3": 3904714839033875,
    "time_end_3": 3904714840467875,
    "time_total_3": 0.001434
}