{
    "function_method_name": "extract_images_from_pdf_to_files",
    "time_start_1": 1770514475.6549718,
    "time_end_1": 1770514475.656426,
    "time_total_1": 0.0014541149139404297,
    "time_start_2": 4097469.767244708,
    "time_end_2": 4097469.768699208,
    "time_total_2": 0.0014545000158250332,
    "time_start_3": 4097469767244750,
    "time_end_3": 4097469768699250,
    "time_total_3": 0.0014545
}