{
    "function_method_name": "extract_images_from_pdf_to_files",
    "time_start_1": 1770514496.964352,
    "time_end_1": 1770514496.965794,
    "time_total_1": 0.0014421939849853516,
    "time_start_2": 4097491.07656875,
    "time_end_2": 4097491.078010375,
    "time_total_2": 0.0014416249468922615,
    "time_start_3": 4097491076568833,
    "time_end_3": 4097491078010416,
    "time_total_3": 0.001441583
}