{
    "function_method_name": "extract_images_from_pdf_to_files",
    "time_start_1": 1770513193.537987,
    "time_end_1": 1770513193.539486,
    "time_total_1": 0.0014989376068115234,
    "time_start_2": 4096187.653109833,
    "time_end_2": 4096187.654608333,
    "time_total_2": 0.0014984998852014542,
    "time_start_3": 4096187653109916,
    "time_end_3": 4096187654608416,
    "time_total_3": 0.0014985
}