{
    "function_method_name": "extract_images_from_pdf_to_files",
    "time_start_1": 1770569115.022079,
    "time_end_1": 1770569115.02351,
    "time_total_1": 0.0014309883117675781,
    "time_start_2": 4152109.156639916,
    "time_end_2": 4152109.158071291,
    "time_total_2": 0.0014313752762973309,
    "time_start_3": 4152109156640000,
    "time_end_3": 4152109158071375,
    "time_total_3": 0.001431375
}