{
    "function_method_name": "extract_images_from_pdf_to_files",
    "time_start_1": 1770516613.051865,
    "time_end_1": 1770516613.0533278,
    "time_total_1": 0.001462697982788086,
    "time_start_2": 4099607.163208875,
    "time_end_2": 4099607.164671291,
    "time_total_2": 0.0014624162577092648,
    "time_start_3": 4099607163208916,
    "time_end_3": 4099607164671333,
    "time_total_3": 0.001462417
}