{
    "function_method_name": "extract_images_from_pdf_to_files",
    "time_start_1": 1770567561.501072,
    "time_end_1": 1770567561.502507,
    "time_total_1": 0.0014350414276123047,
    "time_start_2": 4150555.63953025,
    "time_end_2": 4150555.640965708,
    "time_total_2": 0.0014354581944644451,
    "time_start_3": 4150555639530291,
    "time_end_3": 4150555640965791,
    "time_total_3": 0.0014355
}