{
    "function_method_name": "extract_images_from_pdf_to_files",
    "time_start_1": 1770571365.4084742,
    "time_end_1": 1770571365.409894,
    "time_total_1": 0.0014197826385498047,
    "time_start_2": 4154359.537986458,
    "time_end_2": 4154359.539406541,
    "time_total_2": 0.0014200829900801182,
    "time_start_3": 4154359537986583,
    "time_end_3": 4154359539406625,
    "time_total_3": 0.001420042
}