{
    "function_method_name": "extract_images_from_pdf_to_files",
    "time_start_1": 1770569901.0580401,
    "time_end_1": 1770569901.059476,
    "time_total_1": 0.0014357566833496094,
    "time_start_2": 4152895.188953041,
    "time_end_2": 4152895.190389041,
    "time_total_2": 0.001435999758541584,
    "time_start_3": 4152895188953083,
    "time_end_3": 4152895190389083,
    "time_total_3": 0.001436
}