{
    "function_method_name": "extract_images_from_pdf_to_files",
    "time_start_1": 1770513471.4002151,
    "time_end_1": 1770513471.401675,
    "time_total_1": 0.0014598369598388672,
    "time_start_2": 4096465.515145875,
    "time_end_2": 4096465.516606083,
    "time_total_2": 0.0014602080918848515,
    "time_start_3": 4096465515145958,
    "time_end_3": 4096465516606166,
    "time_total_3": 0.001460208
}