{
    "function_method_name": "extract_images_from_pdf_to_files",
    "time_start_1": 1770305605.924493,
    "time_end_1": 1770305605.92591,
    "time_total_1": 0.001416921615600586,
    "time_start_2": 3905038.368070416,
    "time_end_2": 3905038.369488125,
    "time_total_2": 0.0014177090488374233,
    "time_start_3": 3905038368070500,
    "time_end_3": 3905038369488208,
    "time_total_3": 0.001417708
}