{
    "function_method_name": "extract_images_from_pdf_to_files",
    "time_start_1": 1770567934.1155899,
    "time_end_1": 1770567934.117012,
    "time_total_1": 0.0014221668243408203,
    "time_start_2": 4150928.2532005,
    "time_end_2": 4150928.254622916,
    "time_total_2": 0.0014224164187908173,
    "time_start_3": 4150928253200541,
    "time_end_3": 4150928254622958,
    "time_total_3": 0.001422417
}