{
    "function_method_name": "extract_images_from_pdf_to_files",
    "time_start_1": 1771004480.514008,
    "time_end_1": 1771004480.51506,
    "time_total_1": 0.0010519027709960938,
    "time_start_2": 30834.025239708,
    "time_end_2": 30834.026291333,
    "time_total_2": 0.0010516250004002359,
    "time_start_3": 30834025239791,
    "time_end_3": 30834026291416,
    "time_total_3": 0.001051625
}