{
    "function_method_name": "extract_images_from_pdf_to_files",
    "time_start_1": 1770512167.860811,
    "time_end_1": 1770512167.8623009,
    "time_total_1": 0.001489877700805664,
    "time_start_2": 4095161.97877875,
    "time_end_2": 4095161.980268375,
    "time_total_2": 0.001489624846726656,
    "time_start_3": 4095161978778833,
    "time_end_3": 4095161980268458,
    "time_total_3": 0.001489625
}