{
    "function_method_name": "extract_images_from_pdf_to_files",
    "time_start_1": 1770301495.02838,
    "time_end_1": 1770301495.0298529,
    "time_total_1": 0.0014729499816894531,
    "time_start_2": 3900927.4679975,
    "time_end_2": 3900927.469469833,
    "time_total_2": 0.0014723329804837704,
    "time_start_3": 3900927467997541,
    "time_end_3": 3900927469469916,
    "time_total_3": 0.001472375
}