{
    "function_method_name": "extract_images_from_pdf_to_files",
    "time_start_1": 1770568043.4665039,
    "time_end_1": 1770568043.467926,
    "time_total_1": 0.0014221668243408203,
    "time_start_2": 4151037.603874041,
    "time_end_2": 4151037.60529575,
    "time_total_2": 0.0014217090792953968,
    "time_start_3": 4151037603874125,
    "time_end_3": 4151037605295791,
    "time_total_3": 0.001421666
}