{
    "function_method_name": "extract_images_from_pdf_to_files",
    "time_start_1": 1770304391.212847,
    "time_end_1": 1770304391.214302,
    "time_total_1": 0.001455068588256836,
    "time_start_2": 3903823.656125166,
    "time_end_2": 3903823.657580458,
    "time_total_2": 0.0014552921056747437,
    "time_start_3": 3903823656125208,
    "time_end_3": 3903823657580500,
    "time_total_3": 0.001455292
}