{
    "function_method_name": "extract_images_from_pdf_to_files",
    "time_start_1": 1770304456.075039,
    "time_end_1": 1770304456.076548,
    "time_total_1": 0.0015091896057128906,
    "time_start_2": 3903888.518332583,
    "time_end_2": 3903888.519842458,
    "time_total_2": 0.0015098750591278076,
    "time_start_3": 3903888518332625,
    "time_end_3": 3903888519842500,
    "time_total_3": 0.001509875
}