{
    "function_method_name": "extract_images_from_pdf_to_files",
    "time_start_1": 1770304089.708319,
    "time_end_1": 1770304089.7098172,
    "time_total_1": 0.0014982223510742188,
    "time_start_2": 3903522.151525041,
    "time_end_2": 3903522.153022791,
    "time_total_2": 0.0014977497048676014,
    "time_start_3": 3903522151525083,
    "time_end_3": 3903522153022833,
    "time_total_3": 0.00149775
}