{
    "function_method_name": "extract_images_from_pdf_to_files",
    "time_start_1": 1770514988.526943,
    "time_end_1": 1770514988.528384,
    "time_total_1": 0.0014410018920898438,
    "time_start_2": 4097982.637846958,
    "time_end_2": 4097982.639288416,
    "time_total_2": 0.0014414582401514053,
    "time_start_3": 4097982637847041,
    "time_end_3": 4097982639288458,
    "time_total_3": 0.001441417
}