{
    "function_method_name": "extract_images_from_pdf_to_files",
    "time_start_1": 1770513214.8404999,
    "time_end_1": 1770513214.841951,
    "time_total_1": 0.0014510154724121094,
    "time_start_2": 4096208.955564166,
    "time_end_2": 4096208.957015208,
    "time_total_2": 0.001451042015105486,
    "time_start_3": 4096208955564166,
    "time_end_3": 4096208957015291,
    "time_total_3": 0.001451125
}