{
    "function_method_name": "extract_images_from_pdf_to_files",
    "time_start_1": 1770514796.243932,
    "time_end_1": 1770514796.245363,
    "time_total_1": 0.0014309883117675781,
    "time_start_2": 4097790.355344125,
    "time_end_2": 4097790.3567755,
    "time_total_2": 0.0014313748106360435,
    "time_start_3": 4097790355344166,
    "time_end_3": 4097790356775541,
    "time_total_3": 0.001431375
}