{
    "function_method_name": "extract_images_from_pdf_to_files",
    "time_start_1": 1770516292.4835,
    "time_end_1": 1770516292.484986,
    "time_total_1": 0.001486063003540039,
    "time_start_2": 4099286.595408291,
    "time_end_2": 4099286.596894583,
    "time_total_2": 0.0014862921088933945,
    "time_start_3": 4099286595408333,
    "time_end_3": 4099286596894625,
    "time_total_3": 0.001486292
}