{
    "function_method_name": "extract_text_to_file_from_any_document",
    "time_start_1": 1769270393.8766,
    "time_end_1": 1769270395.9783711,
    "time_total_1": 2.101771116256714,
    "time_start_2": 2874623.041044041,
    "time_end_2": 2874625.142813708,
    "time_total_2": 2.1017696671187878,
    "time_start_3": 2874623041044083,
    "time_end_3": 2874625142813916,
    "time_total_3": 2.101769833
}