{
    "function_method_name": "extract_text_to_file_from_any_document",
    "time_start_1": 1772653279.455331,
    "time_end_1": 1772653280.877307,
    "time_total_1": 1.42197585105896,
    "time_start_2": 841009.8624785,
    "time_end_2": 841011.284450041,
    "time_total_2": 1.4219715410145,
    "time_start_3": 841009862478541,
    "time_end_3": 841011284450125,
    "time_total_3": 1.421971584
}