{
    "function_method_name": "extract_tables_to_files_from_pdf_document",
    "time_start_1": 1769610817.165857,
    "time_end_1": 1769610817.783077,
    "time_total_1": 0.6172199249267578,
    "time_start_2": 3210249.152884708,
    "time_end_2": 3210249.770103208,
    "time_total_2": 0.6172185000032187,
    "time_start_3": 3210249152884791,
    "time_end_3": 3210249770103500,
    "time_total_3": 0.617218709
}