{
    "function_method_name": "extract_tables_to_files_from_pdf_document",
    "time_start_1": 1771002693.9580102,
    "time_end_1": 1771002696.2789109,
    "time_total_1": 2.3209006786346436,
    "time_start_2": 29047.47227075,
    "time_end_2": 29049.793165916,
    "time_total_2": 2.320895165998081,
    "time_start_3": 29047472270833,
    "time_end_3": 29049793166125,
    "time_total_3": 2.320895292
}