{
    "function_method_name": "extract_text_to_file_from_any_document",
    "time_start_1": 1769721760.009262,
    "time_end_1": 1769721760.410857,
    "time_total_1": 0.401594877243042,
    "time_start_2": 3321191.878311791,
    "time_end_2": 3321192.279906583,
    "time_total_2": 0.4015947920270264,
    "time_start_3": 3321191878311875,
    "time_end_3": 3321192279906916,
    "time_total_3": 0.401595041
}