{
  "function_method_name": "extract_text_to_file_from_any_document",
  "num_pages": 44,
  "time_start_1": 1773186085.5229251,
  "time_end_1": 1773186231.8448482,
  "time_total_1": 146.32192301750183,
  "pages_per_second_1": 0.3007068188595162,
  "time_start_2": 1327076.441202375,
  "time_end_2": 1327222.762507791,
  "time_total_2": 146.32130541582592,
  "pages_per_second_2": 0.30070808810075733,
  "time_start_3": 1327076441202541,
  "time_end_3": 1327222762508083,
  "time_total_3": 146.321305542,
  "pages_per_second_3": 0.3007080878414542
}