{
    "function_method_name": "extract_tables_to_files_from_pdf_document",
    "time_start_1": 1769328417.857381,
    "time_end_1": 1769328424.972296,
    "time_total_1": 7.114914894104004,
    "time_start_2": 2932646.848545625,
    "time_end_2": 2932653.963442416,
    "time_total_2": 7.1148967910557985,
    "time_start_3": 2932646848545666,
    "time_end_3": 2932653963442625,
    "time_total_3": 7.114896959
}