{
    "function_method_name": "extract_tables_to_files_from_pdf_document",
    "time_start_1": 1769326746.522757,
    "time_end_1": 1769326753.536127,
    "time_total_1": 7.013370037078857,
    "time_start_2": 2930975.518901833,
    "time_end_2": 2930982.532255125,
    "time_total_2": 7.013353292364627,
    "time_start_3": 2930975518901875,
    "time_end_3": 2930982532255375,
    "time_total_3": 7.0133535
}