{
    "function_method_name": "extract_text_to_file_from_any_document",
    "time_start_1": 1771403304.4404411,
    "time_end_1": 1771403310.419609,
    "time_total_1": 5.979167938232422,
    "time_start_2": 410293.26154675,
    "time_end_2": 410299.240694083,
    "time_total_2": 5.979147332953289,
    "time_start_3": 410293261546791,
    "time_end_3": 410299240694375,
    "time_total_3": 5.979147584
}