{
    "function_method_name": "extract_text_to_file_from_any_document",
    "time_start_1": 1769788033.218325,
    "time_end_1": 1769788039.238775,
    "time_total_1": 6.020450115203857,
    "time_start_2": 3387465.109556958,
    "time_end_2": 3387471.130005708,
    "time_total_2": 6.020448749884963,
    "time_start_3": 3387465109557000,
    "time_end_3": 3387471130005833,
    "time_total_3": 6.020448833
}