{
    "function_method_name": "extract_text_to_file_from_any_document",
    "time_start_1": 1771942043.253906,
    "time_end_1": 1771942043.381964,
    "time_total_1": 0.12805795669555664,
    "time_start_2": 150945.621186875,
    "time_end_2": 150945.74924475,
    "time_total_2": 0.12805787500110455,
    "time_start_3": 150945621186958,
    "time_end_3": 150945749244958,
    "time_total_3": 0.128058
}