{
    "function_method_name": "extract_tables_to_files_from_pdf_document",
    "time_start_1": 1769685597.816391,
    "time_end_1": 1769685603.2523048,
    "time_total_1": 5.435913801193237,
    "time_start_2": 3285029.794797666,
    "time_end_2": 3285035.230714166,
    "time_total_2": 5.4359165001660585,
    "time_start_3": 3285029794797750,
    "time_end_3": 3285035230714375,
    "time_total_3": 5.435916625
}