{
    "function_method_name": "extract_tables_to_files_from_pdf_document",
    "time_start_1": 1769629684.259972,
    "time_end_1": 1769629689.679165,
    "time_total_1": 5.419192790985107,
    "time_start_2": 3229116.175648375,
    "time_end_2": 3229121.594816958,
    "time_total_2": 5.419168583117425,
    "time_start_3": 3229116175648416,
    "time_end_3": 3229121594817291,
    "time_total_3": 5.419168875
}