{
    "function_method_name": "extract_tables_to_files_from_pdf_document",
    "time_start_1": 1769625710.5072331,
    "time_end_1": 1769625715.9630668,
    "time_total_1": 5.455833673477173,
    "time_start_2": 3225142.439776625,
    "time_end_2": 3225147.895586125,
    "time_total_2": 5.455809500068426,
    "time_start_3": 3225142439776750,
    "time_end_3": 3225147895586291,
    "time_total_3": 5.455809541
}