{
  "function_method_name": "extract_text_to_file_from_any_document",
  "num_pages": 0,
  "time_start_1": 1773045177.073267,
  "time_end_1": 1773045177.152907,
  "time_total_1": 0.07963991165161133,
  "pages_per_second_1": 0.0,
  "time_start_2": 1204829.486490958,
  "time_end_2": 1204829.566137291,
  "time_total_2": 0.0796463331207633,
  "pages_per_second_2": 0.0,
  "time_start_3": 1204829486491000,
  "time_end_3": 1204829566137750,
  "time_total_3": 0.07964675,
  "pages_per_second_3": 0.0
}