{
    "function_method_name": "extract_text_to_file_from_any_document",
    "time_start_1": 1772652670.081727,
    "time_end_1": 1772652670.131427,
    "time_total_1": 0.049700021743774414,
    "time_start_2": 840400.491171583,
    "time_end_2": 840400.540871333,
    "time_total_2": 0.04969975003041327,
    "time_start_3": 840400491171625,
    "time_end_3": 840400540871458,
    "time_total_3": 0.049699833
}