{
    "function_method_name": "extract_text_to_file_from_any_document",
    "time_start_1": 1769607896.141661,
    "time_end_1": 1769607896.2165608,
    "time_total_1": 0.07489991188049316,
    "time_start_2": 3207328.139931375,
    "time_end_2": 3207328.21483075,
    "time_total_2": 0.0748993749730289,
    "time_start_3": 3207328139931416,
    "time_end_3": 3207328214830833,
    "time_total_3": 0.074899417
}