{
    "function_method_name": "extract_text_to_file_from_any_document",
    "time_start_1": 1769382004.2335098,
    "time_end_1": 1769382004.309016,
    "time_total_1": 0.07550621032714844,
    "time_start_2": 2986233.182091583,
    "time_end_2": 2986233.257597458,
    "time_total_2": 0.07550587505102158,
    "time_start_3": 2986233182091625,
    "time_end_3": 2986233257597750,
    "time_total_3": 0.075506125
}