{
    "function_method_name": "extract_text_to_file_from_any_document",
    "time_start_1": 1769788067.058366,
    "time_end_1": 1769788067.133764,
    "time_total_1": 0.07539796829223633,
    "time_start_2": 3387498.949589375,
    "time_end_2": 3387499.0249875,
    "time_total_2": 0.07539812522009015,
    "time_start_3": 3387498949589458,
    "time_end_3": 3387499024987583,
    "time_total_3": 0.075398125
}