{
  "function_method_name": "extract_text_to_file_from_any_document",
  "time_start_1": 1783968679.4353652,
  "time_end_1": 1783968691.22835,
  "time_total_1": 11.7929847240448,
  "time_start_2": 208.249015166,
  "time_end_2": 220.041969166,
  "time_total_2": 11.792954000000009,
  "time_start_3": 208249015208,
  "time_end_3": 220041969375,
  "time_total_3": 11.792954167,
  "num_pages": 13,
  "pages_per_second_1": 1.1023502789327122,
  "pages_per_second_2": 1.1023531508729696,
  "pages_per_second_3": 1.1023531352625497
}