{
    "function_method_name": "extract_tables_to_files_from_pdf_document",
    "time_start_1": 1769627647.0550232,
    "time_end_1": 1769627655.976526,
    "time_total_1": 8.921502828598022,
    "time_start_2": 3227078.983543625,
    "time_end_2": 3227087.905014083,
    "time_total_2": 8.921470457687974,
    "time_start_3": 3227078983543708,
    "time_end_3": 3227087905014458,
    "time_total_3": 8.92147075
}