{
    "function_method_name": "extract_tables_to_files_from_pdf_document",
    "time_start_1": 1769610931.952257,
    "time_end_1": 1769610941.353431,
    "time_total_1": 9.401174068450928,
    "time_start_2": 3210363.938945958,
    "time_end_2": 3210373.340092625,
    "time_total_2": 9.401146667078137,
    "time_start_3": 3210363938946000,
    "time_end_3": 3210373340093000,
    "time_total_3": 9.401147
}