{
    "function_method_name": "extract_text_to_file_from_any_document",
    "time_start_1": 1771585124.492584,
    "time_end_1": 1771585390.9042199,
    "time_total_1": 266.4116358757019,
    "time_start_2": 52184.093787583,
    "time_end_2": 52450.504389916,
    "time_total_2": 266.4106023330023,
    "time_start_3": 52184093787750,
    "time_end_3": 52450504390083,
    "time_total_3": 266.410602333
}