{
    "function_method_name": "extract_tables_to_files_from_pdf_document",
    "time_start_1": 1769288415.797077,
    "time_end_1": 1769288416.127667,
    "time_total_1": 0.33059000968933105,
    "time_start_2": 2892644.909445708,
    "time_end_2": 2892645.240034666,
    "time_total_2": 0.330588957760483,
    "time_start_3": 2892644909445750,
    "time_end_3": 2892645240034791,
    "time_total_3": 0.330589041
}