{
    "function_method_name": "extract_tables_to_files_from_pdf_document",
    "time_start_1": 1769612057.792686,
    "time_end_1": 1769612058.2685928,
    "time_total_1": 0.4759068489074707,
    "time_start_2": 3211489.776025166,
    "time_end_2": 3211490.25193175,
    "time_total_2": 0.4759065844118595,
    "time_start_3": 3211489776025208,
    "time_end_3": 3211490251931958,
    "time_total_3": 0.47590675
}