{
    "function_method_name": "extract_tables_to_files_from_pdf_document",
    "time_start_1": 1769286040.812074,
    "time_end_1": 1769286041.1425369,
    "time_total_1": 0.3304629325866699,
    "time_start_2": 2890269.937326833,
    "time_end_2": 2890270.267789208,
    "time_total_2": 0.3304623747244477,
    "time_start_3": 2890269937326875,
    "time_end_3": 2890270267789333,
    "time_total_3": 0.330462458
}