{
    "function_method_name": "extract_tables_to_files_from_pdf_document",
    "time_start_1": 1769421299.422173,
    "time_end_1": 1769421299.902645,
    "time_total_1": 0.4804720878601074,
    "time_start_2": 3025528.275092166,
    "time_end_2": 3025528.755563416,
    "time_total_2": 0.48047125013545156,
    "time_start_3": 3025528275092250,
    "time_end_3": 3025528755563583,
    "time_total_3": 0.480471333
}