{
    "function_method_name": "extract_tables_to_files_from_pdf_document",
    "time_start_1": 1769306939.4055731,
    "time_end_1": 1769306939.8871932,
    "time_total_1": 0.48162007331848145,
    "time_start_2": 2911168.4559,
    "time_end_2": 2911168.937519458,
    "time_total_2": 0.4816194581799209,
    "time_start_3": 2911168455900083,
    "time_end_3": 2911168937519583,
    "time_total_3": 0.4816195
}