{
    "function_method_name": "extract_tables_to_files_from_pdf_document",
    "time_start_1": 1769622860.0467541,
    "time_end_1": 1769622860.521749,
    "time_total_1": 0.4749948978424072,
    "time_start_2": 3222291.996593666,
    "time_end_2": 3222292.471588375,
    "time_total_2": 0.47499470924958587,
    "time_start_3": 3222291996593750,
    "time_end_3": 3222292471588583,
    "time_total_3": 0.474994833
}