{
    "function_method_name": "extract_tables_to_files_from_pdf_document",
    "time_start_1": 1769418067.742269,
    "time_end_1": 1769418068.2224011,
    "time_total_1": 0.4801321029663086,
    "time_start_2": 3022296.603395708,
    "time_end_2": 3022297.083526625,
    "time_total_2": 0.4801309169270098,
    "time_start_3": 3022296603395875,
    "time_end_3": 3022297083526791,
    "time_total_3": 0.480130916
}