{
    "function_method_name": "extract_tables_to_files_from_pdf_document",
    "time_start_1": 1769299374.10482,
    "time_end_1": 1769299379.501492,
    "time_total_1": 5.396672010421753,
    "time_start_2": 2903603.173387333,
    "time_end_2": 2903608.570042291,
    "time_total_2": 5.396654958371073,
    "time_start_3": 2903603173387375,
    "time_end_3": 2903608570042500,
    "time_total_3": 5.396655125
}