{
    "function_method_name": "extract_tables_to_files_from_pdf_document",
    "time_start_1": 1769323750.460835,
    "time_end_1": 1769323756.292372,
    "time_total_1": 5.8315370082855225,
    "time_start_2": 2927979.464771708,
    "time_end_2": 2927985.296294541,
    "time_total_2": 5.8315228330902755,
    "time_start_3": 2927979464771833,
    "time_end_3": 2927985296294750,
    "time_total_3": 5.831522917
}