{
    "function_method_name": "extract_tables_to_files_from_pdf_document",
    "time_start_1": 1769631299.4100459,
    "time_end_1": 1769631304.951072,
    "time_total_1": 5.5410261154174805,
    "time_start_2": 3230731.319887916,
    "time_end_2": 3230736.860890125,
    "time_total_2": 5.541002208832651,
    "time_start_3": 3230731319887958,
    "time_end_3": 3230736860890416,
    "time_total_3": 5.541002458
}