{
    "function_method_name": "extract_tables_to_files_from_pdf_document",
    "time_start_1": 1769633632.600468,
    "time_end_1": 1769633637.864935,
    "time_total_1": 5.264467000961304,
    "time_start_2": 3233064.502535375,
    "time_end_2": 3233069.766983083,
    "time_total_2": 5.264447708148509,
    "time_start_3": 3233064502535500,
    "time_end_3": 3233069766983208,
    "time_total_3": 5.264447708
}