{
    "function_method_name": "extract_tables_to_files_from_pdf_document",
    "time_start_1": 1769305882.074535,
    "time_end_1": 1769305887.456301,
    "time_total_1": 5.381766080856323,
    "time_start_2": 2910111.127127,
    "time_end_2": 2910116.508879,
    "time_total_2": 5.381751999724656,
    "time_start_3": 2910111127127125,
    "time_end_3": 2910116508879250,
    "time_total_3": 5.381752125
}