{
    "function_method_name": "extract_tables_to_files_from_pdf_document",
    "time_start_1": 1769287635.925847,
    "time_end_1": 1769287640.121086,
    "time_total_1": 4.195238828659058,
    "time_start_2": 2891865.041151625,
    "time_end_2": 2891869.236374791,
    "time_total_2": 4.195223165675998,
    "time_start_3": 2891865041151708,
    "time_end_3": 2891869236375000,
    "time_total_3": 4.195223292
}