{
    "function_method_name": "extract_text_to_file_from_pdf_document",
    "time_start_1": 1765469102.5896032,
    "time_end_1": 1765469246.61214,
    "time_total_1": 144.02253675460815,
    "time_start_2": 2378125.382720958,
    "time_end_2": 2378269.405709333,
    "time_total_2": 144.02298837481067,
    "time_start_3": 2378125382721166,
    "time_end_3": 2378269405709458,
    "time_total_3": 144.022988292
}