{
  "function_method_name": "extract_text_to_file_from_any_document",
  "num_pages": 0,
  "time_start_1": 1773043755.770769,
  "time_end_1": 1773043760.669122,
  "time_total_1": 4.898353099822998,
  "pages_per_second_1": 0.0,
  "time_start_2": 1203408.187521583,
  "time_end_2": 1203413.085878375,
  "time_total_2": 4.898356792051345,
  "pages_per_second_2": 0.0,
  "time_start_3": 1203408187521666,
  "time_end_3": 1203413085878708,
  "time_total_3": 4.898357042,
  "pages_per_second_3": 0.0
}