{
    "function_method_name": "extract_tables_to_files_from_pdf_document",
    "time_start_1": 1769430268.354381,
    "time_end_1": 1769430280.260572,
    "time_total_1": 11.906190872192383,
    "time_start_2": 3034497.172308708,
    "time_end_2": 3034509.078450875,
    "time_total_2": 11.906142166815698,
    "time_start_3": 3034497172308791,
    "time_end_3": 3034509078451083,
    "time_total_3": 11.906142292
}