{
    "function_method_name": "extract_tables_to_files_from_pdf_document",
    "time_start_1": 1769330071.077798,
    "time_end_1": 1769330084.066891,
    "time_total_1": 12.98909306526184,
    "time_start_2": 2934300.064316375,
    "time_end_2": 2934313.053374833,
    "time_total_2": 12.98905845778063,
    "time_start_3": 2934300064316500,
    "time_end_3": 2934313053375041,
    "time_total_3": 12.989058541
}