{
    "function_method_name": "extract_tables_to_files_from_pdf_document",
    "time_start_1": 1769299033.824491,
    "time_end_1": 1769299045.749592,
    "time_total_1": 11.925101041793823,
    "time_start_2": 2903262.892774208,
    "time_end_2": 2903274.818183291,
    "time_total_2": 11.925409082788974,
    "time_start_3": 2903262892774291,
    "time_end_3": 2903274818183541,
    "time_total_3": 11.92540925
}