{
    "function_method_name": "extract_tables_to_files_from_pdf_document",
    "time_start_1": 1769308791.3817532,
    "time_end_1": 1769308803.229234,
    "time_total_1": 11.847480773925781,
    "time_start_2": 2913020.427290333,
    "time_end_2": 2913032.274742416,
    "time_total_2": 11.847452083136886,
    "time_start_3": 2913020427290375,
    "time_end_3": 2913032274742708,
    "time_total_3": 11.847452333
}