{
    "function_method_name": "extract_tables_to_files_from_pdf_document",
    "time_start_1": 1769638793.1479208,
    "time_end_1": 1769638802.617764,
    "time_total_1": 9.46984314918518,
    "time_start_2": 3238225.052890166,
    "time_end_2": 3238234.522722458,
    "time_total_2": 9.469832291826606,
    "time_start_3": 3238225052890250,
    "time_end_3": 3238234522722750,
    "time_total_3": 9.4698325
}