{
    "function_method_name": "extract_tables_to_files_from_pdf_document",
    "time_start_1": 1769627083.505915,
    "time_end_1": 1769627093.000006,
    "time_total_1": 9.494091033935547,
    "time_start_2": 3226515.436527791,
    "time_end_2": 3226524.930584125,
    "time_total_2": 9.4940563342534,
    "time_start_3": 3226515436527791,
    "time_end_3": 3226524930584333,
    "time_total_3": 9.494056542
}