{
    "function_method_name": "extract_markdown_to_file_from_any_document",
    "num_pages": 44,
    "time_start_1": 1769605077.655162,
    "time_end_1": 1769605095.879328,
    "time_total_1": 18.22416591644287,
    "pages_per_second_1": 2.4143766140924297,
    "time_start_2": 3204509.661284208,
    "time_end_2": 3204527.885435541,
    "time_total_2": 18.224151333328336,
    "pages_per_second_2": 2.4143785460962883,
    "time_start_3": 3204509661284291,
    "time_end_3": 3204527885435666,
    "time_total_3": 18.224151375,
    "pages_per_second_3": 2.4143785405755276
}