{
    "function_method_name": "extract_text_to_file_from_any_document",
    "time_start_1": 1771572648.290586,
    "time_end_1": 1771572655.423481,
    "time_total_1": 7.132894992828369,
    "time_start_2": 39707.969186625,
    "time_end_2": 39715.098198208,
    "time_total_2": 7.129011582997919,
    "time_start_3": 39707969186708,
    "time_end_3": 39715098198291,
    "time_total_3": 7.129011583
}