{
    "function_method_name": "extract_text_to_file_from_any_document",
    "time_start_1": 1765462265.283799,
    "time_end_1": 1765462270.433177,
    "time_total_1": 5.149378061294556,
    "time_start_2": 2371288.06785825,
    "time_end_2": 2371293.217227541,
    "time_total_2": 5.1493692910298705,
    "time_start_3": 2371288067858375,
    "time_end_3": 2371293217227708,
    "time_total_3": 5.149369333
}