{
    "function_method_name": "extract_text_to_file_from_pdf_document",
    "time_start_1": 1770471144.11606,
    "time_end_1": 1770471153.0447412,
    "time_total_1": 8.928681135177612,
    "time_start_2": 4054138.312544541,
    "time_end_2": 4054147.241207333,
    "time_total_2": 8.928662791848183,
    "time_start_3": 4054138312544583,
    "time_end_3": 4054147241207500,
    "time_total_3": 8.928662917
}