{
    "function_method_name": "api_parse_analyze_markdown_mistune",
    "time_start_1": 1772789859.144869,
    "time_end_1": 1772789859.1551738,
    "time_total_1": 0.010304689407348633,
    "time_start_2": 963829.102188583,
    "time_end_2": 963829.112494083,
    "time_total_2": 0.010305500007234514,
    "time_start_3": 963829102188625,
    "time_end_3": 963829112494333,
    "time_total_3": 0.010305708
}