{
    "function_method_name": "extract_text_to_file_from_any_document",
    "time_start_1": 1772789770.078474,
    "time_end_1": 1772789770.0786078,
    "time_total_1": 0.00013375282287597656,
    "time_start_2": 963740.035757041,
    "time_end_2": 963740.035891083,
    "time_total_2": 0.00013404199853539467,
    "time_start_3": 963740035757083,
    "time_end_3": 963740035891125,
    "time_total_3": 0.000134042
}