{
  "function_method_name": "extract_markdown_to_file_from_any_document",
  "num_pages": 31,
  "time_start_1": 1772983062.806698,
  "time_end_1": 1772983068.5531158,
  "time_total_1": 5.746417760848999,
  "pages_per_second_1": 5.394665214075896,
  "time_start_2": 1142715.37554775,
  "time_end_2": 1142721.121947041,
  "time_total_2": 5.74639929109253,
  "pages_per_second_2": 5.39468255330829,
  "time_start_3": 1142715375547833,
  "time_end_3": 1142721121947125,
  "time_total_3": 5.746399292,
  "pages_per_second_3": 5.394682552456363
}