{
    "function_method_name": "extract_tables_to_files_from_pdf_document",
    "time_start_1": 1769330347.340995,
    "time_end_1": 1769330375.36516,
    "time_total_1": 28.02416491508484,
    "time_start_2": 2934576.326760166,
    "time_end_2": 2934604.350848208,
    "time_total_2": 28.024088042322546,
    "time_start_3": 2934576326760208,
    "time_end_3": 2934604350848458,
    "time_total_3": 28.02408825
}