{
    "function_method_name": "extract_tables_to_files_from_pdf_document",
    "time_start_1": 1769300924.731165,
    "time_end_1": 1769300950.890662,
    "time_total_1": 26.159497022628784,
    "time_start_2": 2905153.795650875,
    "time_end_2": 2905179.955069666,
    "time_total_2": 26.159418790601194,
    "time_start_3": 2905153795650958,
    "time_end_3": 2905179955069833,
    "time_total_3": 26.159418875
}