{
    "function_method_name": "extract_tables_to_files_from_pdf_document",
    "time_start_1": 1769309061.419971,
    "time_end_1": 1769309088.033553,
    "time_total_1": 26.613581895828247,
    "time_start_2": 2913290.464827708,
    "time_end_2": 2913317.078343416,
    "time_total_2": 26.613515708129853,
    "time_start_3": 2913290464827750,
    "time_end_3": 2913317078343916,
    "time_total_3": 26.613516166
}