{
  "function_method_name": "extract_text_to_file_from_any_document",
  "num_pages": 94,
  "time_start_1": 1773045202.8000991,
  "time_end_1": 1773045203.6004422,
  "time_total_1": 0.8003430366516113,
  "pages_per_second_1": 117.44963808677218,
  "time_start_2": 1204855.213307041,
  "time_end_2": 1204856.013650083,
  "time_total_2": 0.8003430420067161,
  "pages_per_second_2": 117.44963730091527,
  "time_start_3": 1204855213307083,
  "time_end_3": 1204856013650416,
  "time_total_3": 0.800343333,
  "pages_per_second_3": 117.44959459792238
}