{
    "function_method_name": "extract_text_to_file_from_any_document",
    "time_start_1": 1763208886.241914,
    "time_end_1": 1763208886.996437,
    "time_total_1": 0.7545230388641357,
    "time_start_2": 175096.53997175,
    "time_end_2": 175097.294497208,
    "time_total_2": 0.7545254580036271,
    "time_start_3": 175096539971791,
    "time_end_3": 175097294497375,
    "time_total_3": 0.754525584
}