{
    "function_method_name": "extract_text_to_file_from_any_document",
    "time_start_1": 1763070067.263107,
    "time_end_1": 1763070068.3093162,
    "time_total_1": 1.0462090969085693,
    "time_start_2": 36277.797642791,
    "time_end_2": 36278.843845416,
    "time_total_2": 1.0462026249952032,
    "time_start_3": 36277797642875,
    "time_end_3": 36278843845708,
    "time_total_3": 1.046202833
}