{
    "function_method_name": "extract_text_to_file_from_any_document",
    "time_start_1": 1763082618.881079,
    "time_end_1": 1763082619.941091,
    "time_total_1": 1.0600121021270752,
    "time_start_2": 48829.434174375,
    "time_end_2": 48830.494193958,
    "time_total_2": 1.0600195830047596,
    "time_start_3": 48829434174458,
    "time_end_3": 48830494194250,
    "time_total_3": 1.060019792
}