{
    "function_method_name": "extract_text_to_file_from_any_document",
    "time_start_1": 1763131423.187434,
    "time_end_1": 1763131424.222336,
    "time_total_1": 1.0349020957946777,
    "time_start_2": 97633.59692675,
    "time_end_2": 97634.631827833,
    "time_total_2": 1.0349010829959298,
    "time_start_3": 97633596926791,
    "time_end_3": 97634631828125,
    "time_total_3": 1.034901334
}