{
    "function_method_name": "extract_text_to_file_from_any_document",
    "time_start_1": 1771444476.331506,
    "time_end_1": 1771444476.3435788,
    "time_total_1": 0.01207280158996582,
    "time_start_2": 434484.8359915,
    "time_end_2": 434484.848064791,
    "time_total_2": 0.01207329099997878,
    "time_start_3": 434484835991541,
    "time_end_3": 434484848064875,
    "time_total_3": 0.012073334
}