{
    "function_method_name": "extract_images_from_pdf_to_files",
    "time_start_1": 1769716861.2155142,
    "time_end_1": 1769716861.215984,
    "time_total_1": 0.0004699230194091797,
    "time_start_2": 3316293.098207208,
    "time_end_2": 3316293.098677583,
    "time_total_2": 0.0004703751765191555,
    "time_start_3": 3316293098207291,
    "time_end_3": 3316293098677625,
    "time_total_3": 0.000470334
}