{
    "function_method_name": "extract_images_from_pdf_to_files",
    "time_start_1": 1769604881.80053,
    "time_end_1": 1769604881.801274,
    "time_total_1": 0.0007441043853759766,
    "time_start_2": 3204313.806814208,
    "time_end_2": 3204313.80755825,
    "time_total_2": 0.0007440419867634773,
    "time_start_3": 3204313806814291,
    "time_end_3": 3204313807558416,
    "time_total_3": 0.000744125
}