{
    "function_method_name": "extract_text_to_file_from_any_document",
    "time_start_1": 1771940824.071439,
    "time_end_1": 1771940824.114345,
    "time_total_1": 0.04290604591369629,
    "time_start_2": 149726.439795583,
    "time_end_2": 149726.482701208,
    "time_total_2": 0.042905625014100224,
    "time_start_3": 149726439795708,
    "time_end_3": 149726482701333,
    "time_total_3": 0.042905625
}