{
    "function_method_name": "extract_text_to_file_from_any_document",
    "time_start_1": 1771882027.675945,
    "time_end_1": 1771882027.700243,
    "time_total_1": 0.02429795265197754,
    "time_start_2": 90930.095759041,
    "time_end_2": 90930.120057208,
    "time_total_2": 0.024298167001688853,
    "time_start_3": 90930095759166,
    "time_end_3": 90930120057458,
    "time_total_3": 0.024298292
}