{
    "function_method_name": "extract_tables_to_files_from_pdf_document",
    "time_start_1": 1765522896.229352,
    "time_end_1": 1765522896.5872,
    "time_total_1": 0.3578479290008545,
    "time_start_2": 2431918.848519125,
    "time_end_2": 2431919.206368208,
    "time_total_2": 0.35784908290952444,
    "time_start_3": 2431918848519208,
    "time_end_3": 2431919206368333,
    "time_total_3": 0.357849125
}