{
    "function_method_name": "extract_tables_to_files_from_pdf_document",
    "time_start_1": 1765509000.6883311,
    "time_end_1": 1765509001.046229,
    "time_total_1": 0.3578977584838867,
    "time_start_2": 2418023.352016958,
    "time_end_2": 2418023.709916958,
    "time_total_2": 0.3579000001773238,
    "time_start_3": 2418023352017041,
    "time_end_3": 2418023709917166,
    "time_total_3": 0.357900125
}