{
    "function_method_name": "extract_tables_to_files_from_pdf_document",
    "time_start_1": 1765517681.040368,
    "time_end_1": 1765517681.394426,
    "time_total_1": 0.35405802726745605,
    "time_start_2": 2426703.635300458,
    "time_end_2": 2426703.989355666,
    "time_total_2": 0.3540552081540227,
    "time_start_3": 2426703635300500,
    "time_end_3": 2426703989355875,
    "time_total_3": 0.354055375
}