{
  "function_method_name": "extract_text_to_file_from_any_document",
  "time_start_1": 1773042762.074214,
  "time_end_1": 1773042792.151289,
  "time_total_1": 30.077075004577637,
  "time_start_2": 1202414.494586208,
  "time_end_2": 1202444.571716125,
  "time_total_2": 30.07712991698645,
  "time_start_3": 1202414494586291,
  "time_end_3": 1202444571716250,
  "time_total_3": 30.077129959,
  "num_pages": 118,
  "pages_per_second_1": 3.9232538397447483,
  "pages_per_second_2": 3.923246676982898,
  "pages_per_second_3": 3.92324667150267
}