{
  "function_method_name": "extract_text_to_file_from_any_document",
  "time_start_1": 1783969559.19949,
  "time_end_1": 1783969587.952267,
  "time_total_1": 28.752776861190796,
  "time_start_2": 1088.042138125,
  "time_end_2": 1116.795000791,
  "time_total_2": 28.752862665999828,
  "time_start_3": 1088042138208,
  "time_end_3": 1116795000875,
  "time_total_3": 28.752862667,
  "num_pages": 118,
  "pages_per_second_1": 4.103951439878876,
  "pages_per_second_2": 4.103939192793302,
  "pages_per_second_3": 4.103939192650546
}