{
  "function_method_name": "extract_text_to_file_from_any_document",
  "time_start_1": 1772979444.8183522,
  "time_end_1": 1772979473.62991,
  "time_total_1": 28.81155776977539,
  "time_start_2": 1139097.401614125,
  "time_end_2": 1139126.213114166,
  "time_total_2": 28.81150004104711,
  "time_start_3": 1139097401614166,
  "time_end_3": 1139126213114375,
  "time_total_3": 28.811500209,
  "num_pages": 118,
  "pages_per_second_1": 4.095578619625603,
  "pages_per_second_2": 4.095586825812193,
  "pages_per_second_3": 4.095586801937503
}