{
    "function_method_name": "extract_text_to_file_from_any_document",
    "time_start_1": 1770993144.65182,
    "time_end_1": 1770993144.6636338,
    "time_total_1": 0.011813879013061523,
    "time_start_2": 19498.194926875,
    "time_end_2": 19498.20674025,
    "time_total_2": 0.011813375000201631,
    "time_start_3": 19498194927000,
    "time_end_3": 19498206740333,
    "time_total_3": 0.011813333
}