{
    "function_method_name": "extract_text_to_file_from_image",
    "time_start_1": 1769799761.087091,
    "time_end_1": 1769799762.9422069,
    "time_total_1": 1.8551158905029297,
    "time_start_2": 3399192.9214455,
    "time_end_2": 3399194.776553083,
    "time_total_2": 1.8551075831055641,
    "time_start_3": 3399192921445583,
    "time_end_3": 3399194776553625,
    "time_total_3": 1.855108042
}