{
    "function_method_name": "extract_tables_to_files_from_pdf_document",
    "time_start_1": 1765526357.340705,
    "time_end_1": 1765526357.3916569,
    "time_total_1": 0.05095195770263672,
    "time_start_2": 2435379.92306175,
    "time_end_2": 2435379.974013083,
    "time_total_2": 0.05095133325085044,
    "time_start_3": 2435379923061833,
    "time_end_3": 2435379974013166,
    "time_total_3": 0.050951333
}