{
    "function_method_name": "extract_tables_to_files_from_pdf_document",
    "time_start_1": 1765514208.320423,
    "time_end_1": 1765514208.372853,
    "time_total_1": 0.052430152893066406,
    "time_start_2": 2423230.986855916,
    "time_end_2": 2423231.039286708,
    "time_total_2": 0.05243079178035259,
    "time_start_3": 2423230986855916,
    "time_end_3": 2423231039286791,
    "time_total_3": 0.052430875
}