{
    "function_method_name": "extract_tables_to_files_from_pdf_document",
    "time_start_1": 1765503799.396489,
    "time_end_1": 1765503799.4483032,
    "time_total_1": 0.05181431770324707,
    "time_start_2": 2412822.013057125,
    "time_end_2": 2412822.064871,
    "time_total_2": 0.05181387532502413,
    "time_start_3": 2412822013057250,
    "time_end_3": 2412822064871208,
    "time_total_3": 0.051813958
}