{
    "function_method_name": "extract_text_to_file_from_any_document",
    "time_start_1": 1769683065.115288,
    "time_end_1": 1769683065.133474,
    "time_total_1": 0.018186092376708984,
    "time_start_2": 3282497.090080083,
    "time_end_2": 3282497.108266166,
    "time_total_2": 0.018186083063483238,
    "time_start_3": 3282497090080166,
    "time_end_3": 3282497108266333,
    "time_total_3": 0.018186167
}