{
  "function_method_name": "extract_text_to_file_from_any_document",
  "time_start_1": 1780748069.73212,
  "time_end_1": 1780748073.245291,
  "time_total_1": 3.5131709575653076,
  "time_start_2": 917.923920833,
  "time_end_2": 921.437116458,
  "time_total_2": 3.5131956249999803,
  "time_start_3": 917923920958,
  "time_end_3": 921437116583,
  "time_total_3": 3.513195625
}