{
    "function_method_name": "extract_images_from_pdf_to_files",
    "time_start_1": 1769283743.651032,
    "time_end_1": 1769283743.651426,
    "time_total_1": 0.0003941059112548828,
    "time_start_2": 2887972.783459416,
    "time_end_2": 2887972.783853666,
    "time_total_2": 0.0003942498005926609,
    "time_start_3": 2887972783459458,
    "time_end_3": 2887972783853708,
    "time_total_3": 0.00039425
}