{
    "function_method_name": "extract_text_to_file_from_any_document",
    "time_start_1": 1763070840.0990531,
    "time_end_1": 1763070840.0996082,
    "time_total_1": 0.0005550384521484375,
    "time_start_2": 37050.618918958,
    "time_end_2": 37050.619474875,
    "time_total_2": 0.0005559169949265197,
    "time_start_3": 37050618919000,
    "time_end_3": 37050619474916,
    "time_total_3": 0.000555916
}