{
    "function_method_name": "extract_tables_to_files_from_pdf_document",
    "time_start_1": 1769429490.8354728,
    "time_end_1": 1769429512.45939,
    "time_total_1": 21.62391710281372,
    "time_start_2": 3033719.65660375,
    "time_end_2": 3033741.280431166,
    "time_total_2": 21.623827415984124,
    "time_start_3": 3033719656603791,
    "time_end_3": 3033741280431458,
    "time_total_3": 21.623827667
}