{
    "function_method_name": "extract_tables_to_files_from_pdf_document",
    "time_start_1": 1769422358.870729,
    "time_end_1": 1769422381.453259,
    "time_total_1": 22.58253002166748,
    "time_start_2": 3026587.720755291,
    "time_end_2": 3026610.3032255,
    "time_total_2": 22.58247020887211,
    "time_start_3": 3026587720755375,
    "time_end_3": 3026610303225750,
    "time_total_3": 22.582470375
}