{
    "function_method_name": "extract_tables_to_files_from_pdf_document",
    "time_start_1": 1769298252.581642,
    "time_end_1": 1769298274.547922,
    "time_total_1": 21.966279983520508,
    "time_start_2": 2902481.652745666,
    "time_end_2": 2902503.61894725,
    "time_total_2": 21.966201583854854,
    "time_start_3": 2902481652745791,
    "time_end_3": 2902503618947458,
    "time_total_3": 21.966201667
}