{
    "function_method_name": "extract_tables_to_files_from_pdf_document",
    "time_start_1": 1765507179.459203,
    "time_end_1": 1765507206.0067499,
    "time_total_1": 26.547546863555908,
    "time_start_2": 2416202.110947916,
    "time_end_2": 2416228.658570666,
    "time_total_2": 26.547622750047594,
    "time_start_3": 2416202110947958,
    "time_end_3": 2416228658570791,
    "time_total_3": 26.547622833
}