{
    "function_method_name": "extract_tables_to_files_from_pdf_document",
    "time_start_1": 1765565326.082496,
    "time_end_1": 1765565353.019232,
    "time_total_1": 26.93673610687256,
    "time_start_2": 2450848.606727125,
    "time_end_2": 2450875.543360458,
    "time_total_2": 26.936633333098143,
    "time_start_3": 2450848606727250,
    "time_end_3": 2450875543360583,
    "time_total_3": 26.936633333
}