{
    "function_method_name": "extract_tables_to_files_from_pdf_document",
    "time_start_1": 1765503716.535703,
    "time_end_1": 1765503743.6252391,
    "time_total_1": 27.08953619003296,
    "time_start_2": 2412739.152650458,
    "time_end_2": 2412766.242062958,
    "time_total_2": 27.0894125001505,
    "time_start_3": 2412739152650500,
    "time_end_3": 2412766242063083,
    "time_total_3": 27.089412583
}