{
    "function_method_name": "extract_tables_to_files_from_pdf_document",
    "time_start_1": 1765562665.071427,
    "time_end_1": 1765562675.7048361,
    "time_total_1": 10.633409023284912,
    "time_start_2": 2448187.594531583,
    "time_end_2": 2448198.227890333,
    "time_total_2": 10.633358750026673,
    "time_start_3": 2448187594531625,
    "time_end_3": 2448198227890458,
    "time_total_3": 10.633358833
}