{
    "function_method_name": "extract_images_from_pdf_to_files",
    "time_start_1": 1771789918.952814,
    "time_end_1": 1771789919.76017,
    "time_total_1": 0.8073558807373047,
    "time_start_2": 10700.261369833,
    "time_end_2": 10701.068725375,
    "time_total_2": 0.807355541999641,
    "time_start_3": 10700261369875,
    "time_end_3": 10701068725500,
    "time_total_3": 0.807355625
}