{
    "function_method_name": "extract_tables_to_files_from_pdf_document",
    "time_start_1": 1765478468.694485,
    "time_end_1": 1765478469.285103,
    "time_total_1": 0.5906181335449219,
    "time_start_2": 2387491.428728,
    "time_end_2": 2387492.019345708,
    "time_total_2": 0.5906177083961666,
    "time_start_3": 2387491428728166,
    "time_end_3": 2387492019345916,
    "time_total_3": 0.59061775
}