{
    "function_method_name": "extract_text_to_file_from_any_document",
    "time_start_1": 1770475282.135885,
    "time_end_1": 1770475282.6294641,
    "time_total_1": 0.4935791492462158,
    "time_start_2": 4058276.320039708,
    "time_end_2": 4058276.813618208,
    "time_total_2": 0.49357849964872,
    "time_start_3": 4058276320039791,
    "time_end_3": 4058276813618500,
    "time_total_3": 0.493578709
}