{
    "function_method_name": "extract_text_to_file_from_any_document",
    "time_start_1": 1770412469.304896,
    "time_end_1": 1770412469.31143,
    "time_total_1": 0.00653386116027832,
    "time_start_2": 3995463.536293916,
    "time_end_2": 3995463.542827666,
    "time_total_2": 0.006533749867230654,
    "time_start_3": 3995463536293958,
    "time_end_3": 3995463542827791,
    "time_total_3": 0.006533833
}