{
    "function_method_name": "extract_text_to_file_from_any_document",
    "time_start_1": 1770550471.139145,
    "time_end_1": 1770550471.146003,
    "time_total_1": 0.006858110427856445,
    "time_start_2": 4133465.332200166,
    "time_end_2": 4133465.339058583,
    "time_total_2": 0.006858417298644781,
    "time_start_3": 4133465332200208,
    "time_end_3": 4133465339058625,
    "time_total_3": 0.006858417
}