{
    "function_method_name": "extract_text_to_file_from_any_document",
    "time_start_1": 1770499066.353288,
    "time_end_1": 1770499066.595094,
    "time_total_1": 0.2418060302734375,
    "time_start_2": 4082060.502619541,
    "time_end_2": 4082060.744426458,
    "time_total_2": 0.24180691735818982,
    "time_start_3": 4082060502619583,
    "time_end_3": 4082060744426833,
    "time_total_3": 0.24180725
}