{
    "function_method_name": "extract_markdown_to_file_from_any_document_complex",
    "num_pages": 40,
    "time_start_1": 1769718360.516105,
    "time_end_1": 1769718377.793914,
    "time_total_1": 17.277809143066406,
    "pages_per_second_1": 2.315108337450991,
    "time_start_2": 3317792.397266416,
    "time_end_2": 3317809.675057333,
    "time_total_2": 17.27779091708362,
    "pages_per_second_2": 2.3151107796106922,
    "time_start_3": 3317792397266625,
    "time_end_3": 3317809675057583,
    "time_total_3": 17.277790958,
    "pages_per_second_3": 2.3151107741281653
}