{
    "function_method_name": "extract_text_to_file_from_any_document",
    "time_start_1": 1769681237.895638,
    "time_end_1": 1769681250.585186,
    "time_total_1": 12.689548015594482,
    "time_start_2": 3280669.875682041,
    "time_end_2": 3280682.565244541,
    "time_total_2": 12.689562499988824,
    "time_start_3": 3280669875682083,
    "time_end_3": 3280682565244666,
    "time_total_3": 12.689562583
}