{
    "function_method_name": "extract_text_to_file_from_any_document",
    "time_start_1": 1771654713.859106,
    "time_end_1": 1771654719.674119,
    "time_total_1": 5.8150129318237305,
    "time_start_2": 111185.822460583,
    "time_end_2": 111191.63746525,
    "time_total_2": 5.815004666990717,
    "time_start_3": 111185822460666,
    "time_end_3": 111191637465583,
    "time_total_3": 5.815004917
}