{
    "function_method_name": "extract_text_to_file_from_any_document",
    "time_start_1": 1763166105.040301,
    "time_end_1": 1763166133.630422,
    "time_total_1": 28.590121030807495,
    "time_start_2": 132315.369754458,
    "time_end_2": 132343.959669958,
    "time_total_2": 28.58991550002247,
    "time_start_3": 132315369754500,
    "time_end_3": 132343959670041,
    "time_total_3": 28.589915541
}