{
    "function_method_name": "extract_text_to_file_from_any_document",
    "time_start_1": 1763219581.596035,
    "time_end_1": 1763219610.725315,
    "time_total_1": 29.12928009033203,
    "time_start_2": 185791.771774291,
    "time_end_2": 185820.900776166,
    "time_total_2": 29.12900187500054,
    "time_start_3": 185791771774416,
    "time_end_3": 185820900776250,
    "time_total_3": 29.129001834
}