{
    "function_method_name": "extract_markdown_to_file_from_any_document_complex",
    "num_pages": 118,
    "time_start_1": 1763210465.039786,
    "time_end_1": 1763210485.530356,
    "time_total_1": 20.490569829940796,
    "pages_per_second_1": 5.758746632198513,
    "time_start_2": 176675.269056625,
    "time_end_2": 176695.759412208,
    "time_total_2": 20.490355582995107,
    "pages_per_second_2": 5.758806845593636,
    "time_start_3": 176675269056833,
    "time_end_3": 176695759412375,
    "time_total_3": 20.490355542,
    "pages_per_second_3": 5.758806857115296
}