{
    "function_method_name": "extract_text_to_file_from_any_document",
    "time_start_1": 1763158626.2470899,
    "time_end_1": 1763158654.605549,
    "time_total_1": 28.35845923423767,
    "time_start_2": 124836.649096666,
    "time_end_2": 124865.0075635,
    "time_total_2": 28.35846683398995,
    "time_start_3": 124836649096791,
    "time_end_3": 124865007563625,
    "time_total_3": 28.358466834
}