{
    "function_method_name": "extract_text_to_file_from_any_document",
    "time_start_1": 1763178656.7757282,
    "time_end_1": 1763178686.7357461,
    "time_total_1": 29.960017919540405,
    "time_start_2": 144867.145011833,
    "time_end_2": 144897.1049355,
    "time_total_2": 29.959923667018302,
    "time_start_3": 144867145011916,
    "time_end_3": 144897104935750,
    "time_total_3": 29.959923834
}