{
    "function_method_name": "extract_text_to_file_from_any_document",
    "time_start_1": 1763214595.894104,
    "time_end_1": 1763214625.384675,
    "time_total_1": 29.49057102203369,
    "time_start_2": 180806.135198916,
    "time_end_2": 180835.625726125,
    "time_total_2": 29.490527209010907,
    "time_start_3": 180806135198958,
    "time_end_3": 180835625726250,
    "time_total_3": 29.490527292
}