{
    "function_method_name": "extract_markdown_to_file_from_any_document",
    "num_pages": 118,
    "time_start_1": 1763108482.507026,
    "time_end_1": 1763108511.018187,
    "time_total_1": 28.51116108894348,
    "pages_per_second_1": 4.138730079490166,
    "time_start_2": 74692.965079125,
    "time_end_2": 74721.475883208,
    "time_total_2": 28.510804082994582,
    "pages_per_second_2": 4.13878190374791,
    "time_start_3": 74692965079166,
    "time_end_3": 74721475883500,
    "time_total_3": 28.510804334,
    "pages_per_second_3": 4.138781867310612
}