{
    "function_method_name": "extract_markdown_to_file_from_any_document_complex",
    "num_pages": 118,
    "time_start_1": 1763815725.937109,
    "time_end_1": 1763815745.920131,
    "time_total_1": 19.9830219745636,
    "pages_per_second_1": 5.905012772852989,
    "time_start_2": 751207.29506175,
    "time_end_2": 751227.278064291,
    "time_total_2": 19.98300254100468,
    "pages_per_second_2": 5.905018515504194,
    "time_start_3": 751207295061875,
    "time_end_3": 751227278064333,
    "time_total_3": 19.983002458,
    "pages_per_second_3": 5.905018540032248
}