{
    "function_method_name": "extract_text_to_file_from_any_document",
    "time_start_1": 1763163634.112871,
    "time_end_1": 1763163663.251997,
    "time_total_1": 29.13912606239319,
    "time_start_2": 129844.460159333,
    "time_end_2": 129873.599061333,
    "time_total_2": 29.138902000006055,
    "time_start_3": 129844460159375,
    "time_end_3": 129873599061500,
    "time_total_3": 29.138902125
}