{
    "function_method_name": "extract_markdown_to_file_from_any_document_complex",
    "num_pages": 118,
    "time_start_1": 1763193721.5794759,
    "time_end_1": 1763193749.6521652,
    "time_total_1": 28.072689294815063,
    "pages_per_second_1": 4.203373562140134,
    "time_start_2": 159931.906001125,
    "time_end_2": 159959.978721791,
    "time_total_2": 28.072720666008536,
    "pages_per_second_2": 4.2033688648809395,
    "time_start_3": 159931906001291,
    "time_end_3": 159959978722000,
    "time_total_3": 28.072720709,
    "pages_per_second_3": 4.203368858443766
}