{
    "function_method_name": "extract_markdown_to_file_from_any_document",
    "num_pages": 118,
    "time_start_1": 1763151088.594738,
    "time_end_1": 1763151117.909618,
    "time_total_1": 29.314879894256592,
    "pages_per_second_1": 4.025259541422126,
    "time_start_2": 117299.03485575,
    "time_end_2": 117328.35004675,
    "time_total_2": 29.315191000001505,
    "pages_per_second_2": 4.025216823591357,
    "time_start_3": 117299034855958,
    "time_end_3": 117328350046833,
    "time_total_3": 29.315190875,
    "pages_per_second_3": 4.025216840755092
}