{
    "function_method_name": "extract_markdown_to_file_from_any_document_complex",
    "num_pages": 118,
    "time_start_1": 1763196205.720992,
    "time_end_1": 1763196233.095914,
    "time_total_1": 27.374921798706055,
    "pages_per_second_1": 4.310514596815308,
    "time_start_2": 162415.995292916,
    "time_end_2": 162443.369947041,
    "time_total_2": 27.374654125014786,
    "pages_per_second_2": 4.310556745707788,
    "time_start_3": 162415995293083,
    "time_end_3": 162443369947125,
    "time_total_3": 27.374654042,
    "pages_per_second_3": 4.3105567587797315
}