{
    "function_method_name": "extract_text_to_file_from_any_document",
    "time_start_1": 1770508026.603704,
    "time_end_1": 1770508486.939274,
    "time_total_1": 460.3355700969696,
    "time_start_2": 4091020.735608708,
    "time_end_2": 4091481.068169125,
    "time_total_2": 460.3325604167767,
    "time_start_3": 4091020735608833,
    "time_end_3": 4091481068169541,
    "time_total_3": 460.332560708
}