{
    "function_method_name": "extract_text_to_file_from_any_document",
    "time_start_1": 1770560226.1580071,
    "time_end_1": 1770560717.697213,
    "time_total_1": 491.53920578956604,
    "time_start_2": 4143220.316575125,
    "time_end_2": 4143711.854059,
    "time_total_2": 491.5374838751741,
    "time_start_3": 4143220316575333,
    "time_end_3": 4143711854059541,
    "time_total_3": 491.537484208
}