{
    "function_method_name": "extract_tables_to_files_from_pdf_document",
    "time_start_1": 1765563015.3372512,
    "time_end_1": 1765563049.051574,
    "time_total_1": 33.71432280540466,
    "time_start_2": 2448537.8587075,
    "time_end_2": 2448571.572871291,
    "time_total_2": 33.71416379092261,
    "time_start_3": 2448537858707708,
    "time_end_3": 2448571572871416,
    "time_total_3": 33.714163708
}