{
    "function_method_name": "extract_text_to_file_from_any_document",
    "time_start_1": 1769607612.3211908,
    "time_end_1": 1769607612.342737,
    "time_total_1": 0.021546125411987305,
    "time_start_2": 3207044.319922458,
    "time_end_2": 3207044.34146925,
    "time_total_2": 0.02154679223895073,
    "time_start_3": 3207044319922500,
    "time_end_3": 3207044341469416,
    "time_total_3": 0.021546916
}