{
    "function_method_name": "extract_text_to_file_from_any_document",
    "time_start_1": 1769682665.587302,
    "time_end_1": 1769682665.6086242,
    "time_total_1": 0.021322250366210938,
    "time_start_2": 3282097.568891166,
    "time_end_2": 3282097.590212875,
    "time_total_2": 0.021321709267795086,
    "time_start_3": 3282097568891250,
    "time_end_3": 3282097590213000,
    "time_total_3": 0.02132175
}