{
    "function_method_name": "extract_text_to_file_from_any_document",
    "time_start_1": 1772789762.7467399,
    "time_end_1": 1772789762.753588,
    "time_total_1": 0.00684809684753418,
    "time_start_2": 963732.704020625,
    "time_end_2": 963732.710869375,
    "time_total_2": 0.006848750053904951,
    "time_start_3": 963732704020958,
    "time_end_3": 963732710869833,
    "time_total_3": 0.006848875
}