{
    "function_method_name": "extract_markdown_to_file_from_any_document",
    "num_pages": 98,
    "time_start_1": 1771401877.115229,
    "time_end_1": 1771401915.411238,
    "time_total_1": 38.2960090637207,
    "pages_per_second_1": 2.559013390584326,
    "time_start_2": 408865.941977458,
    "time_end_2": 408904.237873458,
    "time_total_2": 38.29589599999599,
    "pages_per_second_2": 2.5590209457433835,
    "time_start_3": 408865941977583,
    "time_end_3": 408904237873708,
    "time_total_3": 38.295896125,
    "pages_per_second_3": 2.5590209373903248
}