{
    "function_method_name": "extract_markdown_to_file_from_any_document_complex",
    "num_pages": 98,
    "time_start_1": 1769607124.746363,
    "time_end_1": 1769607168.975306,
    "time_total_1": 44.22894310951233,
    "pages_per_second_1": 2.2157436535923716,
    "time_start_2": 3206556.745909208,
    "time_end_2": 3206600.974779,
    "time_total_2": 44.228869792073965,
    "pages_per_second_2": 2.2157473265925978,
    "time_start_3": 3206556745909291,
    "time_end_3": 3206600974779166,
    "time_total_3": 44.228869875,
    "pages_per_second_3": 2.2157473224382267
}