{
    "function_method_name": "extract_markdown_to_file_from_any_document_complex",
    "num_pages": 98,
    "time_start_1": 1769719963.80624,
    "time_end_1": 1769720026.081533,
    "time_total_1": 62.27529287338257,
    "pages_per_second_1": 1.5736577939384806,
    "time_start_2": 3319395.683659541,
    "time_end_2": 3319457.958867875,
    "time_total_2": 62.27520833397284,
    "pages_per_second_2": 1.5736599301995158,
    "time_start_3": 3319395683659625,
    "time_end_3": 3319457958868125,
    "time_total_3": 62.2752085,
    "pages_per_second_3": 1.5736599260041018
}