{
    "function_method_name": "extract_text_to_file_from_any_document",
    "time_start_1": 1769719839.14447,
    "time_end_1": 1769719903.202899,
    "time_total_1": 64.05842900276184,
    "time_start_2": 3319271.0220615,
    "time_end_2": 3319335.080403916,
    "time_total_2": 64.05834241583943,
    "time_start_3": 3319271022061583,
    "time_end_3": 3319335080404125,
    "time_total_3": 64.058342542
}