{
    "function_method_name": "extract_text_to_file_from_any_document",
    "time_start_1": 1772631406.570323,
    "time_end_1": 1772631406.645004,
    "time_total_1": 0.07468104362487793,
    "time_start_2": 819136.98299525,
    "time_end_2": 819137.057674833,
    "time_total_2": 0.07467958296183497,
    "time_start_3": 819136982995666,
    "time_end_3": 819137057675250,
    "time_total_3": 0.074679584
}