{
    "function_method_name": "extract_text_to_file_from_any_document",
    "time_start_1": 1772652736.891808,
    "time_end_1": 1772652743.741191,
    "time_total_1": 6.8493828773498535,
    "time_start_2": 840467.301000125,
    "time_end_2": 840474.150358291,
    "time_total_2": 6.849358165985905,
    "time_start_3": 840467301000125,
    "time_end_3": 840474150358541,
    "time_total_3": 6.849358416
}