{
    "function_method_name": "extract_text_to_file_from_any_document",
    "time_start_1": 1769608404.663572,
    "time_end_1": 1769608416.165051,
    "time_total_1": 11.501478910446167,
    "time_start_2": 3207836.668060125,
    "time_end_2": 3207848.16954025,
    "time_total_2": 11.501480125356466,
    "time_start_3": 3207836668060166,
    "time_end_3": 3207848169540541,
    "time_total_3": 11.501480375
}