{
    "function_method_name": "extract_text_to_file_from_any_document",
    "time_start_1": 1763212707.41483,
    "time_end_1": 1763212707.423049,
    "time_total_1": 0.008219003677368164,
    "time_start_2": 178917.623877541,
    "time_end_2": 178917.632097458,
    "time_total_2": 0.008219917013775557,
    "time_start_3": 178917623877583,
    "time_end_3": 178917632097541,
    "time_total_3": 0.008219958
}