{
    "function_method_name": "extract_text_to_file_from_any_document",
    "time_start_1": 1763899093.77268,
    "time_end_1": 1763899093.7812212,
    "time_total_1": 0.008541107177734375,
    "time_start_2": 834575.266713333,
    "time_end_2": 834575.275254041,
    "time_total_2": 0.00854070798959583,
    "time_start_3": 834575266713375,
    "time_end_3": 834575275254083,
    "time_total_3": 0.008540708
}