{
    "function_method_name": "extract_text_to_file_from_any_document",
    "time_start_1": 1763087678.304941,
    "time_end_1": 1763087678.316202,
    "time_total_1": 0.011260986328125,
    "time_start_2": 53888.894106541,
    "time_end_2": 53888.9053675,
    "time_total_2": 0.011260958999628201,
    "time_start_3": 53888894106583,
    "time_end_3": 53888905367583,
    "time_total_3": 0.011261
}