{
    "function_method_name": "extract_text_to_file_from_any_document",
    "time_start_1": 1763189130.2457669,
    "time_end_1": 1763189130.2566762,
    "time_total_1": 0.010909318923950195,
    "time_start_2": 155340.585491083,
    "time_end_2": 155340.596400375,
    "time_total_2": 0.010909292002907023,
    "time_start_3": 155340585491125,
    "time_end_3": 155340596400458,
    "time_total_3": 0.010909333
}