{
    "function_method_name": "extract_text_to_file_from_any_document",
    "time_start_1": 1763220020.952356,
    "time_end_1": 1763220020.963548,
    "time_total_1": 0.011191844940185547,
    "time_start_2": 186231.123919541,
    "time_end_2": 186231.135112291,
    "time_total_2": 0.01119275001110509,
    "time_start_3": 186231123919583,
    "time_end_3": 186231135112375,
    "time_total_3": 0.011192792
}