{
    "function_method_name": "extract_text_to_file_from_any_document",
    "time_start_1": 1763899504.245424,
    "time_end_1": 1763899504.2537038,
    "time_total_1": 0.008279800415039062,
    "time_start_2": 834985.736909666,
    "time_end_2": 834985.745189666,
    "time_total_2": 0.008280000067315996,
    "time_start_3": 834985736909750,
    "time_end_3": 834985745189750,
    "time_total_3": 0.00828
}