{
    "function_method_name": "extract_text_to_file_from_any_document",
    "time_start_1": 1763146506.2650838,
    "time_end_1": 1763146506.276279,
    "time_total_1": 0.011195182800292969,
    "time_start_2": 112716.629520041,
    "time_end_2": 112716.640714625,
    "time_total_2": 0.011194584003533237,
    "time_start_3": 112716629520083,
    "time_end_3": 112716640714708,
    "time_total_3": 0.011194625
}