{
    "function_method_name": "extract_text_to_file_from_any_document",
    "time_start_1": 1763176546.9767869,
    "time_end_1": 1763176546.988041,
    "time_total_1": 0.011254072189331055,
    "time_start_2": 142757.3594265,
    "time_end_2": 142757.370680458,
    "time_total_2": 0.011253957985900342,
    "time_start_3": 142757359426500,
    "time_end_3": 142757370680541,
    "time_total_3": 0.011254041
}