{
    "function_method_name": "extract_text_to_file_from_pdf_document",
    "time_start_1": 1770501789.544681,
    "time_end_1": 1770501801.632391,
    "time_total_1": 12.087709903717041,
    "time_start_2": 4084783.692060458,
    "time_end_2": 4084795.779764916,
    "time_total_2": 12.087704457808286,
    "time_start_3": 4084783692060625,
    "time_end_3": 4084795779765166,
    "time_total_3": 12.087704541
}