{
    "function_method_name": "extract_text_to_file_from_pdf_document",
    "time_start_1": 1765483459.234932,
    "time_end_1": 1765484161.5581388,
    "time_total_1": 702.3232069015503,
    "time_start_2": 2392481.940843125,
    "time_end_2": 2393184.260818375,
    "time_total_2": 702.3199752499349,
    "time_start_3": 2392481940843375,
    "time_end_3": 2393184260818541,
    "time_total_3": 702.319975166
}