{
    "function_method_name": "extract_tables_to_files_from_pdf_document",
    "time_start_1": 1765529826.523833,
    "time_end_1": 1765529826.882833,
    "time_total_1": 0.35899996757507324,
    "time_start_2": 2438849.099667083,
    "time_end_2": 2438849.458665708,
    "time_total_2": 0.35899862507358193,
    "time_start_3": 2438849099667208,
    "time_end_3": 2438849458665791,
    "time_total_3": 0.358998583
}