{
    "function_method_name": "extract_tables_to_files_from_pdf_document",
    "time_start_1": 1765482104.670476,
    "time_end_1": 1765482105.210647,
    "time_total_1": 0.5401711463928223,
    "time_start_2": 2391127.382344375,
    "time_end_2": 2391127.922513125,
    "time_total_2": 0.5401687500998378,
    "time_start_3": 2391127382344458,
    "time_end_3": 2391127922513333,
    "time_total_3": 0.540168875
}