{
    "function_method_name": "extract_tables_to_files_from_pdf_document",
    "time_start_1": 1765514206.729394,
    "time_end_1": 1765514207.087292,
    "time_total_1": 0.3578979969024658,
    "time_start_2": 2423229.395827,
    "time_end_2": 2423229.75372625,
    "time_total_2": 0.35789924999698997,
    "time_start_3": 2423229395827083,
    "time_end_3": 2423229753726375,
    "time_total_3": 0.357899292
}