{
    "function_method_name": "extract_tables_to_files_from_pdf_document",
    "time_start_1": 1765567126.214653,
    "time_end_1": 1765567126.574162,
    "time_total_1": 0.3595089912414551,
    "time_start_2": 2452648.748418625,
    "time_end_2": 2452649.107928875,
    "time_total_2": 0.35951024992391467,
    "time_start_3": 2452648748418666,
    "time_end_3": 2452649107929000,
    "time_total_3": 0.359510334
}