{
    "function_method_name": "extract_tables_to_files_from_pdf_document",
    "time_start_1": 1765528089.3695621,
    "time_end_1": 1765528089.7259278,
    "time_total_1": 0.3563656806945801,
    "time_start_2": 2437111.967553,
    "time_end_2": 2437112.323918833,
    "time_total_2": 0.35636583296582103,
    "time_start_3": 2437111967553041,
    "time_end_3": 2437112323919041,
    "time_total_3": 0.356366
}