{
    "function_method_name": "extract_tables_to_files_from_pdf_document",
    "time_start_1": 1765565404.368588,
    "time_end_1": 1765565404.7257001,
    "time_total_1": 0.35711216926574707,
    "time_start_2": 2450926.892546625,
    "time_end_2": 2450927.249658375,
    "time_total_2": 0.3571117501705885,
    "time_start_3": 2450926892546708,
    "time_end_3": 2450927249658541,
    "time_total_3": 0.357111833
}