{
    "function_method_name": "extract_text_to_file_from_any_document",
    "time_start_1": 1771432098.87257,
    "time_end_1": 1771432526.892643,
    "time_total_1": 428.0200729370117,
    "time_start_2": 426114.365636,
    "time_end_2": 426542.386178625,
    "time_total_2": 428.0205426249886,
    "time_start_3": 426114365636208,
    "time_end_3": 426542386178875,
    "time_total_3": 428.020542667
}