{
    "function_method_name": "extract_text_to_file_from_image",
    "time_start_1": 1763470676.316061,
    "time_end_1": 1763470678.956254,
    "time_total_1": 2.640192985534668,
    "time_start_2": 436886.798000583,
    "time_end_2": 436889.438176916,
    "time_total_2": 2.640176332963165,
    "time_start_3": 436886798000666,
    "time_end_3": 436889438177125,
    "time_total_3": 2.640176459
}