{
    "function_method_name": "extract_text_to_file_from_pdf_document",
    "time_start_1": 1762986764.3797371,
    "time_end_1": 1762987217.2687669,
    "time_total_1": 452.88902974128723,
    "time_start_2": 2187718.194793541,
    "time_end_2": 2188171.078331208,
    "time_total_2": 452.88353766687214,
    "time_start_3": 2187718194793666,
    "time_end_3": 2188171078331416,
    "time_total_3": 452.88353775
}