{
    "function_method_name": "extract_images_from_pdf_to_files",
    "time_start_1": 1770567483.682579,
    "time_end_1": 1770567484.029412,
    "time_total_1": 0.3468329906463623,
    "time_start_2": 4150477.82120925,
    "time_end_2": 4150478.168042083,
    "time_total_2": 0.3468328327871859,
    "time_start_3": 4150477821209333,
    "time_end_3": 4150478168042250,
    "time_total_3": 0.346832917
}