{
    "function_method_name": "extract_images_from_pdf_to_files",
    "time_start_1": 1770568075.419682,
    "time_end_1": 1770568075.765588,
    "time_total_1": 0.34590601921081543,
    "time_start_2": 4151069.556981333,
    "time_end_2": 4151069.902887625,
    "time_total_2": 0.3459062920883298,
    "time_start_3": 4151069556981375,
    "time_end_3": 4151069902888208,
    "time_total_3": 0.345906833
}