{
    "function_method_name": "extract_images_from_pdf_to_files",
    "time_start_1": 1770568600.1377358,
    "time_end_1": 1770568600.48442,
    "time_total_1": 0.34668421745300293,
    "time_start_2": 4151594.273463666,
    "time_end_2": 4151594.620148333,
    "time_total_2": 0.3466846668161452,
    "time_start_3": 4151594273463708,
    "time_end_3": 4151594620148791,
    "time_total_3": 0.346685083
}