{
    "function_method_name": "extract_images_from_pdf_to_files",
    "time_start_1": 1770571462.381999,
    "time_end_1": 1770571462.7301838,
    "time_total_1": 0.34818482398986816,
    "time_start_2": 4154456.511302666,
    "time_end_2": 4154456.859488208,
    "time_total_2": 0.3481855420395732,
    "time_start_3": 4154456511302750,
    "time_end_3": 4154456859488500,
    "time_total_3": 0.34818575
}