{
    "function_method_name": "extract_images_from_pdf_to_files",
    "time_start_1": 1771004455.689318,
    "time_end_1": 1771004455.925111,
    "time_total_1": 0.2357931137084961,
    "time_start_2": 30809.20060625,
    "time_end_2": 30809.4363985,
    "time_total_2": 0.2357922500013956,
    "time_start_3": 30809200606291,
    "time_end_3": 30809436398833,
    "time_total_3": 0.235792542
}