{
    "function_method_name": "extract_images_from_pdf_to_files",
    "time_start_1": 1770303624.69271,
    "time_end_1": 1770303625.037035,
    "time_total_1": 0.34432506561279297,
    "time_start_2": 3903057.135476875,
    "time_end_2": 3903057.479801958,
    "time_total_2": 0.3443250828422606,
    "time_start_3": 3903057135476958,
    "time_end_3": 3903057479802000,
    "time_total_3": 0.344325042
}