{
    "function_method_name": "extract_images_from_pdf_to_files",
    "time_start_1": 1770306176.916707,
    "time_end_1": 1770306177.2634728,
    "time_total_1": 0.34676575660705566,
    "time_start_2": 3905609.360413375,
    "time_end_2": 3905609.70717975,
    "time_total_2": 0.3467663750052452,
    "time_start_3": 3905609360413458,
    "time_end_3": 3905609707180041,
    "time_total_3": 0.346766583
}