{
    "function_method_name": "extract_images_from_pdf_to_files",
    "time_start_1": 1771755457.7445362,
    "time_end_1": 1771755457.984986,
    "time_total_1": 0.2404499053955078,
    "time_start_2": 211929.628448958,
    "time_end_2": 211929.868899375,
    "time_total_2": 0.24045041698263958,
    "time_start_3": 211929628449041,
    "time_end_3": 211929868899583,
    "time_total_3": 0.240450542
}