{
    "function_method_name": "extract_images_from_pdf_to_files",
    "time_start_1": 1770302045.2632089,
    "time_end_1": 1770302045.6071901,
    "time_total_1": 0.3439812660217285,
    "time_start_2": 3901477.705741458,
    "time_end_2": 3901478.049723,
    "time_total_2": 0.3439815416932106,
    "time_start_3": 3901477705741541,
    "time_end_3": 3901478049723208,
    "time_total_3": 0.343981667
}