{
    "function_method_name": "extract_images_from_pdf_to_files",
    "time_start_1": 1770568228.552403,
    "time_end_1": 1770568228.9026859,
    "time_total_1": 0.3502829074859619,
    "time_start_2": 4151222.689365,
    "time_end_2": 4151223.039647833,
    "time_total_2": 0.35028283298015594,
    "time_start_3": 4151222689365125,
    "time_end_3": 4151223039648083,
    "time_total_3": 0.350282958
}