{
    "function_method_name": "extract_images_from_pdf_to_files",
    "time_start_1": 1770567242.83569,
    "time_end_1": 1770567243.183125,
    "time_total_1": 0.34743499755859375,
    "time_start_2": 4150236.974847916,
    "time_end_2": 4150237.3222825,
    "time_total_2": 0.3474345840513706,
    "time_start_3": 4150236974848041,
    "time_end_3": 4150237322283000,
    "time_total_3": 0.347434959
}