{
    "function_method_name": "extract_images_from_pdf_to_files",
    "time_start_1": 1770515191.0847402,
    "time_end_1": 1770515191.430155,
    "time_total_1": 0.3454148769378662,
    "time_start_2": 4098185.195109916,
    "time_end_2": 4098185.54052425,
    "time_total_2": 0.3454143339768052,
    "time_start_3": 4098185195109958,
    "time_end_3": 4098185540524541,
    "time_total_3": 0.345414583
}