{
    "function_method_name": "extract_images_from_pdf_to_files",
    "time_start_1": 1770302995.398085,
    "time_end_1": 1770302995.740994,
    "time_total_1": 0.3429088592529297,
    "time_start_2": 3902427.840756916,
    "time_end_2": 3902428.183666333,
    "time_total_2": 0.3429094171151519,
    "time_start_3": 3902427840757000,
    "time_end_3": 3902428183666541,
    "time_total_3": 0.342909541
}