{
    "function_method_name": "extract_images_from_pdf_to_files",
    "time_start_1": 1770568490.802749,
    "time_end_1": 1770568491.1498072,
    "time_total_1": 0.3470582962036133,
    "time_start_2": 4151484.939142291,
    "time_end_2": 4151485.286200208,
    "time_total_2": 0.3470579171553254,
    "time_start_3": 4151484939142333,
    "time_end_3": 4151485286200500,
    "time_total_3": 0.347058167
}