{
    "function_method_name": "extract_images_from_pdf_to_files",
    "time_start_1": 1770567922.187497,
    "time_end_1": 1770567922.5330272,
    "time_total_1": 0.34553027153015137,
    "time_start_2": 4150916.32513375,
    "time_end_2": 4150916.670663583,
    "time_total_2": 0.3455298328772187,
    "time_start_3": 4150916325133916,
    "time_end_3": 4150916670663791,
    "time_total_3": 0.345529875
}