{
    "function_method_name": "extract_images_from_pdf_to_files",
    "time_start_1": 1770512861.506115,
    "time_end_1": 1770512861.8503208,
    "time_total_1": 0.3442058563232422,
    "time_start_2": 4095855.622192791,
    "time_end_2": 4095855.966397875,
    "time_total_2": 0.34420508379116654,
    "time_start_3": 4095855622192875,
    "time_end_3": 4095855966397916,
    "time_total_3": 0.344205041
}