{
    "function_method_name": "extract_images_from_pdf_to_files",
    "time_start_1": 1770570676.3031292,
    "time_end_1": 1770570676.647983,
    "time_total_1": 0.34485387802124023,
    "time_start_2": 4153670.432025625,
    "time_end_2": 4153670.776879458,
    "time_total_2": 0.34485383331775665,
    "time_start_3": 4153670432025708,
    "time_end_3": 4153670776879500,
    "time_total_3": 0.344853792
}