{
    "function_method_name": "extract_images_from_pdf_to_files",
    "time_start_1": 1770511729.406825,
    "time_end_1": 1770511729.751037,
    "time_total_1": 0.3442118167877197,
    "time_start_2": 4094723.526000125,
    "time_end_2": 4094723.870212708,
    "time_total_2": 0.34421258326619864,
    "time_start_3": 4094723526000208,
    "time_end_3": 4094723870213333,
    "time_total_3": 0.344213125
}