{
    "function_method_name": "extract_images_from_pdf_to_files",
    "time_start_1": 1770304401.240627,
    "time_end_1": 1770304401.585303,
    "time_total_1": 0.34467601776123047,
    "time_start_2": 3903833.683908166,
    "time_end_2": 3903834.028584958,
    "time_total_2": 0.34467679215595126,
    "time_start_3": 3903833683908208,
    "time_end_3": 3903834028585458,
    "time_total_3": 0.34467725
}