{
    "function_method_name": "extract_images_from_pdf_to_files",
    "time_start_1": 1770305098.4596212,
    "time_end_1": 1770305098.8021,
    "time_total_1": 0.34247875213623047,
    "time_start_2": 3904530.903090958,
    "time_end_2": 3904531.245571541,
    "time_total_2": 0.34248058311641216,
    "time_start_3": 3904530903091041,
    "time_end_3": 3904531245572000,
    "time_total_3": 0.342480959
}