{
    "function_method_name": "extract_images_from_pdf_to_files",
    "time_start_1": 1770302563.571434,
    "time_end_1": 1770302563.916418,
    "time_total_1": 0.3449840545654297,
    "time_start_2": 3901996.01403475,
    "time_end_2": 3901996.359019791,
    "time_total_2": 0.3449850408360362,
    "time_start_3": 3901996014034833,
    "time_end_3": 3901996359020208,
    "time_total_3": 0.344985375
}