{
    "function_method_name": "extract_images_from_pdf_to_files",
    "time_start_1": 1770568578.342997,
    "time_end_1": 1770568578.68734,
    "time_total_1": 0.3443429470062256,
    "time_start_2": 4151572.478779708,
    "time_end_2": 4151572.823122166,
    "time_total_2": 0.3443424580618739,
    "time_start_3": 4151572478779750,
    "time_end_3": 4151572823122583,
    "time_total_3": 0.344342833
}