{
    "function_method_name": "extract_images_from_pdf_to_files",
    "time_start_1": 1770571942.318225,
    "time_end_1": 1770571942.6646779,
    "time_total_1": 0.3464529514312744,
    "time_start_2": 4154936.446495208,
    "time_end_2": 4154936.792948125,
    "time_total_2": 0.34645291697233915,
    "time_start_3": 4154936446495291,
    "time_end_3": 4154936792948541,
    "time_total_3": 0.34645325
}