{
    "function_method_name": "extract_images_from_pdf_to_files",
    "time_start_1": 1770514977.257484,
    "time_end_1": 1770514977.603144,
    "time_total_1": 0.3456599712371826,
    "time_start_2": 4097971.368417708,
    "time_end_2": 4097971.714078458,
    "time_total_2": 0.345660749822855,
    "time_start_3": 4097971368417791,
    "time_end_3": 4097971714078833,
    "time_total_3": 0.345661042
}