{
    "function_method_name": "extract_images_from_pdf_to_files",
    "time_start_1": 1770569496.833434,
    "time_end_1": 1770569497.177571,
    "time_total_1": 0.34413695335388184,
    "time_start_2": 4152490.965804916,
    "time_end_2": 4152491.309931541,
    "time_total_2": 0.34412662498652935,
    "time_start_3": 4152490965805041,
    "time_end_3": 4152491309931625,
    "time_total_3": 0.344126584
}