{
    "function_method_name": "extract_images_from_pdf_to_files",
    "time_start_1": 1770513566.8145568,
    "time_end_1": 1770513567.158468,
    "time_total_1": 0.34391117095947266,
    "time_start_2": 4096560.929237583,
    "time_end_2": 4096561.273147583,
    "time_total_2": 0.3439099998213351,
    "time_start_3": 4096560929237708,
    "time_end_3": 4096561273148000,
    "time_total_3": 0.343910292
}