{
    "function_method_name": "extract_images_from_pdf_to_files",
    "time_start_1": 1770305594.394898,
    "time_end_1": 1770305594.7391412,
    "time_total_1": 0.34424328804016113,
    "time_start_2": 3905026.8384725,
    "time_end_2": 3905027.182717166,
    "time_total_2": 0.3442446659319103,
    "time_start_3": 3905026838472583,
    "time_end_3": 3905027182717875,
    "time_total_3": 0.344245292
}