{
    "function_method_name": "extract_images_from_pdf_to_files",
    "time_start_1": 1770569169.100349,
    "time_end_1": 1770569169.4476302,
    "time_total_1": 0.34728121757507324,
    "time_start_2": 4152163.234786708,
    "time_end_2": 4152163.582067208,
    "time_total_2": 0.3472804999910295,
    "time_start_3": 4152163234786791,
    "time_end_3": 4152163582067708,
    "time_total_3": 0.347280917
}