{
    "function_method_name": "extract_images_from_pdf_to_files",
    "time_start_1": 1770513310.378846,
    "time_end_1": 1770513310.723547,
    "time_total_1": 0.34470105171203613,
    "time_start_2": 4096304.493646708,
    "time_end_2": 4096304.838348416,
    "time_total_2": 0.34470170829445124,
    "time_start_3": 4096304493646791,
    "time_end_3": 4096304838348750,
    "time_total_3": 0.344701959
}