{
    "function_method_name": "extract_images_from_pdf_to_files",
    "time_start_1": 1770567176.954574,
    "time_end_1": 1770567177.303433,
    "time_total_1": 0.3488588333129883,
    "time_start_2": 4150171.093862916,
    "time_end_2": 4150171.442721166,
    "time_total_2": 0.34885825030505657,
    "time_start_3": 4150171093862958,
    "time_end_3": 4150171442721333,
    "time_total_3": 0.348858375
}