{
    "function_method_name": "extract_images_from_pdf_to_files",
    "time_start_1": 1770306241.772655,
    "time_end_1": 1770306242.116547,
    "time_total_1": 0.34389209747314453,
    "time_start_2": 3905674.216376416,
    "time_end_2": 3905674.560270333,
    "time_total_2": 0.34389391727745533,
    "time_start_3": 3905674216376500,
    "time_end_3": 3905674560271166,
    "time_total_3": 0.343894666
}