{
    "function_method_name": "extract_images_from_pdf_to_files",
    "time_start_1": 1770305724.2112699,
    "time_end_1": 1770305724.55549,
    "time_total_1": 0.3442201614379883,
    "time_start_2": 3905156.654875625,
    "time_end_2": 3905156.999097666,
    "time_total_2": 0.34422204084694386,
    "time_start_3": 3905156654875708,
    "time_end_3": 3905156999098166,
    "time_total_3": 0.344222458
}