{
    "function_method_name": "extract_images_from_pdf_to_files",
    "time_start_1": 1770511772.091139,
    "time_end_1": 1770511772.438695,
    "time_total_1": 0.34755587577819824,
    "time_start_2": 4094766.210196708,
    "time_end_2": 4094766.55775225,
    "time_total_2": 0.34755554236471653,
    "time_start_3": 4094766210196791,
    "time_end_3": 4094766557752375,
    "time_total_3": 0.347555584
}