{
    "function_method_name": "extract_images_from_pdf_to_files",
    "time_start_1": 1770303103.8251011,
    "time_end_1": 1770303104.178278,
    "time_total_1": 0.3531768321990967,
    "time_start_2": 3902536.267783375,
    "time_end_2": 3902536.620960041,
    "time_total_2": 0.3531766659580171,
    "time_start_3": 3902536267783416,
    "time_end_3": 3902536620960666,
    "time_total_3": 0.35317725
}