{
    "function_method_name": "extract_images_from_pdf_to_files",
    "time_start_1": 1770515062.788245,
    "time_end_1": 1770515063.133965,
    "time_total_1": 0.3457200527191162,
    "time_start_2": 4098056.898953375,
    "time_end_2": 4098057.244673041,
    "time_total_2": 0.34571966622024775,
    "time_start_3": 4098056898953541,
    "time_end_3": 4098057244673541,
    "time_total_3": 0.34572
}