{
    "function_method_name": "extract_images_from_pdf_to_files",
    "time_start_1": 1770567308.6384408,
    "time_end_1": 1770567308.98575,
    "time_total_1": 0.3473091125488281,
    "time_start_2": 4150302.777456666,
    "time_end_2": 4150303.124765541,
    "time_total_2": 0.3473088750615716,
    "time_start_3": 4150302777456750,
    "time_end_3": 4150303124765916,
    "time_total_3": 0.347309166
}