{
    "function_method_name": "extract_images_from_pdf_to_files",
    "time_start_1": 1770512947.1079302,
    "time_end_1": 1770512947.454465,
    "time_total_1": 0.34653472900390625,
    "time_start_2": 4095941.223772083,
    "time_end_2": 4095941.570307958,
    "time_total_2": 0.3465358749963343,
    "time_start_3": 4095941223772250,
    "time_end_3": 4095941570308500,
    "time_total_3": 0.34653625
}