{
    "function_method_name": "extract_images_from_pdf_to_files",
    "time_start_1": 1770305874.837007,
    "time_end_1": 1770305875.181598,
    "time_total_1": 0.3445909023284912,
    "time_start_2": 3905307.2806495,
    "time_end_2": 3905307.625240791,
    "time_total_2": 0.3445912911556661,
    "time_start_3": 3905307280649583,
    "time_end_3": 3905307625241000,
    "time_total_3": 0.344591417
}