{
    "function_method_name": "extract_images_from_pdf_to_files",
    "time_start_1": 1770514186.182034,
    "time_end_1": 1770514186.5259762,
    "time_total_1": 0.34394216537475586,
    "time_start_2": 4097180.295057166,
    "time_end_2": 4097180.638999,
    "time_total_2": 0.3439418342895806,
    "time_start_3": 4097180295057208,
    "time_end_3": 4097180638999333,
    "time_total_3": 0.343942125
}