{
    "function_method_name": "extract_images_from_pdf_to_files",
    "time_start_1": 1770568403.34043,
    "time_end_1": 1770568403.6877902,
    "time_total_1": 0.34736013412475586,
    "time_start_2": 4151397.477015916,
    "time_end_2": 4151397.824376916,
    "time_total_2": 0.34736100025475025,
    "time_start_3": 4151397477015958,
    "time_end_3": 4151397824377666,
    "time_total_3": 0.347361708
}