{
    "function_method_name": "extract_images_from_pdf_to_files",
    "time_start_1": 1770572029.5966542,
    "time_end_1": 1770572029.941656,
    "time_total_1": 0.3450019359588623,
    "time_start_2": 4155023.726889208,
    "time_end_2": 4155024.071892125,
    "time_total_2": 0.34500291710719466,
    "time_start_3": 4155023726889291,
    "time_end_3": 4155024071892333,
    "time_total_3": 0.345003042
}