{
    "function_method_name": "extract_images_from_pdf_to_files",
    "time_start_1": 1771755347.936575,
    "time_end_1": 1771755348.176109,
    "time_total_1": 0.2395341396331787,
    "time_start_2": 211819.82049875,
    "time_end_2": 211820.0600335,
    "time_total_2": 0.23953474999871105,
    "time_start_3": 211819820498833,
    "time_end_3": 211820060033875,
    "time_total_3": 0.239535042
}