{
    "function_method_name": "extract_images_from_pdf_to_files",
    "time_start_1": 1770515618.547321,
    "time_end_1": 1770515618.8930628,
    "time_total_1": 0.34574174880981445,
    "time_start_2": 4098612.656563583,
    "time_end_2": 4098613.002306333,
    "time_total_2": 0.34574274998158216,
    "time_start_3": 4098612656563666,
    "time_end_3": 4098613002306875,
    "time_total_3": 0.345743209
}