{
    "function_method_name": "extract_images_from_pdf_to_files",
    "time_start_1": 1771006241.931991,
    "time_end_1": 1771006242.165246,
    "time_total_1": 0.23325490951538086,
    "time_start_2": 32595.4275275,
    "time_end_2": 32595.660781583,
    "time_total_2": 0.2332540829993377,
    "time_start_3": 32595427527583,
    "time_end_3": 32595660781958,
    "time_total_3": 0.233254375
}