{
    "function_method_name": "extract_images_from_pdf_to_files",
    "time_start_1": 1770512220.523795,
    "time_end_1": 1770512220.867318,
    "time_total_1": 0.3435230255126953,
    "time_start_2": 4095214.641618041,
    "time_end_2": 4095214.985139666,
    "time_total_2": 0.3435216252692044,
    "time_start_3": 4095214641618083,
    "time_end_3": 4095214985139875,
    "time_total_3": 0.343521792
}