{
    "function_method_name": "extract_images_from_pdf_to_files",
    "time_start_1": 1770303365.634253,
    "time_end_1": 1770303365.978953,
    "time_total_1": 0.3446998596191406,
    "time_start_2": 3902798.07697775,
    "time_end_2": 3902798.421678708,
    "time_total_2": 0.3447009581141174,
    "time_start_3": 3902798076977833,
    "time_end_3": 3902798421679208,
    "time_total_3": 0.344701375
}