{
    "function_method_name": "extract_images_from_pdf_to_files",
    "time_start_1": 1771754715.232115,
    "time_end_1": 1771754715.465717,
    "time_total_1": 0.23360204696655273,
    "time_start_2": 211187.116520208,
    "time_end_2": 211187.35012275,
    "time_total_2": 0.2336025420227088,
    "time_start_3": 211187116520250,
    "time_end_3": 211187350122916,
    "time_total_3": 0.233602666
}