{
    "function_method_name": "extract_tables_to_files_from_pdf_document",
    "time_start_1": 1765471972.415385,
    "time_end_1": 1765471973.209547,
    "time_total_1": 0.7941620349884033,
    "time_start_2": 2380995.174913208,
    "time_end_2": 2380995.969073583,
    "time_total_2": 0.7941603749059141,
    "time_start_3": 2380995174913333,
    "time_end_3": 2380995969073916,
    "time_total_3": 0.794160583
}