{
    "function_method_name": "extract_tables_to_files_from_pdf_document",
    "time_start_1": 1765378650.47913,
    "time_end_1": 1765378650.708724,
    "time_total_1": 0.22959399223327637,
    "time_start_2": 2287673.208849,
    "time_end_2": 2287673.438444958,
    "time_total_2": 0.22959595825523138,
    "time_start_3": 2287673208849083,
    "time_end_3": 2287673438445333,
    "time_total_3": 0.22959625
}