{
    "function_method_name": "extract_tables_to_files_from_pdf_document",
    "time_start_1": 1765466275.964722,
    "time_end_1": 1765466276.213662,
    "time_total_1": 0.24893999099731445,
    "time_start_2": 2375298.743856958,
    "time_end_2": 2375298.992798166,
    "time_total_2": 0.2489412077702582,
    "time_start_3": 2375298743857000,
    "time_end_3": 2375298992798541,
    "time_total_3": 0.248941541
}