{
    "function_method_name": "api_parse_analyze_markdown_mistune",
    "time_start_1": 1772789859.498569,
    "time_end_1": 1772789859.504533,
    "time_total_1": 0.005964040756225586,
    "time_start_2": 963829.455889,
    "time_end_2": 963829.461852875,
    "time_total_2": 0.005963874980807304,
    "time_start_3": 963829455889125,
    "time_end_3": 963829461853041,
    "time_total_3": 0.005963916
}