{
    "function_method_name": "extract_text_to_file_from_any_document",
    "time_start_1": 1772631480.2663538,
    "time_end_1": 1772631480.266527,
    "time_total_1": 0.00017309188842773438,
    "time_start_2": 819210.678629625,
    "time_end_2": 819210.678802,
    "time_total_2": 0.0001723750028759241,
    "time_start_3": 819210678629708,
    "time_end_3": 819210678802083,
    "time_total_3": 0.000172375
}