{
    "function_method_name": "extract_tables_to_files_from_pdf_document",
    "time_start_1": 1769636684.238656,
    "time_end_1": 1769636684.599669,
    "time_total_1": 0.36101293563842773,
    "time_start_2": 3236116.143734458,
    "time_end_2": 3236116.504747375,
    "time_total_2": 0.36101291701197624,
    "time_start_3": 3236116143734541,
    "time_end_3": 3236116504747625,
    "time_total_3": 0.361013084
}