{
    "function_method_name": "extract_tables_to_files_from_pdf_document",
    "time_start_1": 1769339890.925806,
    "time_end_1": 1769339891.282528,
    "time_total_1": 0.3567218780517578,
    "time_start_2": 2944119.88779525,
    "time_end_2": 2944120.244516666,
    "time_total_2": 0.3567214161157608,
    "time_start_3": 2944119887795333,
    "time_end_3": 2944120244516916,
    "time_total_3": 0.356721583
}