{
    "function_method_name": "extract_tables_to_files_from_pdf_document",
    "time_start_1": 1769716854.577506,
    "time_end_1": 1769716854.9360452,
    "time_total_1": 0.3585391044616699,
    "time_start_2": 3316286.460206291,
    "time_end_2": 3316286.818745208,
    "time_total_2": 0.35853891680017114,
    "time_start_3": 3316286460206333,
    "time_end_3": 3316286818745458,
    "time_total_3": 0.358539125
}