{
    "function_method_name": "extract_text_to_file_from_any_document",
    "time_start_1": 1772789769.995842,
    "time_end_1": 1772789770.0001411,
    "time_total_1": 0.004299163818359375,
    "time_start_2": 963739.953126291,
    "time_end_2": 963739.957424416,
    "time_total_2": 0.0042981249280273914,
    "time_start_3": 963739953126541,
    "time_end_3": 963739957424666,
    "time_total_3": 0.004298125
}