{
    "function_method_name": "extract_tables_to_files_from_pdf_document",
    "time_start_1": 1765560731.4552372,
    "time_end_1": 1765560736.275883,
    "time_total_1": 4.820645809173584,
    "time_start_2": 2446253.9893435,
    "time_end_2": 2446258.809924125,
    "time_total_2": 4.820580624975264,
    "time_start_3": 2446253989343583,
    "time_end_3": 2446258809924291,
    "time_total_3": 4.820580708
}