{
    "function_method_name": "extract_tables_to_files_from_pdf_document",
    "time_start_1": 1763233283.326766,
    "time_end_1": 1763233287.1312692,
    "time_total_1": 3.8045032024383545,
    "time_start_2": 199493.563246458,
    "time_end_2": 199497.367770666,
    "time_total_2": 3.8045242079824675,
    "time_start_3": 199493563246500,
    "time_end_3": 199497367770833,
    "time_total_3": 3.804524333
}