{
    "function_method_name": "extract_tables_to_files_from_pdf_document",
    "time_start_1": 1765378612.8892858,
    "time_end_1": 1765378617.462092,
    "time_total_1": 4.572806119918823,
    "time_start_2": 2287635.618289666,
    "time_end_2": 2287640.191281625,
    "time_total_2": 4.572991959284991,
    "time_start_3": 2287635618289750,
    "time_end_3": 2287640191281708,
    "time_total_3": 4.572991958
}