{
    "function_method_name": "extract_tables_to_files_from_pdf_document",
    "time_start_1": 1765528325.608407,
    "time_end_1": 1765528325.651509,
    "time_total_1": 0.04310202598571777,
    "time_start_2": 2437348.205999,
    "time_end_2": 2437348.249101958,
    "time_total_2": 0.043102957773953676,
    "time_start_3": 2437348205999083,
    "time_end_3": 2437348249102166,
    "time_total_3": 0.043103083
}