{
    "function_method_name": "extract_images_from_pdf_to_files",
    "time_start_1": 1770568113.92744,
    "time_end_1": 1770568115.7731352,
    "time_total_1": 1.8456952571868896,
    "time_start_2": 4151108.064654083,
    "time_end_2": 4151109.910345,
    "time_total_2": 1.845690917223692,
    "time_start_3": 4151108064654125,
    "time_end_3": 4151109910345125,
    "time_total_3": 1.845691
}