{
    "function_method_name": "extract_images_from_pdf_to_files",
    "time_start_1": 1770302925.685589,
    "time_end_1": 1770302927.539835,
    "time_total_1": 1.854245901107788,
    "time_start_2": 3902358.128248916,
    "time_end_2": 3902359.982496375,
    "time_total_2": 1.8542474592104554,
    "time_start_3": 3902358128249000,
    "time_end_3": 3902359982496458,
    "time_total_3": 1.854247458
}