{
    "function_method_name": "extract_images_from_pdf_to_files",
    "time_start_1": 1770305459.812124,
    "time_end_1": 1770305461.66243,
    "time_total_1": 1.8503060340881348,
    "time_start_2": 3904892.255666875,
    "time_end_2": 3904894.105974041,
    "time_total_2": 1.8503071661107242,
    "time_start_3": 3904892255666958,
    "time_end_3": 3904894105974375,
    "time_total_3": 1.850307417
}