{
    "function_method_name": "extract_images_from_pdf_to_files",
    "time_start_1": 1770516425.487509,
    "time_end_1": 1770516427.3442922,
    "time_total_1": 1.856783151626587,
    "time_start_2": 4099419.599181916,
    "time_end_2": 4099421.455962791,
    "time_total_2": 1.8567808750085533,
    "time_start_3": 4099419599181958,
    "time_end_3": 4099421455963083,
    "time_total_3": 1.856781125
}