{
    "function_method_name": "extract_images_from_pdf_to_files",
    "time_start_1": 1770514651.487453,
    "time_end_1": 1770514653.334193,
    "time_total_1": 1.8467400074005127,
    "time_start_2": 4097645.599261541,
    "time_end_2": 4097647.445998375,
    "time_total_2": 1.8467368339188397,
    "time_start_3": 4097645599261666,
    "time_end_3": 4097647445998708,
    "time_total_3": 1.846737042
}