{
    "function_method_name": "extract_images_from_pdf_to_files",
    "time_start_1": 1770514245.413412,
    "time_end_1": 1770514247.26705,
    "time_total_1": 1.853637933731079,
    "time_start_2": 4097239.526292291,
    "time_end_2": 4097241.379925541,
    "time_total_2": 1.8536332501098514,
    "time_start_3": 4097239526292333,
    "time_end_3": 4097241379925958,
    "time_total_3": 1.853633625
}