{
    "function_method_name": "extract_images_from_pdf_to_files",
    "time_start_1": 1770569600.499935,
    "time_end_1": 1770569602.343461,
    "time_total_1": 1.8435261249542236,
    "time_start_2": 4152594.631589458,
    "time_end_2": 4152596.475111041,
    "time_total_2": 1.8435215833596885,
    "time_start_3": 4152594631589500,
    "time_end_3": 4152596475111083,
    "time_total_3": 1.843521583
}