{
    "function_method_name": "extract_images_from_pdf_to_files",
    "time_start_1": 1770571697.30198,
    "time_end_1": 1770571699.165041,
    "time_total_1": 1.8630609512329102,
    "time_start_2": 4154691.430777666,
    "time_end_2": 4154693.293835333,
    "time_total_2": 1.8630576669238508,
    "time_start_3": 4154691430777708,
    "time_end_3": 4154693293835750,
    "time_total_3": 1.863058042
}