{
    "function_method_name": "extract_images_from_pdf_to_files",
    "time_start_1": 1771005176.193511,
    "time_end_1": 1771005178.108973,
    "time_total_1": 1.9154620170593262,
    "time_start_2": 31529.705956916,
    "time_end_2": 31531.6214155,
    "time_total_2": 1.9154585840005893,
    "time_start_3": 31529705957041,
    "time_end_3": 31531621415708,
    "time_total_3": 1.915458667
}