{
    "function_method_name": "extract_images_from_pdf_to_files",
    "time_start_1": 1770304051.6506612,
    "time_end_1": 1770304053.5014222,
    "time_total_1": 1.8507609367370605,
    "time_start_2": 3903484.093857708,
    "time_end_2": 3903485.944620291,
    "time_total_2": 1.8507625828497112,
    "time_start_3": 3903484093857750,
    "time_end_3": 3903485944620583,
    "time_total_3": 1.850762833
}