{
    "function_method_name": "extract_images_from_pdf_to_files",
    "time_start_1": 1770516275.8123,
    "time_end_1": 1770516277.692849,
    "time_total_1": 1.8805489540100098,
    "time_start_2": 4099269.924242083,
    "time_end_2": 4099271.804787208,
    "time_total_2": 1.8805451248772442,
    "time_start_3": 4099269924242166,
    "time_end_3": 4099271804787333,
    "time_total_3": 1.880545167
}