{
    "function_method_name": "extract_images_from_pdf_to_files",
    "time_start_1": 1770516147.969708,
    "time_end_1": 1770516149.820401,
    "time_total_1": 1.8506929874420166,
    "time_start_2": 4099142.081900625,
    "time_end_2": 4099143.932590041,
    "time_total_2": 1.850689415819943,
    "time_start_3": 4099142081900708,
    "time_end_3": 4099143932590083,
    "time_total_3": 1.850689375
}