{
    "function_method_name": "extract_images_from_pdf_to_files",
    "time_start_1": 1770569644.038356,
    "time_end_1": 1770569645.891294,
    "time_total_1": 1.852937936782837,
    "time_start_2": 4152638.169895583,
    "time_end_2": 4152640.022829666,
    "time_total_2": 1.8529340829700232,
    "time_start_3": 4152638169895625,
    "time_end_3": 4152640022830000,
    "time_total_3": 1.852934375
}