{
    "function_method_name": "extract_images_from_pdf_to_files",
    "time_start_1": 1770566932.0678148,
    "time_end_1": 1770566933.927419,
    "time_total_1": 1.8596041202545166,
    "time_start_2": 4149926.203625208,
    "time_end_2": 4149928.063224916,
    "time_total_2": 1.859599707648158,
    "time_start_3": 4149926203625250,
    "time_end_3": 4149928063225500,
    "time_total_3": 1.85960025
}