{
    "function_method_name": "extract_images_from_pdf_to_files",
    "time_start_1": 1770568812.843233,
    "time_end_1": 1770568814.710846,
    "time_total_1": 1.8676128387451172,
    "time_start_2": 4151806.9784725,
    "time_end_2": 4151808.846082166,
    "time_total_2": 1.8676096657291055,
    "time_start_3": 4151806978472583,
    "time_end_3": 4151808846082541,
    "time_total_3": 1.867609958
}