{
    "function_method_name": "extract_images_from_pdf_to_files",
    "time_start_1": 1770569186.134101,
    "time_end_1": 1770569187.988213,
    "time_total_1": 1.854112148284912,
    "time_start_2": 4152180.268499708,
    "time_end_2": 4152182.122607958,
    "time_total_2": 1.854108250234276,
    "time_start_3": 4152180268499750,
    "time_end_3": 4152182122608208,
    "time_total_3": 1.854108458
}