{
    "function_method_name": "extract_images_from_pdf_to_files",
    "time_start_1": 1770512407.6665862,
    "time_end_1": 1770512409.528809,
    "time_total_1": 1.8622229099273682,
    "time_start_2": 4095401.783913916,
    "time_end_2": 4095403.6461325,
    "time_total_2": 1.862218583934009,
    "time_start_3": 4095401783914000,
    "time_end_3": 4095403646132791,
    "time_total_3": 1.862218791
}