{
    "function_method_name": "extract_images_from_pdf_to_files",
    "time_start_1": 1770516446.846295,
    "time_end_1": 1770516448.7022998,
    "time_total_1": 1.8560047149658203,
    "time_start_2": 4099440.957930875,
    "time_end_2": 4099442.813933375,
    "time_total_2": 1.8560024998150766,
    "time_start_3": 4099440957930958,
    "time_end_3": 4099442813933875,
    "time_total_3": 1.856002917
}