{
    "function_method_name": "extract_images_from_pdf_to_files",
    "time_start_1": 1770515613.403293,
    "time_end_1": 1770515615.262548,
    "time_total_1": 1.859255075454712,
    "time_start_2": 4098607.512548458,
    "time_end_2": 4098609.371799791,
    "time_total_2": 1.859251333400607,
    "time_start_3": 4098607512548500,
    "time_end_3": 4098609371800125,
    "time_total_3": 1.859251625
}