{
    "function_method_name": "extract_images_from_pdf_to_files",
    "time_start_1": 1770512001.724695,
    "time_end_1": 1770512003.580122,
    "time_total_1": 1.8554270267486572,
    "time_start_2": 4094995.843120375,
    "time_end_2": 4094997.698542666,
    "time_total_2": 1.8554222909733653,
    "time_start_3": 4094995843120416,
    "time_end_3": 4094997698543250,
    "time_total_3": 1.855422834
}