{
    "function_method_name": "extract_images_from_pdf_to_files",
    "time_start_1": 1770568463.9315488,
    "time_end_1": 1770568465.7853289,
    "time_total_1": 1.8537800312042236,
    "time_start_2": 4151458.068001458,
    "time_end_2": 4151459.921777416,
    "time_total_2": 1.8537759580649436,
    "time_start_3": 4151458068001500,
    "time_end_3": 4151459921777833,
    "time_total_3": 1.853776333
}