{
    "function_method_name": "extract_images_from_pdf_to_files",
    "time_start_1": 1770571828.0262341,
    "time_end_1": 1770571829.8909729,
    "time_total_1": 1.8647387027740479,
    "time_start_2": 4154822.154750708,
    "time_end_2": 4154824.01948575,
    "time_total_2": 1.864735041745007,
    "time_start_3": 4154822154750791,
    "time_end_3": 4154824019486208,
    "time_total_3": 1.864735417
}