{
    "function_method_name": "extract_images_from_pdf_to_files",
    "time_start_1": 1771004359.844318,
    "time_end_1": 1771004361.147043,
    "time_total_1": 1.302725076675415,
    "time_start_2": 30713.355825083,
    "time_end_2": 30714.658547791,
    "time_total_2": 1.3027227080019657,
    "time_start_3": 30713355825166,
    "time_end_3": 30714658548083,
    "time_total_3": 1.302722917
}