{
    "function_method_name": "extract_images_from_pdf_to_files",
    "time_start_1": 1770567895.249546,
    "time_end_1": 1770567897.110114,
    "time_total_1": 1.8605680465698242,
    "time_start_2": 4150889.387242875,
    "time_end_2": 4150891.247807708,
    "time_total_2": 1.8605648330412805,
    "time_start_3": 4150889387242916,
    "time_end_3": 4150891247808166,
    "time_total_3": 1.86056525
}