{
    "function_method_name": "extract_images_from_pdf_to_files",
    "time_start_1": 1770303684.474993,
    "time_end_1": 1770303686.326257,
    "time_total_1": 1.8512639999389648,
    "time_start_2": 3903116.917769291,
    "time_end_2": 3903118.769035208,
    "time_total_2": 1.8512659170664847,
    "time_start_3": 3903116917769333,
    "time_end_3": 3903118769035541,
    "time_total_3": 1.851266208
}