{
    "function_method_name": "extract_images_from_pdf_to_files",
    "time_start_1": 1770515485.373853,
    "time_end_1": 1770515487.234922,
    "time_total_1": 1.8610689640045166,
    "time_start_2": 4098479.483447333,
    "time_end_2": 4098481.344513083,
    "time_total_2": 1.8610657500103116,
    "time_start_3": 4098479483447375,
    "time_end_3": 4098481344513208,
    "time_total_3": 1.861065833
}