{
    "function_method_name": "extract_images_from_pdf_to_files",
    "time_start_1": 1770567939.057204,
    "time_end_1": 1770567940.913894,
    "time_total_1": 1.8566899299621582,
    "time_start_2": 4150933.194803333,
    "time_end_2": 4150935.05149025,
    "time_total_2": 1.8566869171336293,
    "time_start_3": 4150933194803375,
    "time_end_3": 4150935051490791,
    "time_total_3": 1.856687416
}