{
    "function_method_name": "extract_images_from_pdf_to_files",
    "time_start_1": 1770302147.818978,
    "time_end_1": 1770302149.685168,
    "time_total_1": 1.866189956665039,
    "time_start_2": 3901580.261527708,
    "time_end_2": 3901582.127719083,
    "time_total_2": 1.8661913750693202,
    "time_start_3": 3901580261527750,
    "time_end_3": 3901582127719416,
    "time_total_3": 1.866191666
}