{
    "function_method_name": "extract_images_from_pdf_to_files",
    "time_start_1": 1770302061.6749,
    "time_end_1": 1770302063.5320241,
    "time_total_1": 1.8571240901947021,
    "time_start_2": 3901494.117435791,
    "time_end_2": 3901495.974561166,
    "time_total_2": 1.8571253749541938,
    "time_start_3": 3901494117435833,
    "time_end_3": 3901495974561541,
    "time_total_3": 1.857125708
}