{
    "function_method_name": "extract_images_from_pdf_to_files",
    "time_start_1": 1770304856.045713,
    "time_end_1": 1770304857.8936052,
    "time_total_1": 1.8478922843933105,
    "time_start_2": 3904288.489124833,
    "time_end_2": 3904290.337017291,
    "time_total_2": 1.8478924580849707,
    "time_start_3": 3904288489124875,
    "time_end_3": 3904290337017583,
    "time_total_3": 1.847892708
}