{
    "function_method_name": "extract_images_from_pdf_to_files",
    "time_start_1": 1770304942.267064,
    "time_end_1": 1770304944.11777,
    "time_total_1": 1.850705862045288,
    "time_start_2": 3904374.710496708,
    "time_end_2": 3904376.561204041,
    "time_total_2": 1.8507073330692947,
    "time_start_3": 3904374710496750,
    "time_end_3": 3904376561204333,
    "time_total_3": 1.850707583
}