{
    "function_method_name": "extract_images_from_pdf_to_files",
    "time_start_1": 1770513390.668422,
    "time_end_1": 1770513392.520376,
    "time_total_1": 1.8519539833068848,
    "time_start_2": 4096384.783376541,
    "time_end_2": 4096386.635347958,
    "time_total_2": 1.8519714171998203,
    "time_start_3": 4096384783376583,
    "time_end_3": 4096386635348625,
    "time_total_3": 1.851972042
}