{
    "function_method_name": "extract_images_from_pdf_to_files",
    "time_start_1": 1770301931.949546,
    "time_end_1": 1770301933.8015628,
    "time_total_1": 1.8520166873931885,
    "time_start_2": 3901364.392060708,
    "time_end_2": 3901366.24407825,
    "time_total_2": 1.852017542347312,
    "time_start_3": 3901364392060750,
    "time_end_3": 3901366244078708,
    "time_total_3": 1.852017958
}