{
    "function_method_name": "extract_images_from_pdf_to_files",
    "time_start_1": 1771755312.731288,
    "time_end_1": 1771755314.0590348,
    "time_total_1": 1.327746868133545,
    "time_start_2": 211784.615215,
    "time_end_2": 211785.942963208,
    "time_total_2": 1.3277482080156915,
    "time_start_3": 211784615215041,
    "time_end_3": 211785942963541,
    "time_total_3": 1.3277485
}