{
    "function_method_name": "extract_images_from_pdf_to_files",
    "time_start_1": 1770512599.905049,
    "time_end_1": 1770512601.763021,
    "time_total_1": 1.8579719066619873,
    "time_start_2": 4095594.021847333,
    "time_end_2": 4095595.879815041,
    "time_total_2": 1.857967708259821,
    "time_start_3": 4095594021847375,
    "time_end_3": 4095595879815416,
    "time_total_3": 1.857968041
}