{
    "function_method_name": "extract_images_from_pdf_to_files",
    "time_start_1": 1770568485.688947,
    "time_end_1": 1770568487.549228,
    "time_total_1": 1.860280990600586,
    "time_start_2": 4151479.825351583,
    "time_end_2": 4151481.685629416,
    "time_total_2": 1.8602778329513967,
    "time_start_3": 4151479825351666,
    "time_end_3": 4151481685630000,
    "time_total_3": 1.860278334
}