{
    "function_method_name": "extract_images_from_pdf_to_files",
    "time_start_1": 1771005834.2285671,
    "time_end_1": 1771005835.521006,
    "time_total_1": 1.2924389839172363,
    "time_start_2": 32187.739826083,
    "time_end_2": 32189.032263458,
    "time_total_2": 1.292437374999281,
    "time_start_3": 32187739826125,
    "time_end_3": 32189032263958,
    "time_total_3": 1.292437833
}