{
    "function_method_name": "extract_images_from_pdf_to_files",
    "time_start_1": 1770306020.8011992,
    "time_end_1": 1770306022.650235,
    "time_total_1": 1.8490357398986816,
    "time_start_2": 3905453.244867666,
    "time_end_2": 3905455.093905041,
    "time_total_2": 1.8490373748354614,
    "time_start_3": 3905453244867750,
    "time_end_3": 3905455093905666,
    "time_total_3": 1.849037916
}