{
    "function_method_name": "extract_images_from_pdf_to_files",
    "time_start_1": 1770569360.471561,
    "time_end_1": 1770569362.323618,
    "time_total_1": 1.8520569801330566,
    "time_start_2": 4152354.605560916,
    "time_end_2": 4152356.457614958,
    "time_total_2": 1.8520540418103337,
    "time_start_3": 4152354605560958,
    "time_end_3": 4152356457615583,
    "time_total_3": 1.852054625
}