{
    "function_method_name": "extract_images_from_pdf_to_files",
    "time_start_1": 1770515207.3056672,
    "time_end_1": 1770515209.1562948,
    "time_total_1": 1.8506276607513428,
    "time_start_2": 4098201.415993708,
    "time_end_2": 4098203.266616791,
    "time_total_2": 1.8506230828352273,
    "time_start_3": 4098201415993750,
    "time_end_3": 4098203266616875,
    "time_total_3": 1.850623125
}