{
    "function_method_name": "extract_images_from_pdf_to_files",
    "time_start_1": 1770571610.440096,
    "time_end_1": 1770571612.299007,
    "time_total_1": 1.8589110374450684,
    "time_start_2": 4154604.569080833,
    "time_end_2": 4154606.427987666,
    "time_total_2": 1.8589068329893053,
    "time_start_3": 4154604569080875,
    "time_end_3": 4154606427987791,
    "time_total_3": 1.858906916
}