{
    "function_method_name": "extract_images_from_pdf_to_files",
    "time_start_1": 1770516682.067928,
    "time_end_1": 1770516683.919877,
    "time_total_1": 1.8519489765167236,
    "time_start_2": 4099676.179151083,
    "time_end_2": 4099678.031097333,
    "time_total_2": 1.8519462500698864,
    "time_start_3": 4099676179151166,
    "time_end_3": 4099678031097583,
    "time_total_3": 1.851946417
}