{
    "function_method_name": "extract_images_from_pdf_to_files",
    "time_start_1": 1771756658.507256,
    "time_end_1": 1771756659.837802,
    "time_total_1": 1.3305459022521973,
    "time_start_2": 213130.388177791,
    "time_end_2": 213131.71872275,
    "time_total_2": 1.3305449589970522,
    "time_start_3": 213130388177875,
    "time_end_3": 213131718723125,
    "time_total_3": 1.33054525
}