{
    "function_method_name": "extract_images_from_pdf_to_files",
    "time_start_1": 1771755035.4819021,
    "time_end_1": 1771755036.797893,
    "time_total_1": 1.315990924835205,
    "time_start_2": 211507.366316458,
    "time_end_2": 211508.68230825,
    "time_total_2": 1.3159917919838335,
    "time_start_3": 211507366316500,
    "time_end_3": 211508682308625,
    "time_total_3": 1.315992125
}