{
    "function_method_name": "extract_images_from_pdf_to_files",
    "time_start_1": 1771754989.377578,
    "time_end_1": 1771754990.729344,
    "time_total_1": 1.3517658710479736,
    "time_start_2": 211461.261991541,
    "time_end_2": 211462.613757791,
    "time_total_2": 1.35176625000895,
    "time_start_3": 211461261991583,
    "time_end_3": 211462613758000,
    "time_total_3": 1.351766417
}