{
    "function_method_name": "extract_images_from_pdf_to_files",
    "time_start_1": 1770569557.210273,
    "time_end_1": 1770569559.059906,
    "time_total_1": 1.849632978439331,
    "time_start_2": 4152551.342049958,
    "time_end_2": 4152553.191676875,
    "time_total_2": 1.8496269169263542,
    "time_start_3": 4152551342050000,
    "time_end_3": 4152553191677000,
    "time_total_3": 1.849627
}