{
    "function_method_name": "extract_images_from_pdf_to_files",
    "time_start_1": 1771754543.8012958,
    "time_end_1": 1771754545.091611,
    "time_total_1": 1.2903151512145996,
    "time_start_2": 211015.685695958,
    "time_end_2": 211016.976011291,
    "time_total_2": 1.2903153329971246,
    "time_start_3": 211015685696000,
    "time_end_3": 211016976011541,
    "time_total_3": 1.290315541
}