{
    "function_method_name": "extract_images_from_pdf_to_files",
    "time_start_1": 1771006021.4955451,
    "time_end_1": 1771006022.8111591,
    "time_total_1": 1.3156139850616455,
    "time_start_2": 32374.992977583,
    "time_end_2": 32376.308515708,
    "time_total_2": 1.3155381249998754,
    "time_start_3": 32374992977625,
    "time_end_3": 32376308516041,
    "time_total_3": 1.315538416
}