{
    "function_method_name": "extract_images_from_pdf_to_files",
    "time_start_1": 1771004976.064619,
    "time_end_1": 1771004977.9870179,
    "time_total_1": 1.9223988056182861,
    "time_start_2": 31329.577453083,
    "time_end_2": 31331.499848333,
    "time_total_2": 1.9223952499996813,
    "time_start_3": 31329577453125,
    "time_end_3": 31331499848625,
    "time_total_3": 1.9223955
}