{
    "function_method_name": "extract_images_from_pdf_to_files",
    "time_start_1": 1770303033.1854541,
    "time_end_1": 1770303035.046164,
    "time_total_1": 1.8607099056243896,
    "time_start_2": 3902465.628128625,
    "time_end_2": 3902467.488839291,
    "time_total_2": 1.8607106660492718,
    "time_start_3": 3902465628128666,
    "time_end_3": 3902467488839833,
    "time_total_3": 1.860711167
}