{
    "function_method_name": "extract_images_from_pdf_to_files",
    "time_start_1": 1771005459.8589928,
    "time_end_1": 1771005461.787536,
    "time_total_1": 1.9285430908203125,
    "time_start_2": 31813.370934208,
    "time_end_2": 31815.299475083,
    "time_total_2": 1.9285408750001807,
    "time_start_3": 31813370934291,
    "time_end_3": 31815299475583,
    "time_total_3": 1.928541292
}