{
    "function_method_name": "extract_images_from_pdf_to_files",
    "time_start_1": 1770511702.971381,
    "time_end_1": 1770511704.8247838,
    "time_total_1": 1.853402853012085,
    "time_start_2": 4094697.090629,
    "time_end_2": 4094698.944026208,
    "time_total_2": 1.853397207800299,
    "time_start_3": 4094697090629083,
    "time_end_3": 4094698944026291,
    "time_total_3": 1.853397208
}