{
    "function_method_name": "extract_images_from_pdf_to_files",
    "time_start_1": 1770512664.1104288,
    "time_end_1": 1770512665.9653308,
    "time_total_1": 1.8549020290374756,
    "time_start_2": 4095658.2270505,
    "time_end_2": 4095660.081948208,
    "time_total_2": 1.8548977081663907,
    "time_start_3": 4095658227050583,
    "time_end_3": 4095660081948291,
    "time_total_3": 1.854897708
}