{
    "function_method_name": "extract_images_from_pdf_to_files",
    "time_start_1": 1770567062.902231,
    "time_end_1": 1770567064.7559261,
    "time_total_1": 1.8536951541900635,
    "time_start_2": 4150057.037645416,
    "time_end_2": 4150058.89133625,
    "time_total_2": 1.8536908342503011,
    "time_start_3": 4150057037645500,
    "time_end_3": 4150058891336750,
    "time_total_3": 1.85369125
}