{
    "function_method_name": "extract_images_from_pdf_to_files",
    "time_start_1": 1770571915.249368,
    "time_end_1": 1770571917.109882,
    "time_total_1": 1.8605141639709473,
    "time_start_2": 4154909.377696791,
    "time_end_2": 4154911.238207791,
    "time_total_2": 1.8605109998025,
    "time_start_3": 4154909377696875,
    "time_end_3": 4154911238208083,
    "time_total_3": 1.860511208
}