{
    "function_method_name": "extract_images_from_pdf_to_files",
    "time_start_1": 1770568987.814122,
    "time_end_1": 1770568989.677387,
    "time_total_1": 1.863265037536621,
    "time_start_2": 4151981.948973041,
    "time_end_2": 4151983.812235875,
    "time_total_2": 1.8632628340274096,
    "time_start_3": 4151981948973083,
    "time_end_3": 4151983812236416,
    "time_total_3": 1.863263333
}