{
    "function_method_name": "extract_images_from_pdf_to_files",
    "time_start_1": 1770304963.829685,
    "time_end_1": 1770304965.678642,
    "time_total_1": 1.8489570617675781,
    "time_start_2": 3904396.273123291,
    "time_end_2": 3904398.122080583,
    "time_total_2": 1.8489572922699153,
    "time_start_3": 3904396273123333,
    "time_end_3": 3904398122080750,
    "time_total_3": 1.848957417
}