{
    "function_method_name": "extract_images_from_pdf_to_files",
    "time_start_1": 1771004514.782969,
    "time_end_1": 1771004516.072279,
    "time_total_1": 1.2893099784851074,
    "time_start_2": 30868.294122166,
    "time_end_2": 30869.583429,
    "time_total_2": 1.2893068339981255,
    "time_start_3": 30868294122208,
    "time_end_3": 30869583429125,
    "time_total_3": 1.289306917
}