{
    "function_method_name": "extract_text_to_file_from_any_document",
    "time_start_1": 1770993117.3999271,
    "time_end_1": 1770993117.880138,
    "time_total_1": 0.4802107810974121,
    "time_start_2": 19470.943149541,
    "time_end_2": 19471.423359541,
    "time_total_2": 0.48021000000153435,
    "time_start_3": 19470943149583,
    "time_end_3": 19471423359666,
    "time_total_3": 0.480210083
}