{
    "function_method_name": "extract_images_from_pdf_to_files",
    "time_start_1": 1769784359.325185,
    "time_end_1": 1769784359.353857,
    "time_total_1": 0.028671979904174805,
    "time_start_2": 3383791.220422791,
    "time_end_2": 3383791.249095041,
    "time_total_2": 0.028672249987721443,
    "time_start_3": 3383791220422916,
    "time_end_3": 3383791249095250,
    "time_total_3": 0.028672334
}