{
    "function_method_name": "extract_images_from_pdf_to_files",
    "time_start_1": 1772686299.448883,
    "time_end_1": 1772686299.4697611,
    "time_total_1": 0.020878076553344727,
    "time_start_2": 874029.715515875,
    "time_end_2": 874029.736393375,
    "time_total_2": 0.020877499948255718,
    "time_start_3": 874029715515916,
    "time_end_3": 874029736393458,
    "time_total_3": 0.020877542
}