{
    "function_method_name": "extract_tables_to_files_from_pdf_document",
    "time_start_1": 1769629617.989821,
    "time_end_1": 1769629642.89232,
    "time_total_1": 24.902498960494995,
    "time_start_2": 3229049.905802833,
    "time_end_2": 3229074.808186,
    "time_total_2": 24.902383167296648,
    "time_start_3": 3229049905802875,
    "time_end_3": 3229074808186250,
    "time_total_3": 24.902383375
}