{
    "function_method_name": "extract_markdown_to_file_from_any_document",
    "num_pages": 31,
    "time_start_1": 1763093395.041041,
    "time_end_1": 1763093400.753977,
    "time_total_1": 5.712936162948608,
    "pages_per_second_1": 5.426281532962206,
    "time_start_2": 59605.609272208,
    "time_end_2": 59611.3222145,
    "time_total_2": 5.7129422920043,
    "pages_per_second_2": 5.426275711446775,
    "time_start_3": 59605609272250,
    "time_end_3": 59611322214583,
    "time_total_3": 5.712942333,
    "pages_per_second_3": 5.426275672508176
}