{
    "function_method_name": "extract_markdown_to_file_from_any_document_complex",
    "num_pages": 31,
    "time_start_1": 1763194835.423854,
    "time_end_1": 1763194840.983308,
    "time_total_1": 5.559453964233398,
    "pages_per_second_1": 5.576087184000027,
    "time_start_2": 161045.756359541,
    "time_end_2": 161051.315825291,
    "time_total_2": 5.559465750004165,
    "pages_per_second_2": 5.576075362992707,
    "time_start_3": 161045756359625,
    "time_end_3": 161051315825333,
    "time_total_3": 5.559465708,
    "pages_per_second_3": 5.576075405122365
}