{
    "function_method_name": "extract_markdown_to_file_from_any_document_complex",
    "num_pages": 31,
    "time_start_1": 1763154765.0617979,
    "time_end_1": 1763154771.1954079,
    "time_total_1": 6.133610010147095,
    "pages_per_second_1": 5.054119832971996,
    "time_start_2": 120975.449577958,
    "time_end_2": 120981.583168041,
    "time_total_2": 6.133590083001764,
    "pages_per_second_2": 5.054136253074916,
    "time_start_3": 120975449578041,
    "time_end_3": 120981583168208,
    "time_total_3": 6.133590167,
    "pages_per_second_3": 5.054136183859576
}