{
    "function_method_name": "extract_markdown_to_file_from_any_document",
    "num_pages": 31,
    "time_start_1": 1763073344.994314,
    "time_end_1": 1763073351.456146,
    "time_total_1": 6.461832046508789,
    "pages_per_second_1": 4.797401074011006,
    "time_start_2": 39555.499489291,
    "time_end_2": 39561.961275625,
    "time_total_2": 6.461786333995406,
    "pages_per_second_2": 4.7974350121899345,
    "time_start_3": 39555499489375,
    "time_end_3": 39561961275708,
    "time_total_3": 6.461786333,
    "pages_per_second_3": 4.797435012928955
}