{
    "function_method_name": "extract_markdown_to_file_from_any_document",
    "num_pages": 31,
    "time_start_1": 1763112175.9832819,
    "time_end_1": 1763112181.671468,
    "time_total_1": 5.688186168670654,
    "pages_per_second_1": 5.449891948111957,
    "time_start_2": 78386.469693583,
    "time_end_2": 78392.1578655,
    "time_total_2": 5.688171917005093,
    "pages_per_second_2": 5.449905602769117,
    "time_start_3": 78386469693625,
    "time_end_3": 78392157865583,
    "time_total_3": 5.688171958,
    "pages_per_second_3": 5.449905563491406
}