{
    "function_method_name": "extract_text_to_file_from_any_document",
    "time_start_1": 1762969783.202538,
    "time_end_1": 1762969794.99422,
    "time_total_1": 11.791682004928589,
    "time_start_2": 2170737.134951125,
    "time_end_2": 2170748.926551916,
    "time_total_2": 11.791600791271776,
    "time_start_3": 2170737134951458,
    "time_end_3": 2170748926553000,
    "time_total_3": 11.791601542
}