{
    "function_method_name": "extract_text_to_file_from_any_document",
    "time_start_1": 1763070827.672977,
    "time_end_1": 1763070833.7197251,
    "time_total_1": 6.046748161315918,
    "time_start_2": 37038.192945625,
    "time_end_2": 37044.239643791,
    "time_total_2": 6.04669816599926,
    "time_start_3": 37038192945666,
    "time_end_3": 37044239644000,
    "time_total_3": 6.046698334
}