{
    "function_method_name": "extract_markdown_to_file_from_any_document",
    "num_pages": 31,
    "time_start_1": 1763068319.792563,
    "time_end_1": 1763068325.625385,
    "time_total_1": 5.83282208442688,
    "pages_per_second_1": 5.314751513297013,
    "time_start_2": 34530.33626575,
    "time_end_2": 34536.169048958,
    "time_total_2": 5.832783208003093,
    "pages_per_second_2": 5.314786936957518,
    "time_start_3": 34530336265833,
    "time_end_3": 34536169049166,
    "time_total_3": 5.832783333,
    "pages_per_second_3": 5.314786823061305
}