{
    "function_method_name": "extract_markdown_to_file_from_any_document",
    "num_pages": 31,
    "time_start_1": 1763174755.575914,
    "time_end_1": 1763174761.586283,
    "time_total_1": 6.010369062423706,
    "pages_per_second_1": 5.157753155926688,
    "time_start_2": 140965.967766875,
    "time_end_2": 140971.978140958,
    "time_total_2": 6.010374083009083,
    "pages_per_second_2": 5.157748847552582,
    "time_start_3": 140965967766916,
    "time_end_3": 140971978141083,
    "time_total_3": 6.010374167,
    "pages_per_second_3": 5.157748775476526
}