{
    "function_method_name": "extract_markdown_to_file_from_any_document_complex",
    "num_pages": 31,
    "time_start_1": 1763098407.47695,
    "time_end_1": 1763098413.0868711,
    "time_total_1": 5.609921216964722,
    "pages_per_second_1": 5.525924304650524,
    "time_start_2": 64617.987275041,
    "time_end_2": 64623.597152958,
    "time_total_2": 5.609877916998812,
    "pages_per_second_2": 5.525966956618633,
    "time_start_3": 64617987275125,
    "time_end_3": 64623597153083,
    "time_total_3": 5.609877958,
    "pages_per_second_3": 5.525966916230729
}