{
    "function_method_name": "extract_markdown_to_file_from_any_document",
    "num_pages": 31,
    "time_start_1": 1763127213.499134,
    "time_end_1": 1763127219.3618062,
    "time_total_1": 5.8626720905303955,
    "pages_per_second_1": 5.287691264546817,
    "time_start_2": 93423.907375208,
    "time_end_2": 93429.769998833,
    "time_total_2": 5.862623624998378,
    "pages_per_second_2": 5.287734977189258,
    "time_start_3": 93423907375291,
    "time_end_3": 93429769998916,
    "time_total_3": 5.862623625,
    "pages_per_second_3": 5.287734977187794
}