{
    "function_method_name": "extract_markdown_to_file_from_any_document",
    "num_pages": 31,
    "time_start_1": 1763122197.98314,
    "time_end_1": 1763122204.0805278,
    "time_total_1": 6.097387790679932,
    "pages_per_second_1": 5.0841444015393895,
    "time_start_2": 88408.429586458,
    "time_end_2": 88414.526956291,
    "time_total_2": 6.0973698329908075,
    "pages_per_second_2": 5.08415937512425,
    "time_start_3": 88408429586541,
    "time_end_3": 88414526956375,
    "time_total_3": 6.097369834,
    "pages_per_second_3": 5.084159374282757
}