{
    "function_method_name": "extract_text_to_file_from_any_document",
    "time_start_1": 1762896053.931156,
    "time_end_1": 1762896058.598607,
    "time_total_1": 4.6674511432647705,
    "time_start_2": 2097007.806673833,
    "time_end_2": 2097012.474126541,
    "time_total_2": 4.6674527081195265,
    "time_start_3": 2097007806673875,
    "time_end_3": 2097012474126583,
    "time_total_3": 4.667452708
}