{
    "function_method_name": "extract_text_to_file_from_any_document",
    "time_start_1": 1763179143.0638988,
    "time_end_1": 1763179146.2968938,
    "time_total_1": 3.23299503326416,
    "time_start_2": 145353.431738833,
    "time_end_2": 145356.664728333,
    "time_total_2": 3.23298950001481,
    "time_start_3": 145353431738875,
    "time_end_3": 145356664728500,
    "time_total_3": 3.232989625
}