{
    "function_method_name": "extract_text_to_file_from_any_document",
    "time_start_1": 1765462123.011219,
    "time_end_1": 1765462126.97892,
    "time_total_1": 3.967700958251953,
    "time_start_2": 2371145.795540916,
    "time_end_2": 2371149.763234625,
    "time_total_2": 3.9676937093026936,
    "time_start_3": 2371145795541041,
    "time_end_3": 2371149763235125,
    "time_total_3": 3.967694084
}