{
    "function_method_name": "extract_text_to_file_from_any_document",
    "time_start_1": 1763189165.172032,
    "time_end_1": 1763189168.398002,
    "time_total_1": 3.2259697914123535,
    "time_start_2": 155375.511921375,
    "time_end_2": 155378.737906875,
    "time_total_2": 3.2259855000011157,
    "time_start_3": 155375511921458,
    "time_end_3": 155378737907166,
    "time_total_3": 3.225985708
}