{
    "function_method_name": "extract_text_to_file_from_any_document",
    "time_start_1": 1763118985.62705,
    "time_end_1": 1763118988.838332,
    "time_total_1": 3.2112820148468018,
    "time_start_2": 85196.069026291,
    "time_end_2": 85199.280151375,
    "time_total_2": 3.2111250839952845,
    "time_start_3": 85196069026333,
    "time_end_3": 85199280151458,
    "time_total_3": 3.211125125
}