{
    "function_method_name": "extract_text_to_file_from_any_document",
    "time_start_1": 1763166578.662535,
    "time_end_1": 1763166581.900629,
    "time_total_1": 3.2380940914154053,
    "time_start_2": 132788.988596291,
    "time_end_2": 132792.226667666,
    "time_total_2": 3.238071375002619,
    "time_start_3": 132788988596375,
    "time_end_3": 132792226667916,
    "time_total_3": 3.238071541
}