{
    "function_method_name": "extract_text_to_file_from_any_document",
    "time_start_1": 1763206674.241259,
    "time_end_1": 1763206677.542285,
    "time_total_1": 3.301025867462158,
    "time_start_2": 172884.532252166,
    "time_end_2": 172887.833274791,
    "time_total_2": 3.301022624975303,
    "time_start_3": 172884532252208,
    "time_end_3": 172887833275041,
    "time_total_3": 3.301022833
}