{
    "function_method_name": "extract_text_to_file_from_any_document",
    "time_start_1": 1763098916.317287,
    "time_end_1": 1763098919.5616078,
    "time_total_1": 3.244320869445801,
    "time_start_2": 65126.82377825,
    "time_end_2": 65130.068075916,
    "time_total_2": 3.2442976660022396,
    "time_start_3": 65126823778333,
    "time_end_3": 65130068076083,
    "time_total_3": 3.24429775
}