{
    "function_method_name": "extract_text_to_file_from_any_document",
    "time_start_1": 1763151539.117823,
    "time_end_1": 1763151542.347543,
    "time_total_1": 3.229720115661621,
    "time_start_2": 117749.562710625,
    "time_end_2": 117752.792465041,
    "time_total_2": 3.229754415995558,
    "time_start_3": 117749562710666,
    "time_end_3": 117752792465083,
    "time_total_3": 3.229754417
}