{
    "function_method_name": "extract_text_to_file_from_any_document",
    "time_start_1": 1763092703.061835,
    "time_end_1": 1763092706.3078778,
    "time_total_1": 3.2460427284240723,
    "time_start_2": 58913.629351125,
    "time_end_2": 58916.875398041,
    "time_total_2": 3.2460469159996137,
    "time_start_3": 58913629351166,
    "time_end_3": 58916875398291,
    "time_total_3": 3.246047125
}