{
    "function_method_name": "extract_text_to_file_from_any_document",
    "time_start_1": 1763899323.683786,
    "time_end_1": 1763899325.976898,
    "time_total_1": 2.29311203956604,
    "time_start_2": 834805.176383208,
    "time_end_2": 834807.469481416,
    "time_total_2": 2.293098208028823,
    "time_start_3": 834805176383250,
    "time_end_3": 834807469481541,
    "time_total_3": 2.293098291
}