{
    "function_method_name": "extract_text_to_file_from_any_document",
    "time_start_1": 1763171539.068832,
    "time_end_1": 1763171542.3086662,
    "time_total_1": 3.2398343086242676,
    "time_start_2": 137749.460200791,
    "time_end_2": 137752.700052791,
    "time_total_2": 3.239851999998791,
    "time_start_3": 137749460200875,
    "time_end_3": 137752700053041,
    "time_total_3": 3.239852166
}