{
  "function_method_name": "extract_text_to_file_from_pdf_document",
  "num_pages": -1,
  "time_start_1": 1775174476.794528,
  "time_end_1": 1775174482.8101928,
  "time_total_1": 6.01566481590271,
  "pages_per_second_1": -0.16623266598172992,
  "time_start_2": 590593.9852075,
  "time_end_2": 590600.000770583,
  "time_total_2": 6.015563082997687,
  "pages_per_second_2": -0.16623547724507912,
  "time_start_3": 590593985207583,
  "time_end_3": 590600000770916,
  "time_total_3": 6.015563333,
  "pages_per_second_3": -0.166235470336457
}