{
    "function_method_name": "extract_tables_to_files_from_pdf_document",
    "time_start_1": 1769621715.3960378,
    "time_end_1": 1769621719.496355,
    "time_total_1": 4.1003172397613525,
    "time_start_2": 3221147.348116333,
    "time_end_2": 3221151.448420791,
    "time_total_2": 4.100304457824677,
    "time_start_3": 3221147348116416,
    "time_end_3": 3221151448421166,
    "time_total_3": 4.10030475
}