{
    "function_method_name": "extract_tables_to_files_from_pdf_document",
    "time_start_1": 1769620714.4293242,
    "time_end_1": 1769620718.433236,
    "time_total_1": 4.003911733627319,
    "time_start_2": 3220146.379274583,
    "time_end_2": 3220150.383168333,
    "time_total_2": 4.003893750254065,
    "time_start_3": 3220146379274666,
    "time_end_3": 3220150383168541,
    "time_total_3": 4.003893875
}