{
    "function_method_name": "extract_tables_to_files_from_pdf_document",
    "time_start_1": 1769629613.9799192,
    "time_end_1": 1769629617.98968,
    "time_total_1": 4.009760856628418,
    "time_start_2": 3229045.89592,
    "time_end_2": 3229049.905662041,
    "time_total_2": 4.009742041118443,
    "time_start_3": 3229045895920083,
    "time_end_3": 3229049905662458,
    "time_total_3": 4.009742375
}