{
  "function_method_name": "extract_text_to_file_from_any_document",
  "num_pages": 0,
  "time_start_1": 1773005839.060759,
  "time_end_1": 1773005839.137465,
  "time_total_1": 0.0767059326171875,
  "pages_per_second_1": 0.0,
  "time_start_2": 1165491.571808166,
  "time_end_2": 1165491.648518125,
  "time_total_2": 0.0767099589575082,
  "pages_per_second_2": 0.0,
  "time_start_3": 1165491571808208,
  "time_end_3": 1165491648518416,
  "time_total_3": 0.076710208,
  "pages_per_second_3": 0.0
}