{
    "function_method_name": "api_parse_analyze_markdown_mistletoe",
    "time_start_1": 1772789813.4824908,
    "time_end_1": 1772789813.500819,
    "time_total_1": 0.018328189849853516,
    "time_start_2": 963783.439791875,
    "time_end_2": 963783.458120666,
    "time_total_2": 0.01832879101857543,
    "time_start_3": 963783439791958,
    "time_end_3": 963783458120958,
    "time_total_3": 0.018329
}