{
    "function_method_name": "extract_tables_to_files_from_pdf_document",
    "time_start_1": 1765561413.988784,
    "time_end_1": 1765561417.164059,
    "time_total_1": 3.1752748489379883,
    "time_start_2": 2446936.520031875,
    "time_end_2": 2446939.695295083,
    "time_total_2": 3.175263207871467,
    "time_start_3": 2446936520032000,
    "time_end_3": 2446939695295208,
    "time_total_3": 3.175263208
}