{
    "function_method_name": "extract_tables_to_files_from_pdf_document",
    "time_start_1": 1765466943.031153,
    "time_end_1": 1765466946.2937322,
    "time_total_1": 3.2625792026519775,
    "time_start_2": 2375965.810687708,
    "time_end_2": 2375969.073269041,
    "time_total_2": 3.2625813325867057,
    "time_start_3": 2375965810687750,
    "time_end_3": 2375969073269083,
    "time_total_3": 3.262581333
}