{
    "function_method_name": "extract_tables_to_files_from_pdf_document",
    "time_start_1": 1765492994.91744,
    "time_end_1": 1765492998.050295,
    "time_total_1": 3.132855176925659,
    "time_start_2": 2402017.623276541,
    "time_end_2": 2402020.75614375,
    "time_total_2": 3.132867209147662,
    "time_start_3": 2402017623276583,
    "time_end_3": 2402020756143875,
    "time_total_3": 3.132867292
}