{
    "function_method_name": "extract_tables_to_files_from_pdf_document",
    "time_start_1": 1765564835.855018,
    "time_end_1": 1765564838.974669,
    "time_total_1": 3.1196510791778564,
    "time_start_2": 2450358.3928105,
    "time_end_2": 2450361.512463083,
    "time_total_2": 3.119652582798153,
    "time_start_3": 2450358392810583,
    "time_end_3": 2450361512463166,
    "time_total_3": 3.119652583
}