{
  "function_method_name": "extract_text_to_file_from_any_document",
  "num_pages": 98,
  "time_start_1": 1774222271.291156,
  "time_end_1": 1774222508.2185578,
  "time_total_1": 236.92740178108215,
  "pages_per_second_1": 0.4136288131439973,
  "time_start_2": 982226.975556375,
  "time_end_2": 982463.901917333,
  "time_total_2": 236.926360958023,
  "pages_per_second_2": 0.41363063022507224,
  "time_start_3": 982226975556458,
  "time_end_3": 982463901917625,
  "time_total_3": 236.926361167,
  "pages_per_second_3": 0.41363062986023613
}