{
  "function_method_name": "extract_text_to_file_from_any_document",
  "num_pages": 98,
  "time_start_1": 1773027860.860778,
  "time_end_1": 1773028015.2975109,
  "time_total_1": 154.43673276901245,
  "pages_per_second_1": 0.6345640589701959,
  "time_start_2": 1187513.27852025,
  "time_end_2": 1187667.714738,
  "time_total_2": 154.436217749957,
  "pages_per_second_2": 0.6345661751356073,
  "time_start_3": 1187513278520291,
  "time_end_3": 1187667714738166,
  "time_total_3": 154.436217875,
  "pages_per_second_3": 0.6345661746218155
}