{
  "function_method_name": "extract_markdown_to_file_from_any_document",
  "num_pages": 100,
  "time_start_1": 1775160526.193662,
  "time_end_1": 1775160541.636479,
  "time_total_1": 15.442816972732544,
  "pages_per_second_1": 6.475502505570744,
  "time_start_2": 576645.701199458,
  "time_end_2": 576661.144780916,
  "time_total_2": 15.443581458064727,
  "pages_per_second_2": 6.475181956435334,
  "time_start_3": 576645701199541,
  "time_end_3": 576661144781000,
  "time_total_3": 15.443581459,
  "pages_per_second_3": 6.475181956043192
}