{
    "function_method_name": "extract_text_to_file_from_any_document",
    "time_start_1": 1763898377.5946329,
    "time_end_1": 1763898379.613525,
    "time_total_1": 2.0188920497894287,
    "time_start_2": 833859.113507666,
    "time_end_2": 833861.132397958,
    "time_total_2": 2.018890291918069,
    "time_start_3": 833859113507750,
    "time_end_3": 833861132398208,
    "time_total_3": 2.018890458
}