{
    "function_method_name": "extract_text_to_file_from_any_document",
    "time_start_1": 1763220065.7610738,
    "time_end_1": 1763220067.570515,
    "time_total_1": 1.809441089630127,
    "time_start_2": 186275.932210666,
    "time_end_2": 186277.74163525,
    "time_total_2": 1.80942458397476,
    "time_start_3": 186275932210708,
    "time_end_3": 186277741635333,
    "time_total_3": 1.809424625
}