{
    "function_method_name": "extract_text_to_file_from_any_document",
    "time_start_1": 1763097726.6545768,
    "time_end_1": 1763097728.4604428,
    "time_total_1": 1.805866003036499,
    "time_start_2": 63937.170085083,
    "time_end_2": 63938.975940708,
    "time_total_2": 1.805855624996184,
    "time_start_3": 63937170085083,
    "time_end_3": 63938975940958,
    "time_total_3": 1.805855875
}