{
    "function_method_name": "extract_text_to_file_from_any_document",
    "time_start_1": 1763904475.016452,
    "time_end_1": 1763904476.83905,
    "time_total_1": 1.8225979804992676,
    "time_start_2": 839956.539733583,
    "time_end_2": 839958.3623345,
    "time_total_2": 1.8226009169593453,
    "time_start_3": 839956539733666,
    "time_end_3": 839958362334666,
    "time_total_3": 1.822601
}