{
    "function_method_name": "extract_markdown_to_file_from_any_document_complex",
    "num_pages": 1,
    "time_start_1": 1770992779.362245,
    "time_end_1": 1770992784.5994382,
    "time_total_1": 5.2371931076049805,
    "pages_per_second_1": 0.19094197587404024,
    "time_start_2": 19132.906940291,
    "time_end_2": 19138.144110958,
    "time_total_2": 5.237170667001919,
    "pages_per_second_2": 0.19094279403586095,
    "time_start_3": 19132906940416,
    "time_end_3": 19138144111041,
    "time_total_3": 5.237170625,
    "pages_per_second_3": 0.19094279556721527
}