{
    "function_method_name": "extract_text_to_file_from_any_document",
    "time_start_1": 1770992767.897567,
    "time_end_1": 1770992773.723231,
    "time_total_1": 5.825664043426514,
    "time_start_2": 19121.442312333,
    "time_end_2": 19127.267951666,
    "time_total_2": 5.825639332997525,
    "time_start_3": 19121442312416,
    "time_end_3": 19127267951916,
    "time_total_3": 5.8256395
}