{
    "function_method_name": "extract_text_to_file_from_any_document",
    "time_start_1": 1772789389.98694,
    "time_end_1": 1772789389.994081,
    "time_total_1": 0.00714111328125,
    "time_start_2": 963359.944068458,
    "time_end_2": 963359.951209375,
    "time_total_2": 0.0071409170050174,
    "time_start_3": 963359944068500,
    "time_end_3": 963359951209500,
    "time_total_3": 0.007141
}