{
    "function_method_name": "extract_text_to_file_from_any_document",
    "time_start_1": 1772631402.3437262,
    "time_end_1": 1772631402.6970692,
    "time_total_1": 0.35334300994873047,
    "time_start_2": 819132.75641925,
    "time_end_2": 819133.109759958,
    "time_total_2": 0.35334070795215666,
    "time_start_3": 819132756419958,
    "time_end_3": 819133109760333,
    "time_total_3": 0.353340375
}