{
    "function_method_name": "extract_text_to_file_from_any_document",
    "time_start_1": 1763784352.769114,
    "time_end_1": 1763784355.11635,
    "time_total_1": 2.347235918045044,
    "time_start_2": 719834.258893958,
    "time_end_2": 719836.60612575,
    "time_total_2": 2.3472317920532078,
    "time_start_3": 719834258893958,
    "time_end_3": 719836606125791,
    "time_total_3": 2.347231833
}