{
    "function_method_name": "extract_text_to_file_from_any_document",
    "time_start_1": 1763795249.1287072,
    "time_end_1": 1763795251.4609091,
    "time_total_1": 2.3322019577026367,
    "time_start_2": 730730.527938833,
    "time_end_2": 730732.860115208,
    "time_total_2": 2.332176374970004,
    "time_start_3": 730730527938875,
    "time_end_3": 730732860115250,
    "time_total_3": 2.332176375
}