{
    "function_method_name": "extract_markdown_to_file_from_any_document",
    "num_pages": 2,
    "time_start_1": 1763169875.6323352,
    "time_end_1": 1763169878.891037,
    "time_total_1": 3.258701801300049,
    "pages_per_second_1": 0.6137413368728941,
    "time_start_2": 136085.975061166,
    "time_end_2": 136089.233752791,
    "time_total_2": 3.2586916250002105,
    "pages_per_second_2": 0.6137432534751952,
    "time_start_3": 136085975061250,
    "time_end_3": 136089233752958,
    "time_total_3": 3.258691708,
    "pages_per_second_3": 0.6137432378429828
}