{
    "function_method_name": "extract_text_to_file_from_any_document",
    "time_start_1": 1763791616.7745652,
    "time_end_1": 1763791619.150487,
    "time_total_1": 2.3759217262268066,
    "time_start_2": 727098.274867416,
    "time_end_2": 727100.650806333,
    "time_total_2": 2.37593891704455,
    "time_start_3": 727098274867458,
    "time_end_3": 727100650806375,
    "time_total_3": 2.375938917
}