{
    "function_method_name": "extract_text_to_file_from_any_document",
    "time_start_1": 1763211499.678565,
    "time_end_1": 1763211502.215224,
    "time_total_1": 2.536659002304077,
    "time_start_2": 177709.89695525,
    "time_end_2": 177712.433588083,
    "time_total_2": 2.5366328329837415,
    "time_start_3": 177709896955333,
    "time_end_3": 177712433588166,
    "time_total_3": 2.536632833
}