{
    "function_method_name": "extract_markdown_to_file_from_any_document_complex",
    "num_pages": 2,
    "time_start_1": 1763142403.50778,
    "time_end_1": 1763142406.740027,
    "time_total_1": 3.2322468757629395,
    "pages_per_second_1": 0.6187646169595012,
    "time_start_2": 108613.899936958,
    "time_end_2": 108617.132163708,
    "time_total_2": 3.2322267499985173,
    "pages_per_second_2": 0.6187684697556932,
    "time_start_3": 108613899937041,
    "time_end_3": 108617132163791,
    "time_total_3": 3.23222675,
    "pages_per_second_3": 0.6187684697554093
}