{
    "function_method_name": "extract_markdown_to_file_from_any_document",
    "num_pages": 2,
    "time_start_1": 1763799318.33329,
    "time_end_1": 1763799320.703131,
    "time_total_1": 2.3698408603668213,
    "pages_per_second_1": 0.8439385249229037,
    "time_start_2": 734799.720852291,
    "time_end_2": 734802.090683416,
    "time_total_2": 2.369831125019118,
    "pages_per_second_2": 0.8439419918513668,
    "time_start_3": 734799720852375,
    "time_end_3": 734802090683458,
    "time_total_3": 2.369831083,
    "pages_per_second_3": 0.8439420068151753
}