{
    "function_method_name": "extract_markdown_to_file_from_any_document_complex",
    "num_pages": 2,
    "time_start_1": 1763192471.325482,
    "time_end_1": 1763192474.665557,
    "time_total_1": 3.3400750160217285,
    "pages_per_second_1": 0.5987889464776588,
    "time_start_2": 158681.650577708,
    "time_end_2": 158684.990657291,
    "time_total_2": 3.340079582994804,
    "pages_per_second_2": 0.5987881277387849,
    "time_start_3": 158681650577791,
    "time_end_3": 158684990657375,
    "time_total_3": 3.340079584,
    "pages_per_second_3": 0.5987881275585797
}