{
    "function_method_name": "extract_markdown_to_file_from_any_document_complex",
    "num_pages": 2,
    "time_start_1": 1763083534.3312159,
    "time_end_1": 1763083537.5725372,
    "time_total_1": 3.241321325302124,
    "pages_per_second_1": 0.617032314688387,
    "time_start_2": 49744.89000525,
    "time_end_2": 49748.131346791,
    "time_total_2": 3.2413415409973823,
    "pages_per_second_2": 0.6170284663629081,
    "time_start_3": 49744890005333,
    "time_end_3": 49748131346916,
    "time_total_3": 3.241341583,
    "pages_per_second_3": 0.6170284583672032
}