{
    "function_method_name": "extract_text_to_file_from_any_document",
    "time_start_1": 1763223181.2025568,
    "time_end_1": 1763223184.514153,
    "time_total_1": 3.311596155166626,
    "time_start_2": 189391.391713833,
    "time_end_2": 189394.703300208,
    "time_total_2": 3.311586374999024,
    "time_start_3": 189391391713875,
    "time_end_3": 189394703300291,
    "time_total_3": 3.311586416
}