{
    "function_method_name": "extract_markdown_to_file_from_any_document_complex",
    "num_pages": 2,
    "time_start_1": 1763784357.4662988,
    "time_end_1": 1763784359.801058,
    "time_total_1": 2.33475923538208,
    "pages_per_second_1": 0.8566193762898652,
    "time_start_2": 719838.956070333,
    "time_end_2": 719841.290824166,
    "time_total_2": 2.3347538330126554,
    "pages_per_second_2": 0.8566213584150304,
    "time_start_3": 719838956070375,
    "time_end_3": 719841290824291,
    "time_total_3": 2.334753916,
    "pages_per_second_3": 0.8566213279669685
}