{
    "function_method_name": "extract_text_to_file_from_any_document",
    "time_start_1": 1763228863.5118542,
    "time_end_1": 1763228866.791177,
    "time_total_1": 3.279322862625122,
    "time_start_2": 195073.724597791,
    "time_end_2": 195077.003917208,
    "time_total_2": 3.2793194169935305,
    "time_start_3": 195073724597875,
    "time_end_3": 195077003917291,
    "time_total_3": 3.279319416
}