{
    "function_method_name": "extract_markdown_to_file_from_any_document",
    "num_pages": 2,
    "time_start_1": 1763213374.069258,
    "time_end_1": 1763213377.292408,
    "time_total_1": 3.2231500148773193,
    "pages_per_second_1": 0.6205109879367885,
    "time_start_2": 179584.312278833,
    "time_end_2": 179587.5354625,
    "time_total_2": 3.223183666996192,
    "pages_per_second_2": 0.6205045094013759,
    "time_start_3": 179584312278875,
    "time_end_3": 179587535462625,
    "time_total_3": 3.22318375,
    "pages_per_second_3": 0.6205044934220706
}