{
    "function_method_name": "extract_markdown_to_file_from_any_document",
    "num_pages": 2,
    "time_start_1": 1763793440.332225,
    "time_end_1": 1763793442.699714,
    "time_total_1": 2.3674888610839844,
    "pages_per_second_1": 0.8447769418793696,
    "time_start_2": 728921.804472958,
    "time_end_2": 728924.17196125,
    "time_total_2": 2.3674882920458913,
    "pages_per_second_2": 0.8447771449258902,
    "time_start_3": 728921804473041,
    "time_end_3": 728924171961291,
    "time_total_3": 2.36748825,
    "pages_per_second_3": 0.8447771599288824
}