{
    "function_method_name": "extract_tables_to_files_from_pdf_document",
    "time_start_1": 1769638820.297659,
    "time_end_1": 1769638825.244003,
    "time_total_1": 4.9463441371917725,
    "time_start_2": 3238252.202591125,
    "time_end_2": 3238257.148928833,
    "time_total_2": 4.94633770827204,
    "time_start_3": 3238252202591208,
    "time_end_3": 3238257148929041,
    "time_total_3": 4.946337833
}