{
    "function_method_name": "extract_tables_to_files_from_pdf_document",
    "time_start_1": 1769312083.741623,
    "time_end_1": 1769312088.702369,
    "time_total_1": 4.9607460498809814,
    "time_start_2": 2916312.776169541,
    "time_end_2": 2916317.736901,
    "time_total_2": 4.960731459315866,
    "time_start_3": 2916312776169625,
    "time_end_3": 2916317736901333,
    "time_total_3": 4.960731708
}