{
    "function_method_name": "extract_tables_to_files_from_pdf_document",
    "time_start_1": 1769288584.070653,
    "time_end_1": 1769288587.516299,
    "time_total_1": 3.445646047592163,
    "time_start_2": 2892813.18238825,
    "time_end_2": 2892816.628021958,
    "time_total_2": 3.4456337080337107,
    "time_start_3": 2892813182388291,
    "time_end_3": 2892816628022250,
    "time_total_3": 3.445633959
}