{
    "function_method_name": "extract_tables_to_files_from_pdf_document",
    "time_start_1": 1769633313.713235,
    "time_end_1": 1769633318.842284,
    "time_total_1": 5.129049062728882,
    "time_start_2": 3232745.61652325,
    "time_end_2": 3232750.745553458,
    "time_total_2": 5.129030208103359,
    "time_start_3": 3232745616523291,
    "time_end_3": 3232750745553708,
    "time_total_3": 5.129030417
}