{
    "function_method_name": "extract_tables_to_files_from_pdf_document",
    "time_start_1": 1769302313.824098,
    "time_end_1": 1769302318.811007,
    "time_total_1": 4.986908912658691,
    "time_start_2": 2906542.885631,
    "time_end_2": 2906547.87252625,
    "time_total_2": 4.9868952496908605,
    "time_start_3": 2906542885631041,
    "time_end_3": 2906547872526583,
    "time_total_3": 4.986895542
}