{
  "function_method_name": "extract_text_to_file_from_any_document",
  "num_pages": 1586,
  "time_start_1": 1773177790.981434,
  "time_end_1": 1773177793.6979961,
  "time_total_1": 2.716562032699585,
  "pages_per_second_1": 583.8261673796242,
  "time_start_2": 1318781.945564875,
  "time_end_2": 1318784.662119416,
  "time_total_2": 2.7165545411407948,
  "pages_per_second_2": 583.8277774220473,
  "time_start_3": 1318781945564958,
  "time_end_3": 1318784662119625,
  "time_total_3": 2.716554667,
  "pages_per_second_3": 583.8277503730426
}