{
    "function_method_name": "extract_text_to_file_from_any_document",
    "time_start_1": 1770996742.301405,
    "time_end_1": 1770996748.8314419,
    "time_total_1": 6.530036926269531,
    "time_start_2": 23095.836219125,
    "time_end_2": 23102.366240916,
    "time_total_2": 6.530021790997125,
    "time_start_3": 23095836219208,
    "time_end_3": 23102366241166,
    "time_total_3": 6.530021958
}