{
    "function_method_name": "extract_text_to_file_from_any_document",
    "time_start_1": 1771940826.029307,
    "time_end_1": 1771940826.0545778,
    "time_total_1": 0.025270938873291016,
    "time_start_2": 149728.397663625,
    "time_end_2": 149728.422934375,
    "time_total_2": 0.025270750018535182,
    "time_start_3": 149728397663791,
    "time_end_3": 149728422934416,
    "time_total_3": 0.025270625
}