{
    "function_method_name": "extract_text_to_file_from_any_document",
    "time_start_1": 1771849205.059551,
    "time_end_1": 1771849205.086627,
    "time_total_1": 0.027076005935668945,
    "time_start_2": 69986.364568875,
    "time_end_2": 69986.391644791,
    "time_total_2": 0.027075916004832834,
    "time_start_3": 69986364568916,
    "time_end_3": 69986391644916,
    "time_total_3": 0.027076
}