{
    "function_method_name": "extract_text_to_file_from_any_document",
    "time_start_1": 1763151829.843623,
    "time_end_1": 1763151837.570451,
    "time_total_1": 7.726828098297119,
    "time_start_2": 118040.280829125,
    "time_end_2": 118048.007722166,
    "time_total_2": 7.726893041006406,
    "time_start_3": 118040280829208,
    "time_end_3": 118048007722250,
    "time_total_3": 7.726893042
}