{
    "function_method_name": "extract_markdown_to_file_from_any_document",
    "num_pages": 42,
    "time_start_1": 1763226592.054049,
    "time_end_1": 1763226597.4267,
    "time_total_1": 5.372651100158691,
    "pages_per_second_1": 7.817369715066636,
    "time_start_2": 192802.282388541,
    "time_end_2": 192807.655054083,
    "time_total_2": 5.372665542003233,
    "pages_per_second_2": 7.817348701802873,
    "time_start_3": 192802282388583,
    "time_end_3": 192807655054250,
    "time_total_3": 5.372665667,
    "pages_per_second_3": 7.817348519929782
}