{
    "function_method_name": "extract_markdown_to_file_from_any_document",
    "num_pages": 42,
    "time_start_1": 1763114268.952209,
    "time_end_1": 1763114276.342575,
    "time_total_1": 7.390366077423096,
    "pages_per_second_1": 5.683074364652413,
    "time_start_2": 80479.4654625,
    "time_end_2": 80486.855849625,
    "time_total_2": 7.390387125007692,
    "pages_per_second_2": 5.68305817943959,
    "time_start_3": 80479465462625,
    "time_end_3": 80486855849708,
    "time_total_3": 7.390387083,
    "pages_per_second_3": 5.683058211742655
}