{
    "function_method_name": "extract_text_to_file_from_any_document",
    "time_start_1": 1763222633.283222,
    "time_end_1": 1763222640.556968,
    "time_total_1": 7.273746013641357,
    "time_start_2": 188843.474045708,
    "time_end_2": 188850.747769958,
    "time_total_2": 7.273724250000669,
    "time_start_3": 188843474045833,
    "time_end_3": 188850747770000,
    "time_total_3": 7.273724167
}