{
    "function_method_name": "extract_text_to_file_from_any_document",
    "time_start_1": 1763169341.5401878,
    "time_end_1": 1763169348.7247202,
    "time_total_1": 7.184532403945923,
    "time_start_2": 135551.884740833,
    "time_end_2": 135559.069229541,
    "time_total_2": 7.184488708007848,
    "time_start_3": 135551884740916,
    "time_end_3": 135559069229583,
    "time_total_3": 7.184488667
}