{
    "function_method_name": "extract_markdown_to_file_from_any_document",
    "num_pages": 42,
    "time_start_1": 1763111783.331635,
    "time_end_1": 1763111790.462616,
    "time_total_1": 7.130980968475342,
    "pages_per_second_1": 5.889792748806048,
    "time_start_2": 77993.829351875,
    "time_end_2": 78000.960332666,
    "time_total_2": 7.130980791000184,
    "pages_per_second_2": 5.889792895390639,
    "time_start_3": 77993829351958,
    "time_end_3": 78000960332750,
    "time_total_3": 7.130980792,
    "pages_per_second_3": 5.889792894564846
}