{
    "function_method_name": "extract_text_to_file_from_any_document",
    "time_start_1": 1763224752.393381,
    "time_end_1": 1763224757.813173,
    "time_total_1": 5.41979193687439,
    "time_start_2": 190962.631949125,
    "time_end_2": 190968.053117166,
    "time_total_2": 5.421168041008059,
    "time_start_3": 190962631949208,
    "time_end_3": 190968053117208,
    "time_total_3": 5.421168
}