{
    "function_method_name": "extract_text_to_file_from_any_document",
    "time_start_1": 1772653520.534364,
    "time_end_1": 1772653520.685961,
    "time_total_1": 0.1515970230102539,
    "time_start_2": 841250.940605875,
    "time_end_2": 841251.092202666,
    "time_total_2": 0.1515967909945175,
    "time_start_3": 841250940605916,
    "time_end_3": 841251092202750,
    "time_total_3": 0.151596834
}