{
    "function_method_name": "api_parse_analyze_markdown_mistune",
    "time_start_1": 1772641563.5909948,
    "time_end_1": 1772641563.654948,
    "time_total_1": 0.06395316123962402,
    "time_start_2": 829294.0380635,
    "time_end_2": 829294.102018333,
    "time_total_2": 0.06395483308006078,
    "time_start_3": 829294038063583,
    "time_end_3": 829294102018541,
    "time_total_3": 0.063954958
}