{
    "function_method_name": "extract_text_to_file_from_any_document",
    "time_start_1": 1763113910.925271,
    "time_end_1": 1763113911.5874188,
    "time_total_1": 0.6621477603912354,
    "time_start_2": 80121.437513083,
    "time_end_2": 80122.099663041,
    "time_total_2": 0.6621499579923693,
    "time_start_3": 80121437513166,
    "time_end_3": 80122099663083,
    "time_total_3": 0.662149917
}