{
    "function_method_name": "extract_tables_to_files_from_pdf_document",
    "time_start_1": 1769289165.1140292,
    "time_end_1": 1769289169.515906,
    "time_total_1": 4.401876926422119,
    "time_start_2": 2893394.221867416,
    "time_end_2": 2893398.623726458,
    "time_total_2": 4.4018590417690575,
    "time_start_3": 2893394221867500,
    "time_end_3": 2893398623726541,
    "time_total_3": 4.401859041
}