{
    "function_method_name": "extract_tables_to_files_from_pdf_document",
    "time_start_1": 1769319336.799836,
    "time_end_1": 1769319342.466031,
    "time_total_1": 5.6661951541900635,
    "time_start_2": 2923565.8145495,
    "time_end_2": 2923571.480730125,
    "time_total_2": 5.666180625092238,
    "time_start_3": 2923565814549583,
    "time_end_3": 2923571480730250,
    "time_total_3": 5.666180667
}