{
    "function_method_name": "extract_tables_to_files_from_pdf_document",
    "time_start_1": 1769296586.8624089,
    "time_end_1": 1769296592.2804558,
    "time_total_1": 5.418046951293945,
    "time_start_2": 2900815.938568083,
    "time_end_2": 2900821.356594291,
    "time_total_2": 5.418026207946241,
    "time_start_3": 2900815938568166,
    "time_end_3": 2900821356594375,
    "time_total_3": 5.418026209
}