{
    "function_method_name": "extract_tables_to_files_from_pdf_document",
    "time_start_1": 1769285594.4361951,
    "time_end_1": 1769285598.674411,
    "time_total_1": 4.238215923309326,
    "time_start_2": 2889823.56254575,
    "time_end_2": 2889827.800750916,
    "time_total_2": 4.238205166067928,
    "time_start_3": 2889823562545791,
    "time_end_3": 2889827800751083,
    "time_total_3": 4.238205292
}