{
    "function_method_name": "extract_tables_to_files_from_pdf_document",
    "time_start_1": 1769298205.8376052,
    "time_end_1": 1769298211.674386,
    "time_total_1": 5.836780786514282,
    "time_start_2": 2902434.908878,
    "time_end_2": 2902440.745638166,
    "time_total_2": 5.836760166101158,
    "time_start_3": 2902434908878083,
    "time_end_3": 2902440745638500,
    "time_total_3": 5.836760417
}