{
    "function_method_name": "extract_text_to_file_from_any_document",
    "time_start_1": 1771447135.3371341,
    "time_end_1": 1771447135.346482,
    "time_total_1": 0.009347915649414062,
    "time_start_2": 437143.843277916,
    "time_end_2": 437143.852626291,
    "time_total_2": 0.00934837496606633,
    "time_start_3": 437143843277958,
    "time_end_3": 437143852626333,
    "time_total_3": 0.009348375
}