{
    "function_method_name": "extract_tables_to_files_from_pdf_document",
    "time_start_1": 1770509928.2180889,
    "time_end_1": 1770509928.514139,
    "time_total_1": 0.2960500717163086,
    "time_start_2": 4092922.3434705,
    "time_end_2": 4092922.639520708,
    "time_total_2": 0.2960502081550658,
    "time_start_3": 4092922343470625,
    "time_end_3": 4092922639520958,
    "time_total_3": 0.296050333
}