{
    "function_method_name": "extract_text_to_file_from_pdf_document",
    "time_start_1": 1765469066.528276,
    "time_end_1": 1765469102.573471,
    "time_total_1": 36.04519510269165,
    "time_start_2": 2378089.32128075,
    "time_end_2": 2378125.366588583,
    "time_total_2": 36.04530783323571,
    "time_start_3": 2378089321281000,
    "time_end_3": 2378125366588875,
    "time_total_3": 36.045307875
}