{
    "function_method_name": "extract_text_to_file_from_any_document",
    "time_start_1": 1763099208.43467,
    "time_end_1": 1763099209.601644,
    "time_total_1": 1.1669740676879883,
    "time_start_2": 65418.93894075,
    "time_end_2": 65420.105906541,
    "time_total_2": 1.1669657910024398,
    "time_start_3": 65418938940791,
    "time_end_3": 65420105906625,
    "time_total_3": 1.166965834
}