{
    "function_method_name": "extract_text_to_file_from_any_document",
    "time_start_1": 1763092991.962697,
    "time_end_1": 1763092993.1336792,
    "time_total_1": 1.1709821224212646,
    "time_start_2": 59202.530520083,
    "time_end_2": 59203.701503875,
    "time_total_2": 1.1709837920061545,
    "time_start_3": 59202530520166,
    "time_end_3": 59203701503916,
    "time_total_3": 1.17098375
}