{
    "function_method_name": "extract_text_to_file_from_any_document",
    "time_start_1": 1763204431.389062,
    "time_end_1": 1763204432.607209,
    "time_total_1": 1.2181470394134521,
    "time_start_2": 170641.682667166,
    "time_end_2": 170642.90081325,
    "time_total_2": 1.218146083992906,
    "time_start_3": 170641682667250,
    "time_end_3": 170642900813375,
    "time_total_3": 1.218146125
}