{
    "function_method_name": "extract_markdown_to_file_from_any_document_complex",
    "num_pages": 0,
    "time_start_1": 1763154338.809545,
    "time_end_1": 1763154339.982964,
    "time_total_1": 1.1734189987182617,
    "pages_per_second_1": 0.0,
    "time_start_2": 120549.198764166,
    "time_end_2": 120550.372179416,
    "time_total_2": 1.1734152499993797,
    "pages_per_second_2": 0.0,
    "time_start_3": 120549198764208,
    "time_end_3": 120550372179541,
    "time_total_3": 1.173415333,
    "pages_per_second_3": 0.0
}