{
    "function_method_name": "extract_markdown_to_file_from_any_document",
    "num_pages": 0,
    "time_start_1": 1763814450.5486321,
    "time_end_1": 1763814451.389802,
    "time_total_1": 0.8411698341369629,
    "pages_per_second_1": 0.0,
    "time_start_2": 749931.89064725,
    "time_end_2": 749932.731814041,
    "time_total_2": 0.8411667910404503,
    "pages_per_second_2": 0.0,
    "time_start_3": 749931890647291,
    "time_end_3": 749932731814291,
    "time_total_3": 0.841167,
    "pages_per_second_3": 0.0
}