{
    "function_method_name": "extract_markdown_to_file_from_any_document_complex",
    "num_pages": 0,
    "time_start_1": 1763139384.227177,
    "time_end_1": 1763139385.3951218,
    "time_total_1": 1.1679449081420898,
    "pages_per_second_1": 0.0,
    "time_start_2": 105594.653293541,
    "time_end_2": 105595.821238583,
    "time_total_2": 1.1679450419906061,
    "pages_per_second_2": 0.0,
    "time_start_3": 105594653293625,
    "time_end_3": 105595821238833,
    "time_total_3": 1.167945208,
    "pages_per_second_3": 0.0
}