{
    "function_method_name": "extract_text_to_file_from_any_document",
    "time_start_1": 1763149309.551438,
    "time_end_1": 1763149310.718668,
    "time_total_1": 1.1672298908233643,
    "time_start_2": 115519.93781475,
    "time_end_2": 115521.105047458,
    "time_total_2": 1.167232708001393,
    "time_start_3": 115519937814833,
    "time_end_3": 115521105047500,
    "time_total_3": 1.167232667
}