{
    "function_method_name": "extract_markdown_to_file_from_any_document_complex",
    "num_pages": 0,
    "time_start_1": 1763228415.8428009,
    "time_end_1": 1763228416.676234,
    "time_total_1": 0.8334331512451172,
    "pages_per_second_1": 0.0,
    "time_start_2": 194626.056010166,
    "time_end_2": 194626.889442833,
    "time_total_2": 0.8334326669864822,
    "pages_per_second_2": 0.0,
    "time_start_3": 194626056010250,
    "time_end_3": 194626889443000,
    "time_total_3": 0.83343275,
    "pages_per_second_3": 0.0
}