{
    "function_method_name": "extract_text_to_file_from_any_document",
    "time_start_1": 1763139381.850828,
    "time_end_1": 1763139383.015907,
    "time_total_1": 1.165079116821289,
    "time_start_2": 105592.276947583,
    "time_end_2": 105593.4420255,
    "time_total_2": 1.1650779170013266,
    "time_start_3": 105592276947625,
    "time_end_3": 105593442025625,
    "time_total_3": 1.165078
}