{
    "function_method_name": "extract_markdown_to_file_from_any_document",
    "num_pages": 0,
    "time_start_1": 1763106687.2410398,
    "time_end_1": 1763106688.4616718,
    "time_total_1": 1.2206320762634277,
    "pages_per_second_1": 0.0,
    "time_start_2": 72897.754027041,
    "time_end_2": 72898.974652708,
    "time_total_2": 1.2206256670033326,
    "pages_per_second_2": 0.0,
    "time_start_3": 72897754027125,
    "time_end_3": 72898974652833,
    "time_total_3": 1.220625708,
    "pages_per_second_3": 0.0
}