{
    "function_method_name": "extract_tables_to_files_from_pdf_document",
    "time_start_1": 1769299424.876694,
    "time_end_1": 1769299431.9933069,
    "time_total_1": 7.116612911224365,
    "time_start_2": 2903653.9450965,
    "time_end_2": 2903661.061687208,
    "time_total_2": 7.116590707562864,
    "time_start_3": 2903653945096625,
    "time_end_3": 2903661061687375,
    "time_total_3": 7.11659075
}