{
    "function_method_name": "extract_tables_to_files_from_pdf_document",
    "time_start_1": 1769633684.352142,
    "time_end_1": 1769633692.3300989,
    "time_total_1": 7.977956771850586,
    "time_start_2": 3233116.254010833,
    "time_end_2": 3233124.231938458,
    "time_total_2": 7.977927625179291,
    "time_start_3": 3233116254010875,
    "time_end_3": 3233124231938666,
    "time_total_3": 7.977927791
}