{
    "function_method_name": "extract_tables_to_files_from_pdf_document",
    "time_start_1": 1769338860.392119,
    "time_end_1": 1769338868.265175,
    "time_total_1": 7.873056173324585,
    "time_start_2": 2943089.360446916,
    "time_end_2": 2943097.23349025,
    "time_total_2": 7.873043334111571,
    "time_start_3": 2943089360447000,
    "time_end_3": 2943097233490458,
    "time_total_3": 7.873043458
}