{
    "function_method_name": "extract_tables_to_files_from_pdf_document",
    "time_start_1": 1769294574.3534029,
    "time_end_1": 1769294581.566823,
    "time_total_1": 7.213420152664185,
    "time_start_2": 2898803.436187166,
    "time_end_2": 2898810.649574958,
    "time_total_2": 7.213387791998684,
    "time_start_3": 2898803436187250,
    "time_end_3": 2898810649575208,
    "time_total_3": 7.213387958
}