{
    "function_method_name": "extract_tables_to_files_from_pdf_document",
    "time_start_1": 1769336990.419402,
    "time_end_1": 1769336994.587569,
    "time_total_1": 4.1681671142578125,
    "time_start_2": 2941219.386737666,
    "time_end_2": 2941223.554892666,
    "time_total_2": 4.168155000079423,
    "time_start_3": 2941219386737750,
    "time_end_3": 2941223554892875,
    "time_total_3": 4.168155125
}