{
    "function_method_name": "extract_tables_to_files_from_pdf_document",
    "time_start_1": 1769631180.126535,
    "time_end_1": 1769631183.990624,
    "time_total_1": 3.864089012145996,
    "time_start_2": 3230612.03688,
    "time_end_2": 3230615.900953208,
    "time_total_2": 3.864073208067566,
    "time_start_3": 3230612036880041,
    "time_end_3": 3230615900953333,
    "time_total_3": 3.864073292
}