{
    "function_method_name": "extract_tables_to_files_from_pdf_document",
    "time_start_1": 1769428738.93939,
    "time_end_1": 1769428745.3911319,
    "time_total_1": 6.451741933822632,
    "time_start_2": 3032967.764838791,
    "time_end_2": 3032974.216556291,
    "time_total_2": 6.4517175001092255,
    "time_start_3": 3032967764838916,
    "time_end_3": 3032974216556541,
    "time_total_3": 6.451717625
}