{
    "function_method_name": "extract_tables_to_files_from_pdf_document",
    "time_start_1": 1769424986.3517382,
    "time_end_1": 1769424990.412459,
    "time_total_1": 4.060720682144165,
    "time_start_2": 3029215.192156333,
    "time_end_2": 3029219.2528645,
    "time_total_2": 4.060708167031407,
    "time_start_3": 3029215192156458,
    "time_end_3": 3029219252864791,
    "time_total_3": 4.060708333
}