{
    "function_method_name": "extract_tables_to_files_from_pdf_document",
    "time_start_1": 1769418498.8156369,
    "time_end_1": 1769418502.698338,
    "time_total_1": 3.8827011585235596,
    "time_start_2": 3022727.67555325,
    "time_end_2": 3022731.558244041,
    "time_total_2": 3.882690791040659,
    "time_start_3": 3022727675553333,
    "time_end_3": 3022731558244125,
    "time_total_3": 3.882690792
}