{
    "function_method_name": "extract_tables_to_files_from_pdf_document",
    "time_start_1": 1769612496.397779,
    "time_end_1": 1769612500.701613,
    "time_total_1": 4.303833961486816,
    "time_start_2": 3211928.373465208,
    "time_end_2": 3211932.677280916,
    "time_total_2": 4.303815708030015,
    "time_start_3": 3211928373465291,
    "time_end_3": 3211932677281083,
    "time_total_3": 4.303815792
}