{
    "function_method_name": "extract_markdown_to_file_from_any_document_complex",
    "num_pages": 74,
    "time_start_1": 1771402536.9781911,
    "time_end_1": 1771402554.37956,
    "time_total_1": 17.401368856430054,
    "pages_per_second_1": 4.252539016357667,
    "time_start_2": 409525.80297025,
    "time_end_2": 409543.204286958,
    "time_total_2": 17.40131670795381,
    "pages_per_second_2": 4.252551760417992,
    "time_start_3": 409525802970458,
    "time_end_3": 409543204287208,
    "time_total_3": 17.40131675,
    "pages_per_second_3": 4.252551750142701
}