{
    "function_method_name": "extract_tables_to_files_from_pdf_document",
    "time_start_1": 1769617395.134666,
    "time_end_1": 1769617398.3406,
    "time_total_1": 3.2059340476989746,
    "time_start_2": 3216827.111880916,
    "time_end_2": 3216830.317813208,
    "time_total_2": 3.20593229169026,
    "time_start_3": 3216827111881000,
    "time_end_3": 3216830317813291,
    "time_total_3": 3.205932291
}