{
    "function_method_name": "extract_tables_to_files_from_pdf_document",
    "time_start_1": 1769615432.218902,
    "time_end_1": 1769615435.407069,
    "time_total_1": 3.188166856765747,
    "time_start_2": 3214864.19642275,
    "time_end_2": 3214867.384584791,
    "time_total_2": 3.1881620408967137,
    "time_start_3": 3214864196422875,
    "time_end_3": 3214867384584958,
    "time_total_3": 3.188162083
}