{
    "function_method_name": "extract_tables_to_files_from_pdf_document",
    "time_start_1": 1769564658.15463,
    "time_end_1": 1769564661.343213,
    "time_total_1": 3.1885831356048584,
    "time_start_2": 3164090.223634208,
    "time_end_2": 3164093.412212166,
    "time_total_2": 3.188577957917005,
    "time_start_3": 3164090223634291,
    "time_end_3": 3164093412212250,
    "time_total_3": 3.188577959
}