{
    "function_method_name": "extract_tables_to_files_from_pdf_document",
    "time_start_1": 1769784902.645931,
    "time_end_1": 1769784905.851496,
    "time_total_1": 3.2055649757385254,
    "time_start_2": 3384334.541129958,
    "time_end_2": 3384337.746695583,
    "time_total_2": 3.205565625336021,
    "time_start_3": 3384334541130000,
    "time_end_3": 3384337746695708,
    "time_total_3": 3.205565708
}