{
    "function_method_name": "extract_tables_to_files_from_pdf_document",
    "time_start_1": 1769414288.962813,
    "time_end_1": 1769414292.109925,
    "time_total_1": 3.1471121311187744,
    "time_start_2": 3018517.8349095,
    "time_end_2": 3018520.982010375,
    "time_total_2": 3.1471008746884763,
    "time_start_3": 3018517834909625,
    "time_end_3": 3018520982010583,
    "time_total_3": 3.147100958
}