{
    "function_method_name": "api_parse_analyze_markdown_mistletoe",
    "time_start_1": 1772634560.957783,
    "time_end_1": 1772634561.08587,
    "time_total_1": 0.12808704376220703,
    "time_start_2": 822291.381335041,
    "time_end_2": 822291.509422,
    "time_total_2": 0.12808695901185274,
    "time_start_3": 822291381335083,
    "time_end_3": 822291509422041,
    "time_total_3": 0.128086958
}