{
  "function_method_name": "extract_text_to_file_from_any_document",
  "time_start_1": 1774207287.653014,
  "time_end_1": 1774207310.731745,
  "time_total_1": 23.078731060028076,
  "time_start_2": 967243.402052375,
  "time_end_2": 967266.48074525,
  "time_total_2": 23.07869287498761,
  "time_start_3": 967243402052458,
  "time_end_3": 967266480745458,
  "time_total_3": 23.078693,
  "num_pages": 99,
  "pages_per_second_1": 4.289663922271105,
  "pages_per_second_2": 4.289671019769708,
  "pages_per_second_3": 4.289670996533469
}