{
    "function_method_name": "extract_text_to_file_from_any_document",
    "time_start_1": 1763113930.963377,
    "time_end_1": 1763113931.027133,
    "time_total_1": 0.06375598907470703,
    "time_start_2": 80141.475676,
    "time_end_2": 80141.5394325,
    "time_total_2": 0.0637564999924507,
    "time_start_3": 80141475676083,
    "time_end_3": 80141539432583,
    "time_total_3": 0.0637565
}