{
  "function_method_name": "extract_text_to_file_from_any_document",
  "num_pages": 11,
  "time_start_1": 1772966778.7245069,
  "time_end_1": 1772966779.169137,
  "time_total_1": 0.44463014602661133,
  "pages_per_second_1": 24.739663062210912,
  "time_start_2": 1126431.336943125,
  "time_end_2": 1126431.781573583,
  "time_total_2": 0.4446304580196738,
  "pages_per_second_2": 24.739645702619132,
  "time_start_3": 1126431336943208,
  "time_end_3": 1126431781573875,
  "time_total_3": 0.444630667,
  "pages_per_second_3": 24.73963407476795
}