{
    "function_method_name": "extract_text_to_file_from_any_document",
    "time_start_1": 1769270690.0856829,
    "time_end_1": 1769270692.2527978,
    "time_total_1": 2.1671149730682373,
    "time_start_2": 2874919.24671025,
    "time_end_2": 2874921.413822166,
    "time_total_2": 2.167111916001886,
    "time_start_3": 2874919246710333,
    "time_end_3": 2874921413822208,
    "time_total_3": 2.167111875
}