{
  "function_method_name": "extract_text_to_file_from_any_document",
  "time_start_1": 1773053999.7642848,
  "time_end_1": 1773053999.803958,
  "time_total_1": 0.0396730899810791,
  "time_start_2": 1213652.136293791,
  "time_end_2": 1213652.175966625,
  "time_total_2": 0.039672834100201726,
  "time_start_3": 1213652136293916,
  "time_end_3": 1213652175966833,
  "time_total_3": 0.039672917,
  "num_pages": 18,
  "pages_per_second_1": 453.7080426199362,
  "pages_per_second_2": 453.71096893499913,
  "pages_per_second_3": 453.7100208688965
}