{
    "function_method_name": "extract_text_to_file_from_any_document",
    "time_start_1": 1769382004.40007,
    "time_end_1": 1769382004.4014988,
    "time_total_1": 0.001428842544555664,
    "time_start_2": 2986233.348650875,
    "time_end_2": 2986233.350080041,
    "time_total_2": 0.001429166179150343,
    "time_start_3": 2986233348650958,
    "time_end_3": 2986233350080125,
    "time_total_3": 0.001429167
}