{
    "function_method_name": "extract_text_to_file_from_any_document",
    "time_start_1": 1771882668.814123,
    "time_end_1": 1771882668.9153018,
    "time_total_1": 0.10117888450622559,
    "time_start_2": 91571.233741916,
    "time_end_2": 91571.334921541,
    "time_total_2": 0.1011796249949839,
    "time_start_3": 91571233742041,
    "time_end_3": 91571334921833,
    "time_total_3": 0.101179792
}