{
  "function_method_name": "extract_text_to_file_from_any_document",
  "time_start_1": 1773004358.523606,
  "time_end_1": 1773004398.390784,
  "time_total_1": 39.867177963256836,
  "time_start_2": 1164011.041574875,
  "time_end_2": 1164050.908675875,
  "time_total_2": 39.867101000156254,
  "time_start_3": 1164011041574916,
  "time_end_3": 1164050908675958,
  "time_total_3": 39.867101042,
  "num_pages": 193,
  "pages_per_second_1": 4.841075036158226,
  "pages_per_second_2": 4.841084381812552,
  "pages_per_second_3": 4.841084376731442
}