{
    "function_method_name": "extract_markdown_to_file_from_any_document_complex",
    "num_pages": 174,
    "time_start_1": 1763227966.1264489,
    "time_end_1": 1763227995.567141,
    "time_total_1": 29.44069218635559,
    "pages_per_second_1": 5.910187128026868,
    "time_start_2": 194176.340098208,
    "time_end_2": 194205.780761583,
    "time_total_2": 29.44066337501863,
    "pages_per_second_2": 5.910192911877275,
    "time_start_3": 194176340098333,
    "time_end_3": 194205780761791,
    "time_total_3": 29.440663458,
    "pages_per_second_3": 5.910192895218822
}