{
    "function_method_name": "extract_text_to_file_from_any_document",
    "time_start_1": 1763219668.174599,
    "time_end_1": 1763219709.596245,
    "time_total_1": 41.42164611816406,
    "time_start_2": 185878.349512208,
    "time_end_2": 185919.770763583,
    "time_total_2": 41.421251374995336,
    "time_start_3": 185878349512375,
    "time_end_3": 185919770763708,
    "time_total_3": 41.421251333
}