{
    "function_method_name": "extract_markdown_to_file_from_any_document_complex",
    "num_pages": 174,
    "time_start_1": 1763138796.8935812,
    "time_end_1": 1763138836.3802612,
    "time_total_1": 39.486680030822754,
    "pages_per_second_1": 4.406549243040388,
    "time_start_2": 105007.320399666,
    "time_end_2": 105046.80703475,
    "time_total_2": 39.486635084002046,
    "pages_per_second_2": 4.406554258924328,
    "time_start_3": 105007320399708,
    "time_end_3": 105046807034958,
    "time_total_3": 39.48663525,
    "pages_per_second_3": 4.406554240399605
}