{
    "function_method_name": "extract_text_to_file_from_any_document",
    "time_start_1": 1763226077.0633442,
    "time_end_1": 1763226106.825334,
    "time_total_1": 29.76198983192444,
    "time_start_2": 192287.290411583,
    "time_end_2": 192317.0524745,
    "time_total_2": 29.76206291699782,
    "time_start_3": 192287290411625,
    "time_end_3": 192317052474541,
    "time_total_3": 29.762062916
}