{
    "function_method_name": "extract_text_to_file_from_any_document",
    "time_start_1": 1763217168.305521,
    "time_end_1": 1763217208.831912,
    "time_total_1": 40.52639102935791,
    "time_start_2": 183378.5202795,
    "time_end_2": 183419.046448083,
    "time_total_2": 40.52616858301917,
    "time_start_3": 183378520279583,
    "time_end_3": 183419046448250,
    "time_total_3": 40.526168667
}