{
    "function_method_name": "extract_tables_to_files_from_pdf_document",
    "time_start_1": 1765490470.291818,
    "time_end_1": 1765490472.282592,
    "time_total_1": 1.990774154663086,
    "time_start_2": 2399492.9556245,
    "time_end_2": 2399494.946388416,
    "time_total_2": 1.990763916168362,
    "time_start_3": 2399492955624583,
    "time_end_3": 2399494946388625,
    "time_total_3": 1.990764042
}