{
    "function_method_name": "extract_tables_to_files_from_pdf_document",
    "time_start_1": 1765565761.6189928,
    "time_end_1": 1765565763.687784,
    "time_total_1": 2.068791151046753,
    "time_start_2": 2451284.141797625,
    "time_end_2": 2451286.210582041,
    "time_total_2": 2.0687844161875546,
    "time_start_3": 2451284141797708,
    "time_end_3": 2451286210582208,
    "time_total_3": 2.0687845
}