{
    "function_method_name": "extract_tables_to_files_from_pdf_document",
    "time_start_1": 1765464017.360843,
    "time_end_1": 1765464019.421603,
    "time_total_1": 2.060760021209717,
    "time_start_2": 2373040.113559916,
    "time_end_2": 2373042.17430475,
    "time_total_2": 2.0607448336668313,
    "time_start_3": 2373040113560000,
    "time_end_3": 2373042174304916,
    "time_total_3": 2.060744916
}