{
    "function_method_name": "extract_tables_to_files_from_pdf_document",
    "time_start_1": 1765492158.765239,
    "time_end_1": 1765492160.694051,
    "time_total_1": 1.928812026977539,
    "time_start_2": 2401181.468270333,
    "time_end_2": 2401183.397089083,
    "time_total_2": 1.9288187501952052,
    "time_start_3": 2401181468270416,
    "time_end_3": 2401183397089333,
    "time_total_3": 1.928818917
}