{
    "function_method_name": "extract_images_from_pdf_to_files",
    "time_start_1": 1770301766.766509,
    "time_end_1": 1770301767.610254,
    "time_total_1": 0.8437449932098389,
    "time_start_2": 3901199.208993,
    "time_end_2": 3901200.052738375,
    "time_total_2": 0.8437453750520945,
    "time_start_3": 3901199208993291,
    "time_end_3": 3901200052738875,
    "time_total_3": 0.843745584
}