{
    "function_method_name": "extract_images_from_pdf_to_files",
    "time_start_1": 1770302284.615118,
    "time_end_1": 1770302285.454082,
    "time_total_1": 0.8389639854431152,
    "time_start_2": 3901717.057689583,
    "time_end_2": 3901717.896655083,
    "time_total_2": 0.8389655002392828,
    "time_start_3": 3901717057689666,
    "time_end_3": 3901717896655416,
    "time_total_3": 0.83896575
}