{
    "function_method_name": "extract_images_from_pdf_to_files",
    "time_start_1": 1771754763.020233,
    "time_end_1": 1771754763.643703,
    "time_total_1": 0.6234700679779053,
    "time_start_2": 211234.904640041,
    "time_end_2": 211235.52811,
    "time_total_2": 0.623469959013164,
    "time_start_3": 211234904640125,
    "time_end_3": 211235528110166,
    "time_total_3": 0.623470041
}