{
    "function_method_name": "extract_images_from_pdf_to_files",
    "time_start_1": 1770514252.587086,
    "time_end_1": 1770514253.4267771,
    "time_total_1": 0.839691162109375,
    "time_start_2": 4097246.699947083,
    "time_end_2": 4097247.539636666,
    "time_total_2": 0.8396895830519497,
    "time_start_3": 4097246699947166,
    "time_end_3": 4097247539636875,
    "time_total_3": 0.839689709
}