{
    "function_method_name": "extract_images_from_pdf_to_files",
    "time_start_1": 1770571835.209022,
    "time_end_1": 1770571836.0664861,
    "time_total_1": 0.857464075088501,
    "time_start_2": 4154829.3375235,
    "time_end_2": 4154830.194985458,
    "time_total_2": 0.8574619581922889,
    "time_start_3": 4154829337523583,
    "time_end_3": 4154830194985708,
    "time_total_3": 0.857462125
}