{
    "function_method_name": "extract_images_from_pdf_to_files",
    "time_start_1": 1770569629.521535,
    "time_end_1": 1770569630.3641338,
    "time_total_1": 0.8425989151000977,
    "time_start_2": 4152623.653113125,
    "time_end_2": 4152624.495711,
    "time_total_2": 0.8425978752784431,
    "time_start_3": 4152623653113208,
    "time_end_3": 4152624495711291,
    "time_total_3": 0.842598083
}