{
    "function_method_name": "extract_images_from_pdf_to_files",
    "time_start_1": 1770571006.275407,
    "time_end_1": 1770571007.121355,
    "time_total_1": 0.8459479808807373,
    "time_start_2": 4154000.404023833,
    "time_end_2": 4154001.250060541,
    "time_total_2": 0.8460367079824209,
    "time_start_3": 4154000404023916,
    "time_end_3": 4154001250061250,
    "time_total_3": 0.846037334
}