{
    "function_method_name": "extract_images_from_pdf_to_files",
    "time_start_1": 1770566698.8276532,
    "time_end_1": 1770566699.68451,
    "time_total_1": 0.8568568229675293,
    "time_start_2": 4149692.964171166,
    "time_end_2": 4149693.821026666,
    "time_total_2": 0.8568555000238121,
    "time_start_3": 4149692964171250,
    "time_end_3": 4149693821026958,
    "time_total_3": 0.856855708
}