{
    "function_method_name": "extract_images_from_pdf_to_files",
    "time_start_1": 1771004851.141449,
    "time_end_1": 1771004851.982976,
    "time_total_1": 0.841526985168457,
    "time_start_2": 31204.654505333,
    "time_end_2": 31205.496031291,
    "time_total_2": 0.8415259579996928,
    "time_start_3": 31204654505416,
    "time_end_3": 31205496031791,
    "time_total_3": 0.841526375
}