{
    "function_method_name": "extract_images_from_pdf_to_files",
    "time_start_1": 1770303453.9843159,
    "time_end_1": 1770303454.8244789,
    "time_total_1": 0.840162992477417,
    "time_start_2": 3902886.42705525,
    "time_end_2": 3902887.267219416,
    "time_total_2": 0.840164165943861,
    "time_start_3": 3902886427055333,
    "time_end_3": 3902887267219666,
    "time_total_3": 0.840164333
}