{
    "function_method_name": "extract_images_from_pdf_to_files",
    "time_start_1": 1770515492.548673,
    "time_end_1": 1770515493.387774,
    "time_total_1": 0.8391010761260986,
    "time_start_2": 4098486.658248291,
    "time_end_2": 4098487.497347708,
    "time_total_2": 0.839099416974932,
    "time_start_3": 4098486658248333,
    "time_end_3": 4098487497348083,
    "time_total_3": 0.83909975
}