{
    "function_method_name": "extract_images_from_pdf_to_files",
    "time_start_1": 1770302176.793406,
    "time_end_1": 1770302177.635351,
    "time_total_1": 0.8419449329376221,
    "time_start_2": 3901609.235960166,
    "time_end_2": 3901610.077906125,
    "time_total_2": 0.8419459592550993,
    "time_start_3": 3901609235960250,
    "time_end_3": 3901610077906458,
    "time_total_3": 0.841946208
}