{
    "function_method_name": "extract_images_from_pdf_to_files",
    "time_start_1": 1770516560.8450382,
    "time_end_1": 1770516561.685007,
    "time_total_1": 0.8399689197540283,
    "time_start_2": 4099554.956473458,
    "time_end_2": 4099555.796441666,
    "time_total_2": 0.83996820775792,
    "time_start_3": 4099554956473541,
    "time_end_3": 4099555796441958,
    "time_total_3": 0.839968417
}