{
    "function_method_name": "extract_images_from_pdf_to_files",
    "time_start_1": 1771004457.113446,
    "time_end_1": 1771004457.6764102,
    "time_total_1": 0.5629642009735107,
    "time_start_2": 30810.624730541,
    "time_end_2": 30811.187694166,
    "time_total_2": 0.56296362500143,
    "time_start_3": 30810624730583,
    "time_end_3": 30811187694500,
    "time_total_3": 0.562963917
}