{
    "function_method_name": "extract_images_from_pdf_to_files",
    "time_start_1": 1770569367.619829,
    "time_end_1": 1770569368.461084,
    "time_total_1": 0.8412549495697021,
    "time_start_2": 4152361.753812416,
    "time_end_2": 4152362.595066041,
    "time_total_2": 0.841253625229001,
    "time_start_3": 4152361753812458,
    "time_end_3": 4152362595066250,
    "time_total_3": 0.841253792
}