{
    "function_method_name": "extract_images_from_pdf_to_files",
    "time_start_1": 1770514509.056055,
    "time_end_1": 1770514509.89484,
    "time_total_1": 0.83878493309021,
    "time_start_2": 4097503.16824,
    "time_end_2": 4097504.007022625,
    "time_total_2": 0.8387826248072088,
    "time_start_3": 4097503168240083,
    "time_end_3": 4097504007022708,
    "time_total_3": 0.838782625
}