{
    "function_method_name": "extract_images_from_pdf_to_files",
    "time_start_1": 1770305424.02179,
    "time_end_1": 1770305424.863198,
    "time_total_1": 0.8414080142974854,
    "time_start_2": 3904856.465324291,
    "time_end_2": 3904857.306732625,
    "time_total_2": 0.8414083337411284,
    "time_start_3": 3904856465324333,
    "time_end_3": 3904857306732875,
    "time_total_3": 0.841408542
}