{
    "function_method_name": "extract_images_from_pdf_to_files",
    "time_start_1": 1771005445.306051,
    "time_end_1": 1771005446.18804,
    "time_total_1": 0.8819890022277832,
    "time_start_2": 31798.818017916,
    "time_end_2": 31799.7000055,
    "time_total_2": 0.881987583998125,
    "time_start_3": 31798818018000,
    "time_end_3": 31799700005916,
    "time_total_3": 0.881987916
}