{
    "function_method_name": "extract_images_from_pdf_to_files",
    "time_start_1": 1770569738.6293561,
    "time_end_1": 1770569739.473175,
    "time_total_1": 0.8438189029693604,
    "time_start_2": 4152732.760647708,
    "time_end_2": 4152733.604465875,
    "time_total_2": 0.8438181667588651,
    "time_start_3": 4152732760647750,
    "time_end_3": 4152733604466166,
    "time_total_3": 0.843818416
}