{
    "function_method_name": "extract_images_from_pdf_to_files",
    "time_start_1": 1771755009.760879,
    "time_end_1": 1771755010.337877,
    "time_total_1": 0.5769979953765869,
    "time_start_2": 211481.64529275,
    "time_end_2": 211482.222291333,
    "time_total_2": 0.5769985829829238,
    "time_start_3": 211481645292791,
    "time_end_3": 211482222291750,
    "time_total_3": 0.576998959
}