{
    "function_method_name": "extract_images_from_pdf_to_files",
    "time_start_1": 1770303821.126613,
    "time_end_1": 1770303821.966672,
    "time_total_1": 0.8400590419769287,
    "time_start_2": 3903253.56972075,
    "time_end_2": 3903254.409783125,
    "time_total_2": 0.840062374714762,
    "time_start_3": 3903253569720791,
    "time_end_3": 3903254409783750,
    "time_total_3": 0.840062959
}