{
    "function_method_name": "extract_images_from_pdf_to_files",
    "time_start_1": 1770569324.236174,
    "time_end_1": 1770569325.080943,
    "time_total_1": 0.8447690010070801,
    "time_start_2": 4152318.370256708,
    "time_end_2": 4152319.215024916,
    "time_total_2": 0.8447682079859078,
    "time_start_3": 4152318370256791,
    "time_end_3": 4152319215025416,
    "time_total_3": 0.844768625
}