{
    "function_method_name": "extract_images_from_pdf_to_files",
    "time_start_1": 1770567004.7280939,
    "time_end_1": 1770567005.5716648,
    "time_total_1": 0.8435709476470947,
    "time_start_2": 4149998.863684083,
    "time_end_2": 4149999.707255125,
    "time_total_2": 0.843571042176336,
    "time_start_3": 4149998863684125,
    "time_end_3": 4149999707255291,
    "time_total_3": 0.843571166
}