{
    "function_method_name": "extract_images_from_pdf_to_files",
    "time_start_1": 1770516112.442433,
    "time_end_1": 1770516113.28464,
    "time_total_1": 0.8422069549560547,
    "time_start_2": 4099106.554688125,
    "time_end_2": 4099107.396892916,
    "time_total_2": 0.8422047910280526,
    "time_start_3": 4099106554688208,
    "time_end_3": 4099107396893416,
    "time_total_3": 0.842205208
}