{
    "function_method_name": "extract_images_from_pdf_to_files",
    "time_start_1": 1770514893.664798,
    "time_end_1": 1770514894.516245,
    "time_total_1": 0.8514468669891357,
    "time_start_2": 4097887.775952625,
    "time_end_2": 4097888.627398416,
    "time_total_2": 0.8514457908459008,
    "time_start_3": 4097887775952666,
    "time_end_3": 4097888627398750,
    "time_total_3": 0.851446084
}