{
    "function_method_name": "extract_images_from_pdf_to_files",
    "time_start_1": 1770569411.436065,
    "time_end_1": 1770569412.2831738,
    "time_total_1": 0.8471088409423828,
    "time_start_2": 4152405.569948333,
    "time_end_2": 4152406.417056916,
    "time_total_2": 0.8471085829660296,
    "time_start_3": 4152405569948375,
    "time_end_3": 4152406417057541,
    "time_total_3": 0.847109166
}