{
    "function_method_name": "extract_images_from_pdf_to_files",
    "time_start_1": 1770513568.874165,
    "time_end_1": 1770513569.714201,
    "time_total_1": 0.8400359153747559,
    "time_start_2": 4096562.988840541,
    "time_end_2": 4096563.828874375,
    "time_total_2": 0.8400338343344629,
    "time_start_3": 4096562988840625,
    "time_end_3": 4096563828874625,
    "time_total_3": 0.840034
}