{
    "function_method_name": "extract_images_from_pdf_to_files",
    "time_start_1": 1770512222.593079,
    "time_end_1": 1770512223.433577,
    "time_total_1": 0.8404979705810547,
    "time_start_2": 4095216.710895666,
    "time_end_2": 4095217.551393,
    "time_total_2": 0.8404973340220749,
    "time_start_3": 4095216710895750,
    "time_end_3": 4095217551393291,
    "time_total_3": 0.840497541
}