{
    "function_method_name": "extract_images_from_pdf_to_files",
    "time_start_1": 1770303238.5085928,
    "time_end_1": 1770303239.3629062,
    "time_total_1": 0.8543133735656738,
    "time_start_2": 3902670.951296333,
    "time_end_2": 3902671.805611291,
    "time_total_2": 0.8543149577453732,
    "time_start_3": 3902670951296416,
    "time_end_3": 3902671805611625,
    "time_total_3": 0.854315209
}