{
    "function_method_name": "extract_images_from_pdf_to_files",
    "time_start_1": 1770305639.933516,
    "time_end_1": 1770305640.774056,
    "time_total_1": 0.8405399322509766,
    "time_start_2": 3905072.377101583,
    "time_end_2": 3905073.21764325,
    "time_total_2": 0.8405416668392718,
    "time_start_3": 3905072377101666,
    "time_end_3": 3905073217643333,
    "time_total_3": 0.840541667
}