{
    "function_method_name": "extract_images_from_pdf_to_files",
    "time_start_1": 1770512457.892759,
    "time_end_1": 1770512458.732507,
    "time_total_1": 0.8397479057312012,
    "time_start_2": 4095452.009948833,
    "time_end_2": 4095452.849695583,
    "time_total_2": 0.8397467499598861,
    "time_start_3": 4095452009948875,
    "time_end_3": 4095452849695666,
    "time_total_3": 0.839746791
}