{
    "function_method_name": "extract_images_from_pdf_to_files",
    "time_start_1": 1770306135.726589,
    "time_end_1": 1770306136.590183,
    "time_total_1": 0.8635940551757812,
    "time_start_2": 3905568.170285416,
    "time_end_2": 3905569.033880416,
    "time_total_2": 0.8635950000025332,
    "time_start_3": 3905568170285458,
    "time_end_3": 3905569033880833,
    "time_total_3": 0.863595375
}