{
    "function_method_name": "extract_images_from_pdf_to_files",
    "time_start_1": 1770305079.0758421,
    "time_end_1": 1770305079.9155042,
    "time_total_1": 0.8396620750427246,
    "time_start_2": 3904511.519308125,
    "time_end_2": 3904512.35897025,
    "time_total_2": 0.8396621248684824,
    "time_start_3": 3904511519308208,
    "time_end_3": 3904512358970500,
    "time_total_3": 0.839662292
}