{
    "function_method_name": "extract_images_from_pdf_to_files",
    "time_start_1": 1770568689.315624,
    "time_end_1": 1770568690.15872,
    "time_total_1": 0.8430960178375244,
    "time_start_2": 4151683.4511455,
    "time_end_2": 4151684.294240208,
    "time_total_2": 0.8430947079323232,
    "time_start_3": 4151683451145583,
    "time_end_3": 4151684294240750,
    "time_total_3": 0.843095167
}