{
    "function_method_name": "extract_images_from_pdf_to_files",
    "time_start_1": 1770569585.976576,
    "time_end_1": 1770569586.824369,
    "time_total_1": 0.8477928638458252,
    "time_start_2": 4152580.108269666,
    "time_end_2": 4152580.956060666,
    "time_total_2": 0.8477910002693534,
    "time_start_3": 4152580108269708,
    "time_end_3": 4152580956060958,
    "time_total_3": 0.84779125
}