{
    "function_method_name": "extract_images_from_pdf_to_files",
    "time_start_1": 1770570984.395414,
    "time_end_1": 1770570985.238743,
    "time_total_1": 0.8433289527893066,
    "time_start_2": 4153978.523503541,
    "time_end_2": 4153979.366831458,
    "time_total_2": 0.8433279171586037,
    "time_start_3": 4153978523503583,
    "time_end_3": 4153979366831916,
    "time_total_3": 0.843328333
}