{
    "function_method_name": "extract_images_from_pdf_to_files",
    "time_start_1": 1771754978.5772061,
    "time_end_1": 1771754979.151457,
    "time_total_1": 0.5742509365081787,
    "time_start_2": 211450.46161925,
    "time_end_2": 211451.035869541,
    "time_total_2": 0.5742502909852192,
    "time_start_3": 211450461619333,
    "time_end_3": 211451035869791,
    "time_total_3": 0.574250458
}