{
    "function_method_name": "extract_images_from_pdf_to_files",
    "time_start_1": 1771754548.783036,
    "time_end_1": 1771754549.349441,
    "time_total_1": 0.5664050579071045,
    "time_start_2": 211020.667435916,
    "time_end_2": 211021.233841,
    "time_total_2": 0.5664050840132404,
    "time_start_3": 211020667435958,
    "time_end_3": 211021233841166,
    "time_total_3": 0.566405208
}