{
    "function_method_name": "extract_images_from_pdf_to_files",
    "time_start_1": 1770302759.565901,
    "time_end_1": 1770302760.404512,
    "time_total_1": 0.8386108875274658,
    "time_start_2": 3902192.008534,
    "time_end_2": 3902192.847146,
    "time_total_2": 0.8386119999922812,
    "time_start_3": 3902192008534041,
    "time_end_3": 3902192847146291,
    "time_total_3": 0.83861225
}