{
    "function_method_name": "extract_images_from_pdf_to_files",
    "time_start_1": 1770571878.692299,
    "time_end_1": 1770571879.534299,
    "time_total_1": 0.8420000076293945,
    "time_start_2": 4154872.82070675,
    "time_end_2": 4154873.66270475,
    "time_total_2": 0.841998000163585,
    "time_start_3": 4154872820706833,
    "time_end_3": 4154873662705083,
    "time_total_3": 0.84199825
}