{
    "function_method_name": "extract_images_from_pdf_to_files",
    "time_start_1": 1770571617.5954921,
    "time_end_1": 1770571618.4416158,
    "time_total_1": 0.8461236953735352,
    "time_start_2": 4154611.724462041,
    "time_end_2": 4154612.570584083,
    "time_total_2": 0.8461220418103039,
    "time_start_3": 4154611724462083,
    "time_end_3": 4154612570584458,
    "time_total_3": 0.846122375
}