{
    "function_method_name": "extract_images_from_pdf_to_files",
    "time_start_1": 1770570634.6711721,
    "time_end_1": 1770570635.5163891,
    "time_total_1": 0.8452169895172119,
    "time_start_2": 4153628.800177708,
    "time_end_2": 4153629.645393,
    "time_total_2": 0.8452152921818197,
    "time_start_3": 4153628800177833,
    "time_end_3": 4153629645393291,
    "time_total_3": 0.845215458
}