{
    "function_method_name": "extract_images_from_pdf_to_files",
    "time_start_1": 1770512500.5820339,
    "time_end_1": 1770512501.422842,
    "time_total_1": 0.8408081531524658,
    "time_start_2": 4095494.699105875,
    "time_end_2": 4095495.539912,
    "time_total_2": 0.8408061247318983,
    "time_start_3": 4095494699105958,
    "time_end_3": 4095495539912291,
    "time_total_3": 0.840806333
}