{
    "function_method_name": "extract_images_from_pdf_to_files",
    "time_start_1": 1770514787.055836,
    "time_end_1": 1770514787.898516,
    "time_total_1": 0.8426799774169922,
    "time_start_2": 4097781.167272625,
    "time_end_2": 4097782.009951166,
    "time_total_2": 0.8426785408519208,
    "time_start_3": 4097781167272708,
    "time_end_3": 4097782009951541,
    "time_total_3": 0.842678833
}