{
    "function_method_name": "extract_images_from_pdf_to_files",
    "time_start_1": 1770514936.569004,
    "time_end_1": 1770514937.413075,
    "time_total_1": 0.8440709114074707,
    "time_start_2": 4097930.680045666,
    "time_end_2": 4097931.524115458,
    "time_total_2": 0.844069791957736,
    "time_start_3": 4097930680045750,
    "time_end_3": 4097931524115750,
    "time_total_3": 0.84407
}