{
    "function_method_name": "extract_images_from_pdf_to_files",
    "time_start_1": 1770571311.9109068,
    "time_end_1": 1770571312.75301,
    "time_total_1": 0.8421032428741455,
    "time_start_2": 4154306.040534875,
    "time_end_2": 4154306.882636958,
    "time_total_2": 0.8421020829118788,
    "time_start_3": 4154306040534958,
    "time_end_3": 4154306882637458,
    "time_total_3": 0.8421025
}