{
    "function_method_name": "extract_images_from_pdf_to_files",
    "time_start_1": 1771005870.377223,
    "time_end_1": 1771005870.965853,
    "time_total_1": 0.588629961013794,
    "time_start_2": 32223.888417583,
    "time_end_2": 32224.477047166,
    "time_total_2": 0.58862958300233,
    "time_start_3": 32223888417666,
    "time_end_3": 32224477047333,
    "time_total_3": 0.588629667
}