{
    "function_method_name": "extract_images_from_pdf_to_files",
    "time_start_1": 1770567968.286168,
    "time_end_1": 1770567969.139282,
    "time_total_1": 0.8531138896942139,
    "time_start_2": 4150962.4237035,
    "time_end_2": 4150963.276815958,
    "time_total_2": 0.8531124577857554,
    "time_start_3": 4150962423703625,
    "time_end_3": 4150963276816500,
    "time_total_3": 0.853112875
}