{
    "function_method_name": "extract_images_from_pdf_to_files",
    "time_start_1": 1771755302.315308,
    "time_end_1": 1771755302.887831,
    "time_total_1": 0.5725228786468506,
    "time_start_2": 211774.1992365,
    "time_end_2": 211774.771760541,
    "time_total_2": 0.5725240410247352,
    "time_start_3": 211774199236541,
    "time_end_3": 211774771760750,
    "time_total_3": 0.572524209
}