{
    "function_method_name": "extract_images_from_pdf_to_files",
    "time_start_1": 1770514402.4961019,
    "time_end_1": 1770514403.337782,
    "time_total_1": 0.8416800498962402,
    "time_start_2": 4097396.6085675,
    "time_end_2": 4097397.450245875,
    "time_total_2": 0.8416783749125898,
    "time_start_3": 4097396608567583,
    "time_end_3": 4097397450246166,
    "time_total_3": 0.841678583
}