{
    "function_method_name": "extract_images_from_pdf_to_files",
    "time_start_1": 1770570678.397295,
    "time_end_1": 1770570679.23933,
    "time_total_1": 0.8420350551605225,
    "time_start_2": 4153672.5261865,
    "time_end_2": 4153673.368220083,
    "time_total_2": 0.842033582739532,
    "time_start_3": 4153672526186583,
    "time_end_3": 4153673368220208,
    "time_total_3": 0.842033625
}