{
    "function_method_name": "extract_images_from_pdf_to_files",
    "time_start_1": 1770511517.519397,
    "time_end_1": 1770511518.414539,
    "time_total_1": 0.8951420783996582,
    "time_start_2": 4094511.63914175,
    "time_end_2": 4094512.534282208,
    "time_total_2": 0.8951404578983784,
    "time_start_3": 4094511639141833,
    "time_end_3": 4094512534282500,
    "time_total_3": 0.895140667
}