{
    "function_method_name": "extract_images_from_pdf_to_files",
    "time_start_1": 1770571377.520864,
    "time_end_1": 1770571378.3612,
    "time_total_1": 0.8403360843658447,
    "time_start_2": 4154371.650350458,
    "time_end_2": 4154372.490685166,
    "time_total_2": 0.8403347078710794,
    "time_start_3": 4154371650350541,
    "time_end_3": 4154372490685416,
    "time_total_3": 0.840334875
}