{
    "function_method_name": "extract_images_from_pdf_to_files",
    "time_start_1": 1770568099.307477,
    "time_end_1": 1770568100.149605,
    "time_total_1": 0.8421280384063721,
    "time_start_2": 4151093.444724041,
    "time_end_2": 4151094.286850375,
    "time_total_2": 0.8421263340860605,
    "time_start_3": 4151093444724125,
    "time_end_3": 4151094286850666,
    "time_total_3": 0.842126541
}