{
    "function_method_name": "extract_text_to_file_from_any_document",
    "time_start_1": 1771445602.01155,
    "time_end_1": 1771445778.390694,
    "time_total_1": 176.37914395332336,
    "time_start_2": 435610.533777791,
    "time_end_2": 435786.913499625,
    "time_total_2": 176.37972183397505,
    "time_start_3": 435610533777958,
    "time_end_3": 435786913500125,
    "time_total_3": 176.379722167
}