{
    "function_method_name": "extract_text_to_file_from_any_document",
    "time_start_1": 1770561244.4479392,
    "time_end_1": 1770561244.497546,
    "time_total_1": 0.0496068000793457,
    "time_start_2": 4144238.60086475,
    "time_end_2": 4144238.65047275,
    "time_total_2": 0.049608000088483095,
    "time_start_3": 4144238600864833,
    "time_end_3": 4144238650472916,
    "time_total_3": 0.049608083
}