{
    "function_method_name": "extract_tables_to_files_from_pdf_document",
    "time_start_1": 1765514200.24853,
    "time_end_1": 1765514200.577506,
    "time_total_1": 0.3289761543273926,
    "time_start_2": 2423222.914962583,
    "time_end_2": 2423223.24393975,
    "time_total_2": 0.3289771666750312,
    "time_start_3": 2423222914962666,
    "time_end_3": 2423223243940041,
    "time_total_3": 0.328977375
}