{
    "function_method_name": "extract_text_to_file_from_any_document",
    "time_start_1": 1769381063.4161122,
    "time_end_1": 1769381081.765975,
    "time_total_1": 18.349862813949585,
    "time_start_2": 2985292.368534625,
    "time_end_2": 2985310.718391708,
    "time_total_2": 18.349857083056122,
    "time_start_3": 2985292368534708,
    "time_end_3": 2985310718391833,
    "time_total_3": 18.349857125
}