{
    "function_method_name": "extract_tables_to_files_from_pdf_document",
    "time_start_1": 1765479692.504508,
    "time_end_1": 1765479779.516259,
    "time_total_1": 87.01175093650818,
    "time_start_2": 2388715.235511041,
    "time_end_2": 2388802.247036833,
    "time_total_2": 87.01152579206973,
    "time_start_3": 2388715235511125,
    "time_end_3": 2388802247037416,
    "time_total_3": 87.011526291
}