{
    "function_method_name": "extract_tables_to_files_from_pdf_document",
    "time_start_1": 1765516562.2665138,
    "time_end_1": 1765516580.5787442,
    "time_total_1": 18.312230348587036,
    "time_start_2": 2425584.880040458,
    "time_end_2": 2425603.192120208,
    "time_total_2": 18.31207975000143,
    "time_start_3": 2425584880040541,
    "time_end_3": 2425603192120500,
    "time_total_3": 18.312079959
}