{
    "function_method_name": "extract_text_to_file_from_any_document",
    "time_start_1": 1769607895.675447,
    "time_end_1": 1769607895.9384232,
    "time_total_1": 0.26297616958618164,
    "time_start_2": 3207327.673718041,
    "time_end_2": 3207327.936694291,
    "time_total_2": 0.26297625014558434,
    "time_start_3": 3207327673718083,
    "time_end_3": 3207327936694458,
    "time_total_3": 0.262976375
}