{
    "function_method_name": "extract_images_from_pdf_to_files",
    "time_start_1": 1770301510.910614,
    "time_end_1": 1770301511.309365,
    "time_total_1": 0.39875102043151855,
    "time_start_2": 3900943.350223416,
    "time_end_2": 3900943.748975875,
    "time_total_2": 0.39875245885923505,
    "time_start_3": 3900943350223458,
    "time_end_3": 3900943748976458,
    "time_total_3": 0.398753
}