{
    "function_method_name": "extract_images_from_pdf_to_files",
    "time_start_1": 1769405323.247186,
    "time_end_1": 1769405323.645387,
    "time_total_1": 0.39820098876953125,
    "time_start_2": 3009552.141023083,
    "time_end_2": 3009552.539225083,
    "time_total_2": 0.398201999720186,
    "time_start_3": 3009552141023250,
    "time_end_3": 3009552539225333,
    "time_total_3": 0.398202083
}