{
    "function_method_name": "extract_images_from_pdf_to_files",
    "time_start_1": 1770302397.445484,
    "time_end_1": 1770302397.841962,
    "time_total_1": 0.39647817611694336,
    "time_start_2": 3901829.888074875,
    "time_end_2": 3901830.284553416,
    "time_total_2": 0.3964785411953926,
    "time_start_3": 3901829888074916,
    "time_end_3": 3901830284553625,
    "time_total_3": 0.396478709
}