{
    "function_method_name": "extract_images_from_pdf_to_files",
    "time_start_1": 1770305406.273995,
    "time_end_1": 1770305406.6714811,
    "time_total_1": 0.39748620986938477,
    "time_start_2": 3904838.717524583,
    "time_end_2": 3904839.11501175,
    "time_total_2": 0.3974871668033302,
    "time_start_3": 3904838717524625,
    "time_end_3": 3904839115012000,
    "time_total_3": 0.397487375
}