{
    "function_method_name": "extract_images_from_pdf_to_files",
    "time_start_1": 1770512162.4146628,
    "time_end_1": 1770512162.810337,
    "time_total_1": 0.3956742286682129,
    "time_start_2": 4095156.532646,
    "time_end_2": 4095156.92831925,
    "time_total_2": 0.39567324984818697,
    "time_start_3": 4095156532646083,
    "time_end_3": 4095156928319916,
    "time_total_3": 0.395673833
}