{
    "function_method_name": "extract_images_from_pdf_to_files",
    "time_start_1": 1770572057.247788,
    "time_end_1": 1770572057.64873,
    "time_total_1": 0.4009420871734619,
    "time_start_2": 4155051.37799775,
    "time_end_2": 4155051.778939708,
    "time_total_2": 0.40094195818528533,
    "time_start_3": 4155051377997833,
    "time_end_3": 4155051778940375,
    "time_total_3": 0.400942542
}