{
    "function_method_name": "extract_images_from_pdf_to_files",
    "time_start_1": 1770570791.653174,
    "time_end_1": 1770570792.058694,
    "time_total_1": 0.405519962310791,
    "time_start_2": 4153785.78176875,
    "time_end_2": 4153786.187287666,
    "time_total_2": 0.40551891596987844,
    "time_start_3": 4153785781768833,
    "time_end_3": 4153786187287916,
    "time_total_3": 0.405519083
}