{
    "function_method_name": "extract_images_from_pdf_to_files",
    "time_start_1": 1770571773.569393,
    "time_end_1": 1770571773.968957,
    "time_total_1": 0.3995640277862549,
    "time_start_2": 4154767.698027,
    "time_end_2": 4154768.09759125,
    "time_total_2": 0.3995642503723502,
    "time_start_3": 4154767698027083,
    "time_end_3": 4154768097591625,
    "time_total_3": 0.399564542
}