{
    "function_method_name": "extract_images_from_pdf_to_files",
    "time_start_1": 1771754551.3385348,
    "time_end_1": 1771754551.603483,
    "time_total_1": 0.26494812965393066,
    "time_start_2": 211023.222935416,
    "time_end_2": 211023.487883666,
    "time_total_2": 0.2649482499982696,
    "time_start_3": 211023222935458,
    "time_end_3": 211023487883958,
    "time_total_3": 0.2649485
}