{
    "function_method_name": "extract_images_from_pdf_to_files",
    "time_start_1": 1770305514.205324,
    "time_end_1": 1770305514.60104,
    "time_total_1": 0.39571595191955566,
    "time_start_2": 3904946.64887975,
    "time_end_2": 3904947.044597333,
    "time_total_2": 0.3957175826653838,
    "time_start_3": 3904946648879833,
    "time_end_3": 3904947044597583,
    "time_total_3": 0.39571775
}