{
    "function_method_name": "extract_images_from_pdf_to_files",
    "time_start_1": 1770568146.699593,
    "time_end_1": 1770568147.097822,
    "time_total_1": 0.39822888374328613,
    "time_start_2": 4151140.836735625,
    "time_end_2": 4151141.234964041,
    "time_total_2": 0.3982284162193537,
    "time_start_3": 4151140836735708,
    "time_end_3": 4151141234964583,
    "time_total_3": 0.398228875
}