{
    "function_method_name": "extract_images_from_pdf_to_files",
    "time_start_1": 1770569131.032754,
    "time_end_1": 1770569131.432611,
    "time_total_1": 0.3998570442199707,
    "time_start_2": 4152125.167277833,
    "time_end_2": 4152125.56713525,
    "time_total_2": 0.39985741721466184,
    "time_start_3": 4152125167277916,
    "time_end_3": 4152125567135375,
    "time_total_3": 0.399857459
}