{
    "function_method_name": "extract_images_from_pdf_to_files",
    "time_start_1": 1770306161.1778061,
    "time_end_1": 1770306161.578441,
    "time_total_1": 0.400634765625,
    "time_start_2": 3905593.621508,
    "time_end_2": 3905594.022144666,
    "time_total_2": 0.4006366659887135,
    "time_start_3": 3905593621508125,
    "time_end_3": 3905594022144750,
    "time_total_3": 0.400636625
}