{
    "function_method_name": "extract_images_from_pdf_to_files",
    "time_start_1": 1770514833.444233,
    "time_end_1": 1770514833.8397,
    "time_total_1": 0.39546704292297363,
    "time_start_2": 4097827.555546791,
    "time_end_2": 4097827.951012541,
    "time_total_2": 0.39546575024724007,
    "time_start_3": 4097827555546875,
    "time_end_3": 4097827951012791,
    "time_total_3": 0.395465916
}