{
    "function_method_name": "extract_images_from_pdf_to_files",
    "time_start_1": 1771006261.462698,
    "time_end_1": 1771006261.73091,
    "time_total_1": 0.26821208000183105,
    "time_start_2": 32614.958142875,
    "time_end_2": 32615.226354333,
    "time_total_2": 0.2682114580020425,
    "time_start_3": 32614958142958,
    "time_end_3": 32615226354666,
    "time_total_3": 0.268211708
}