{
    "function_method_name": "extract_images_from_pdf_to_files",
    "time_start_1": 1770303457.753079,
    "time_end_1": 1770303458.149745,
    "time_total_1": 0.3966660499572754,
    "time_start_2": 3902890.195818708,
    "time_end_2": 3902890.592485458,
    "time_total_2": 0.3966667503118515,
    "time_start_3": 3902890195818750,
    "time_end_3": 3902890592486000,
    "time_total_3": 0.39666725
}