{
    "function_method_name": "extract_images_from_pdf_to_files",
    "time_start_1": 1770567314.533115,
    "time_end_1": 1770567314.9400609,
    "time_total_1": 0.40694594383239746,
    "time_start_2": 4150308.672117333,
    "time_end_2": 4150309.079063458,
    "time_total_2": 0.4069461249746382,
    "time_start_3": 4150308672117416,
    "time_end_3": 4150309079063750,
    "time_total_3": 0.406946334
}