{
    "function_method_name": "extract_images_from_pdf_to_files",
    "time_start_1": 1770514683.76442,
    "time_end_1": 1770514684.160319,
    "time_total_1": 0.39589905738830566,
    "time_start_2": 4097677.876143166,
    "time_end_2": 4097678.272041125,
    "time_total_2": 0.3958979593589902,
    "time_start_3": 4097677876143250,
    "time_end_3": 4097678272041416,
    "time_total_3": 0.395898166
}