{
    "function_method_name": "extract_images_from_pdf_to_files",
    "time_start_1": 1770516329.736507,
    "time_end_1": 1770516330.133141,
    "time_total_1": 0.3966341018676758,
    "time_start_2": 4099323.848348,
    "time_end_2": 4099324.244982708,
    "time_total_2": 0.39663470769301057,
    "time_start_3": 4099323848348125,
    "time_end_3": 4099324244983041,
    "time_total_3": 0.396634916
}