{
    "function_method_name": "extract_images_from_pdf_to_files",
    "time_start_1": 1770566724.4129732,
    "time_end_1": 1770566724.810957,
    "time_total_1": 0.3979837894439697,
    "time_start_2": 4149718.549411041,
    "time_end_2": 4149718.947394166,
    "time_total_2": 0.39798312494531274,
    "time_start_3": 4149718549411125,
    "time_end_3": 4149718947394583,
    "time_total_3": 0.397983458
}