{
    "function_method_name": "extract_images_from_pdf_to_files",
    "time_start_1": 1770513423.208412,
    "time_end_1": 1770513423.6051142,
    "time_total_1": 0.39670228958129883,
    "time_start_2": 4096417.323448,
    "time_end_2": 4096417.720150208,
    "time_total_2": 0.39670220809057355,
    "time_start_3": 4096417323448041,
    "time_end_3": 4096417720151708,
    "time_total_3": 0.396703667
}