{
    "function_method_name": "extract_images_from_pdf_to_files",
    "time_start_1": 1770570813.4274719,
    "time_end_1": 1770570813.832833,
    "time_total_1": 0.4053611755371094,
    "time_start_2": 4153807.556009666,
    "time_end_2": 4153807.961369541,
    "time_total_2": 0.4053598749451339,
    "time_start_3": 4153807556009750,
    "time_end_3": 4153807961369833,
    "time_total_3": 0.405360083
}