{
    "function_method_name": "extract_images_from_pdf_to_files",
    "time_start_1": 1770306312.275275,
    "time_end_1": 1770306312.671484,
    "time_total_1": 0.3962090015411377,
    "time_start_2": 3905744.719013958,
    "time_end_2": 3905745.115222625,
    "time_total_2": 0.3962086671963334,
    "time_start_3": 3905744719014041,
    "time_end_3": 3905745115223041,
    "time_total_3": 0.396209
}