{
    "function_method_name": "extract_images_from_pdf_to_files",
    "time_start_1": 1770569284.3603609,
    "time_end_1": 1770569284.765703,
    "time_total_1": 0.40534210205078125,
    "time_start_2": 4152278.494534958,
    "time_end_2": 4152278.899876375,
    "time_total_2": 0.4053414170630276,
    "time_start_3": 4152278494535041,
    "time_end_3": 4152278899876625,
    "time_total_3": 0.405341584
}