{
    "function_method_name": "extract_images_from_pdf_to_files",
    "time_start_1": 1770513935.910296,
    "time_end_1": 1770513936.317292,
    "time_total_1": 0.4069960117340088,
    "time_start_2": 4096930.023979458,
    "time_end_2": 4096930.430974625,
    "time_total_2": 0.4069951670244336,
    "time_start_3": 4096930023979541,
    "time_end_3": 4096930430975041,
    "time_total_3": 0.4069955
}