{
    "function_method_name": "extract_images_from_pdf_to_files",
    "time_start_1": 1770568758.4851751,
    "time_end_1": 1770568758.884054,
    "time_total_1": 0.398878812789917,
    "time_start_2": 4151752.620539083,
    "time_end_2": 4151753.019417041,
    "time_total_2": 0.3988779578357935,
    "time_start_3": 4151752620539166,
    "time_end_3": 4151753019417458,
    "time_total_3": 0.398878292
}