{
    "function_method_name": "extract_images_from_pdf_to_files",
    "time_start_1": 1770512247.705566,
    "time_end_1": 1770512248.1055958,
    "time_total_1": 0.40002989768981934,
    "time_start_2": 4095241.82331875,
    "time_end_2": 4095242.223348833,
    "time_total_2": 0.4000300830230117,
    "time_start_3": 4095241823318833,
    "time_end_3": 4095242223349833,
    "time_total_3": 0.400031
}