{
    "function_method_name": "extract_images_from_pdf_to_files",
    "time_start_1": 1770301618.779478,
    "time_end_1": 1770301619.1782331,
    "time_total_1": 0.3987550735473633,
    "time_start_2": 3901051.219036333,
    "time_end_2": 3901051.617791916,
    "time_total_2": 0.3987555829808116,
    "time_start_3": 3901051219036375,
    "time_end_3": 3901051617792250,
    "time_total_3": 0.398755875
}