{
    "function_method_name": "extract_images_from_pdf_to_files",
    "time_start_1": 1770570616.7236512,
    "time_end_1": 1770570617.1214159,
    "time_total_1": 0.3977646827697754,
    "time_start_2": 4153610.852703541,
    "time_end_2": 4153611.250468833,
    "time_total_2": 0.3977652918547392,
    "time_start_3": 4153610852703583,
    "time_end_3": 4153611250469250,
    "time_total_3": 0.397765667
}