{
    "function_method_name": "extract_images_from_pdf_to_files",
    "time_start_1": 1770304192.142287,
    "time_end_1": 1770304192.539212,
    "time_total_1": 0.3969249725341797,
    "time_start_2": 3903624.58551725,
    "time_end_2": 3903624.982442833,
    "time_total_2": 0.39692558301612735,
    "time_start_3": 3903624585517333,
    "time_end_3": 3903624982443041,
    "time_total_3": 0.396925708
}