{
    "function_method_name": "extract_images_from_pdf_to_files",
    "time_start_1": 1770302892.885761,
    "time_end_1": 1770302893.286641,
    "time_total_1": 0.4008798599243164,
    "time_start_2": 3902325.328415666,
    "time_end_2": 3902325.729296041,
    "time_total_2": 0.40088037541136146,
    "time_start_3": 3902325328415708,
    "time_end_3": 3902325729296500,
    "time_total_3": 0.400880792
}