{
    "function_method_name": "extract_images_from_pdf_to_files",
    "time_start_1": 1770306527.7585979,
    "time_end_1": 1770306528.154164,
    "time_total_1": 0.3955662250518799,
    "time_start_2": 3905960.202103166,
    "time_end_2": 3905960.597670875,
    "time_total_2": 0.39556770911440253,
    "time_start_3": 3905960202103250,
    "time_end_3": 3905960597671250,
    "time_total_3": 0.395568
}