{
    "function_method_name": "extract_images_from_pdf_to_files",
    "time_start_1": 1770306441.543193,
    "time_end_1": 1770306441.939658,
    "time_total_1": 0.39646482467651367,
    "time_start_2": 3905873.986687208,
    "time_end_2": 3905874.383153166,
    "time_total_2": 0.396465958096087,
    "time_start_3": 3905873986687291,
    "time_end_3": 3905874383153500,
    "time_total_3": 0.396466209
}