{
    "function_method_name": "extract_images_from_pdf_to_files",
    "time_start_1": 1770512888.6990101,
    "time_end_1": 1770512889.094754,
    "time_total_1": 0.39574384689331055,
    "time_start_2": 4095882.815012958,
    "time_end_2": 4095883.210756833,
    "time_total_2": 0.3957438752986491,
    "time_start_3": 4095882815013000,
    "time_end_3": 4095883210757291,
    "time_total_3": 0.395744291
}