{
    "function_method_name": "extract_images_from_pdf_to_files",
    "time_start_1": 1770569895.213603,
    "time_end_1": 1770569895.612204,
    "time_total_1": 0.39860105514526367,
    "time_start_2": 4152889.344530375,
    "time_end_2": 4152889.743131375,
    "time_total_2": 0.3986009997315705,
    "time_start_3": 4152889344530458,
    "time_end_3": 4152889743131458,
    "time_total_3": 0.398601
}