{
    "function_method_name": "extract_images_from_pdf_to_files",
    "time_start_1": 1770568015.731245,
    "time_end_1": 1770568016.140737,
    "time_total_1": 0.40949201583862305,
    "time_start_2": 4151009.868675666,
    "time_end_2": 4151010.278167541,
    "time_total_2": 0.4094918752089143,
    "time_start_3": 4151009868675750,
    "time_end_3": 4151010278168000,
    "time_total_3": 0.40949225
}