{
    "function_method_name": "extract_images_from_pdf_to_files",
    "time_start_1": 1770513594.1994429,
    "time_end_1": 1770513594.5992231,
    "time_total_1": 0.3997802734375,
    "time_start_2": 4096588.314037375,
    "time_end_2": 4096588.713817166,
    "time_total_2": 0.39977979101240635,
    "time_start_3": 4096588314037458,
    "time_end_3": 4096588713817666,
    "time_total_3": 0.399780208
}