{
    "function_method_name": "extract_images_from_pdf_to_files",
    "time_start_1": 1770514748.113156,
    "time_end_1": 1770514748.508986,
    "time_total_1": 0.3958299160003662,
    "time_start_2": 4097742.224695958,
    "time_end_2": 4097742.620525458,
    "time_total_2": 0.39582949969917536,
    "time_start_3": 4097742224696000,
    "time_end_3": 4097742620525791,
    "time_total_3": 0.395829791
}