{
    "function_method_name": "extract_images_from_pdf_to_files",
    "time_start_1": 1770567906.2413151,
    "time_end_1": 1770567906.6417,
    "time_total_1": 0.40038490295410156,
    "time_start_2": 4150900.378987083,
    "time_end_2": 4150900.779372208,
    "time_total_2": 0.4003851246088743,
    "time_start_3": 4150900378987166,
    "time_end_3": 4150900779372583,
    "time_total_3": 0.400385417
}