{
    "function_method_name": "extract_images_from_pdf_to_files",
    "time_start_1": 1770516735.958703,
    "time_end_1": 1770516736.35638,
    "time_total_1": 0.397676944732666,
    "time_start_2": 4099730.069830583,
    "time_end_2": 4099730.467508333,
    "time_total_2": 0.39767774986103177,
    "time_start_3": 4099730069830666,
    "time_end_3": 4099730467508833,
    "time_total_3": 0.397678167
}