{
    "function_method_name": "extract_images_from_pdf_to_files",
    "time_start_1": 1770301468.0149949,
    "time_end_1": 1770301468.412076,
    "time_total_1": 0.3970811367034912,
    "time_start_2": 3900900.454624708,
    "time_end_2": 3900900.851707,
    "time_total_2": 0.397082292009145,
    "time_start_3": 3900900454624791,
    "time_end_3": 3900900851707541,
    "time_total_3": 0.39708275
}