{
    "function_method_name": "extract_images_from_pdf_to_files",
    "time_start_1": 1770513017.10431,
    "time_end_1": 1770513017.5001159,
    "time_total_1": 0.39580583572387695,
    "time_start_2": 4096011.219919458,
    "time_end_2": 4096011.615725,
    "time_total_2": 0.39580554189160466,
    "time_start_3": 4096011219919500,
    "time_end_3": 4096011615725541,
    "time_total_3": 0.395806041
}