{
    "function_method_name": "extract_images_from_pdf_to_files",
    "time_start_1": 1770567972.082887,
    "time_end_1": 1770567972.485024,
    "time_total_1": 0.40213704109191895,
    "time_start_2": 4150966.220413541,
    "time_end_2": 4150966.622550333,
    "time_total_2": 0.40213679196313024,
    "time_start_3": 4150966220413583,
    "time_end_3": 4150966622550541,
    "time_total_3": 0.402136958
}