{
    "function_method_name": "extract_images_from_pdf_to_files",
    "time_start_1": 1770568103.0885491,
    "time_end_1": 1770568103.48684,
    "time_total_1": 0.39829087257385254,
    "time_start_2": 4151097.225787875,
    "time_end_2": 4151097.624078708,
    "time_total_2": 0.3982908329926431,
    "time_start_3": 4151097225787958,
    "time_end_3": 4151097624078916,
    "time_total_3": 0.398290958
}