{
    "function_method_name": "extract_images_from_pdf_to_files",
    "time_start_1": 1770567621.3055701,
    "time_end_1": 1770567621.704402,
    "time_total_1": 0.398831844329834,
    "time_start_2": 4150615.443896833,
    "time_end_2": 4150615.842729041,
    "time_total_2": 0.39883220801129937,
    "time_start_3": 4150615443896875,
    "time_end_3": 4150615842729333,
    "time_total_3": 0.398832458
}