{
    "function_method_name": "extract_images_from_pdf_to_files",
    "time_start_1": 1771005165.267512,
    "time_end_1": 1771005165.668698,
    "time_total_1": 0.4011859893798828,
    "time_start_2": 31518.779976916,
    "time_end_2": 31519.181163333,
    "time_total_2": 0.40118641699882573,
    "time_start_3": 31518779977041,
    "time_end_3": 31519181163791,
    "time_total_3": 0.40118675
}