{
    "function_method_name": "extract_images_from_pdf_to_files",
    "time_start_1": 1771005764.848341,
    "time_end_1": 1771005765.1309319,
    "time_total_1": 0.2825908660888672,
    "time_start_2": 32118.359723541,
    "time_end_2": 32118.642314541,
    "time_total_2": 0.2825909999992291,
    "time_start_3": 32118359723583,
    "time_end_3": 32118642314708,
    "time_total_3": 0.282591125
}