{
    "function_method_name": "extract_images_from_pdf_to_files",
    "time_start_1": 1770513465.918265,
    "time_end_1": 1770513466.315708,
    "time_total_1": 0.3974428176879883,
    "time_start_2": 4096460.033210166,
    "time_end_2": 4096460.43065325,
    "time_total_2": 0.3974430840462446,
    "time_start_3": 4096460033210208,
    "time_end_3": 4096460430653791,
    "time_total_3": 0.397443583
}