{
    "function_method_name": "extract_images_from_pdf_to_files",
    "time_start_1": 1770302115.6188421,
    "time_end_1": 1770302116.015977,
    "time_total_1": 0.39713478088378906,
    "time_start_2": 3901548.061386916,
    "time_end_2": 3901548.458521958,
    "time_total_2": 0.39713504211977124,
    "time_start_3": 3901548061386958,
    "time_end_3": 3901548458522041,
    "time_total_3": 0.397135083
}