{
    "function_method_name": "extract_images_from_pdf_to_files",
    "time_start_1": 1770306355.328495,
    "time_end_1": 1770306355.727152,
    "time_total_1": 0.39865708351135254,
    "time_start_2": 3905787.771999625,
    "time_end_2": 3905788.170656666,
    "time_total_2": 0.3986570411361754,
    "time_start_3": 3905787771999666,
    "time_end_3": 3905788170657250,
    "time_total_3": 0.398657584
}