{
    "function_method_name": "extract_images_from_pdf_to_files",
    "time_start_1": 1770306139.5212202,
    "time_end_1": 1770306139.918551,
    "time_total_1": 0.39733076095581055,
    "time_start_2": 3905571.9649165,
    "time_end_2": 3905572.3622485,
    "time_total_2": 0.3973320000804961,
    "time_start_3": 3905571964916583,
    "time_end_3": 3905572362248750,
    "time_total_3": 0.397332167
}