{
    "function_method_name": "extract_images_from_pdf_to_files",
    "time_start_1": 1770511927.459392,
    "time_end_1": 1770511927.854002,
    "time_total_1": 0.3946099281311035,
    "time_start_2": 4094921.578021041,
    "time_end_2": 4094921.9726325,
    "time_total_2": 0.3946114587597549,
    "time_start_3": 4094921578021125,
    "time_end_3": 4094921972632916,
    "time_total_3": 0.394611791
}