{
    "function_method_name": "extract_images_from_pdf_to_files",
    "time_start_1": 1770305298.232393,
    "time_end_1": 1770305298.6291242,
    "time_total_1": 0.3967311382293701,
    "time_start_2": 3904730.675897166,
    "time_end_2": 3904731.072629333,
    "time_total_2": 0.3967321668751538,
    "time_start_3": 3904730675897250,
    "time_end_3": 3904731072629541,
    "time_total_3": 0.396732291
}