{
    "function_method_name": "extract_images_from_pdf_to_files",
    "time_start_1": 1770567204.842883,
    "time_end_1": 1770567205.242959,
    "time_total_1": 0.40007591247558594,
    "time_start_2": 4150198.982113416,
    "time_end_2": 4150199.382189625,
    "time_total_2": 0.40007620910182595,
    "time_start_3": 4150198982113500,
    "time_end_3": 4150199382189916,
    "time_total_3": 0.400076416
}