{
    "function_method_name": "extract_images_from_pdf_to_files",
    "time_start_1": 1770301705.294035,
    "time_end_1": 1770301705.6918678,
    "time_total_1": 0.39783287048339844,
    "time_start_2": 3901137.736358958,
    "time_end_2": 3901138.134195583,
    "time_total_2": 0.397836625110358,
    "time_start_3": 3901137736359000,
    "time_end_3": 3901138134196041,
    "time_total_3": 0.397837041
}