{
    "function_method_name": "extract_images_from_pdf_to_files",
    "time_start_1": 1770513765.1150012,
    "time_end_1": 1770513765.5115001,
    "time_total_1": 0.3964989185333252,
    "time_start_2": 4096759.229135208,
    "time_end_2": 4096759.625634625,
    "time_total_2": 0.3964994172565639,
    "time_start_3": 4096759229135291,
    "time_end_3": 4096759625635000,
    "time_total_3": 0.396499709
}