{
    "function_method_name": "extract_images_from_pdf_to_files",
    "time_start_1": 1770513615.520054,
    "time_end_1": 1770513615.916223,
    "time_total_1": 0.39616894721984863,
    "time_start_2": 4096609.634585666,
    "time_end_2": 4096610.030753708,
    "time_total_2": 0.3961680419743061,
    "time_start_3": 4096609634585708,
    "time_end_3": 4096610030754083,
    "time_total_3": 0.396168375
}