{
    "function_method_name": "extract_text_to_file_from_any_document",
    "time_start_1": 1769270812.347958,
    "time_end_1": 1769270812.659123,
    "time_total_1": 0.31116485595703125,
    "time_start_2": 2875041.508760666,
    "time_end_2": 2875041.819925666,
    "time_total_2": 0.31116499984636903,
    "time_start_3": 2875041508760750,
    "time_end_3": 2875041819925875,
    "time_total_3": 0.311165125
}