{
    "function_method_name": "extract_tables_to_files_from_pdf_document",
    "time_start_1": 1765560891.600757,
    "time_end_1": 1765560901.767649,
    "time_total_1": 10.166892051696777,
    "time_start_2": 2446414.134059416,
    "time_end_2": 2446424.300912166,
    "time_total_2": 10.166852749884129,
    "time_start_3": 2446414134059500,
    "time_end_3": 2446424300912458,
    "time_total_3": 10.166852958
}