{
    "function_method_name": "extract_tables_to_files_from_pdf_document",
    "time_start_1": 1765490770.581101,
    "time_end_1": 1765490781.948072,
    "time_total_1": 11.366971015930176,
    "time_start_2": 2399793.243444208,
    "time_end_2": 2399804.610359875,
    "time_total_2": 11.366915666963905,
    "time_start_3": 2399793243444291,
    "time_end_3": 2399804610360083,
    "time_total_3": 11.366915792
}