{
    "function_method_name": "extract_tables_to_files_from_pdf_document",
    "time_start_1": 1765516591.272414,
    "time_end_1": 1765516601.587044,
    "time_total_1": 10.314630031585693,
    "time_start_2": 2425613.885702625,
    "time_end_2": 2425624.200248708,
    "time_total_2": 10.31454608310014,
    "time_start_3": 2425613885702833,
    "time_end_3": 2425624200248958,
    "time_total_3": 10.314546125
}