{
    "function_method_name": "extract_tables_to_files_from_pdf_document",
    "time_start_1": 1765525267.381494,
    "time_end_1": 1765525277.615277,
    "time_total_1": 10.23378300666809,
    "time_start_2": 2434289.970598625,
    "time_end_2": 2434300.204318791,
    "time_total_2": 10.23372016614303,
    "time_start_3": 2434289970598708,
    "time_end_3": 2434300204319041,
    "time_total_3": 10.233720333
}