{
    "function_method_name": "extract_tables_to_files_from_pdf_document",
    "time_start_1": 1765486731.672566,
    "time_end_1": 1765486773.199035,
    "time_total_1": 41.526468992233276,
    "time_start_2": 2395754.365269041,
    "time_end_2": 2395795.891557666,
    "time_total_2": 41.526288624852896,
    "time_start_3": 2395754365269541,
    "time_end_3": 2395795891558000,
    "time_total_3": 41.526288459
}