{
    "function_method_name": "extract_text_to_file_from_any_document",
    "time_start_1": 1772653645.856642,
    "time_end_1": 1772653657.8293881,
    "time_total_1": 11.972746133804321,
    "time_start_2": 841376.26241075,
    "time_end_2": 841388.235112541,
    "time_total_2": 11.972701790975407,
    "time_start_3": 841376262410791,
    "time_end_3": 841388235112750,
    "time_total_3": 11.972701959
}