{
    "function_method_name": "extract_images_from_pdf_to_files",
    "time_start_1": 1769604908.438592,
    "time_end_1": 1769604908.9654841,
    "time_total_1": 0.5268921852111816,
    "time_start_2": 3204340.444854083,
    "time_end_2": 3204340.971746208,
    "time_total_2": 0.5268921251408756,
    "time_start_3": 3204340444854125,
    "time_end_3": 3204340971746500,
    "time_total_3": 0.526892375
}