{
    "function_method_name": "extract_images_from_pdf_to_files",
    "time_start_1": 1769405349.8114529,
    "time_end_1": 1769405350.221168,
    "time_total_1": 0.4097151756286621,
    "time_start_2": 3009578.705244041,
    "time_end_2": 3009579.114958375,
    "time_total_2": 0.40971433417871594,
    "time_start_3": 3009578705244125,
    "time_end_3": 3009579114958666,
    "time_total_3": 0.409714541
}