{
    "function_method_name": "api_parse_analyze_markdown_mistune",
    "time_start_1": 1772641565.1792629,
    "time_end_1": 1772641565.407852,
    "time_total_1": 0.22858905792236328,
    "time_start_2": 829295.626361041,
    "time_end_2": 829295.854954375,
    "time_total_2": 0.2285933339735493,
    "time_start_3": 829295626361083,
    "time_end_3": 829295854954458,
    "time_total_3": 0.228593375
}