{
    "function_method_name": "extract_tables_to_files_from_pdf_document",
    "time_start_1": 1769318475.182313,
    "time_end_1": 1769318475.227031,
    "time_total_1": 0.044718027114868164,
    "time_start_2": 2922704.199030375,
    "time_end_2": 2922704.243748791,
    "time_total_2": 0.044718415942043066,
    "time_start_3": 2922704199030500,
    "time_end_3": 2922704243749083,
    "time_total_3": 0.044718583
}