{
    "function_method_name": "extract_tables_to_files_from_pdf_document",
    "time_start_1": 1769633209.1142569,
    "time_end_1": 1769633209.163869,
    "time_total_1": 0.04961204528808594,
    "time_start_2": 3232641.017945375,
    "time_end_2": 3232641.067558625,
    "time_total_2": 0.0496132499538362,
    "time_start_3": 3232641017945416,
    "time_end_3": 3232641067558833,
    "time_total_3": 0.049613417
}