{
    "function_method_name": "extract_tables_to_files_from_pdf_document",
    "time_start_1": 1769286141.564992,
    "time_end_1": 1769286141.595912,
    "time_total_1": 0.030920028686523438,
    "time_start_2": 2890370.687820416,
    "time_end_2": 2890370.718740416,
    "time_total_2": 0.03092000028118491,
    "time_start_3": 2890370687820458,
    "time_end_3": 2890370718740541,
    "time_total_3": 0.030920083
}