{
    "function_method_name": "extract_tables_to_files_from_pdf_document",
    "time_start_1": 1769786555.700979,
    "time_end_1": 1769786555.756062,
    "time_total_1": 0.05508303642272949,
    "time_start_2": 3385987.589352375,
    "time_end_2": 3385987.644435416,
    "time_total_2": 0.055083041079342365,
    "time_start_3": 3385987589352500,
    "time_end_3": 3385987644435583,
    "time_total_3": 0.055083083
}