{
    "function_method_name": "api_parse_analyze_markdown_mistletoe",
    "time_start_1": 1772634560.6920362,
    "time_end_1": 1772634560.828546,
    "time_total_1": 0.13650989532470703,
    "time_start_2": 822291.115588125,
    "time_end_2": 822291.252097875,
    "time_total_2": 0.1365097500383854,
    "time_start_3": 822291115588166,
    "time_end_3": 822291252097958,
    "time_total_3": 0.136509792
}