{
    "function_method_name": "extract_text_to_file_from_any_document",
    "time_start_1": 1771446916.855676,
    "time_end_1": 1771446916.8946822,
    "time_total_1": 0.03900623321533203,
    "time_start_2": 436925.361896291,
    "time_end_2": 436925.400902791,
    "time_total_2": 0.039006499981042,
    "time_start_3": 436925361896291,
    "time_end_3": 436925400902958,
    "time_total_3": 0.039006667
}