{
    "function_method_name": "extract_text_to_file_from_any_document",
    "time_start_1": 1772016916.171689,
    "time_end_1": 1772016916.178006,
    "time_total_1": 0.0063169002532958984,
    "time_start_2": 225818.574805083,
    "time_end_2": 225818.581122125,
    "time_total_2": 0.006317042018054053,
    "time_start_3": 225818574805125,
    "time_end_3": 225818581122250,
    "time_total_3": 0.006317125
}