{
    "function_method_name": "extract_text_to_file_from_any_document",
    "time_start_1": 1771940818.827169,
    "time_end_1": 1771940818.899869,
    "time_total_1": 0.07270002365112305,
    "time_start_2": 149721.19552475,
    "time_end_2": 149721.268225041,
    "time_total_2": 0.07270029102801345,
    "time_start_3": 149721195524833,
    "time_end_3": 149721268225208,
    "time_total_3": 0.072700375
}