{
  "function_method_name": "extract_text_to_file_from_any_document",
  "time_start_1": 1780747076.211095,
  "time_end_1": 1780747076.273441,
  "time_total_1": 0.06234598159790039,
  "time_start_2": 2.174651958,
  "time_end_2": 2.237000916,
  "time_total_2": 0.06234895799999984,
  "time_start_3": 2174652041,
  "time_end_3": 2237001083,
  "time_total_3": 0.062349042
}