{
    "function_method_name": "extract_tables_to_files_from_pdf_document",
    "time_start_1": 1765562529.861297,
    "time_end_1": 1765562533.7384121,
    "time_total_1": 3.877115249633789,
    "time_start_2": 2448052.385037708,
    "time_end_2": 2448056.262134541,
    "time_total_2": 3.877096832729876,
    "time_start_3": 2448052385037791,
    "time_end_3": 2448056262134708,
    "time_total_3": 3.877096917
}