{
    "function_method_name": "extract_tables_to_files_from_pdf_document",
    "time_start_1": 1765514750.223094,
    "time_end_1": 1765514754.101134,
    "time_total_1": 3.878040075302124,
    "time_start_2": 2423772.88959775,
    "time_end_2": 2423776.767638625,
    "time_total_2": 3.8780408753082156,
    "time_start_3": 2423772889597833,
    "time_end_3": 2423776767638833,
    "time_total_3": 3.878041
}