{
    "function_method_name": "extract_text_to_file_from_any_document",
    "time_start_1": 1770471258.1384802,
    "time_end_1": 1770471266.899342,
    "time_total_1": 8.760861873626709,
    "time_start_2": 4054252.334723625,
    "time_end_2": 4054261.095567541,
    "time_total_2": 8.760843916330487,
    "time_start_3": 4054252334724083,
    "time_end_3": 4054261095567916,
    "time_total_3": 8.760843833
}