{
    "function_method_name": "extract_tables_to_files_from_pdf_document",
    "time_start_1": 1765498823.763532,
    "time_end_1": 1765498823.852024,
    "time_total_1": 0.08849215507507324,
    "time_start_2": 2407846.408206,
    "time_end_2": 2407846.496649333,
    "time_total_2": 0.08844333281740546,
    "time_start_3": 2407846408206125,
    "time_end_3": 2407846496649500,
    "time_total_3": 0.088443375
}