{
    "function_method_name": "extract_tables_to_files_from_pdf_document",
    "time_start_1": 1765482372.709762,
    "time_end_1": 1765482372.915155,
    "time_total_1": 0.20539283752441406,
    "time_start_2": 2391395.4206275,
    "time_end_2": 2391395.626020625,
    "time_total_2": 0.20539312483742833,
    "time_start_3": 2391395420627750,
    "time_end_3": 2391395626021083,
    "time_total_3": 0.205393333
}