{
    "function_method_name": "extract_images_from_pdf_to_files",
    "time_start_1": 1769716863.317781,
    "time_end_1": 1769716864.045593,
    "time_total_1": 0.7278120517730713,
    "time_start_2": 3316295.200472666,
    "time_end_2": 3316295.928284625,
    "time_total_2": 0.7278119591064751,
    "time_start_3": 3316295200472750,
    "time_end_3": 3316295928284875,
    "time_total_3": 0.727812125
}