{
    "function_method_name": "extract_text_to_file_from_any_document",
    "time_start_1": 1772215182.3681762,
    "time_end_1": 1772215183.547919,
    "time_total_1": 1.1797428131103516,
    "time_start_2": 402913.01637825,
    "time_end_2": 402914.196116916,
    "time_total_2": 1.1797386660473421,
    "time_start_3": 402913016378333,
    "time_end_3": 402914196117083,
    "time_total_3": 1.17973875
}