{
    "function_method_name": "extract_images_from_pdf_to_files",
    "time_start_1": 1770303593.220449,
    "time_end_1": 1770303596.4140632,
    "time_total_1": 3.1936142444610596,
    "time_start_2": 3903025.663211166,
    "time_end_2": 3903028.8568255,
    "time_total_2": 3.1936143338680267,
    "time_start_3": 3903025663211208,
    "time_end_3": 3903028856825791,
    "time_total_3": 3.193614583
}