{
    "function_method_name": "extract_images_from_pdf_to_files",
    "time_start_1": 1770304046.72384,
    "time_end_1": 1770304049.9378529,
    "time_total_1": 3.214012861251831,
    "time_start_2": 3903479.167035666,
    "time_end_2": 3903482.381050666,
    "time_total_2": 3.2140150000341237,
    "time_start_3": 3903479167035708,
    "time_end_3": 3903482381051125,
    "time_total_3": 3.214015417
}