{
    "function_method_name": "extract_images_from_pdf_to_files",
    "time_start_1": 1770570950.3353631,
    "time_end_1": 1770570953.53139,
    "time_total_1": 3.1960268020629883,
    "time_start_2": 4153944.463541833,
    "time_end_2": 4153947.659560583,
    "time_total_2": 3.196018749848008,
    "time_start_3": 4153944463541916,
    "time_end_3": 4153947659560833,
    "time_total_3": 3.196018917
}