{
    "function_method_name": "extract_images_from_pdf_to_files",
    "time_start_1": 1770515373.57725,
    "time_end_1": 1770515376.7868721,
    "time_total_1": 3.2096221446990967,
    "time_start_2": 4098367.687138791,
    "time_end_2": 4098370.896753333,
    "time_total_2": 3.209614541847259,
    "time_start_3": 4098367687138833,
    "time_end_3": 4098370896753916,
    "time_total_3": 3.209615083
}