{
    "function_method_name": "extract_images_from_pdf_to_files",
    "time_start_1": 1770514603.839734,
    "time_end_1": 1770514607.047402,
    "time_total_1": 3.207667827606201,
    "time_start_2": 4097597.951668541,
    "time_end_2": 4097601.159329541,
    "time_total_2": 3.2076610000804067,
    "time_start_3": 4097597951668583,
    "time_end_3": 4097601159330125,
    "time_total_3": 3.207661542
}