{
    "function_method_name": "extract_images_from_pdf_to_files",
    "time_start_1": 1770302078.2758799,
    "time_end_1": 1770302081.465868,
    "time_total_1": 3.189988136291504,
    "time_start_2": 3901510.718417791,
    "time_end_2": 3901513.908407666,
    "time_total_2": 3.1899898746050894,
    "time_start_3": 3901510718417833,
    "time_end_3": 3901513908407750,
    "time_total_3": 3.189989917
}