{
    "function_method_name": "extract_images_from_pdf_to_files",
    "time_start_1": 1771754924.111647,
    "time_end_1": 1771754926.389198,
    "time_total_1": 2.2775511741638184,
    "time_start_2": 211395.996058333,
    "time_end_2": 211398.273609875,
    "time_total_2": 2.2775515420071315,
    "time_start_3": 211395996058375,
    "time_end_3": 211398273610166,
    "time_total_3": 2.277551791
}