{
    "function_method_name": "extract_images_from_pdf_to_files",
    "time_start_1": 1770571801.062193,
    "time_end_1": 1770571804.269017,
    "time_total_1": 3.2068240642547607,
    "time_start_2": 4154795.190767333,
    "time_end_2": 4154798.397585208,
    "time_total_2": 3.206817875150591,
    "time_start_3": 4154795190767375,
    "time_end_3": 4154798397585583,
    "time_total_3": 3.206818208
}