{
    "function_method_name": "extract_images_from_pdf_to_files",
    "time_start_1": 1770304305.238863,
    "time_end_1": 1770304308.422525,
    "time_total_1": 3.183661937713623,
    "time_start_2": 3903737.682120541,
    "time_end_2": 3903740.865784375,
    "time_total_2": 3.183663833886385,
    "time_start_3": 3903737682120583,
    "time_end_3": 3903740865784666,
    "time_total_3": 3.183664083
}