{
    "function_method_name": "extract_images_from_pdf_to_files",
    "time_start_1": 1770304326.727736,
    "time_end_1": 1770304329.9112792,
    "time_total_1": 3.1835432052612305,
    "time_start_2": 3903759.170998958,
    "time_end_2": 3903762.354544291,
    "time_total_2": 3.183545332867652,
    "time_start_3": 3903759170999000,
    "time_end_3": 3903762354544583,
    "time_total_3": 3.183545583
}