{
    "function_method_name": "extract_images_from_pdf_to_files",
    "time_start_1": 1770513279.047297,
    "time_end_1": 1770513282.243071,
    "time_total_1": 3.1957740783691406,
    "time_start_2": 4096273.162184458,
    "time_end_2": 4096276.357950125,
    "time_total_2": 3.1957656666636467,
    "time_start_3": 4096273162184500,
    "time_end_3": 4096276357950250,
    "time_total_3": 3.19576575
}