{
    "function_method_name": "extract_images_from_pdf_to_files",
    "time_start_1": 1770305649.704745,
    "time_end_1": 1770305652.895915,
    "time_total_1": 3.1911699771881104,
    "time_start_2": 3905082.1483335,
    "time_end_2": 3905085.339505083,
    "time_total_2": 3.191171582788229,
    "time_start_3": 3905082148333541,
    "time_end_3": 3905085339505375,
    "time_total_3": 3.191171834
}