{
    "function_method_name": "extract_images_from_pdf_to_files",
    "time_start_1": 1770306619.947526,
    "time_end_1": 1770306623.132627,
    "time_total_1": 3.18510103225708,
    "time_start_2": 3906052.391047625,
    "time_end_2": 3906055.576150375,
    "time_total_2": 3.185102750081569,
    "time_start_3": 3906052391047708,
    "time_end_3": 3906055576150541,
    "time_total_3": 3.185102833
}