{
    "function_method_name": "extract_images_from_pdf_to_files",
    "time_start_1": 1770302725.98194,
    "time_end_1": 1770302729.215434,
    "time_total_1": 3.2334940433502197,
    "time_start_2": 3902158.42456725,
    "time_end_2": 3902161.658062916,
    "time_total_2": 3.2334956657141447,
    "time_start_3": 3902158424567333,
    "time_end_3": 3902161658063250,
    "time_total_3": 3.233495917
}