{
    "function_method_name": "extract_images_from_pdf_to_files",
    "time_start_1": 1770566905.181387,
    "time_end_1": 1770566908.3766,
    "time_total_1": 3.1952130794525146,
    "time_start_2": 4149899.317278375,
    "time_end_2": 4149902.512481375,
    "time_total_2": 3.195203000213951,
    "time_start_3": 4149899317278458,
    "time_end_3": 4149902512481500,
    "time_total_3": 3.195203042
}