{
    "function_method_name": "extract_images_from_pdf_to_files",
    "time_start_1": 1770568742.510124,
    "time_end_1": 1770568745.723893,
    "time_total_1": 3.21376895904541,
    "time_start_2": 4151736.645524166,
    "time_end_2": 4151739.859286875,
    "time_total_2": 3.213762708939612,
    "time_start_3": 4151736645524208,
    "time_end_3": 4151739859287375,
    "time_total_3": 3.213763167
}