{
    "function_method_name": "extract_images_from_pdf_to_files",
    "time_start_1": 1770516506.093141,
    "time_end_1": 1770516509.285334,
    "time_total_1": 3.192193031311035,
    "time_start_2": 4099500.2046725,
    "time_end_2": 4099503.396860125,
    "time_total_2": 3.1921876249834895,
    "time_start_3": 4099500204672583,
    "time_end_3": 4099503396860375,
    "time_total_3": 3.192187792
}