{
    "function_method_name": "extract_images_from_pdf_to_files",
    "time_start_1": 1771004448.8065128,
    "time_end_1": 1771004451.038944,
    "time_total_1": 2.232431173324585,
    "time_start_2": 30802.317817083,
    "time_end_2": 30804.550243291,
    "time_total_2": 2.2324262080001063,
    "time_start_3": 30802317817125,
    "time_end_3": 30804550243666,
    "time_total_3": 2.232426541
}