{
    "function_method_name": "extract_images_from_pdf_to_files",
    "time_start_1": 1770514689.4659688,
    "time_end_1": 1770514692.669523,
    "time_total_1": 3.203554153442383,
    "time_start_2": 4097683.577677083,
    "time_end_2": 4097686.78122375,
    "time_total_2": 3.2035466670058668,
    "time_start_3": 4097683577677125,
    "time_end_3": 4097686781224250,
    "time_total_3": 3.203547125
}