{
    "function_method_name": "extract_images_from_pdf_to_files",
    "time_start_1": 1770567846.605623,
    "time_end_1": 1770567849.8174,
    "time_total_1": 3.2117769718170166,
    "time_start_2": 4150840.743446125,
    "time_end_2": 4150843.955212458,
    "time_total_2": 3.2117663328535855,
    "time_start_3": 4150840743446208,
    "time_end_3": 4150843955212666,
    "time_total_3": 3.211766458
}