{
    "function_method_name": "extract_images_from_pdf_to_files",
    "time_start_1": 1770514582.507914,
    "time_end_1": 1770514585.699875,
    "time_total_1": 3.1919610500335693,
    "time_start_2": 4097576.61990475,
    "time_end_2": 4097579.811857916,
    "time_total_2": 3.191953165922314,
    "time_start_3": 4097576619904791,
    "time_end_3": 4097579811858416,
    "time_total_3": 3.191953625
}