{
    "function_method_name": "extract_images_from_pdf_to_files",
    "time_start_1": 1770302035.269283,
    "time_end_1": 1770302038.460446,
    "time_total_1": 3.1911628246307373,
    "time_start_2": 3901467.711814458,
    "time_end_2": 3901470.902978291,
    "time_total_2": 3.1911638327874243,
    "time_start_3": 3901467711814500,
    "time_end_3": 3901470902978583,
    "time_total_3": 3.191164083
}