{
    "function_method_name": "extract_images_from_pdf_to_files",
    "time_start_1": 1770571146.815437,
    "time_end_1": 1770571150.013976,
    "time_total_1": 3.1985390186309814,
    "time_start_2": 4154140.945426,
    "time_end_2": 4154144.1439575,
    "time_total_2": 3.1985315000638366,
    "time_start_3": 4154140945426041,
    "time_end_3": 4154144143957958,
    "time_total_3": 3.198531917
}