{
    "function_method_name": "extract_images_from_pdf_to_files",
    "time_start_1": 1771005433.007636,
    "time_end_1": 1771005436.3103192,
    "time_total_1": 3.302683115005493,
    "time_start_2": 31786.519625,
    "time_end_2": 31789.822303,
    "time_total_2": 3.3026780000000144,
    "time_start_3": 31786519625083,
    "time_end_3": 31789822303375,
    "time_total_3": 3.302678292
}