{
    "function_method_name": "extract_images_from_pdf_to_files",
    "time_start_1": 1770516164.340804,
    "time_end_1": 1770516167.541456,
    "time_total_1": 3.2006518840789795,
    "time_start_2": 4099158.452967208,
    "time_end_2": 4099161.653615041,
    "time_total_2": 3.200647833291441,
    "time_start_3": 4099158452967291,
    "time_end_3": 4099161653615583,
    "time_total_3": 3.200648292
}