{
    "function_method_name": "extract_images_from_pdf_to_files",
    "time_start_1": 1770567364.562387,
    "time_end_1": 1770567367.769778,
    "time_total_1": 3.2073910236358643,
    "time_start_2": 4150358.70127975,
    "time_end_2": 4150361.908663791,
    "time_total_2": 3.207384041044861,
    "time_start_3": 4150358701279791,
    "time_end_3": 4150361908664041,
    "time_total_3": 3.20738425
}