{
    "function_method_name": "extract_images_from_pdf_to_files",
    "time_start_1": 1770567386.356993,
    "time_end_1": 1770567389.568223,
    "time_total_1": 3.2112300395965576,
    "time_start_2": 4150380.495837208,
    "time_end_2": 4150383.707060541,
    "time_total_2": 3.211223333142698,
    "time_start_3": 4150380495837250,
    "time_end_3": 4150383707060833,
    "time_total_3": 3.211223583
}