{
    "function_method_name": "extract_images_from_pdf_to_files",
    "time_start_1": 1770516057.617679,
    "time_end_1": 1770516060.8114119,
    "time_total_1": 3.193732738494873,
    "time_start_2": 4099051.73002975,
    "time_end_2": 4099054.923758666,
    "time_total_2": 3.1937289158813655,
    "time_start_3": 4099051730029791,
    "time_end_3": 4099054923759208,
    "time_total_3": 3.193729417
}