{
    "function_method_name": "extract_images_from_pdf_to_files",
    "time_start_1": 1770306188.46341,
    "time_end_1": 1770306191.653793,
    "time_total_1": 3.190383195877075,
    "time_start_2": 3905620.907118708,
    "time_end_2": 3905624.097504208,
    "time_total_2": 3.190385499969125,
    "time_start_3": 3905620907118750,
    "time_end_3": 3905624097504583,
    "time_total_3": 3.190385833
}