{
    "function_method_name": "extract_images_from_pdf_to_files",
    "time_start_1": 1770569355.570806,
    "time_end_1": 1770569358.761516,
    "time_total_1": 3.1907100677490234,
    "time_start_2": 4152349.704817125,
    "time_end_2": 4152352.895521708,
    "time_total_2": 3.1907045827247202,
    "time_start_3": 4152349704817208,
    "time_end_3": 4152352895522041,
    "time_total_3": 3.190704833
}