{
    "function_method_name": "extract_images_from_pdf_to_files",
    "time_start_1": 1771005193.145598,
    "time_end_1": 1771005196.445625,
    "time_total_1": 3.3000271320343018,
    "time_start_2": 31546.658013041,
    "time_end_2": 31549.958035666,
    "time_total_2": 3.3000226250005653,
    "time_start_3": 31546658013166,
    "time_end_3": 31549958035958,
    "time_total_3": 3.300022792
}