{
    "function_method_name": "extract_images_from_pdf_to_files",
    "time_start_1": 1770515993.6376178,
    "time_end_1": 1770515996.834272,
    "time_total_1": 3.1966540813446045,
    "time_start_2": 4098987.75008125,
    "time_end_2": 4098990.946730458,
    "time_total_2": 3.196649208199233,
    "time_start_3": 4098987750081333,
    "time_end_3": 4098990946730958,
    "time_total_3": 3.196649625
}