{
    "function_method_name": "extract_images_from_pdf_to_files",
    "time_start_1": 1770571365.425764,
    "time_end_1": 1770571368.6230242,
    "time_total_1": 3.1972601413726807,
    "time_start_2": 4154359.555276291,
    "time_end_2": 4154362.752530333,
    "time_total_2": 3.1972540421411395,
    "time_start_3": 4154359555276333,
    "time_end_3": 4154362752530541,
    "time_total_3": 3.197254208
}