{
    "function_method_name": "extract_images_from_pdf_to_files",
    "time_start_1": 1770302790.871434,
    "time_end_1": 1770302794.1144261,
    "time_total_1": 3.2429921627044678,
    "time_start_2": 3902223.314071875,
    "time_end_2": 3902226.557066541,
    "time_total_2": 3.2429946660995483,
    "time_start_3": 3902223314071916,
    "time_end_3": 3902226557066666,
    "time_total_3": 3.24299475
}