{
    "function_method_name": "extract_images_from_pdf_to_files",
    "time_start_1": 1770514304.7503638,
    "time_end_1": 1770514307.940732,
    "time_total_1": 3.190368175506592,
    "time_start_2": 4097298.86308825,
    "time_end_2": 4097302.053448666,
    "time_total_2": 3.1903604157269,
    "time_start_3": 4097298863088333,
    "time_end_3": 4097302053448958,
    "time_total_3": 3.190360625
}