{
    "function_method_name": "extract_images_from_pdf_to_files",
    "time_start_1": 1770570272.927149,
    "time_end_1": 1770570276.143501,
    "time_total_1": 3.2163519859313965,
    "time_start_2": 4153267.057087541,
    "time_end_2": 4153270.27343225,
    "time_total_2": 3.2163447090424597,
    "time_start_3": 4153267057087583,
    "time_end_3": 4153270273432458,
    "time_total_3": 3.216344875
}