{
    "function_method_name": "extract_images_from_pdf_to_files",
    "time_start_1": 1770515565.809209,
    "time_end_1": 1770515569.00937,
    "time_total_1": 3.2001609802246094,
    "time_start_2": 4098559.91859075,
    "time_end_2": 4098563.11874375,
    "time_total_2": 3.2001529997214675,
    "time_start_3": 4098559918590791,
    "time_end_3": 4098563118744291,
    "time_total_3": 3.2001535
}