{
    "function_method_name": "extract_images_from_pdf_to_files",
    "time_start_1": 1770512210.5388658,
    "time_end_1": 1770512213.732981,
    "time_total_1": 3.194115161895752,
    "time_start_2": 4095204.65671625,
    "time_end_2": 4095207.850823583,
    "time_total_2": 3.1941073331981897,
    "time_start_3": 4095204656716333,
    "time_end_3": 4095207850824166,
    "time_total_3": 3.194107833
}