{
    "function_method_name": "extract_images_from_pdf_to_files",
    "time_start_1": 1770305907.9037719,
    "time_end_1": 1770305911.097544,
    "time_total_1": 3.193772077560425,
    "time_start_2": 3905340.347414416,
    "time_end_2": 3905343.541188083,
    "time_total_2": 3.1937736673280597,
    "time_start_3": 3905340347414458,
    "time_end_3": 3905343541188666,
    "time_total_3": 3.193774208
}