{
    "function_method_name": "extract_images_from_pdf_to_files",
    "time_start_1": 1770570906.910709,
    "time_end_1": 1770570910.108143,
    "time_total_1": 3.197434186935425,
    "time_start_2": 4153901.03900125,
    "time_end_2": 4153904.236427583,
    "time_total_2": 3.197426332626492,
    "time_start_3": 4153901039001291,
    "time_end_3": 4153904236427833,
    "time_total_3": 3.197426542
}