{
    "function_method_name": "extract_images_from_pdf_to_files",
    "time_start_1": 1770567495.446432,
    "time_end_1": 1770567498.65537,
    "time_total_1": 3.208937883377075,
    "time_start_2": 4150489.585036583,
    "time_end_2": 4150492.793967375,
    "time_total_2": 3.208930792286992,
    "time_start_3": 4150489585036666,
    "time_end_3": 4150492793967708,
    "time_total_3": 3.208931042
}