{
    "function_method_name": "extract_images_from_pdf_to_files",
    "time_start_1": 1770571823.117484,
    "time_end_1": 1770571826.3062751,
    "time_total_1": 3.188791036605835,
    "time_start_2": 4154817.246011291,
    "time_end_2": 4154820.434795541,
    "time_total_2": 3.1887842500582337,
    "time_start_3": 4154817246011333,
    "time_end_3": 4154820434795916,
    "time_total_3": 3.188784583
}