{
    "function_method_name": "extract_images_from_pdf_to_files",
    "time_start_1": 1771756398.224685,
    "time_end_1": 1771756400.367575,
    "time_total_1": 2.142889976501465,
    "time_start_2": 212870.108512416,
    "time_end_2": 212872.251401625,
    "time_total_2": 2.142889209004352,
    "time_start_3": 212870108512500,
    "time_end_3": 212872251401875,
    "time_total_3": 2.142889375
}