{
    "function_method_name": "extract_images_from_pdf_to_files",
    "time_start_1": 1770566795.9324858,
    "time_end_1": 1770566799.1427772,
    "time_total_1": 3.2102913856506348,
    "time_start_2": 4149790.068707291,
    "time_end_2": 4149793.278990583,
    "time_total_2": 3.2102832919918,
    "time_start_3": 4149790068707291,
    "time_end_3": 4149793278991208,
    "time_total_3": 3.210283917
}