{
    "function_method_name": "extract_images_from_pdf_to_files",
    "time_start_1": 1770515095.468488,
    "time_end_1": 1770515098.6622028,
    "time_total_1": 3.1937148571014404,
    "time_start_2": 4098089.579109875,
    "time_end_2": 4098092.772818541,
    "time_total_2": 3.1937086661346257,
    "time_start_3": 4098089579109958,
    "time_end_3": 4098092772819000,
    "time_total_3": 3.193709042
}