{
    "function_method_name": "extract_images_from_pdf_to_files",
    "time_start_1": 1770303420.420065,
    "time_end_1": 1770303423.6149719,
    "time_total_1": 3.1949069499969482,
    "time_start_2": 3902852.8627985,
    "time_end_2": 3902856.057707166,
    "time_total_2": 3.194908665958792,
    "time_start_3": 3902852862798583,
    "time_end_3": 3902856057707500,
    "time_total_3": 3.194908917
}