{
    "function_method_name": "extract_images_from_pdf_to_files",
    "time_start_1": 1770306447.326349,
    "time_end_1": 1770306450.5176299,
    "time_total_1": 3.1912808418273926,
    "time_start_2": 3905879.769844333,
    "time_end_2": 3905882.961125916,
    "time_total_2": 3.1912815826945007,
    "time_start_3": 3905879769844375,
    "time_end_3": 3905882961126041,
    "time_total_3": 3.191281666
}