{
    "function_method_name": "extract_images_from_pdf_to_files",
    "time_start_1": 1771754970.166145,
    "time_end_1": 1771754972.441205,
    "time_total_1": 2.275059938430786,
    "time_start_2": 211442.050557416,
    "time_end_2": 211444.325618125,
    "time_total_2": 2.275060709012905,
    "time_start_3": 211442050557458,
    "time_end_3": 211444325618291,
    "time_total_3": 2.275060833
}