{
    "function_method_name": "extract_images_from_pdf_to_files",
    "time_start_1": 1770301841.011646,
    "time_end_1": 1770301844.2151198,
    "time_total_1": 3.2034738063812256,
    "time_start_2": 3901273.454145666,
    "time_end_2": 3901276.657620958,
    "time_total_2": 3.203475291840732,
    "time_start_3": 3901273454145708,
    "time_end_3": 3901276657621416,
    "time_total_3": 3.203475708
}