{
    "function_method_name": "extract_images_from_pdf_to_files",
    "time_start_1": 1771755387.5316741,
    "time_end_1": 1771755389.85586,
    "time_total_1": 2.324185848236084,
    "time_start_2": 211859.4155935,
    "time_end_2": 211861.739780208,
    "time_total_2": 2.3241867080214433,
    "time_start_3": 211859415593541,
    "time_end_3": 211861739780541,
    "time_total_3": 2.324187
}