{
    "function_method_name": "extract_images_from_pdf_to_files",
    "time_start_1": 1771005411.263198,
    "time_end_1": 1771005414.551357,
    "time_total_1": 3.288159132003784,
    "time_start_2": 31764.775225041,
    "time_end_2": 31768.063379458,
    "time_total_2": 3.2881544169977133,
    "time_start_3": 31764775225125,
    "time_end_3": 31768063379833,
    "time_total_3": 3.288154708
}