{
    "function_method_name": "extract_images_from_pdf_to_files",
    "time_start_1": 1770513727.944844,
    "time_end_1": 1770513731.142591,
    "time_total_1": 3.197746992111206,
    "time_start_2": 4096722.059076083,
    "time_end_2": 4096725.256815916,
    "time_total_2": 3.197739833034575,
    "time_start_3": 4096722059076125,
    "time_end_3": 4096725256816208,
    "time_total_3": 3.197740083
}