{
    "function_method_name": "extract_images_from_pdf_to_files",
    "time_start_1": 1770569770.145098,
    "time_end_1": 1770569773.348989,
    "time_total_1": 3.2038910388946533,
    "time_start_2": 4152764.27630725,
    "time_end_2": 4152767.480190458,
    "time_total_2": 3.2038832078687847,
    "time_start_3": 4152764276307291,
    "time_end_3": 4152767480190666,
    "time_total_3": 3.203883375
}