{
    "function_method_name": "extract_images_from_pdf_to_files",
    "time_start_1": 1770302683.008987,
    "time_end_1": 1770302686.209044,
    "time_total_1": 3.200057029724121,
    "time_start_2": 3902115.451607625,
    "time_end_2": 3902118.651666166,
    "time_total_2": 3.2000585407949984,
    "time_start_3": 3902115451607666,
    "time_end_3": 3902118651666708,
    "time_total_3": 3.200059042
}