{
    "function_method_name": "extract_images_from_pdf_to_files",
    "time_start_1": 1770570513.402344,
    "time_end_1": 1770570516.620571,
    "time_total_1": 3.218226909637451,
    "time_start_2": 4153507.531667916,
    "time_end_2": 4153510.749886666,
    "time_total_2": 3.2182187498547137,
    "time_start_3": 4153507531668000,
    "time_end_3": 4153510749886750,
    "time_total_3": 3.21821875
}