{
    "function_method_name": "extract_images_from_pdf_to_files",
    "time_start_1": 1770571474.138288,
    "time_end_1": 1770571477.341496,
    "time_total_1": 3.2032079696655273,
    "time_start_2": 4154468.267566541,
    "time_end_2": 4154471.470768416,
    "time_total_2": 3.2032018746249378,
    "time_start_3": 4154468267566583,
    "time_end_3": 4154471470768708,
    "time_total_3": 3.203202125
}