{
    "function_method_name": "extract_images_from_pdf_to_files",
    "time_start_1": 1770569026.936036,
    "time_end_1": 1770569030.155448,
    "time_total_1": 3.219411849975586,
    "time_start_2": 4152021.070798541,
    "time_end_2": 4152024.290203916,
    "time_total_2": 3.219405374955386,
    "time_start_3": 4152021070798583,
    "time_end_3": 4152024290204416,
    "time_total_3": 3.219405833
}