{
    "function_method_name": "extract_images_from_pdf_to_files",
    "time_start_1": 1771004588.556548,
    "time_end_1": 1771004590.8702831,
    "time_total_1": 2.313735008239746,
    "time_start_2": 30942.067532,
    "time_end_2": 30944.381262041,
    "time_total_2": 2.3137300409980526,
    "time_start_3": 30942067532041,
    "time_end_3": 30944381262208,
    "time_total_3": 2.313730167
}