{
    "function_method_name": "extract_images_from_pdf_to_files",
    "time_start_1": 1771005629.466651,
    "time_end_1": 1771005631.700557,
    "time_total_1": 2.2339060306549072,
    "time_start_2": 31982.978273958,
    "time_end_2": 31985.212176208,
    "time_total_2": 2.2339022499982093,
    "time_start_3": 31982978274000,
    "time_end_3": 31985212176375,
    "time_total_3": 2.233902375
}