{
    "function_method_name": "extract_images_from_pdf_to_files",
    "time_start_1": 1771004705.50909,
    "time_end_1": 1771004708.812295,
    "time_total_1": 3.3032050132751465,
    "time_start_2": 31059.022380333,
    "time_end_2": 31062.325584958,
    "time_total_2": 3.3032046249973064,
    "time_start_3": 31059022380375,
    "time_end_3": 31062325585583,
    "time_total_3": 3.303205208
}