{
    "function_method_name": "extract_images_from_pdf_to_files",
    "time_start_1": 1770513749.299068,
    "time_end_1": 1770513752.487947,
    "time_total_1": 3.1888790130615234,
    "time_start_2": 4096743.413243625,
    "time_end_2": 4096746.602114791,
    "time_total_2": 3.188871166203171,
    "time_start_3": 4096743413243708,
    "time_end_3": 4096746602115291,
    "time_total_3": 3.188871583
}