{
    "function_method_name": "extract_images_from_pdf_to_files",
    "time_start_1": 1770303093.6077702,
    "time_end_1": 1770303096.8505101,
    "time_total_1": 3.2427399158477783,
    "time_start_2": 3902526.050449916,
    "time_end_2": 3902529.293192458,
    "time_total_2": 3.2427425417117774,
    "time_start_3": 3902526050449958,
    "time_end_3": 3902529293192583,
    "time_total_3": 3.242742625
}