{
    "function_method_name": "extract_images_from_pdf_to_files",
    "time_start_1": 1771004294.773173,
    "time_end_1": 1771004297.002677,
    "time_total_1": 2.229503870010376,
    "time_start_2": 30648.284828916,
    "time_end_2": 30650.514329,
    "time_total_2": 2.2295000840022112,
    "time_start_3": 30648284828958,
    "time_end_3": 30650514329375,
    "time_total_3": 2.229500417
}