{
    "function_method_name": "extract_images_from_pdf_to_files",
    "time_start_1": 1770570556.9533179,
    "time_end_1": 1770570560.160204,
    "time_total_1": 3.206886053085327,
    "time_start_2": 4153551.082527916,
    "time_end_2": 4153554.289405583,
    "time_total_2": 3.206877666991204,
    "time_start_3": 4153551082527958,
    "time_end_3": 4153554289405875,
    "time_total_3": 3.206877917
}