{
    "function_method_name": "extract_images_from_pdf_to_files",
    "time_start_1": 1770514753.569542,
    "time_end_1": 1770514756.768158,
    "time_total_1": 3.1986160278320312,
    "time_start_2": 4097747.681067125,
    "time_end_2": 4097750.879675583,
    "time_total_2": 3.1986084580421448,
    "time_start_3": 4097747681067208,
    "time_end_3": 4097750879675958,
    "time_total_3": 3.19860875
}