{
    "function_method_name": "extract_images_from_pdf_to_files",
    "time_start_1": 1770304563.708833,
    "time_end_1": 1770304566.892548,
    "time_total_1": 3.1837151050567627,
    "time_start_2": 3903996.152152875,
    "time_end_2": 3903999.33587025,
    "time_total_2": 3.1837173751555383,
    "time_start_3": 3903996152152916,
    "time_end_3": 3903999335870333,
    "time_total_3": 3.183717417
}