{
    "function_method_name": "extract_tables_to_files_from_pdf_document",
    "time_start_1": 1769303713.498039,
    "time_end_1": 1769303713.865797,
    "time_total_1": 0.36775803565979004,
    "time_start_2": 2907942.556002416,
    "time_end_2": 2907942.923759625,
    "time_total_2": 0.3677572086453438,
    "time_start_3": 2907942556002500,
    "time_end_3": 2907942923759958,
    "time_total_3": 0.367757458
}