{
    "function_method_name": "extract_tables_to_files_from_pdf_document",
    "time_start_1": 1769298821.197345,
    "time_end_1": 1769298821.564656,
    "time_total_1": 0.3673110008239746,
    "time_start_2": 2903050.266395541,
    "time_end_2": 2903050.633706958,
    "time_total_2": 0.36731141712516546,
    "time_start_3": 2903050266395625,
    "time_end_3": 2903050633707041,
    "time_total_3": 0.367311416
}