{
    "function_method_name": "extract_tables_to_files_from_pdf_document",
    "time_start_1": 1769292349.498647,
    "time_end_1": 1769292349.871083,
    "time_total_1": 0.3724360466003418,
    "time_start_2": 2896578.591912875,
    "time_end_2": 2896578.964347458,
    "time_total_2": 0.3724345830269158,
    "time_start_3": 2896578591912958,
    "time_end_3": 2896578964347833,
    "time_total_3": 0.372434875
}