{
    "function_method_name": "extract_text_to_file_from_any_document",
    "time_start_1": 1769788492.683676,
    "time_end_1": 1769788512.393815,
    "time_total_1": 19.71013903617859,
    "time_start_2": 3387924.574798041,
    "time_end_2": 3387944.284932875,
    "time_total_2": 19.710134834051132,
    "time_start_3": 3387924574798166,
    "time_end_3": 3387944284933000,
    "time_total_3": 19.710134834
}