{
    "function_method_name": "extract_text_to_file_from_any_document",
    "time_start_1": 1772215910.9313731,
    "time_end_1": 1772215925.028557,
    "time_total_1": 14.0971839427948,
    "time_start_2": 403641.576647958,
    "time_end_2": 403655.673776458,
    "time_total_2": 14.09712849999778,
    "time_start_3": 403641576648000,
    "time_end_3": 403655673776750,
    "time_total_3": 14.09712875
}