{
    "function_method_name": "extract_tables_to_files_from_pdf_document",
    "time_start_1": 1763233596.937879,
    "time_end_1": 1763233607.6544309,
    "time_total_1": 10.716551780700684,
    "time_start_2": 199807.176115083,
    "time_end_2": 199817.89272675,
    "time_total_2": 10.716611666983226,
    "time_start_3": 199807176115125,
    "time_end_3": 199817892726958,
    "time_total_3": 10.716611833
}