{
    "function_method_name": "extract_text_to_file_from_any_document",
    "time_start_1": 1769379171.7724538,
    "time_end_1": 1769379173.6024818,
    "time_total_1": 1.8300280570983887,
    "time_start_2": 2983400.726329833,
    "time_end_2": 2983402.556358041,
    "time_total_2": 1.8300282079726458,
    "time_start_3": 2983400726329875,
    "time_end_3": 2983402556358166,
    "time_total_3": 1.830028291
}