{
    "function_method_name": "extract_text_to_file_from_any_document",
    "time_start_1": 1772789392.073101,
    "time_end_1": 1772789392.344678,
    "time_total_1": 0.2715768814086914,
    "time_start_2": 963362.03023075,
    "time_end_2": 963362.30180775,
    "time_total_2": 0.27157700003590435,
    "time_start_3": 963362030230833,
    "time_end_3": 963362301808041,
    "time_total_3": 0.271577208
}