{
    "function_method_name": "extract_text_to_file_from_any_document",
    "time_start_1": 1769788886.278816,
    "time_end_1": 1769788886.3207512,
    "time_total_1": 0.04193520545959473,
    "time_start_2": 3388318.162078083,
    "time_end_2": 3388318.204013375,
    "time_total_2": 0.041935292072594166,
    "time_start_3": 3388318162078166,
    "time_end_3": 3388318204013458,
    "time_total_3": 0.041935292
}