{
    "function_method_name": "extract_text_to_file_from_any_document",
    "time_start_1": 1769788067.212217,
    "time_end_1": 1769788067.2273421,
    "time_total_1": 0.015125036239624023,
    "time_start_2": 3387499.1034405,
    "time_end_2": 3387499.118566166,
    "time_total_2": 0.01512566627934575,
    "time_start_3": 3387499103440583,
    "time_end_3": 3387499118566250,
    "time_total_3": 0.015125667
}