{
    "function_method_name": "extract_tables_to_files_from_pdf_document",
    "time_start_1": 1769421809.986309,
    "time_end_1": 1769421829.6589088,
    "time_total_1": 19.67259979248047,
    "time_start_2": 3026038.837801416,
    "time_end_2": 3026058.510348916,
    "time_total_2": 19.672547500114888,
    "time_start_3": 3026038837801500,
    "time_end_3": 3026058510349125,
    "time_total_3": 19.672547625
}