{
    "function_method_name": "extract_tables_to_files_from_pdf_document",
    "time_start_1": 1769315582.586962,
    "time_end_1": 1769315600.737605,
    "time_total_1": 18.15064311027527,
    "time_start_2": 2919811.610921041,
    "time_end_2": 2919829.761510875,
    "time_total_2": 18.150589833967388,
    "time_start_3": 2919811610921166,
    "time_end_3": 2919829761511166,
    "time_total_3": 18.15059
}