{
    "function_method_name": "extract_tables_to_files_from_pdf_document",
    "time_start_1": 1769634431.823288,
    "time_end_1": 1769634448.920319,
    "time_total_1": 17.097031116485596,
    "time_start_2": 3233863.730691083,
    "time_end_2": 3233880.82768775,
    "time_total_2": 17.096996667329222,
    "time_start_3": 3233863730691125,
    "time_end_3": 3233880827688083,
    "time_total_3": 17.096996958
}