{
    "function_method_name": "extract_tables_to_files_from_pdf_document",
    "time_start_1": 1769608640.272746,
    "time_end_1": 1769608663.32034,
    "time_total_1": 23.04759383201599,
    "time_start_2": 3208072.277203916,
    "time_end_2": 3208095.32479525,
    "time_total_2": 23.047591333743185,
    "time_start_3": 3208072277204000,
    "time_end_3": 3208095324795500,
    "time_total_3": 23.0475915
}