{
    "function_method_name": "extract_tables_to_files_from_pdf_document",
    "time_start_1": 1769291239.6015098,
    "time_end_1": 1769291257.744666,
    "time_total_1": 18.14315629005432,
    "time_start_2": 2895468.699442333,
    "time_end_2": 2895486.842518333,
    "time_total_2": 18.14307599980384,
    "time_start_3": 2895468699442458,
    "time_end_3": 2895486842518583,
    "time_total_3": 18.143076125
}