{
    "function_method_name": "extract_text_to_file_from_any_document",
    "time_start_1": 1772631396.55152,
    "time_end_1": 1772631396.946382,
    "time_total_1": 0.39486193656921387,
    "time_start_2": 819126.964240333,
    "time_end_2": 819127.359102,
    "time_total_2": 0.39486166706774384,
    "time_start_3": 819126964240458,
    "time_end_3": 819127359102291,
    "time_total_3": 0.394861833
}