{
    "function_method_name": "extract_images_from_pdf_to_files",
    "time_start_1": 1770571852.7859101,
    "time_end_1": 1770571854.811924,
    "time_total_1": 2.0260138511657715,
    "time_start_2": 4154846.914373375,
    "time_end_2": 4154848.940383833,
    "time_total_2": 2.026010457891971,
    "time_start_3": 4154846914373458,
    "time_end_3": 4154848940384041,
    "time_total_3": 2.026010583
}