{
    "function_method_name": "extract_images_from_pdf_to_files",
    "time_start_1": 1770511834.3271801,
    "time_end_1": 1770511836.350958,
    "time_total_1": 2.023777961730957,
    "time_start_2": 4094828.446066541,
    "time_end_2": 4094830.469838041,
    "time_total_2": 2.023771499749273,
    "time_start_3": 4094828446066625,
    "time_end_3": 4094830469838166,
    "time_total_3": 2.023771541
}