{
    "function_method_name": "extract_images_from_pdf_to_files",
    "time_start_1": 1770516663.837755,
    "time_end_1": 1770516665.873804,
    "time_total_1": 2.0360491275787354,
    "time_start_2": 4099657.949009583,
    "time_end_2": 4099659.985056916,
    "time_total_2": 2.036047332920134,
    "time_start_3": 4099657949009625,
    "time_end_3": 4099659985057375,
    "time_total_3": 2.03604775
}