{
    "function_method_name": "extract_images_from_pdf_to_files",
    "time_start_1": 1770306045.3900318,
    "time_end_1": 1770306047.409452,
    "time_total_1": 2.0194201469421387,
    "time_start_2": 3905477.833706458,
    "time_end_2": 3905479.853128375,
    "time_total_2": 2.0194219169206917,
    "time_start_3": 3905477833706500,
    "time_end_3": 3905479853128875,
    "time_total_3": 2.019422375
}