{
    "function_method_name": "extract_images_from_pdf_to_files",
    "time_start_1": 1770302755.470751,
    "time_end_1": 1770302757.492497,
    "time_total_1": 2.0217459201812744,
    "time_start_2": 3902187.913383708,
    "time_end_2": 3902189.935131708,
    "time_total_2": 2.021748000290245,
    "time_start_3": 3902187913383791,
    "time_end_3": 3902189935132208,
    "time_total_3": 2.021748417
}