{
    "function_method_name": "extract_images_from_pdf_to_files",
    "time_start_1": 1770568292.4112132,
    "time_end_1": 1770568294.449847,
    "time_total_1": 2.0386338233947754,
    "time_start_2": 4151286.548042958,
    "time_end_2": 4151288.586673458,
    "time_total_2": 2.038630499970168,
    "time_start_3": 4151286548043000,
    "time_end_3": 4151288586673916,
    "time_total_3": 2.038630916
}