{
    "function_method_name": "extract_images_from_pdf_to_files",
    "time_start_1": 1770306498.348437,
    "time_end_1": 1770306500.379972,
    "time_total_1": 2.0315349102020264,
    "time_start_2": 3905930.791937208,
    "time_end_2": 3905932.823473125,
    "time_total_2": 2.031535917427391,
    "time_start_3": 3905930791937291,
    "time_end_3": 3905932823473416,
    "time_total_3": 2.031536125
}