{
    "function_method_name": "extract_images_from_pdf_to_files",
    "time_start_1": 1770570127.825608,
    "time_end_1": 1770570129.8609889,
    "time_total_1": 2.0353808403015137,
    "time_start_2": 4153121.95592725,
    "time_end_2": 4153123.991303125,
    "time_total_2": 2.035375874955207,
    "time_start_3": 4153121955927291,
    "time_end_3": 4153123991303375,
    "time_total_3": 2.035376084
}