{
    "function_method_name": "extract_images_from_pdf_to_files",
    "time_start_1": 1770570171.67009,
    "time_end_1": 1770570173.710465,
    "time_total_1": 2.040374994277954,
    "time_start_2": 4153165.800294125,
    "time_end_2": 4153167.840665208,
    "time_total_2": 2.040371083188802,
    "time_start_3": 4153165800294166,
    "time_end_3": 4153167840665375,
    "time_total_3": 2.040371209
}