{
    "function_method_name": "extract_images_from_pdf_to_files",
    "time_start_1": 1770303687.54233,
    "time_end_1": 1770303689.585152,
    "time_total_1": 2.0428218841552734,
    "time_start_2": 3903119.9851075,
    "time_end_2": 3903122.027931583,
    "time_total_2": 2.042824083007872,
    "time_start_3": 3903119985107583,
    "time_end_3": 3903122027931958,
    "time_total_3": 2.042824375
}