{
    "function_method_name": "extract_images_from_pdf_to_files",
    "time_start_1": 1771004361.971165,
    "time_end_1": 1771004363.358282,
    "time_total_1": 1.3871171474456787,
    "time_start_2": 30715.482667916,
    "time_end_2": 30716.869781791,
    "time_total_2": 1.3871138750000682,
    "time_start_3": 30715482667958,
    "time_end_3": 30716869782125,
    "time_total_3": 1.387114167
}