{
    "function_method_name": "extract_images_from_pdf_to_files",
    "time_start_1": 1770568663.4497259,
    "time_end_1": 1770568665.493719,
    "time_total_1": 2.0439932346343994,
    "time_start_2": 4151657.585307083,
    "time_end_2": 4151659.629296541,
    "time_total_2": 2.0439894581213593,
    "time_start_3": 4151657585307208,
    "time_end_3": 4151659629296958,
    "time_total_3": 2.04398975
}