{
    "function_method_name": "extract_images_from_pdf_to_files",
    "time_start_1": 1770302497.1172638,
    "time_end_1": 1770302499.138431,
    "time_total_1": 2.021167278289795,
    "time_start_2": 3901929.55985425,
    "time_end_2": 3901931.581021208,
    "time_total_2": 2.0211669579148293,
    "time_start_3": 3901929559854291,
    "time_end_3": 3901931581021416,
    "time_total_3": 2.021167125
}