{
    "function_method_name": "extract_images_from_pdf_to_files",
    "time_start_1": 1770515082.1135192,
    "time_end_1": 1770515084.138272,
    "time_total_1": 2.0247528553009033,
    "time_start_2": 4098076.224175875,
    "time_end_2": 4098078.248924416,
    "time_total_2": 2.0247485409490764,
    "time_start_3": 4098076224175958,
    "time_end_3": 4098078248924708,
    "time_total_3": 2.02474875
}