{
    "function_method_name": "extract_images_from_pdf_to_files",
    "time_start_1": 1771006178.6365,
    "time_end_1": 1771006180.017015,
    "time_total_1": 1.3805150985717773,
    "time_start_2": 32532.132331333,
    "time_end_2": 32533.512840333,
    "time_total_2": 1.3805090000023483,
    "time_start_3": 32532132331416,
    "time_end_3": 32533512840708,
    "time_total_3": 1.380509292
}