{
    "function_method_name": "extract_images_from_pdf_to_files",
    "time_start_1": 1771005945.869246,
    "time_end_1": 1771005947.2956412,
    "time_total_1": 1.4263951778411865,
    "time_start_2": 32299.380306791,
    "time_end_2": 32300.806698833,
    "time_total_2": 1.4263920419980423,
    "time_start_3": 32299380306833,
    "time_end_3": 32300806699041,
    "time_total_3": 1.426392208
}