{
    "function_method_name": "extract_images_from_pdf_to_files",
    "time_start_1": 1770569341.87119,
    "time_end_1": 1770569343.9001532,
    "time_total_1": 2.028963088989258,
    "time_start_2": 4152336.005232541,
    "time_end_2": 4152338.034191875,
    "time_total_2": 2.028959333896637,
    "time_start_3": 4152336005232583,
    "time_end_3": 4152338034192333,
    "time_total_3": 2.02895975
}