{
    "function_method_name": "extract_images_from_pdf_to_files",
    "time_start_1": 1770567832.442057,
    "time_end_1": 1770567834.476139,
    "time_total_1": 2.0340821743011475,
    "time_start_2": 4150826.579918875,
    "time_end_2": 4150828.613997791,
    "time_total_2": 2.03407891606912,
    "time_start_3": 4150826579918916,
    "time_end_3": 4150828613998208,
    "time_total_3": 2.034079292
}