{
    "function_method_name": "extract_images_from_pdf_to_files",
    "time_start_1": 1771004408.088289,
    "time_end_1": 1771004409.454611,
    "time_total_1": 1.3663220405578613,
    "time_start_2": 30761.599686208,
    "time_end_2": 30762.966004916,
    "time_total_2": 1.366318708001927,
    "time_start_3": 30761599686250,
    "time_end_3": 30762966005166,
    "time_total_3": 1.366318916
}