{
    "function_method_name": "extract_images_from_pdf_to_files",
    "time_start_1": 1770515637.8336582,
    "time_end_1": 1770515639.856978,
    "time_total_1": 2.023319721221924,
    "time_start_2": 4098631.9428495,
    "time_end_2": 4098633.966163708,
    "time_total_2": 2.023314207792282,
    "time_start_3": 4098631942849583,
    "time_end_3": 4098633966164166,
    "time_total_3": 2.023314583
}