{
    "function_method_name": "extract_images_from_pdf_to_files",
    "time_start_1": 1771005023.47419,
    "time_end_1": 1771005025.517602,
    "time_total_1": 2.04341197013855,
    "time_start_2": 31376.98694025,
    "time_end_2": 31379.030349416,
    "time_total_2": 2.043409165999037,
    "time_start_3": 31376986940333,
    "time_end_3": 31379030350250,
    "time_total_3": 2.043409917
}