{
    "function_method_name": "extract_images_from_pdf_to_files",
    "time_start_1": 1770514120.200468,
    "time_end_1": 1770514122.23071,
    "time_total_1": 2.0302419662475586,
    "time_start_2": 4097114.313665166,
    "time_end_2": 4097116.34390275,
    "time_total_2": 2.0302375839091837,
    "time_start_3": 4097114313665208,
    "time_end_3": 4097116343903500,
    "time_total_3": 2.030238292
}