{
    "function_method_name": "extract_images_from_pdf_to_files",
    "time_start_1": 1770514718.831937,
    "time_end_1": 1770514720.8793821,
    "time_total_1": 2.047445058822632,
    "time_start_2": 4097712.943560125,
    "time_end_2": 4097714.990999166,
    "time_total_2": 2.047439041081816,
    "time_start_3": 4097712943560208,
    "time_end_3": 4097714990999291,
    "time_total_3": 2.047439083
}