{
    "function_method_name": "extract_images_from_pdf_to_files",
    "time_start_1": 1770305786.450218,
    "time_end_1": 1770305788.4938471,
    "time_total_1": 2.0436291694641113,
    "time_start_2": 3905218.893839208,
    "time_end_2": 3905220.937469416,
    "time_total_2": 2.043630207888782,
    "time_start_3": 3905218893839250,
    "time_end_3": 3905220937469708,
    "time_total_3": 2.043630458
}