{
    "function_method_name": "extract_images_from_pdf_to_files",
    "time_start_1": 1770302107.7504199,
    "time_end_1": 1770302109.772587,
    "time_total_1": 2.022167205810547,
    "time_start_2": 3901540.192963166,
    "time_end_2": 3901542.215131125,
    "time_total_2": 2.0221679587848485,
    "time_start_3": 3901540192963250,
    "time_end_3": 3901542215131666,
    "time_total_3": 2.022168416
}