{
    "function_method_name": "extract_images_from_pdf_to_files",
    "time_start_1": 1770511706.036461,
    "time_end_1": 1770511708.058889,
    "time_total_1": 2.022427797317505,
    "time_start_2": 4094700.155699958,
    "time_end_2": 4094702.178123291,
    "time_total_2": 2.0224233330227435,
    "time_start_3": 4094700155700000,
    "time_end_3": 4094702178123625,
    "time_total_3": 2.022423625
}