{
    "function_method_name": "extract_images_from_pdf_to_files",
    "time_start_1": 1770567876.575459,
    "time_end_1": 1770567878.617677,
    "time_total_1": 2.042217969894409,
    "time_start_2": 4150870.713199583,
    "time_end_2": 4150872.755413,
    "time_total_2": 2.042213417124003,
    "time_start_3": 4150870713199625,
    "time_end_3": 4150872755413333,
    "time_total_3": 2.042213708
}