{
    "function_method_name": "extract_images_from_pdf_to_files",
    "time_start_1": 1770305808.284339,
    "time_end_1": 1770305810.3052669,
    "time_total_1": 2.020927906036377,
    "time_start_2": 3905240.727965083,
    "time_end_2": 3905242.748894166,
    "time_total_2": 2.0209290832281113,
    "time_start_3": 3905240727965208,
    "time_end_3": 3905242748894208,
    "time_total_3": 2.020929
}