{
    "function_method_name": "extract_images_from_pdf_to_files",
    "time_start_1": 1770569013.056858,
    "time_end_1": 1770569015.092132,
    "time_total_1": 2.035274028778076,
    "time_start_2": 4152007.191652,
    "time_end_2": 4152009.226922666,
    "time_total_2": 2.0352706662379205,
    "time_start_3": 4152007191652083,
    "time_end_3": 4152009226923000,
    "time_total_3": 2.035270917
}