{
    "function_method_name": "extract_images_from_pdf_to_files",
    "time_start_1": 1770302993.368706,
    "time_end_1": 1770302995.397888,
    "time_total_1": 2.029181957244873,
    "time_start_2": 3902425.81137775,
    "time_end_2": 3902427.840560458,
    "time_total_2": 2.0291827083565295,
    "time_start_3": 3902425811377833,
    "time_end_3": 3902427840560708,
    "time_total_3": 2.029182875
}