{
    "function_method_name": "extract_images_from_pdf_to_files",
    "time_start_1": 1770513094.946296,
    "time_end_1": 1770513096.978465,
    "time_total_1": 2.0321691036224365,
    "time_start_2": 4096089.061689791,
    "time_end_2": 4096091.093853833,
    "time_total_2": 2.0321640423499048,
    "time_start_3": 4096089061690000,
    "time_end_3": 4096091093853875,
    "time_total_3": 2.032163875
}