{
    "function_method_name": "extract_images_from_pdf_to_files",
    "time_start_1": 1770306584.9341671,
    "time_end_1": 1770306586.9714408,
    "time_total_1": 2.037273645401001,
    "time_start_2": 3906017.377682541,
    "time_end_2": 3906019.414957875,
    "time_total_2": 2.0372753338888288,
    "time_start_3": 3906017377682541,
    "time_end_3": 3906019414958416,
    "time_total_3": 2.037275875
}