{
    "function_method_name": "extract_images_from_pdf_to_files",
    "time_start_1": 1770566694.7157419,
    "time_end_1": 1770566696.767136,
    "time_total_1": 2.05139422416687,
    "time_start_2": 4149688.85227425,
    "time_end_2": 4149690.903662333,
    "time_total_2": 2.051388083025813,
    "time_start_3": 4149688852274333,
    "time_end_3": 4149690903662750,
    "time_total_3": 2.051388417
}