{
    "function_method_name": "extract_images_from_pdf_to_files",
    "time_start_1": 1770303256.140548,
    "time_end_1": 1770303258.167567,
    "time_total_1": 2.0270190238952637,
    "time_start_2": 3902688.583254791,
    "time_end_2": 3902690.610273875,
    "time_total_2": 2.0270190839655697,
    "time_start_3": 3902688583254916,
    "time_end_3": 3902690610274083,
    "time_total_3": 2.027019167
}