{
    "function_method_name": "extract_images_from_pdf_to_files",
    "time_start_1": 1770512923.5434802,
    "time_end_1": 1770512925.5729952,
    "time_total_1": 2.029515027999878,
    "time_start_2": 4095917.6593875,
    "time_end_2": 4095919.68889825,
    "time_total_2": 2.0295107499696314,
    "time_start_3": 4095917659387541,
    "time_end_3": 4095919688898625,
    "time_total_3": 2.029511084
}