{
    "function_method_name": "extract_images_from_pdf_to_files",
    "time_start_1": 1771005089.838128,
    "time_end_1": 1771005091.894191,
    "time_total_1": 2.056062936782837,
    "time_start_2": 31443.350760125,
    "time_end_2": 31445.406819166,
    "time_total_2": 2.0560590410022996,
    "time_start_3": 31443350760208,
    "time_end_3": 31445406819458,
    "time_total_3": 2.05605925
}