{
    "function_method_name": "extract_images_from_pdf_to_files",
    "time_start_1": 1770566738.337266,
    "time_end_1": 1770566740.422285,
    "time_total_1": 2.085019111633301,
    "time_start_2": 4149732.473661416,
    "time_end_2": 4149734.558674916,
    "time_total_2": 2.0850134999491274,
    "time_start_3": 4149732473661458,
    "time_end_3": 4149734558675250,
    "time_total_3": 2.085013792
}