{
    "function_method_name": "extract_images_from_pdf_to_files",
    "time_start_1": 1770513714.367336,
    "time_end_1": 1770513716.396399,
    "time_total_1": 2.0290629863739014,
    "time_start_2": 4096708.481603958,
    "time_end_2": 4096710.510662041,
    "time_total_2": 2.029058082960546,
    "time_start_3": 4096708481604083,
    "time_end_3": 4096710510662291,
    "time_total_3": 2.029058208
}