{
    "function_method_name": "extract_images_from_pdf_to_files",
    "time_start_1": 1770304097.6803598,
    "time_end_1": 1770304099.699919,
    "time_total_1": 2.019559144973755,
    "time_start_2": 3903530.123567583,
    "time_end_2": 3903532.143127875,
    "time_total_2": 2.0195602918975055,
    "time_start_3": 3903530123567625,
    "time_end_3": 3903532143128208,
    "time_total_3": 2.019560583
}