{
    "function_method_name": "extract_images_from_pdf_to_files",
    "time_start_1": 1770567438.054097,
    "time_end_1": 1770567440.084461,
    "time_total_1": 2.0303640365600586,
    "time_start_2": 4150432.192827458,
    "time_end_2": 4150434.223187,
    "time_total_2": 2.0303595419973135,
    "time_start_3": 4150432192827541,
    "time_end_3": 4150434223187375,
    "time_total_3": 2.030359834
}