{
    "function_method_name": "extract_images_from_pdf_to_files",
    "time_start_1": 1770567942.140207,
    "time_end_1": 1770567944.1913521,
    "time_total_1": 2.051145076751709,
    "time_start_2": 4150936.277799583,
    "time_end_2": 4150938.328940583,
    "time_total_2": 2.0511409998871386,
    "time_start_3": 4150936277799666,
    "time_end_3": 4150938328940666,
    "time_total_3": 2.051141
}