{
    "function_method_name": "extract_images_from_pdf_to_files",
    "time_start_1": 1770305225.8487868,
    "time_end_1": 1770305227.874624,
    "time_total_1": 2.0258371829986572,
    "time_start_2": 3904658.292288416,
    "time_end_2": 3904660.318126333,
    "time_total_2": 2.025837916880846,
    "time_start_3": 3904658292288458,
    "time_end_3": 3904660318126875,
    "time_total_3": 2.025838417
}