{
    "function_method_name": "extract_images_from_pdf_to_files",
    "time_start_1": 1770302648.00401,
    "time_end_1": 1770302650.029122,
    "time_total_1": 2.0251121520996094,
    "time_start_2": 3902080.446624666,
    "time_end_2": 3902082.471738583,
    "time_total_2": 2.0251139169558883,
    "time_start_3": 3902080446624708,
    "time_end_3": 3902082471739125,
    "time_total_3": 2.025114417
}