{
    "function_method_name": "extract_images_from_pdf_to_files",
    "time_start_1": 1770511983.513622,
    "time_end_1": 1770511985.546394,
    "time_total_1": 2.0327720642089844,
    "time_start_2": 4094977.632097375,
    "time_end_2": 4094979.664865333,
    "time_total_2": 2.032767958007753,
    "time_start_3": 4094977632097458,
    "time_end_3": 4094979664865666,
    "time_total_3": 2.032768208
}