{
    "function_method_name": "extract_images_from_pdf_to_files",
    "time_start_1": 1770301849.005547,
    "time_end_1": 1770301851.080247,
    "time_total_1": 2.074699878692627,
    "time_start_2": 3901281.448048208,
    "time_end_2": 3901283.522749125,
    "time_total_2": 2.0747009171172976,
    "time_start_3": 3901281448048250,
    "time_end_3": 3901283522749458,
    "time_total_3": 2.074701208
}