{
    "function_method_name": "extract_images_from_pdf_to_files",
    "time_start_1": 1770566935.140165,
    "time_end_1": 1770566937.1771278,
    "time_total_1": 2.0369627475738525,
    "time_start_2": 4149929.275965541,
    "time_end_2": 4149931.312922625,
    "time_total_2": 2.036957083735615,
    "time_start_3": 4149929275965625,
    "time_end_3": 4149931312922708,
    "time_total_3": 2.036957083
}