{
    "function_method_name": "extract_images_from_pdf_to_files",
    "time_start_1": 1770569887.297267,
    "time_end_1": 1770569889.3351948,
    "time_total_1": 2.0379278659820557,
    "time_start_2": 4152881.428214166,
    "time_end_2": 4152883.4661375,
    "time_total_2": 2.0379233341664076,
    "time_start_3": 4152881428214250,
    "time_end_3": 4152883466137750,
    "time_total_3": 2.0379235
}