{
    "function_method_name": "extract_images_from_pdf_to_files",
    "time_start_1": 1770304902.143368,
    "time_end_1": 1770304904.169069,
    "time_total_1": 2.0257010459899902,
    "time_start_2": 3904334.586790708,
    "time_end_2": 3904336.612493416,
    "time_total_2": 2.0257027079351246,
    "time_start_3": 3904334586790750,
    "time_end_3": 3904336612494166,
    "time_total_3": 2.025703416
}