{
    "function_method_name": "extract_images_from_pdf_to_files",
    "time_start_1": 1771005483.600816,
    "time_end_1": 1771005484.9664981,
    "time_total_1": 1.3656821250915527,
    "time_start_2": 31837.112714666,
    "time_end_2": 31838.47839475,
    "time_total_2": 1.365680083999905,
    "time_start_3": 31837112714708,
    "time_end_3": 31838478395083,
    "time_total_3": 1.365680375
}