{
    "function_method_name": "extract_images_from_pdf_to_files",
    "time_start_1": 1770302237.552777,
    "time_end_1": 1770302239.5863621,
    "time_total_1": 2.0335850715637207,
    "time_start_2": 3901669.995341541,
    "time_end_2": 3901672.028927458,
    "time_total_2": 2.0335859172046185,
    "time_start_3": 3901669995341625,
    "time_end_3": 3901672028927750,
    "time_total_3": 2.033586125
}