{
    "function_method_name": "extract_images_from_pdf_to_files",
    "time_start_1": 1770516706.502987,
    "time_end_1": 1770516708.5398772,
    "time_total_1": 2.0368902683258057,
    "time_start_2": 4099700.614166875,
    "time_end_2": 4099702.651053458,
    "time_total_2": 2.036886583082378,
    "time_start_3": 4099700614167000,
    "time_end_3": 4099702651053500,
    "time_total_3": 2.0368865
}