{
    "function_method_name": "extract_images_from_pdf_to_files",
    "time_start_1": 1770571460.356525,
    "time_end_1": 1770571462.381807,
    "time_total_1": 2.025282144546509,
    "time_start_2": 4154454.485833375,
    "time_end_2": 4154456.511111208,
    "time_total_2": 2.0252778329886496,
    "time_start_3": 4154454485833416,
    "time_end_3": 4154456511111333,
    "time_total_3": 2.025277917
}