{
    "function_method_name": "extract_images_from_pdf_to_files",
    "time_start_1": 1770513415.31368,
    "time_end_1": 1770513417.341145,
    "time_total_1": 2.0274651050567627,
    "time_start_2": 4096409.428721416,
    "time_end_2": 4096411.45618625,
    "time_total_2": 2.0274648340418935,
    "time_start_3": 4096409428721500,
    "time_end_3": 4096411456186333,
    "time_total_3": 2.027464833
}