{
    "function_method_name": "extract_images_from_pdf_to_files",
    "time_start_1": 1770567854.666804,
    "time_end_1": 1770567856.708429,
    "time_total_1": 2.0416250228881836,
    "time_start_2": 4150848.804601625,
    "time_end_2": 4150850.846221166,
    "time_total_2": 2.0416195411235094,
    "time_start_3": 4150848804601708,
    "time_end_3": 4150850846221416,
    "time_total_3": 2.041619708
}