{
    "function_method_name": "extract_images_from_pdf_to_files",
    "time_start_1": 1770301956.468263,
    "time_end_1": 1770301958.498296,
    "time_total_1": 2.0300331115722656,
    "time_start_2": 3901388.910781958,
    "time_end_2": 3901390.940815166,
    "time_total_2": 2.030033207964152,
    "time_start_3": 3901388910782000,
    "time_end_3": 3901390940815500,
    "time_total_3": 2.0300335
}