{
    "function_method_name": "extract_images_from_pdf_to_files",
    "time_start_1": 1770567394.35619,
    "time_end_1": 1770567396.404638,
    "time_total_1": 2.048448085784912,
    "time_start_2": 4150388.495016708,
    "time_end_2": 4150390.543461041,
    "time_total_2": 2.0484443330205977,
    "time_start_3": 4150388495016750,
    "time_end_3": 4150390543461375,
    "time_total_3": 2.048444625
}