{
    "function_method_name": "extract_images_from_pdf_to_files",
    "time_start_1": 1770516214.887438,
    "time_end_1": 1770516216.938664,
    "time_total_1": 2.0512259006500244,
    "time_start_2": 4099208.999513125,
    "time_end_2": 4099211.050735833,
    "time_total_2": 2.0512227080762386,
    "time_start_3": 4099208999513250,
    "time_end_3": 4099211050736083,
    "time_total_3": 2.051222833
}