{
    "function_method_name": "extract_images_from_pdf_to_files",
    "time_start_1": 1770516022.970183,
    "time_end_1": 1770516024.9919739,
    "time_total_1": 2.0217909812927246,
    "time_start_2": 4099017.082594666,
    "time_end_2": 4099019.10438275,
    "time_total_2": 2.021788083948195,
    "time_start_3": 4099017082594708,
    "time_end_3": 4099019104383041,
    "time_total_3": 2.021788333
}