{
    "function_method_name": "extract_images_from_pdf_to_files",
    "time_start_1": 1770305032.020066,
    "time_end_1": 1770305034.044287,
    "time_total_1": 2.0242209434509277,
    "time_start_2": 3904464.463520291,
    "time_end_2": 3904466.487742875,
    "time_total_2": 2.024222583975643,
    "time_start_3": 3904464463520333,
    "time_end_3": 3904466487743208,
    "time_total_3": 2.024222875
}