{
    "function_method_name": "extract_images_from_pdf_to_files",
    "time_start_1": 1770305657.661078,
    "time_end_1": 1770305659.684845,
    "time_total_1": 2.0237669944763184,
    "time_start_2": 3905090.104668291,
    "time_end_2": 3905092.128437166,
    "time_total_2": 2.023768875282258,
    "time_start_3": 3905090104668375,
    "time_end_3": 3905092128437500,
    "time_total_3": 2.023769125
}