{
    "function_method_name": "extract_images_from_pdf_to_files",
    "time_start_1": 1771755115.6053782,
    "time_end_1": 1771755117.000489,
    "time_total_1": 1.395110845565796,
    "time_start_2": 211587.489794666,
    "time_end_2": 211588.88490675,
    "time_total_2": 1.3951120839919895,
    "time_start_3": 211587489794750,
    "time_end_3": 211588884907125,
    "time_total_3": 1.395112375
}