{
    "function_method_name": "extract_images_from_pdf_to_files",
    "time_start_1": 1770571307.8179579,
    "time_end_1": 1770571309.850846,
    "time_total_1": 2.032888174057007,
    "time_start_2": 4154301.947594291,
    "time_end_2": 4154303.980479041,
    "time_total_2": 2.0328847500495613,
    "time_start_3": 4154301947594375,
    "time_end_3": 4154303980479333,
    "time_total_3": 2.032884958
}