{
    "function_method_name": "extract_images_from_pdf_to_files",
    "time_start_1": 1770305743.644297,
    "time_end_1": 1770305745.671624,
    "time_total_1": 2.027327060699463,
    "time_start_2": 3905176.087908041,
    "time_end_2": 3905178.1152355,
    "time_total_2": 2.0273274588398635,
    "time_start_3": 3905176087908125,
    "time_end_3": 3905178115235875,
    "time_total_3": 2.02732775
}