{
    "function_method_name": "extract_images_from_pdf_to_files",
    "time_start_1": 1770513607.643035,
    "time_end_1": 1770513609.6693618,
    "time_total_1": 2.026326894760132,
    "time_start_2": 4096601.757588875,
    "time_end_2": 4096603.783910833,
    "time_total_2": 2.026321957819164,
    "time_start_3": 4096601757588916,
    "time_end_3": 4096603783911166,
    "time_total_3": 2.02632225
}