{
    "function_method_name": "extract_images_from_pdf_to_files",
    "time_start_1": 1770305506.332175,
    "time_end_1": 1770305508.355415,
    "time_total_1": 2.023240089416504,
    "time_start_2": 3904938.775728583,
    "time_end_2": 3904940.798968916,
    "time_total_2": 2.023240332957357,
    "time_start_3": 3904938775728625,
    "time_end_3": 3904940798969375,
    "time_total_3": 2.02324075
}