{
    "function_method_name": "extract_images_from_pdf_to_files",
    "time_start_1": 1770303342.153962,
    "time_end_1": 1770303344.178022,
    "time_total_1": 2.024060010910034,
    "time_start_2": 3902774.596682958,
    "time_end_2": 3902776.620743708,
    "time_total_2": 2.0240607503801584,
    "time_start_3": 3902774596683000,
    "time_end_3": 3902776620744083,
    "time_total_3": 2.024061083
}