{
    "function_method_name": "extract_images_from_pdf_to_files",
    "time_start_1": 1771754775.7000692,
    "time_end_1": 1771754777.0903318,
    "time_total_1": 1.3902626037597656,
    "time_start_2": 211247.584476125,
    "time_end_2": 211248.97473925,
    "time_total_2": 1.390263125009369,
    "time_start_3": 211247584476208,
    "time_end_3": 211248974739458,
    "time_total_3": 1.39026325
}