{
    "function_method_name": "extract_images_from_pdf_to_files",
    "time_start_1": 1771006194.0834198,
    "time_end_1": 1771006195.467885,
    "time_total_1": 1.384465217590332,
    "time_start_2": 32547.579179333,
    "time_end_2": 32548.963638875,
    "time_total_2": 1.384459542001423,
    "time_start_3": 32547579179375,
    "time_end_3": 32548963639333,
    "time_total_3": 1.384459958
}