{
    "function_method_name": "extract_images_from_pdf_to_files",
    "time_start_1": 1771004847.018826,
    "time_end_1": 1771004849.0692852,
    "time_total_1": 2.050459146499634,
    "time_start_2": 31200.531889458,
    "time_end_2": 31202.582345041,
    "time_total_2": 2.050455582997529,
    "time_start_3": 31200531889500,
    "time_end_3": 31202582345416,
    "time_total_3": 2.050455916
}