{
    "function_method_name": "extract_images_from_pdf_to_files",
    "time_start_1": 1770571264.017075,
    "time_end_1": 1770571266.041125,
    "time_total_1": 2.024049997329712,
    "time_start_2": 4154258.146805541,
    "time_end_2": 4154260.170852208,
    "time_total_2": 2.024046666920185,
    "time_start_3": 4154258146805583,
    "time_end_3": 4154260170852458,
    "time_total_3": 2.024046875
}