{
    "function_method_name": "extract_images_from_pdf_to_files",
    "time_start_1": 1770513671.7224152,
    "time_end_1": 1770513673.752937,
    "time_total_1": 2.030521869659424,
    "time_start_2": 4096665.836795875,
    "time_end_2": 4096667.867314,
    "time_total_2": 2.0305181252770126,
    "time_start_3": 4096665836795916,
    "time_end_3": 4096667867314125,
    "time_total_3": 2.030518209
}