{
    "function_method_name": "extract_tables_to_files_from_pdf_document",
    "time_start_1": 1772683262.7958322,
    "time_end_1": 1772683539.92,
    "time_total_1": 277.12416791915894,
    "time_start_2": 870993.0894875,
    "time_end_2": 871270.212019416,
    "time_total_2": 277.12253191601485,
    "time_start_3": 870993089487666,
    "time_end_3": 871270212019583,
    "time_total_3": 277.122531917
}