{
    "function_method_name": "extract_tables_to_files_from_pdf_document",
    "time_start_1": 1765562216.344307,
    "time_end_1": 1765562216.51299,
    "time_total_1": 0.16868305206298828,
    "time_start_2": 2447738.869944166,
    "time_end_2": 2447739.038622208,
    "time_total_2": 0.16867804201319814,
    "time_start_3": 2447738869944208,
    "time_end_3": 2447739038622541,
    "time_total_3": 0.168678333
}