{
    "function_method_name": "extract_images_from_pdf_to_files",
    "time_start_1": 1770301754.573578,
    "time_end_1": 1770301754.57491,
    "time_total_1": 0.0013320446014404297,
    "time_start_2": 3901187.016055708,
    "time_end_2": 3901187.017388416,
    "time_total_2": 0.0013327081687748432,
    "time_start_3": 3901187016055791,
    "time_end_3": 3901187017388458,
    "time_total_3": 0.001332667
}