{
    "function_method_name": "extract_images_from_pdf_to_files",
    "time_start_1": 1770515758.062239,
    "time_end_1": 1770515758.063582,
    "time_total_1": 0.0013430118560791016,
    "time_start_2": 4098752.171113416,
    "time_end_2": 4098752.172456083,
    "time_total_2": 0.0013426668010652065,
    "time_start_3": 4098752171113458,
    "time_end_3": 4098752172456125,
    "time_total_3": 0.001342667
}