{
    "function_method_name": "extract_images_from_pdf_to_files",
    "time_start_1": 1770513556.757879,
    "time_end_1": 1770513556.75924,
    "time_total_1": 0.0013608932495117188,
    "time_start_2": 4096550.872586333,
    "time_end_2": 4096550.873946833,
    "time_total_2": 0.0013604997657239437,
    "time_start_3": 4096550872586375,
    "time_end_3": 4096550873946875,
    "time_total_3": 0.0013605
}