{
    "function_method_name": "extract_images_from_pdf_to_files",
    "time_start_1": 1770515843.623901,
    "time_end_1": 1770515843.625246,
    "time_total_1": 0.0013451576232910156,
    "time_start_2": 4098837.73254925,
    "time_end_2": 4098837.733893708,
    "time_total_2": 0.001344457734376192,
    "time_start_3": 4098837732549291,
    "time_end_3": 4098837733893750,
    "time_total_3": 0.001344459
}