{
    "function_method_name": "extract_images_from_pdf_to_files",
    "time_start_1": 1770516206.89128,
    "time_end_1": 1770516206.892611,
    "time_total_1": 0.0013310909271240234,
    "time_start_2": 4099201.003368875,
    "time_end_2": 4099201.004699833,
    "time_total_2": 0.0013309582136571407,
    "time_start_3": 4099201003368958,
    "time_end_3": 4099201004699875,
    "time_total_3": 0.001330917
}