{
    "function_method_name": "extract_images_from_pdf_to_files",
    "time_start_1": 1771004187.4904692,
    "time_end_1": 1771004187.491541,
    "time_total_1": 0.0010716915130615234,
    "time_start_2": 30541.002370916,
    "time_end_2": 30541.003443291,
    "time_total_2": 0.0010723749983299058,
    "time_start_3": 30541002370958,
    "time_end_3": 30541003443375,
    "time_total_3": 0.001072417
}