{
    "function_method_name": "extract_images_from_pdf_to_files",
    "time_start_1": 1770566992.570836,
    "time_end_1": 1770566992.572171,
    "time_total_1": 0.0013349056243896484,
    "time_start_2": 4149986.706463208,
    "time_end_2": 4149986.707798416,
    "time_total_2": 0.0013352078385651112,
    "time_start_3": 4149986706463250,
    "time_end_3": 4149986707798458,
    "time_total_3": 0.001335208
}