{
    "function_method_name": "extract_images_from_pdf_to_files",
    "time_start_1": 1770515330.881546,
    "time_end_1": 1770515330.882882,
    "time_total_1": 0.0013360977172851562,
    "time_start_2": 4098324.991546291,
    "time_end_2": 4098324.992883166,
    "time_total_2": 0.0013368749059736729,
    "time_start_3": 4098324991546333,
    "time_end_3": 4098324992883208,
    "time_total_3": 0.001336875
}