{
    "function_method_name": "extract_images_from_pdf_to_files",
    "time_start_1": 1770511890.28065,
    "time_end_1": 1770511890.282018,
    "time_total_1": 0.0013680458068847656,
    "time_start_2": 4094884.399382208,
    "time_end_2": 4094884.40074975,
    "time_total_2": 0.0013675419613718987,
    "time_start_3": 4094884399382250,
    "time_end_3": 4094884400749833,
    "time_total_3": 0.001367583
}