{
    "function_method_name": "extract_images_from_pdf_to_files",
    "time_start_1": 1770566774.0518909,
    "time_end_1": 1770566774.053211,
    "time_total_1": 0.0013201236724853516,
    "time_start_2": 4149768.188178083,
    "time_end_2": 4149768.189498875,
    "time_total_2": 0.0013207918964326382,
    "time_start_3": 4149768188178166,
    "time_end_3": 4149768189498958,
    "time_total_3": 0.001320792
}