{
    "function_method_name": "extract_images_from_pdf_to_files",
    "time_start_1": 1770567714.9378932,
    "time_end_1": 1770567714.939234,
    "time_total_1": 0.0013408660888671875,
    "time_start_2": 4150709.076013791,
    "time_end_2": 4150709.077354666,
    "time_total_2": 0.0013408749364316463,
    "time_start_3": 4150709076013833,
    "time_end_3": 4150709077354708,
    "time_total_3": 0.001340875
}