{
    "function_method_name": "extract_images_from_pdf_to_files",
    "time_start_1": 1770303137.625261,
    "time_end_1": 1770303137.6266692,
    "time_total_1": 0.0014081001281738281,
    "time_start_2": 3902570.067948041,
    "time_end_2": 3902570.069356625,
    "time_total_2": 0.0014085839502513409,
    "time_start_3": 3902570067948125,
    "time_end_3": 3902570069356666,
    "time_total_3": 0.001408541
}