{
    "function_method_name": "extract_images_from_pdf_to_files",
    "time_start_1": 1770571038.045446,
    "time_end_1": 1770571038.046784,
    "time_total_1": 0.0013380050659179688,
    "time_start_2": 4154032.175462625,
    "time_end_2": 4154032.176800916,
    "time_total_2": 0.0013382909819483757,
    "time_start_3": 4154032175462666,
    "time_end_3": 4154032176800958,
    "time_total_3": 0.001338292
}