{
    "function_method_name": "extract_images_from_pdf_to_files",
    "time_start_1": 1770571190.4149451,
    "time_end_1": 1770571190.416307,
    "time_total_1": 0.001361846923828125,
    "time_start_2": 4154184.544834708,
    "time_end_2": 4154184.546197166,
    "time_total_2": 0.00136245833709836,
    "time_start_3": 4154184544834750,
    "time_end_3": 4154184546197250,
    "time_total_3": 0.0013625
}