{
    "function_method_name": "extract_images_from_pdf_to_files",
    "time_start_1": 1770569246.598861,
    "time_end_1": 1770569246.6001852,
    "time_total_1": 0.0013241767883300781,
    "time_start_2": 4152240.733120791,
    "time_end_2": 4152240.734445166,
    "time_total_2": 0.001324374694377184,
    "time_start_3": 4152240733120791,
    "time_end_3": 4152240734445208,
    "time_total_3": 0.001324417
}