{
    "function_method_name": "extract_images_from_pdf_to_files",
    "time_start_1": 1770567780.528553,
    "time_end_1": 1770567780.5298922,
    "time_total_1": 0.0013391971588134766,
    "time_start_2": 4150774.666529666,
    "time_end_2": 4150774.667868416,
    "time_total_2": 0.0013387496583163738,
    "time_start_3": 4150774666529708,
    "time_end_3": 4150774667868458,
    "time_total_3": 0.00133875
}