{
    "function_method_name": "extract_images_from_pdf_to_files",
    "time_start_1": 1770571430.69338,
    "time_end_1": 1770571430.694701,
    "time_total_1": 0.0013208389282226562,
    "time_start_2": 4154424.822751625,
    "time_end_2": 4154424.82407275,
    "time_total_2": 0.0013211248442530632,
    "time_start_3": 4154424822751708,
    "time_end_3": 4154424824072791,
    "time_total_3": 0.001321083
}