{
    "function_method_name": "extract_images_from_pdf_to_files",
    "time_start_1": 1770303809.0573928,
    "time_end_1": 1770303809.058728,
    "time_total_1": 0.00133514404296875,
    "time_start_2": 3903241.500459083,
    "time_end_2": 3903241.501794666,
    "time_total_2": 0.0013355831615626812,
    "time_start_3": 3903241500459125,
    "time_end_3": 3903241501794750,
    "time_total_3": 0.001335625
}