{
    "function_method_name": "extract_images_from_pdf_to_files",
    "time_start_1": 1771005345.458912,
    "time_end_1": 1771005345.460267,
    "time_total_1": 0.0013551712036132812,
    "time_start_2": 31698.97105675,
    "time_end_2": 31698.972411083,
    "time_total_2": 0.001354332998744212,
    "time_start_3": 31698971056791,
    "time_end_3": 31698972411125,
    "time_total_3": 0.001354334
}