{
    "function_method_name": "extract_images_from_pdf_to_files",
    "time_start_1": 1771004511.368418,
    "time_end_1": 1771004511.3693702,
    "time_total_1": 0.0009522438049316406,
    "time_start_2": 30864.87957825,
    "time_end_2": 30864.880530875,
    "time_total_2": 0.0009526250032649841,
    "time_start_3": 30864879578291,
    "time_end_3": 30864880530916,
    "time_total_3": 0.000952625
}