{
    "function_method_name": "extract_images_from_pdf_to_files",
    "time_start_1": 1770567868.516303,
    "time_end_1": 1770567868.517637,
    "time_total_1": 0.0013339519500732422,
    "time_start_2": 4150862.654062958,
    "time_end_2": 4150862.655396541,
    "time_total_2": 0.0013335831463336945,
    "time_start_3": 4150862654063000,
    "time_end_3": 4150862655396583,
    "time_total_3": 0.001333583
}