{
    "function_method_name": "extract_images_from_pdf_to_files",
    "time_start_1": 1770512808.822796,
    "time_end_1": 1770512808.824142,
    "time_total_1": 0.0013458728790283203,
    "time_start_2": 4095802.939019458,
    "time_end_2": 4095802.940365083,
    "time_total_2": 0.0013456251472234726,
    "time_start_3": 4095802939019500,
    "time_end_3": 4095802940365125,
    "time_total_3": 0.001345625
}