{
    "function_method_name": "extract_images_from_pdf_to_files",
    "time_start_1": 1770513663.702715,
    "time_end_1": 1770513663.7040691,
    "time_total_1": 0.001354217529296875,
    "time_start_2": 4096657.817117541,
    "time_end_2": 4096657.818471416,
    "time_total_2": 0.0013538748025894165,
    "time_start_3": 4096657817117625,
    "time_end_3": 4096657818471458,
    "time_total_3": 0.001353833
}