{
    "function_method_name": "extract_images_from_pdf_to_files",
    "time_start_1": 1770512937.074958,
    "time_end_1": 1770512937.076292,
    "time_total_1": 0.0013339519500732422,
    "time_start_2": 4095931.190827916,
    "time_end_2": 4095931.192161583,
    "time_total_2": 0.0013336669653654099,
    "time_start_3": 4095931190827958,
    "time_end_3": 4095931192161625,
    "time_total_3": 0.001333667
}