{
    "function_method_name": "extract_images_from_pdf_to_files",
    "time_start_1": 1770303463.423317,
    "time_end_1": 1770303463.424664,
    "time_total_1": 0.0013470649719238281,
    "time_start_2": 3902895.866057375,
    "time_end_2": 3902895.8674045,
    "time_total_2": 0.0013471250422298908,
    "time_start_3": 3902895866057416,
    "time_end_3": 3902895867404541,
    "time_total_3": 0.001347125
}