{
    "function_method_name": "extract_images_from_pdf_to_files",
    "time_start_1": 1771005753.5228958,
    "time_end_1": 1771005753.523861,
    "time_total_1": 0.000965118408203125,
    "time_start_2": 32107.034297958,
    "time_end_2": 32107.035263708,
    "time_total_2": 0.000965750001341803,
    "time_start_3": 32107034298000,
    "time_end_3": 32107035263750,
    "time_total_3": 0.00096575
}