{
    "function_method_name": "extract_images_from_pdf_to_files",
    "time_start_1": 1770301733.004611,
    "time_end_1": 1770301733.005991,
    "time_total_1": 0.0013799667358398438,
    "time_start_2": 3901165.447063666,
    "time_end_2": 3901165.448444083,
    "time_total_2": 0.0013804170303046703,
    "time_start_3": 3901165447063750,
    "time_end_3": 3901165448444125,
    "time_total_3": 0.001380375
}