{
    "function_method_name": "extract_images_from_pdf_to_files",
    "time_start_1": 1770302056.747707,
    "time_end_1": 1770302056.7490401,
    "time_total_1": 0.0013332366943359375,
    "time_start_2": 3901489.190242166,
    "time_end_2": 3901489.191574583,
    "time_total_2": 0.0013324166648089886,
    "time_start_3": 3901489190242208,
    "time_end_3": 3901489191574625,
    "time_total_3": 0.001332417
}