{
    "function_method_name": "extract_images_from_pdf_to_files",
    "time_start_1": 1770306555.416945,
    "time_end_1": 1770306555.418318,
    "time_total_1": 0.0013730525970458984,
    "time_start_2": 3905987.860455333,
    "time_end_2": 3905987.8618285,
    "time_total_2": 0.0013731671497225761,
    "time_start_3": 3905987860455375,
    "time_end_3": 3905987861828583,
    "time_total_3": 0.001373208
}