{
    "function_method_name": "extract_images_from_pdf_to_files",
    "time_start_1": 1770515394.8719208,
    "time_end_1": 1770515394.8732748,
    "time_total_1": 0.0013539791107177734,
    "time_start_2": 4098388.981754083,
    "time_end_2": 4098388.983108041,
    "time_total_2": 0.0013539576902985573,
    "time_start_3": 4098388981754166,
    "time_end_3": 4098388983108083,
    "time_total_3": 0.001353917
}