{
    "function_method_name": "extract_images_from_pdf_to_files",
    "time_start_1": 1770513962.6149518,
    "time_end_1": 1770513962.616312,
    "time_total_1": 0.001360177993774414,
    "time_start_2": 4096956.728565166,
    "time_end_2": 4096956.729925458,
    "time_total_2": 0.0013602920807898045,
    "time_start_3": 4096956728565208,
    "time_end_3": 4096956729925541,
    "time_total_3": 0.001360333
}