{
    "function_method_name": "extract_images_from_pdf_to_files",
    "time_start_1": 1770567539.531264,
    "time_end_1": 1770567539.5325959,
    "time_total_1": 0.0013318061828613281,
    "time_start_2": 4150533.669770916,
    "time_end_2": 4150533.671102708,
    "time_total_2": 0.001331792213022709,
    "time_start_3": 4150533669770958,
    "time_end_3": 4150533671102750,
    "time_total_3": 0.001331792
}