{
    "function_method_name": "extract_images_from_pdf_to_files",
    "time_start_1": 1770512060.936939,
    "time_end_1": 1770512060.938277,
    "time_total_1": 0.0013380050659179688,
    "time_start_2": 4095055.055201333,
    "time_end_2": 4095055.056539291,
    "time_total_2": 0.0013379580341279507,
    "time_start_3": 4095055055201375,
    "time_end_3": 4095055056539375,
    "time_total_3": 0.001338
}