{
    "function_method_name": "extract_images_from_pdf_to_files",
    "time_start_1": 1770567824.40084,
    "time_end_1": 1770567824.40222,
    "time_total_1": 0.0013799667358398438,
    "time_start_2": 4150818.538719916,
    "time_end_2": 4150818.54010025,
    "time_total_2": 0.0013803341425955296,
    "time_start_3": 4150818538720000,
    "time_end_3": 4150818540100333,
    "time_total_3": 0.001380333
}