{
    "function_method_name": "extract_images_from_pdf_to_files",
    "time_start_1": 1770303917.178905,
    "time_end_1": 1770303917.1802711,
    "time_total_1": 0.0013661384582519531,
    "time_start_2": 3903349.622069666,
    "time_end_2": 3903349.623435375,
    "time_total_2": 0.001365708652883768,
    "time_start_3": 3903349622069708,
    "time_end_3": 3903349623435416,
    "time_total_3": 0.001365708
}