{
    "function_method_name": "extract_images_from_pdf_to_files",
    "time_start_1": 1769405307.336294,
    "time_end_1": 1769405307.343988,
    "time_total_1": 0.0076940059661865234,
    "time_start_2": 3009536.230137291,
    "time_end_2": 3009536.237831708,
    "time_total_2": 0.007694417145103216,
    "time_start_3": 3009536230137375,
    "time_end_3": 3009536237831833,
    "time_total_3": 0.007694458
}