{
    "function_method_name": "extract_images_from_pdf_to_files",
    "time_start_1": 1770567736.814104,
    "time_end_1": 1770567736.8154619,
    "time_total_1": 0.0013577938079833984,
    "time_start_2": 4150730.952176666,
    "time_end_2": 4150730.953535083,
    "time_total_2": 0.0013584173284471035,
    "time_start_3": 4150730952176708,
    "time_end_3": 4150730953535125,
    "time_total_3": 0.001358417
}