{
    "function_method_name": "extract_images_from_pdf_to_files",
    "time_start_1": 1770515929.345828,
    "time_end_1": 1770515929.347153,
    "time_total_1": 0.0013248920440673828,
    "time_start_2": 4098923.458377083,
    "time_end_2": 4098923.459702375,
    "time_total_2": 0.0013252920471131802,
    "time_start_3": 4098923458377125,
    "time_end_3": 4098923459702458,
    "time_total_3": 0.001325333
}