{
    "function_method_name": "extract_images_from_pdf_to_files",
    "time_start_1": 1770571146.798836,
    "time_end_1": 1770571146.80019,
    "time_total_1": 0.0013539791107177734,
    "time_start_2": 4154140.928825,
    "time_end_2": 4154140.930178666,
    "time_total_2": 0.0013536661863327026,
    "time_start_3": 4154140928825041,
    "time_end_3": 4154140930178708,
    "time_total_3": 0.001353667
}