{
    "function_method_name": "extract_images_from_pdf_to_files",
    "time_start_1": 1770304715.026221,
    "time_end_1": 1770304715.027563,
    "time_total_1": 0.0013420581817626953,
    "time_start_2": 3904147.469577666,
    "time_end_2": 3904147.470919375,
    "time_total_2": 0.0013417089357972145,
    "time_start_3": 3904147469577708,
    "time_end_3": 3904147470919416,
    "time_total_3": 0.001341708
}