{
    "function_method_name": "extract_images_from_pdf_to_files",
    "time_start_1": 1770571277.8517509,
    "time_end_1": 1770571277.853101,
    "time_total_1": 0.0013501644134521484,
    "time_start_2": 4154271.981452625,
    "time_end_2": 4154271.982802375,
    "time_total_2": 0.0013497504405677319,
    "time_start_3": 4154271981452666,
    "time_end_3": 4154271982802416,
    "time_total_3": 0.00134975
}