{
    "function_method_name": "extract_images_from_pdf_to_files",
    "time_start_1": 1770305951.453859,
    "time_end_1": 1770305951.4552162,
    "time_total_1": 0.0013570785522460938,
    "time_start_2": 3905383.897511166,
    "time_end_2": 3905383.898867916,
    "time_total_2": 0.0013567497953772545,
    "time_start_3": 3905383897511208,
    "time_end_3": 3905383898867958,
    "time_total_3": 0.00135675
}