{
    "function_method_name": "extract_images_from_pdf_to_files",
    "time_start_1": 1770567912.1339798,
    "time_end_1": 1770567912.135318,
    "time_total_1": 0.0013382434844970703,
    "time_start_2": 4150906.271639625,
    "time_end_2": 4150906.272976791,
    "time_total_2": 0.0013371659442782402,
    "time_start_3": 4150906271639666,
    "time_end_3": 4150906272976875,
    "time_total_3": 0.001337209
}