{
    "function_method_name": "extract_images_from_pdf_to_files",
    "time_start_1": 1770570469.666551,
    "time_end_1": 1770570469.6678941,
    "time_total_1": 0.0013430118560791016,
    "time_start_2": 4153463.795989375,
    "time_end_2": 4153463.797332125,
    "time_total_2": 0.0013427496887743473,
    "time_start_3": 4153463795989458,
    "time_end_3": 4153463797332166,
    "time_total_3": 0.001342708
}