{
    "function_method_name": "extract_images_from_pdf_to_files",
    "time_start_1": 1770302446.04031,
    "time_end_1": 1770302446.041724,
    "time_total_1": 0.0014140605926513672,
    "time_start_2": 3901878.4828925,
    "time_end_2": 3901878.484306666,
    "time_total_2": 0.001414166297763586,
    "time_start_3": 3901878482892583,
    "time_end_3": 3901878484306708,
    "time_total_3": 0.001414125
}