{
    "function_method_name": "extract_images_from_pdf_to_files",
    "time_start_1": 1770511932.875815,
    "time_end_1": 1770511932.877198,
    "time_total_1": 0.001383066177368164,
    "time_start_2": 4094926.99443,
    "time_end_2": 4094926.99581275,
    "time_total_2": 0.001382749993354082,
    "time_start_3": 4094926994430083,
    "time_end_3": 4094926995812875,
    "time_total_3": 0.001382792
}