{
    "function_method_name": "extract_images_from_pdf_to_files",
    "time_start_1": 1770303938.659688,
    "time_end_1": 1770303938.661025,
    "time_total_1": 0.0013370513916015625,
    "time_start_2": 3903371.102857291,
    "time_end_2": 3903371.1041945,
    "time_total_2": 0.0013372087851166725,
    "time_start_3": 3903371102857333,
    "time_end_3": 3903371104194541,
    "time_total_3": 0.001337208
}