{
    "function_method_name": "extract_text_to_file_from_any_document",
    "time_start_1": 1772789390.2078981,
    "time_end_1": 1772789390.526238,
    "time_total_1": 0.31833982467651367,
    "time_start_2": 963360.165026791,
    "time_end_2": 963360.483367125,
    "time_total_2": 0.31834033399354666,
    "time_start_3": 963360165026916,
    "time_end_3": 963360483367500,
    "time_total_3": 0.318340584
}