{
    "function_method_name": "api_parse_analyze_markdown_mistune",
    "time_start_1": 1772641554.313605,
    "time_end_1": 1772641554.481196,
    "time_total_1": 0.16759085655212402,
    "time_start_2": 829284.760437666,
    "time_end_2": 829284.928035083,
    "time_total_2": 0.16759741702117026,
    "time_start_3": 829284760437791,
    "time_end_3": 829284928035333,
    "time_total_3": 0.167597542
}