{
    "function_method_name": "extract_text_to_file_from_any_document",
    "time_start_1": 1771403587.343526,
    "time_end_1": 1771403594.146545,
    "time_total_1": 6.803019046783447,
    "time_start_2": 410576.163681333,
    "time_end_2": 410582.966679083,
    "time_total_2": 6.802997749997303,
    "time_start_3": 410576163681416,
    "time_end_3": 410582966679333,
    "time_total_3": 6.802997917
}