{
    "function_method_name": "extract_text_to_file_from_epub_documentw",
    "time_start_1": 1772245057.783621,
    "time_end_1": 1772245057.7934248,
    "time_total_1": 0.00980377197265625,
    "time_start_2": 432788.323411916,
    "time_end_2": 432788.333216333,
    "time_total_2": 0.009804417029954493,
    "time_start_3": 432788323412000,
    "time_end_3": 432788333216375,
    "time_total_3": 0.009804375
}