{
  "function_method_name": "extract_text_to_file_from_any_document",
  "num_pages": 976,
  "time_start_1": 1772967196.622682,
  "time_end_1": 1772967198.373358,
  "time_total_1": 1.750675916671753,
  "pages_per_second_1": 557.4989583768846,
  "time_start_2": 1126849.23423975,
  "time_end_2": 1126850.984915791,
  "time_total_2": 1.7506760410033166,
  "pages_per_second_2": 557.49891878377,
  "time_start_3": 1126849234239833,
  "time_end_3": 1126850984915833,
  "time_total_3": 1.750676,
  "pages_per_second_3": 557.4989318411859
}