{
    "function_method_name": "extract_text_to_file_from_any_document",
    "time_start_1": 1772789298.4467351,
    "time_end_1": 1772789298.899325,
    "time_total_1": 0.452589750289917,
    "time_start_2": 963268.403826333,
    "time_end_2": 963268.856417416,
    "time_total_2": 0.45259108301252127,
    "time_start_3": 963268403826541,
    "time_end_3": 963268856417833,
    "time_total_3": 0.452591292
}