{
    "function_method_name": "extract_tables_to_files_from_pdf_document",
    "time_start_1": 1765473716.846057,
    "time_end_1": 1765473769.0074549,
    "time_total_1": 52.16139793395996,
    "time_start_2": 2382739.614285333,
    "time_end_2": 2382791.775628083,
    "time_total_2": 52.161342749837786,
    "time_start_3": 2382739614285416,
    "time_end_3": 2382791775628625,
    "time_total_3": 52.161343209
}