{
    "function_method_name": "extract_tables_to_files_from_pdf_document",
    "time_start_1": 1765561400.432411,
    "time_end_1": 1765561413.9852622,
    "time_total_1": 13.55285120010376,
    "time_start_2": 2446922.963712541,
    "time_end_2": 2446936.516509833,
    "time_total_2": 13.552797291893512,
    "time_start_3": 2446922963712583,
    "time_end_3": 2446936516509958,
    "time_total_3": 13.552797375
}