{
    "function_method_name": "extract_text_to_file_from_any_document",
    "time_start_1": 1771865888.1497412,
    "time_end_1": 1771865888.181049,
    "time_total_1": 0.03130793571472168,
    "time_start_2": 74790.579143708,
    "time_end_2": 74790.610452875,
    "time_total_2": 0.0313091669959249,
    "time_start_3": 74790579143791,
    "time_end_3": 74790610453000,
    "time_total_3": 0.031309209
}