{
    "function_method_name": "extract_text_to_file_from_any_document",
    "time_start_1": 1769720945.6158001,
    "time_end_1": 1769720945.977321,
    "time_total_1": 0.36152076721191406,
    "time_start_2": 3320377.486765791,
    "time_end_2": 3320377.848287291,
    "time_total_2": 0.361521499697119,
    "time_start_3": 3320377486765916,
    "time_end_3": 3320377848287750,
    "time_total_3": 0.361521834
}