{
  "function_method_name": "extract_text_to_file_from_any_document",
  "num_pages": 0,
  "time_start_1": 1773045185.462632,
  "time_end_1": 1773045185.688568,
  "time_total_1": 0.2259361743927002,
  "pages_per_second_1": 0.0,
  "time_start_2": 1204837.875850666,
  "time_end_2": 1204838.101790625,
  "time_total_2": 0.22593995882198215,
  "pages_per_second_2": 0.0,
  "time_start_3": 1204837875850708,
  "time_end_3": 1204838101790958,
  "time_total_3": 0.22594025,
  "pages_per_second_3": 0.0
}