{
    "function_method_name": "extract_text_to_file_from_any_document",
    "time_start_1": 1765467278.979126,
    "time_end_1": 1765467279.04043,
    "time_total_1": 0.06130409240722656,
    "time_start_2": 2376301.758856083,
    "time_end_2": 2376301.820160875,
    "time_total_2": 0.061304792296141386,
    "time_start_3": 2376301758856125,
    "time_end_3": 2376301820160958,
    "time_total_3": 0.061304833
}