{
    "function_method_name": "extract_text_to_file_from_any_document",
    "time_start_1": 1763906612.701737,
    "time_end_1": 1763906613.1542468,
    "time_total_1": 0.45250988006591797,
    "time_start_2": 842094.23720575,
    "time_end_2": 842094.689717,
    "time_total_2": 0.45251125004142523,
    "time_start_3": 842094237205833,
    "time_end_3": 842094689717125,
    "time_total_3": 0.452511292
}