{
    "function_method_name": "extract_text_to_file_from_any_document",
    "time_start_1": 1770499066.5952792,
    "time_end_1": 1770499066.7257652,
    "time_total_1": 0.13048601150512695,
    "time_start_2": 4082060.744610458,
    "time_end_2": 4082060.875097583,
    "time_total_2": 0.1304871249012649,
    "time_start_3": 4082060744610500,
    "time_end_3": 4082060875097666,
    "time_total_3": 0.130487166
}