{
    "function_method_name": "extract_text_to_file_from_any_document",
    "time_start_1": 1770550462.762076,
    "time_end_1": 1770550462.892607,
    "time_total_1": 0.13053107261657715,
    "time_start_2": 4133456.955102625,
    "time_end_2": 4133457.085634125,
    "time_total_2": 0.1305315000936389,
    "time_start_3": 4133456955102708,
    "time_end_3": 4133457085634166,
    "time_total_3": 0.130531458
}