{
    "function_method_name": "api_parse_analyze_markdown_mistletoe",
    "time_start_1": 1772634568.461003,
    "time_end_1": 1772634568.566751,
    "time_total_1": 0.10574793815612793,
    "time_start_2": 822298.884550625,
    "time_end_2": 822298.990298916,
    "time_total_2": 0.10574829101096839,
    "time_start_3": 822298884550666,
    "time_end_3": 822298990299083,
    "time_total_3": 0.105748417
}