{
    "function_method_name": "extract_text_to_file_from_any_document",
    "time_start_1": 1763176547.015115,
    "time_end_1": 1763176547.984274,
    "time_total_1": 0.9691588878631592,
    "time_start_2": 142757.397754458,
    "time_end_2": 142758.366912291,
    "time_total_2": 0.9691578329948243,
    "time_start_3": 142757397754541,
    "time_end_3": 142758366912458,
    "time_total_3": 0.969157917
}