{
    "function_method_name": "extract_text_to_file_from_any_document",
    "time_start_1": 1763898013.892158,
    "time_end_1": 1763898016.817676,
    "time_total_1": 2.925518035888672,
    "time_start_2": 833495.411403708,
    "time_end_2": 833498.336919541,
    "time_total_2": 2.925515832961537,
    "time_start_3": 833495411403791,
    "time_end_3": 833498336919833,
    "time_total_3": 2.925516042
}