{
    "function_method_name": "extract_text_to_file_from_any_document",
    "time_start_1": 1763904429.8630028,
    "time_end_1": 1763904430.8393102,
    "time_total_1": 0.9763073921203613,
    "time_start_2": 839911.386212625,
    "time_end_2": 839912.362521166,
    "time_total_2": 0.9763085410231724,
    "time_start_3": 839911386212708,
    "time_end_3": 839912362521333,
    "time_total_3": 0.976308625
}