{
    "function_method_name": "extract_text_to_file_from_any_document",
    "time_start_1": 1763072616.3110242,
    "time_end_1": 1763072617.28861,
    "time_total_1": 0.9775857925415039,
    "time_start_2": 38826.816272208,
    "time_end_2": 38827.79385,
    "time_total_2": 0.9775777920003748,
    "time_start_3": 38826816272291,
    "time_end_3": 38827793850125,
    "time_total_3": 0.977577834
}