{
    "function_method_name": "extract_images_from_pdf_to_files",
    "time_start_1": 1771004341.066635,
    "time_end_1": 1771004341.0670981,
    "time_total_1": 0.00046324729919433594,
    "time_start_2": 30694.578185833,
    "time_end_2": 30694.578648083,
    "time_total_2": 0.00046224999823607504,
    "time_start_3": 30694578185875,
    "time_end_3": 30694578648125,
    "time_total_3": 0.00046225
}