{
    "function_method_name": "extract_images_from_pdf_to_files",
    "time_start_1": 1770515886.523306,
    "time_end_1": 1770515886.5240378,
    "time_total_1": 0.0007319450378417969,
    "time_start_2": 4098880.635549125,
    "time_end_2": 4098880.636281333,
    "time_total_2": 0.0007322081364691257,
    "time_start_3": 4098880635549208,
    "time_end_3": 4098880636281375,
    "time_total_3": 0.000732167
}