{
    "function_method_name": "extract_images_from_pdf_to_files",
    "time_start_1": 1770516185.525663,
    "time_end_1": 1770516185.52633,
    "time_total_1": 0.0006670951843261719,
    "time_start_2": 4099179.637788916,
    "time_end_2": 4099179.638456541,
    "time_total_2": 0.0006676251068711281,
    "time_start_3": 4099179637788958,
    "time_end_3": 4099179638456583,
    "time_total_3": 0.000667625
}