{
    "function_method_name": "extract_images_from_pdf_to_files",
    "time_start_1": 1770303291.139559,
    "time_end_1": 1770303291.140332,
    "time_total_1": 0.0007729530334472656,
    "time_start_2": 3902723.582271375,
    "time_end_2": 3902723.583044791,
    "time_total_2": 0.0007734159007668495,
    "time_start_3": 3902723582271458,
    "time_end_3": 3902723583044875,
    "time_total_3": 0.000773417
}