{
    "function_method_name": "extract_images_from_pdf_to_files",
    "time_start_1": 1770513428.578111,
    "time_end_1": 1770513428.5788338,
    "time_total_1": 0.0007228851318359375,
    "time_start_2": 4096422.693139833,
    "time_end_2": 4096422.693863125,
    "time_total_2": 0.0007232921198010445,
    "time_start_3": 4096422693139916,
    "time_end_3": 4096422693863208,
    "time_total_3": 0.000723292
}