{
    "function_method_name": "extract_images_from_pdf_to_files",
    "time_start_1": 1770303614.615447,
    "time_end_1": 1770303614.616141,
    "time_total_1": 0.0006940364837646484,
    "time_start_2": 3903047.058212208,
    "time_end_2": 3903047.058905875,
    "time_total_2": 0.0006936667487025261,
    "time_start_3": 3903047058212250,
    "time_end_3": 3903047058905958,
    "time_total_3": 0.000693708
}