{
    "function_method_name": "extract_images_from_pdf_to_files",
    "time_start_1": 1770515287.846996,
    "time_end_1": 1770515287.847685,
    "time_total_1": 0.0006890296936035156,
    "time_start_2": 4098281.95711025,
    "time_end_2": 4098281.957798708,
    "time_total_2": 0.000688458327203989,
    "time_start_3": 4098281957110291,
    "time_end_3": 4098281957798750,
    "time_total_3": 0.000688459
}