{
    "function_method_name": "extract_images_from_pdf_to_files",
    "time_start_1": 1770302229.46822,
    "time_end_1": 1770302229.4689019,
    "time_total_1": 0.0006818771362304688,
    "time_start_2": 3901661.910783291,
    "time_end_2": 3901661.911465458,
    "time_total_2": 0.0006821672432124615,
    "time_start_3": 3901661910783375,
    "time_end_3": 3901661911465500,
    "time_total_3": 0.000682125
}