{
    "function_method_name": "extract_images_from_pdf_to_files",
    "time_start_1": 1770513855.765625,
    "time_end_1": 1770513855.7663271,
    "time_total_1": 0.0007021427154541016,
    "time_start_2": 4096849.879520416,
    "time_end_2": 4096849.880222,
    "time_total_2": 0.0007015843875706196,
    "time_start_3": 4096849879520458,
    "time_end_3": 4096849880222083,
    "time_total_3": 0.000701625
}