{
    "function_method_name": "extract_images_from_pdf_to_files",
    "time_start_1": 1770512338.6414368,
    "time_end_1": 1770512338.64212,
    "time_total_1": 0.0006830692291259766,
    "time_start_2": 4095332.758954208,
    "time_end_2": 4095332.75963725,
    "time_total_2": 0.0006830422207713127,
    "time_start_3": 4095332758954250,
    "time_end_3": 4095332759637333,
    "time_total_3": 0.000683083
}