{
    "function_method_name": "extract_images_from_pdf_to_files",
    "time_start_1": 1770515608.396907,
    "time_end_1": 1770515608.397613,
    "time_total_1": 0.0007059574127197266,
    "time_start_2": 4098602.5061765,
    "time_end_2": 4098602.506882291,
    "time_total_2": 0.0007057907059788704,
    "time_start_3": 4098602506176583,
    "time_end_3": 4098602506882333,
    "time_total_3": 0.00070575
}