{
    "function_method_name": "extract_images_from_pdf_to_files",
    "time_start_1": 1770302920.704458,
    "time_end_1": 1770302920.705135,
    "time_total_1": 0.0006771087646484375,
    "time_start_2": 3902353.1471175,
    "time_end_2": 3902353.147795,
    "time_total_2": 0.000677499920129776,
    "time_start_3": 3902353147117541,
    "time_end_3": 3902353147795083,
    "time_total_3": 0.000677542
}