{
    "function_method_name": "extract_images_from_pdf_to_files",
    "time_start_1": 1770305649.623169,
    "time_end_1": 1770305649.623853,
    "time_total_1": 0.0006840229034423828,
    "time_start_2": 3905082.066757541,
    "time_end_2": 3905082.067441708,
    "time_total_2": 0.0006841667927801609,
    "time_start_3": 3905082066757583,
    "time_end_3": 3905082067441750,
    "time_total_3": 0.000684167
}