{
    "function_method_name": "extract_images_from_pdf_to_files",
    "time_start_1": 1770516142.950634,
    "time_end_1": 1770516142.951324,
    "time_total_1": 0.0006899833679199219,
    "time_start_2": 4099137.0628355,
    "time_end_2": 4099137.063525166,
    "time_total_2": 0.000689665786921978,
    "time_start_3": 4099137062835541,
    "time_end_3": 4099137063525208,
    "time_total_3": 0.000689667
}