{
    "function_method_name": "extract_images_from_pdf_to_files",
    "time_start_1": 1770568764.370352,
    "time_end_1": 1770568764.371048,
    "time_total_1": 0.0006959438323974609,
    "time_start_2": 4151758.505701916,
    "time_end_2": 4151758.506398291,
    "time_total_2": 0.0006963750347495079,
    "time_start_3": 4151758505701916,
    "time_end_3": 4151758506398333,
    "time_total_3": 0.000696417
}