{
    "function_method_name": "extract_images_from_pdf_to_files",
    "time_start_1": 1771004279.3592331,
    "time_end_1": 1771004279.3597598,
    "time_total_1": 0.0005266666412353516,
    "time_start_2": 30632.870924833,
    "time_end_2": 30632.8714515,
    "time_total_2": 0.0005266669977572747,
    "time_start_3": 30632870924916,
    "time_end_3": 30632871451583,
    "time_total_3": 0.000526667
}