{
    "function_method_name": "extract_images_from_pdf_to_files",
    "time_start_1": 1770301926.967923,
    "time_end_1": 1770301926.9685938,
    "time_total_1": 0.0006709098815917969,
    "time_start_2": 3901359.410436541,
    "time_end_2": 3901359.411107208,
    "time_total_2": 0.0006706672720611095,
    "time_start_3": 3901359410436541,
    "time_end_3": 3901359411107250,
    "time_total_3": 0.000670709
}