{
    "function_method_name": "extract_images_from_pdf_to_files",
    "time_start_1": 1770515159.678912,
    "time_end_1": 1770515159.679601,
    "time_total_1": 0.0006890296936035156,
    "time_start_2": 4098153.789364166,
    "time_end_2": 4098153.790053375,
    "time_total_2": 0.0006892089731991291,
    "time_start_3": 4098153789364208,
    "time_end_3": 4098153790053416,
    "time_total_3": 0.000689208
}