{
    "function_method_name": "extract_images_from_pdf_to_files",
    "time_start_1": 1771004310.130406,
    "time_end_1": 1771004310.1309881,
    "time_total_1": 0.0005822181701660156,
    "time_start_2": 30663.642027708,
    "time_end_2": 30663.642609375,
    "time_total_2": 0.000581667001824826,
    "time_start_3": 30663642027750,
    "time_end_3": 30663642609458,
    "time_total_3": 0.000581708
}