{
    "function_method_name": "extract_images_from_pdf_to_files",
    "time_start_1": 1770305390.378339,
    "time_end_1": 1770305390.3790069,
    "time_total_1": 0.0006678104400634766,
    "time_start_2": 3904822.821864666,
    "time_end_2": 3904822.822532791,
    "time_total_2": 0.0006681252270936966,
    "time_start_3": 3904822821864750,
    "time_end_3": 3904822822532833,
    "time_total_3": 0.000668083
}