{
    "function_method_name": "extract_images_from_pdf_to_files",
    "time_start_1": 1771005659.749671,
    "time_end_1": 1771005659.750155,
    "time_total_1": 0.0004839897155761719,
    "time_start_2": 32013.261240166,
    "time_end_2": 32013.26172375,
    "time_total_2": 0.0004835840009036474,
    "time_start_3": 32013261240208,
    "time_end_3": 32013261723833,
    "time_total_3": 0.000483625
}