{
    "function_method_name": "extract_images_from_pdf_to_files",
    "time_start_1": 1771004264.018645,
    "time_end_1": 1771004264.0191302,
    "time_total_1": 0.0004851818084716797,
    "time_start_2": 30617.53037175,
    "time_end_2": 30617.530856375,
    "time_total_2": 0.00048462500126333907,
    "time_start_3": 30617530371791,
    "time_end_3": 30617530856416,
    "time_total_3": 0.000484625
}