{
    "function_method_name": "extract_images_from_pdf_to_files",
    "time_start_1": 1770515095.384827,
    "time_end_1": 1770515095.385539,
    "time_total_1": 0.0007121562957763672,
    "time_start_2": 4098089.495449541,
    "time_end_2": 4098089.49616125,
    "time_total_2": 0.0007117087952792645,
    "time_start_3": 4098089495449625,
    "time_end_3": 4098089496161333,
    "time_total_3": 0.000711708
}