{
    "function_method_name": "extract_images_from_pdf_to_files",
    "time_start_1": 1770568720.633461,
    "time_end_1": 1770568720.6341581,
    "time_total_1": 0.0006971359252929688,
    "time_start_2": 4151714.768911041,
    "time_end_2": 4151714.769608,
    "time_total_2": 0.0006969589740037918,
    "time_start_3": 4151714768911125,
    "time_end_3": 4151714769608041,
    "time_total_3": 0.000696916
}