{
    "function_method_name": "extract_images_from_pdf_to_files",
    "time_start_1": 1770570578.670295,
    "time_end_1": 1770570578.670975,
    "time_total_1": 0.0006799697875976562,
    "time_start_2": 4153572.799447333,
    "time_end_2": 4153572.800127208,
    "time_total_2": 0.0006798747926950455,
    "time_start_3": 4153572799447375,
    "time_end_3": 4153572800127250,
    "time_total_3": 0.000679875
}