{
    "function_method_name": "extract_images_from_pdf_to_files",
    "time_start_1": 1770306102.0495539,
    "time_end_1": 1770306102.050238,
    "time_total_1": 0.0006840229034423828,
    "time_start_2": 3905534.493241875,
    "time_end_2": 3905534.493926166,
    "time_total_2": 0.0006842911243438721,
    "time_start_3": 3905534493241916,
    "time_end_3": 3905534493926208,
    "time_total_3": 0.000684292
}