{
    "function_method_name": "extract_images_from_pdf_to_files",
    "time_start_1": 1770511996.731646,
    "time_end_1": 1770511996.732336,
    "time_total_1": 0.0006899833679199219,
    "time_start_2": 4094990.850084833,
    "time_end_2": 4094990.8507745,
    "time_total_2": 0.0006896671839058399,
    "time_start_3": 4094990850084875,
    "time_end_3": 4094990850774541,
    "time_total_3": 0.000689666
}