{
    "function_method_name": "extract_images_from_pdf_to_files",
    "time_start_1": 1771005432.923296,
    "time_end_1": 1771005432.924001,
    "time_total_1": 0.0007050037384033203,
    "time_start_2": 31786.435285125,
    "time_end_2": 31786.435989833,
    "time_total_2": 0.0007047079998301342,
    "time_start_3": 31786435285166,
    "time_end_3": 31786435989916,
    "time_total_3": 0.00070475
}