{
    "function_method_name": "extract_images_from_pdf_to_files",
    "time_start_1": 1770571212.410955,
    "time_end_1": 1770571212.411646,
    "time_total_1": 0.0006909370422363281,
    "time_start_2": 4154206.540796666,
    "time_end_2": 4154206.5414885,
    "time_total_2": 0.0006918339058756828,
    "time_start_3": 4154206540796708,
    "time_end_3": 4154206541488541,
    "time_total_3": 0.000691833
}