{
    "function_method_name": "extract_images_from_pdf_to_files",
    "time_start_1": 1770303679.495122,
    "time_end_1": 1770303679.495807,
    "time_total_1": 0.0006849765777587891,
    "time_start_2": 3903111.937897541,
    "time_end_2": 3903111.938582583,
    "time_total_2": 0.0006850417703390121,
    "time_start_3": 3903111937897583,
    "time_end_3": 3903111938582625,
    "time_total_3": 0.000685042
}