{
    "function_method_name": "extract_images_from_pdf_to_files",
    "time_start_1": 1770567123.1213472,
    "time_end_1": 1770567123.122025,
    "time_total_1": 0.0006778240203857422,
    "time_start_2": 4150117.260646166,
    "time_end_2": 4150117.261323666,
    "time_total_2": 0.0006775003857910633,
    "time_start_3": 4150117260646208,
    "time_end_3": 4150117261323708,
    "time_total_3": 0.0006775
}