{
    "function_method_name": "extract_tables_to_files_from_pdf_document",
    "time_start_1": 1765471908.440327,
    "time_end_1": 1765471920.12191,
    "time_total_1": 11.681583166122437,
    "time_start_2": 2380931.200128875,
    "time_end_2": 2380942.881661708,
    "time_total_2": 11.681532832793891,
    "time_start_3": 2380931200129083,
    "time_end_3": 2380942881661958,
    "time_total_3": 11.681532875
}