{
    "function_method_name": "extract_tables_to_files_from_pdf_document",
    "time_start_1": 1765507767.5198889,
    "time_end_1": 1765507770.119253,
    "time_total_1": 2.5993640422821045,
    "time_start_2": 2416790.173293583,
    "time_end_2": 2416792.772664958,
    "time_total_2": 2.5993713750503957,
    "time_start_3": 2416790173293625,
    "time_end_3": 2416792772665125,
    "time_total_3": 2.5993715
}