{
    "function_method_name": "extract_tables_to_files_from_pdf_document",
    "time_start_1": 1765518187.7391932,
    "time_end_1": 1765518190.353861,
    "time_total_1": 2.6146678924560547,
    "time_start_2": 2427210.329137166,
    "time_end_2": 2427212.943780208,
    "time_total_2": 2.6146430419757962,
    "time_start_3": 2427210329137250,
    "time_end_3": 2427212943780416,
    "time_total_3": 2.614643166
}