{
    "function_method_name": "extract_tables_to_files_from_pdf_document",
    "time_start_1": 1765511247.503031,
    "time_end_1": 1765511250.112167,
    "time_total_1": 2.609135866165161,
    "time_start_2": 2420270.188423416,
    "time_end_2": 2420272.797575291,
    "time_total_2": 2.609151874668896,
    "time_start_3": 2420270188423458,
    "time_end_3": 2420272797575458,
    "time_total_3": 2.609152
}