{
    "function_method_name": "extract_tables_to_files_from_pdf_document",
    "time_start_1": 1765525135.849608,
    "time_end_1": 1765525138.4938061,
    "time_total_1": 2.644198179244995,
    "time_start_2": 2434158.439528625,
    "time_end_2": 2434161.083710458,
    "time_total_2": 2.6441818331368268,
    "time_start_3": 2434158439528708,
    "time_end_3": 2434161083710666,
    "time_total_3": 2.644181958
}