{
    "function_method_name": "extract_tables_to_files_from_pdf_document",
    "time_start_1": 1765392370.276914,
    "time_end_1": 1765392377.0715652,
    "time_total_1": 6.79465126991272,
    "time_start_2": 2301392.986993,
    "time_end_2": 2301399.781650625,
    "time_total_2": 6.794657625257969,
    "time_start_3": 2301392986993125,
    "time_end_3": 2301399781650916,
    "time_total_3": 6.794657791
}