{
    "function_method_name": "extract_text_to_file_from_any_document",
    "time_start_1": 1771882668.547483,
    "time_end_1": 1771882668.5555809,
    "time_total_1": 0.00809788703918457,
    "time_start_2": 91570.967102541,
    "time_end_2": 91570.9752,
    "time_total_2": 0.008097458994598128,
    "time_start_3": 91570967102583,
    "time_end_3": 91570975200166,
    "time_total_3": 0.008097583
}