{
    "function_method_name": "extract_tables_to_files_from_pdf_document",
    "time_start_1": 1765380184.0359879,
    "time_end_1": 1765380194.7419698,
    "time_total_1": 10.705981969833374,
    "time_start_2": 2289206.769399791,
    "time_end_2": 2289217.475408583,
    "time_total_2": 10.706008791923523,
    "time_start_3": 2289206769399875,
    "time_end_3": 2289217475408791,
    "time_total_3": 10.706008916
}