{
    "function_method_name": "extract_tables_to_files_from_pdf_document",
    "time_start_1": 1765521357.5516071,
    "time_end_1": 1765521368.171423,
    "time_total_1": 10.619815826416016,
    "time_start_2": 2430380.161374583,
    "time_end_2": 2430390.781153916,
    "time_total_2": 10.61977933300659,
    "time_start_3": 2430380161374625,
    "time_end_3": 2430390781154166,
    "time_total_3": 10.619779541
}