{
    "function_method_name": "extract_text_to_file_from_any_document",
    "time_start_1": 1772789761.713269,
    "time_end_1": 1772789761.896492,
    "time_total_1": 0.18322300910949707,
    "time_start_2": 963731.670550833,
    "time_end_2": 963731.853775125,
    "time_total_2": 0.1832242920063436,
    "time_start_3": 963731670551291,
    "time_end_3": 963731853775541,
    "time_total_3": 0.18322425
}