{
    "function_method_name": "extract_text_to_file_from_any_document",
    "time_start_1": 1770498954.221041,
    "time_end_1": 1770498954.419123,
    "time_total_1": 0.19808197021484375,
    "time_start_2": 4081948.370403583,
    "time_end_2": 4081948.568486125,
    "time_total_2": 0.19808254204690456,
    "time_start_3": 4081948370403583,
    "time_end_3": 4081948568486208,
    "time_total_3": 0.198082625
}