{
    "function_method_name": "extract_text_to_file_from_any_document",
    "time_start_1": 1771940818.4650822,
    "time_end_1": 1771940818.532873,
    "time_total_1": 0.06779074668884277,
    "time_start_2": 149720.833437708,
    "time_end_2": 149720.901229625,
    "time_total_2": 0.06779191698296927,
    "time_start_3": 149720833437750,
    "time_end_3": 149720901230083,
    "time_total_3": 0.067792333
}