{
    "function_method_name": "extract_images_from_pdf_to_files",
    "time_start_1": 1769716861.181494,
    "time_end_1": 1769716861.1993759,
    "time_total_1": 0.01788187026977539,
    "time_start_2": 3316293.064187375,
    "time_end_2": 3316293.082069958,
    "time_total_2": 0.01788258319720626,
    "time_start_3": 3316293064187458,
    "time_end_3": 3316293082070166,
    "time_total_3": 0.017882708
}