{
  "function_method_name": "extract_text_to_file_from_pdf_document",
  "num_pages": 19,
  "time_start_1": 1773174368.6713312,
  "time_end_1": 1773174368.6728299,
  "time_total_1": 0.0014986991882324219,
  "pages_per_second_1": 12677.660833598473,
  "time_start_2": 1315359.650382041,
  "time_end_2": 1315359.651881,
  "time_total_2": 0.0014989590272307396,
  "pages_per_second_2": 12675.463208024878,
  "time_start_3": 1315359650382166,
  "time_end_3": 1315359651881250,
  "time_total_3": 0.001499084,
  "pages_per_second_3": 12674.406504238588
}