{
    "function_method_name": "extract_text_to_file_from_any_document",
    "time_start_1": 1772789349.250826,
    "time_end_1": 1772789349.255819,
    "time_total_1": 0.0049932003021240234,
    "time_start_2": 963319.207938875,
    "time_end_2": 963319.212931125,
    "time_total_2": 0.00499225000385195,
    "time_start_3": 963319207939208,
    "time_end_3": 963319212931291,
    "time_total_3": 0.004992083
}