{
    "function_method_name": "extract_tables_to_files_from_pdf_document",
    "time_start_1": 1765500685.940521,
    "time_end_1": 1765500694.1148422,
    "time_total_1": 8.174321174621582,
    "time_start_2": 2409708.564649083,
    "time_end_2": 2409716.738918083,
    "time_total_2": 8.174268999602646,
    "time_start_3": 2409708564649166,
    "time_end_3": 2409716738918166,
    "time_total_3": 8.174269
}