{
    "function_method_name": "extract_tables_to_files_from_pdf_document",
    "time_start_1": 1765523224.999051,
    "time_end_1": 1765523233.728332,
    "time_total_1": 8.729280948638916,
    "time_start_2": 2432247.618050833,
    "time_end_2": 2432256.347327166,
    "time_total_2": 8.729276332538575,
    "time_start_3": 2432247618050916,
    "time_end_3": 2432256347327291,
    "time_total_3": 8.729276375
}