{
    "function_method_name": "extract_tables_to_files_from_pdf_document",
    "time_start_1": 1763235461.6179829,
    "time_end_1": 1763235470.8029382,
    "time_total_1": 9.184955358505249,
    "time_start_2": 201671.818825958,
    "time_end_2": 201681.003764583,
    "time_total_2": 9.184938624995993,
    "time_start_3": 201671818826083,
    "time_end_3": 201681003764791,
    "time_total_3": 9.184938708
}