{
    "function_method_name": "extract_tables_to_files_from_pdf_document",
    "time_start_1": 1763234286.718782,
    "time_end_1": 1763234293.752504,
    "time_total_1": 7.033722162246704,
    "time_start_2": 200496.921597958,
    "time_end_2": 200503.955308,
    "time_total_2": 7.033710042014718,
    "time_start_3": 200496921597958,
    "time_end_3": 200503955308125,
    "time_total_3": 7.033710167
}