{
    "function_method_name": "extract_tables_to_files_from_pdf_document",
    "time_start_1": 1769784363.305602,
    "time_end_1": 1769784363.709536,
    "time_total_1": 0.4039340019226074,
    "time_start_2": 3383795.200839333,
    "time_end_2": 3383795.604773416,
    "time_total_2": 0.4039340834133327,
    "time_start_3": 3383795200839416,
    "time_end_3": 3383795604773625,
    "time_total_3": 0.403934209
}