{
    "function_method_name": "extract_tables_to_files_from_pdf_document",
    "time_start_1": 1769286038.280233,
    "time_end_1": 1769286038.562361,
    "time_total_1": 0.28212809562683105,
    "time_start_2": 2890267.405491541,
    "time_end_2": 2890267.687619916,
    "time_total_2": 0.28212837502360344,
    "time_start_3": 2890267405491541,
    "time_end_3": 2890267687620083,
    "time_total_3": 0.282128542
}