{
    "function_method_name": "extract_text_to_file_from_any_document",
    "time_start_1": 1770993056.702316,
    "time_end_1": 1770993059.184035,
    "time_total_1": 2.4817190170288086,
    "time_start_2": 19410.245802708,
    "time_end_2": 19412.727511875,
    "time_total_2": 2.4817091670010996,
    "time_start_3": 19410245802750,
    "time_end_3": 19412727512083,
    "time_total_3": 2.481709333
}