{
    "function_method_name": "extract_text_to_file_from_any_document",
    "time_start_1": 1770412331.296452,
    "time_end_1": 1770412333.746342,
    "time_total_1": 2.449889898300171,
    "time_start_2": 3995325.5276515,
    "time_end_2": 3995327.977545708,
    "time_total_2": 2.449894207995385,
    "time_start_3": 3995325527651583,
    "time_end_3": 3995327977545916,
    "time_total_3": 2.449894333
}