{
    "function_method_name": "extract_text_to_file_from_any_document",
    "time_start_1": 1769605905.166523,
    "time_end_1": 1769605984.6201448,
    "time_total_1": 79.45362186431885,
    "time_start_2": 3205337.168128291,
    "time_end_2": 3205416.621605416,
    "time_total_2": 79.45347712468356,
    "time_start_3": 3205337168128416,
    "time_end_3": 3205416621605625,
    "time_total_3": 79.453477209
}