{
  "function_method_name": "extract_text_to_file_from_any_document",
  "time_start_1": 1780747738.0239182,
  "time_end_1": 1780747740.44294,
  "time_total_1": 2.4190218448638916,
  "time_start_2": 586.213642416,
  "time_end_2": 588.632683666,
  "time_total_2": 2.4190412500000775,
  "time_start_3": 586213642541,
  "time_end_3": 588632684125,
  "time_total_3": 2.419041584
}