{
    "function_method_name": "api_parse_analyze_markdown_mistletoe",
    "time_start_1": 1772789816.089899,
    "time_end_1": 1772789816.2890081,
    "time_total_1": 0.19910907745361328,
    "time_start_2": 963786.047200791,
    "time_end_2": 963786.246311125,
    "time_total_2": 0.19911033404059708,
    "time_start_3": 963786047200875,
    "time_end_3": 963786246311416,
    "time_total_3": 0.199110541
}