{
    "function_method_name": "extract_text_to_file_from_any_document",
    "time_start_1": 1763120899.58736,
    "time_end_1": 1763120899.589377,
    "time_total_1": 0.0020170211791992188,
    "time_start_2": 87110.008144791,
    "time_end_2": 87110.010162375,
    "time_total_2": 0.002017583989072591,
    "time_start_3": 87110008144875,
    "time_end_3": 87110010162458,
    "time_total_3": 0.002017583
}