{
    "function_method_name": "extract_text_to_file_from_any_document",
    "time_start_1": 1770468162.350634,
    "time_end_1": 1770468162.388565,
    "time_total_1": 0.037930965423583984,
    "time_start_2": 4051156.555208291,
    "time_end_2": 4051156.593139666,
    "time_total_2": 0.037931375205516815,
    "time_start_3": 4051156555208333,
    "time_end_3": 4051156593139750,
    "time_total_3": 0.037931417
}