{
    "function_method_name": "extract_tables_to_files_from_pdf_document",
    "time_start_1": 1765565637.8361442,
    "time_end_1": 1765565639.6457732,
    "time_total_1": 1.809628963470459,
    "time_start_2": 2451160.359348708,
    "time_end_2": 2451162.168972333,
    "time_total_2": 1.8096236251294613,
    "time_start_3": 2451160359348791,
    "time_end_3": 2451162168972416,
    "time_total_3": 1.809623625
}