{
    "function_method_name": "extract_tables_to_files_from_pdf_document",
    "time_start_1": 1765514440.003267,
    "time_end_1": 1765514441.82597,
    "time_total_1": 1.8227028846740723,
    "time_start_2": 2423462.669725958,
    "time_end_2": 2423464.492430416,
    "time_total_2": 1.822704458143562,
    "time_start_3": 2423462669726041,
    "time_end_3": 2423464492430666,
    "time_total_3": 1.822704625
}