{
    "function_method_name": "extract_tables_to_files_from_pdf_document",
    "time_start_1": 1765482099.649257,
    "time_end_1": 1765482100.524419,
    "time_total_1": 0.8751621246337891,
    "time_start_2": 2391122.361148416,
    "time_end_2": 2391123.236307583,
    "time_total_2": 0.8751591667532921,
    "time_start_3": 2391122361148500,
    "time_end_3": 2391123236307833,
    "time_total_3": 0.875159333
}