{
    "function_method_name": "extract_tables_to_files_from_pdf_document",
    "time_start_1": 1769608749.855488,
    "time_end_1": 1769608757.883901,
    "time_total_1": 8.028412818908691,
    "time_start_2": 3208181.859919625,
    "time_end_2": 3208189.888331375,
    "time_total_2": 8.028411750216037,
    "time_start_3": 3208181859919666,
    "time_end_3": 3208189888331625,
    "time_total_3": 8.028411959
}