{
    "function_method_name": "extract_tables_to_files_from_pdf_document",
    "time_start_1": 1769604127.051997,
    "time_end_1": 1769604133.4442098,
    "time_total_1": 6.392212867736816,
    "time_start_2": 3203559.058912833,
    "time_end_2": 3203565.451121458,
    "time_total_2": 6.3922086246311665,
    "time_start_3": 3203559058912875,
    "time_end_3": 3203565451121625,
    "time_total_3": 6.39220875
}