{
    "function_method_name": "extract_tables_to_files_from_pdf_document",
    "time_start_1": 1769637949.4643788,
    "time_end_1": 1769637955.226807,
    "time_total_1": 5.762428283691406,
    "time_start_2": 3237381.373331125,
    "time_end_2": 3237387.13575675,
    "time_total_2": 5.762425625231117,
    "time_start_3": 3237381373331208,
    "time_end_3": 3237387135756958,
    "time_total_3": 5.76242575
}