{
    "function_method_name": "extract_text_to_file_from_any_document",
    "time_start_1": 1763224551.301352,
    "time_end_1": 1763224552.202369,
    "time_total_1": 0.9010169506072998,
    "time_start_2": 190761.524131916,
    "time_end_2": 190762.425152916,
    "time_total_2": 0.9010209999978542,
    "time_start_3": 190761524131958,
    "time_end_3": 190762425152958,
    "time_total_3": 0.901021
}