{
    "function_method_name": "extract_text_to_file_from_any_document",
    "time_start_1": 1763067653.8456361,
    "time_end_1": 1763067655.133004,
    "time_total_1": 1.287367820739746,
    "time_start_2": 33864.393785458,
    "time_end_2": 33865.681145458,
    "time_total_2": 1.2873600000020815,
    "time_start_3": 33864393785541,
    "time_end_3": 33865681145625,
    "time_total_3": 1.287360084
}