{
    "function_method_name": "extract_text_to_file_from_any_document",
    "time_start_1": 1763134052.547957,
    "time_end_1": 1763134053.8365178,
    "time_total_1": 1.2885608673095703,
    "time_start_2": 100263.017955291,
    "time_end_2": 100264.306526833,
    "time_total_2": 1.2885715419979533,
    "time_start_3": 100263017955333,
    "time_end_3": 100264306527083,
    "time_total_3": 1.28857175
}