{
    "function_method_name": "extract_text_to_file_from_any_document",
    "time_start_1": 1763199108.274827,
    "time_end_1": 1763199109.559915,
    "time_total_1": 1.285088062286377,
    "time_start_2": 165318.569737416,
    "time_end_2": 165319.854825041,
    "time_total_2": 1.2850876250013243,
    "time_start_3": 165318569737500,
    "time_end_3": 165319854825250,
    "time_total_3": 1.28508775
}