{
    "function_method_name": "extract_text_to_file_from_any_document",
    "time_start_1": 1763062632.882248,
    "time_end_1": 1763062634.1779451,
    "time_total_1": 1.2956972122192383,
    "time_start_2": 28843.444868958,
    "time_end_2": 28844.740560291,
    "time_total_2": 1.2956913330017414,
    "time_start_3": 28843444869000,
    "time_end_3": 28844740560583,
    "time_total_3": 1.295691583
}