{
    "function_method_name": "extract_text_to_file_from_any_document",
    "time_start_1": 1763904485.839794,
    "time_end_1": 1763904487.127195,
    "time_total_1": 1.2874009609222412,
    "time_start_2": 839967.363092083,
    "time_end_2": 839968.65049575,
    "time_total_2": 1.287403666996397,
    "time_start_3": 839967363092125,
    "time_end_3": 839968650496000,
    "time_total_3": 1.287403875
}