{
    "function_method_name": "extract_text_to_file_from_any_document",
    "time_start_1": 1763156625.854177,
    "time_end_1": 1763156627.147389,
    "time_total_1": 1.2932119369506836,
    "time_start_2": 122836.253632041,
    "time_end_2": 122837.546844083,
    "time_total_2": 1.2932120420009596,
    "time_start_3": 122836253632125,
    "time_end_3": 122837546844291,
    "time_total_3": 1.293212166
}