{
    "function_method_name": "extract_text_to_file_from_any_document",
    "time_start_1": 1763151559.725961,
    "time_end_1": 1763151561.010745,
    "time_total_1": 1.2847840785980225,
    "time_start_2": 117770.171066916,
    "time_end_2": 117771.455865291,
    "time_total_2": 1.2847983750107232,
    "time_start_3": 117770171066958,
    "time_end_3": 117771455865458,
    "time_total_3": 1.2847985
}