{
    "function_method_name": "extract_text_to_file_from_any_document",
    "time_start_1": 1763196639.603013,
    "time_end_1": 1763196640.87862,
    "time_total_1": 1.2756068706512451,
    "time_start_2": 162849.873063,
    "time_end_2": 162851.148657583,
    "time_total_2": 1.2755945829849225,
    "time_start_3": 162849873063041,
    "time_end_3": 162851148657791,
    "time_total_3": 1.27559475
}