{
    "function_method_name": "extract_text_to_file_from_any_document",
    "time_start_1": 1763124023.5725,
    "time_end_1": 1763124024.861803,
    "time_total_1": 1.2893030643463135,
    "time_start_2": 90234.042607541,
    "time_end_2": 90235.33191325,
    "time_total_2": 1.2893057089968352,
    "time_start_3": 90234042607583,
    "time_end_3": 90235331913375,
    "time_total_3": 1.289305792
}