{
    "function_method_name": "extract_tables_to_files_from_pdf_document",
    "time_start_1": 1769405619.5922189,
    "time_end_1": 1769405629.28185,
    "time_total_1": 9.689631223678589,
    "time_start_2": 3009848.485853291,
    "time_end_2": 3009858.175480583,
    "time_total_2": 9.68962729210034,
    "time_start_3": 3009848485853416,
    "time_end_3": 3009858175480875,
    "time_total_3": 9.689627459
}