{
    "function_method_name": "extract_tables_to_files_from_pdf_document",
    "time_start_1": 1769623284.2707012,
    "time_end_1": 1769623294.402643,
    "time_total_1": 10.131941795349121,
    "time_start_2": 3222716.219287708,
    "time_end_2": 3222726.351200583,
    "time_total_2": 10.131912874989212,
    "time_start_3": 3222716219287791,
    "time_end_3": 3222726351200833,
    "time_total_3": 10.131913042
}