{
    "function_method_name": "extract_tables_to_files_from_pdf_document",
    "time_start_1": 1769420093.909955,
    "time_end_1": 1769420103.924384,
    "time_total_1": 10.014429092407227,
    "time_start_2": 3024322.765846458,
    "time_end_2": 3024332.780249,
    "time_total_2": 10.01440254226327,
    "time_start_3": 3024322765846583,
    "time_end_3": 3024332780249291,
    "time_total_3": 10.014402708
}