{
    "function_method_name": "extract_tables_to_files_from_pdf_document",
    "time_start_1": 1769785714.696064,
    "time_end_1": 1769785732.614611,
    "time_total_1": 17.91854691505432,
    "time_start_2": 3385146.585467625,
    "time_end_2": 3385164.503994833,
    "time_total_2": 17.918527208268642,
    "time_start_3": 3385146585467708,
    "time_end_3": 3385164503995125,
    "time_total_3": 17.918527417
}