{
    "function_method_name": "extract_markdown_to_file_from_any_document_complex",
    "num_pages": 19,
    "time_start_1": 1769427337.8138108,
    "time_end_1": 1769427355.22264,
    "time_total_1": 17.40882921218872,
    "pages_per_second_1": 1.0914002181546607,
    "time_start_2": 3031566.645173333,
    "time_end_2": 3031584.053942,
    "time_total_2": 17.408768666908145,
    "pages_per_second_2": 1.0914040138931012,
    "time_start_3": 3031566645173375,
    "time_end_3": 3031584053942166,
    "time_total_3": 17.408768791,
    "pages_per_second_3": 1.0914040061134385
}