{
    "function_method_name": "extract_text_to_file_from_any_document",
    "time_start_1": 1769605592.500652,
    "time_end_1": 1769605611.937164,
    "time_total_1": 19.436511993408203,
    "time_start_2": 3205024.5063505,
    "time_end_2": 3205043.942847291,
    "time_total_2": 19.436496790964156,
    "time_start_3": 3205024506350541,
    "time_end_3": 3205043942847458,
    "time_total_3": 19.436496917
}