{
    "function_method_name": "extract_markdown_to_file_from_any_document",
    "num_pages": 19,
    "time_start_1": 1769605611.940138,
    "time_end_1": 1769605630.501877,
    "time_total_1": 18.561738967895508,
    "pages_per_second_1": 1.0236109899434807,
    "time_start_2": 3205043.945820625,
    "time_end_2": 3205062.507544875,
    "time_total_2": 18.56172425020486,
    "pages_per_second_2": 1.023611801570121,
    "time_start_3": 3205043945820791,
    "time_end_3": 3205062507545250,
    "time_total_3": 18.561724459,
    "pages_per_second_3": 1.0236117900558261
}