{
    "function_method_name": "extract_markdown_to_file_from_any_document_complex",
    "num_pages": 54,
    "time_start_1": 1763100784.509494,
    "time_end_1": 1763100798.9548302,
    "time_total_1": 14.445336103439331,
    "pages_per_second_1": 3.738230776585599,
    "time_start_2": 66995.045953041,
    "time_end_2": 67009.491306041,
    "time_total_2": 14.445353000002797,
    "pages_per_second_2": 3.738226404020002,
    "time_start_3": 66995045953125,
    "time_end_3": 67009491306166,
    "time_total_3": 14.445353041,
    "pages_per_second_3": 3.738226393410581
}