{
    "function_method_name": "extract_text_to_file_from_any_document",
    "time_start_1": 1763175911.990405,
    "time_end_1": 1763175926.441889,
    "time_total_1": 14.451483964920044,
    "time_start_2": 142122.383076125,
    "time_end_2": 142136.834570166,
    "time_total_2": 14.45149404098629,
    "time_start_3": 142122383076250,
    "time_end_3": 142136834570291,
    "time_total_3": 14.451494041
}