{
    "function_method_name": "extract_text_to_file_from_any_document",
    "time_start_1": 1763200934.44998,
    "time_end_1": 1763200948.659998,
    "time_total_1": 14.210017919540405,
    "time_start_2": 167144.757133416,
    "time_end_2": 167158.96719175,
    "time_total_2": 14.210058334021596,
    "time_start_3": 167144757133625,
    "time_end_3": 167158967192083,
    "time_total_3": 14.210058458
}