{
    "function_method_name": "extract_markdown_to_file_from_any_document",
    "num_pages": 54,
    "time_start_1": 1763113343.57341,
    "time_end_1": 1763113357.9299462,
    "time_total_1": 14.356536149978638,
    "pages_per_second_1": 3.761352977896437,
    "time_start_2": 79554.084054708,
    "time_end_2": 79568.440632541,
    "time_total_2": 14.356577832993935,
    "pages_per_second_2": 3.761342057150871,
    "time_start_3": 79554084054750,
    "time_end_3": 79568440632916,
    "time_total_3": 14.356578166,
    "pages_per_second_3": 3.7613419699051702
}