{
    "function_method_name": "extract_markdown_to_file_from_any_document_complex",
    "num_pages": 54,
    "time_start_1": 1763138475.847212,
    "time_end_1": 1763138489.786609,
    "time_total_1": 13.939396858215332,
    "pages_per_second_1": 3.8739122323054116,
    "time_start_2": 104686.274079583,
    "time_end_2": 104700.213659375,
    "time_total_2": 13.939579792000586,
    "pages_per_second_2": 3.8738613936546797,
    "time_start_3": 104686274079708,
    "time_end_3": 104700213659708,
    "time_total_3": 13.93958,
    "pages_per_second_3": 3.873861335850865
}