{
    "function_method_name": "extract_markdown_to_file_from_any_document",
    "num_pages": 54,
    "time_start_1": 1763224061.684839,
    "time_end_1": 1763224072.4192908,
    "time_total_1": 10.73445177078247,
    "pages_per_second_1": 5.030531707914484,
    "time_start_2": 190271.90588175,
    "time_end_2": 190282.640372375,
    "time_total_2": 10.73449062500731,
    "pages_per_second_2": 5.030513499560043,
    "time_start_3": 190271905881833,
    "time_end_3": 190282640372458,
    "time_total_3": 10.734490625,
    "pages_per_second_3": 5.03051349956347
}