{
    "function_method_name": "extract_markdown_to_file_from_any_document",
    "num_pages": 54,
    "time_start_1": 1763125876.474278,
    "time_end_1": 1763125890.942053,
    "time_total_1": 14.467775106430054,
    "pages_per_second_1": 3.732432914028381,
    "time_start_2": 92086.893712666,
    "time_end_2": 92101.361366958,
    "time_total_2": 14.467654291991494,
    "pages_per_second_2": 3.7324640823005746,
    "time_start_3": 92086893712750,
    "time_end_3": 92101361367000,
    "time_total_3": 14.46765425,
    "pages_per_second_3": 3.732464093133826
}