{
    "function_method_name": "extract_markdown_to_file_from_any_document_complex",
    "num_pages": 54,
    "time_start_1": 1763077060.240863,
    "time_end_1": 1763077074.5233521,
    "time_total_1": 14.28248906135559,
    "pages_per_second_1": 3.780853587075999,
    "time_start_2": 43270.731222125,
    "time_end_2": 43285.013635125,
    "time_total_2": 14.28241299999354,
    "pages_per_second_2": 3.7808737221101523,
    "time_start_3": 43270731222291,
    "time_end_3": 43285013635208,
    "time_total_3": 14.282412917,
    "pages_per_second_3": 3.780873744080396
}