{
    "function_method_name": "extract_markdown_to_file_from_any_document",
    "num_pages": 54,
    "time_start_1": 1763212248.800742,
    "time_end_1": 1763212259.703093,
    "time_total_1": 10.902351140975952,
    "pages_per_second_1": 4.953060060324387,
    "time_start_2": 178459.014310833,
    "time_end_2": 178469.916555375,
    "time_total_2": 10.902244541997788,
    "pages_per_second_2": 4.953108489905945,
    "time_start_3": 178459014310875,
    "time_end_3": 178469916555458,
    "time_total_3": 10.902244583,
    "pages_per_second_3": 4.953108471277818
}