{
    "function_method_name": "extract_text_to_file_from_any_document",
    "time_start_1": 1771446987.815514,
    "time_end_1": 1771446987.852083,
    "time_total_1": 0.03656888008117676,
    "time_start_2": 436996.321691041,
    "time_end_2": 436996.358260166,
    "time_total_2": 0.03656912501901388,
    "time_start_3": 436996321691125,
    "time_end_3": 436996358260458,
    "time_total_3": 0.036569333
}