{
    "function_method_name": "extract_tables_to_files_from_pdf_document",
    "time_start_1": 1769625380.7593331,
    "time_end_1": 1769625392.0048409,
    "time_total_1": 11.245507717132568,
    "time_start_2": 3224812.693368875,
    "time_end_2": 3224823.938826625,
    "time_total_2": 11.245457749813795,
    "time_start_3": 3224812693368916,
    "time_end_3": 3224823938827000,
    "time_total_3": 11.245458084
}