{
    "function_method_name": "extract_tables_to_files_from_pdf_document",
    "time_start_1": 1769623404.843016,
    "time_end_1": 1769623415.352212,
    "time_total_1": 10.509196043014526,
    "time_start_2": 3222836.791246541,
    "time_end_2": 3222847.300411583,
    "time_total_2": 10.509165042079985,
    "time_start_3": 3222836791246583,
    "time_end_3": 3222847300411833,
    "time_total_3": 10.50916525
}