{
    "function_method_name": "extract_tables_to_files_from_pdf_document",
    "time_start_1": 1769405735.2152052,
    "time_end_1": 1769405745.502992,
    "time_total_1": 10.287786722183228,
    "time_start_2": 3009964.108787916,
    "time_end_2": 3009974.396570125,
    "time_total_2": 10.287782208994031,
    "time_start_3": 3009964108787958,
    "time_end_3": 3009974396570458,
    "time_total_3": 10.2877825
}