{
    "function_method_name": "extract_tables_to_files_from_pdf_document",
    "time_start_1": 1769612605.467419,
    "time_end_1": 1769612617.646121,
    "time_total_1": 12.178702116012573,
    "time_start_2": 3212037.442645916,
    "time_end_2": 3212049.62129725,
    "time_total_2": 12.178651334252208,
    "time_start_3": 3212037442646125,
    "time_end_3": 3212049621297375,
    "time_total_3": 12.17865125
}