{
    "function_method_name": "extract_tables_to_files_from_pdf_document",
    "time_start_1": 1769633612.498014,
    "time_end_1": 1769633623.179317,
    "time_total_1": 10.681303024291992,
    "time_start_2": 3233044.400158583,
    "time_end_2": 3233055.081420666,
    "time_total_2": 10.68126208288595,
    "time_start_3": 3233044400158625,
    "time_end_3": 3233055081420958,
    "time_total_3": 10.681262333
}