{
    "function_method_name": "extract_tables_to_files_from_pdf_document",
    "time_start_1": 1769629366.8489149,
    "time_end_1": 1769629377.426655,
    "time_total_1": 10.57774019241333,
    "time_start_2": 3228798.765522583,
    "time_end_2": 3228809.343213958,
    "time_total_2": 10.577691375277936,
    "time_start_3": 3228798765522625,
    "time_end_3": 3228809343214083,
    "time_total_3": 10.577691458
}