{
    "function_method_name": "extract_tables_to_files_from_pdf_document",
    "time_start_1": 1769287620.583489,
    "time_end_1": 1769287628.567849,
    "time_total_1": 7.984359979629517,
    "time_start_2": 2891849.698850541,
    "time_end_2": 2891857.683181083,
    "time_total_2": 7.984330541919917,
    "time_start_3": 2891849698850625,
    "time_end_3": 2891857683181291,
    "time_total_3": 7.984330666
}