{
    "function_method_name": "extract_tables_to_files_from_pdf_document",
    "time_start_1": 1769631279.349809,
    "time_end_1": 1769631289.7302332,
    "time_total_1": 10.38042426109314,
    "time_start_2": 3230711.259735166,
    "time_end_2": 3230721.640115458,
    "time_total_2": 10.380380291957408,
    "time_start_3": 3230711259735250,
    "time_end_3": 3230721640115625,
    "time_total_3": 10.380380375
}