{
    "function_method_name": "extract_tables_to_files_from_pdf_document",
    "time_start_1": 1769292881.622707,
    "time_end_1": 1769292892.064266,
    "time_total_1": 10.441559076309204,
    "time_start_2": 2897110.713641916,
    "time_end_2": 2897121.155155208,
    "time_total_2": 10.441513292025775,
    "time_start_3": 2897110713642083,
    "time_end_3": 2897121155155541,
    "time_total_3": 10.441513458
}