{
    "function_method_name": "extract_text_to_file_from_any_document",
    "time_start_1": 1772789761.380932,
    "time_end_1": 1772789761.382886,
    "time_total_1": 0.0019538402557373047,
    "time_start_2": 963731.338212291,
    "time_end_2": 963731.340165958,
    "time_total_2": 0.001953667029738426,
    "time_start_3": 963731338212625,
    "time_end_3": 963731340166208,
    "time_total_3": 0.001953583
}