{
    "function_method_name": "extract_text_to_file_from_any_document",
    "time_start_1": 1772631392.286056,
    "time_end_1": 1772631392.748173,
    "time_total_1": 0.46211695671081543,
    "time_start_2": 819122.698798333,
    "time_end_2": 819123.160913625,
    "time_total_2": 0.4621152920881286,
    "time_start_3": 819122698798458,
    "time_end_3": 819123160914250,
    "time_total_3": 0.462115792
}