{
    "function_method_name": "extract_text_to_file_from_any_document",
    "time_start_1": 1772014639.887508,
    "time_end_1": 1772014639.963993,
    "time_total_1": 0.07648515701293945,
    "time_start_2": 223542.293732625,
    "time_end_2": 223542.370218666,
    "time_total_2": 0.07648604101268575,
    "time_start_3": 223542293732791,
    "time_end_3": 223542370218791,
    "time_total_3": 0.076486
}