{
    "function_method_name": "api_parse_analyze_markdown_mistletoe",
    "time_start_1": 1772789819.983718,
    "time_end_1": 1772789819.983905,
    "time_total_1": 0.00018715858459472656,
    "time_start_2": 963789.941021791,
    "time_end_2": 963789.941208833,
    "time_total_2": 0.0001870420528575778,
    "time_start_3": 963789941021916,
    "time_end_3": 963789941208958,
    "time_total_3": 0.000187042
}