{
    "function_method_name": "extract_text_to_file_from_any_document",
    "time_start_1": 1771447135.2718341,
    "time_end_1": 1771447135.286282,
    "time_total_1": 0.014447927474975586,
    "time_start_2": 437143.777978458,
    "time_end_2": 437143.79242675,
    "time_total_2": 0.014448292029555887,
    "time_start_3": 437143777978541,
    "time_end_3": 437143792426875,
    "time_total_3": 0.014448334
}