{
    "function_method_name": "extract_text_to_file_from_any_document",
    "time_start_1": 1771444687.506473,
    "time_end_1": 1771444687.534254,
    "time_total_1": 0.027781009674072266,
    "time_start_2": 434696.018846,
    "time_end_2": 434696.046627625,
    "time_total_2": 0.027781624987255782,
    "time_start_3": 434696018846041,
    "time_end_3": 434696046627791,
    "time_total_3": 0.02778175
}