{
    "function_method_name": "extract_text_to_file_from_any_document",
    "time_start_1": 1772789348.5527391,
    "time_end_1": 1772789348.623119,
    "time_total_1": 0.07037997245788574,
    "time_start_2": 963318.50985175,
    "time_end_2": 963318.580232583,
    "time_total_2": 0.07038083299994469,
    "time_start_3": 963318509852750,
    "time_end_3": 963318580233041,
    "time_total_3": 0.070380291
}