{
    "function_method_name": "extract_text_to_file_from_any_document",
    "time_start_1": 1771446921.9215481,
    "time_end_1": 1771446921.936246,
    "time_total_1": 0.014697790145874023,
    "time_start_2": 436930.427768125,
    "time_end_2": 436930.442465708,
    "time_total_2": 0.014697582984808832,
    "time_start_3": 436930427768208,
    "time_end_3": 436930442465750,
    "time_total_3": 0.014697542
}