{
    "function_method_name": "extract_images_from_pdf_to_files",
    "time_start_1": 1771755268.0348642,
    "time_end_1": 1771755268.251868,
    "time_total_1": 0.21700382232666016,
    "time_start_2": 211739.91880625,
    "time_end_2": 211740.135810541,
    "time_total_2": 0.217004290985642,
    "time_start_3": 211739918806291,
    "time_end_3": 211740135810708,
    "time_total_3": 0.217004417
}