{
    "function_method_name": "extract_images_from_pdf_to_files",
    "time_start_1": 1770513008.2913122,
    "time_end_1": 1770513008.600887,
    "time_total_1": 0.30957484245300293,
    "time_start_2": 4096002.406946083,
    "time_end_2": 4096002.716519875,
    "time_total_2": 0.30957379192113876,
    "time_start_3": 4096002406946125,
    "time_end_3": 4096002716519958,
    "time_total_3": 0.309573833
}