{
    "function_method_name": "extract_images_from_pdf_to_files",
    "time_start_1": 1770567985.0186071,
    "time_end_1": 1770567985.326756,
    "time_total_1": 0.3081488609313965,
    "time_start_2": 4150979.156105333,
    "time_end_2": 4150979.464254458,
    "time_total_2": 0.3081491249613464,
    "time_start_3": 4150979156105416,
    "time_end_3": 4150979464254708,
    "time_total_3": 0.308149292
}