{
    "function_method_name": "extract_images_from_pdf_to_files",
    "time_start_1": 1770305591.443864,
    "time_end_1": 1770305591.750849,
    "time_total_1": 0.30698490142822266,
    "time_start_2": 3905023.887438083,
    "time_end_2": 3905024.194425708,
    "time_total_2": 0.3069876250810921,
    "time_start_3": 3905023887438208,
    "time_end_3": 3905024194425791,
    "time_total_3": 0.306987583
}