{
    "function_method_name": "extract_images_from_pdf_to_files",
    "time_start_1": 1770570017.4065988,
    "time_end_1": 1770570017.714904,
    "time_total_1": 0.3083052635192871,
    "time_start_2": 4153011.537208083,
    "time_end_2": 4153011.845513416,
    "time_total_2": 0.3083053329028189,
    "time_start_3": 4153011537208125,
    "time_end_3": 4153011845513708,
    "time_total_3": 0.308305583
}