{
    "function_method_name": "extract_images_from_pdf_to_files",
    "time_start_1": 1770305634.905353,
    "time_end_1": 1770305635.2135592,
    "time_total_1": 0.30820608139038086,
    "time_start_2": 3905067.34893725,
    "time_end_2": 3905067.657144375,
    "time_total_2": 0.3082071249373257,
    "time_start_3": 3905067348937333,
    "time_end_3": 3905067657144875,
    "time_total_3": 0.308207542
}