{
    "function_method_name": "extract_images_from_pdf_to_files",
    "time_start_1": 1771005913.916161,
    "time_end_1": 1771005914.141717,
    "time_total_1": 0.2255558967590332,
    "time_start_2": 32267.427278125,
    "time_end_2": 32267.652834208,
    "time_total_2": 0.22555608299808227,
    "time_start_3": 32267427278208,
    "time_end_3": 32267652834458,
    "time_total_3": 0.22555625
}