{
    "function_method_name": "extract_images_from_pdf_to_files",
    "time_start_1": 1771754607.098054,
    "time_end_1": 1771754607.31125,
    "time_total_1": 0.2131960391998291,
    "time_start_2": 211078.982455708,
    "time_end_2": 211079.195651875,
    "time_total_2": 0.21319616699474864,
    "time_start_3": 211078982455750,
    "time_end_3": 211079195652125,
    "time_total_3": 0.213196375
}