{
    "function_method_name": "extract_images_from_pdf_to_files",
    "time_start_1": 1770304614.193311,
    "time_end_1": 1770304614.4998772,
    "time_total_1": 0.3065662384033203,
    "time_start_2": 3904046.636643541,
    "time_end_2": 3904046.943209125,
    "time_total_2": 0.30656558414921165,
    "time_start_3": 3904046636643541,
    "time_end_3": 3904046943209375,
    "time_total_3": 0.306565834
}