{
    "function_method_name": "extract_images_from_pdf_to_files",
    "time_start_1": 1770516256.5966668,
    "time_end_1": 1770516256.9041479,
    "time_total_1": 0.307481050491333,
    "time_start_2": 4099250.708659458,
    "time_end_2": 4099251.016141083,
    "time_total_2": 0.30748162511736155,
    "time_start_3": 4099250708659500,
    "time_end_3": 4099251016141583,
    "time_total_3": 0.307482083
}