{
    "function_method_name": "extract_images_from_pdf_to_files",
    "time_start_1": 1770566912.232183,
    "time_end_1": 1770566912.540156,
    "time_total_1": 0.30797290802001953,
    "time_start_2": 4149906.368053083,
    "time_end_2": 4149906.676026625,
    "time_total_2": 0.30797354225069284,
    "time_start_3": 4149906368053125,
    "time_end_3": 4149906676027458,
    "time_total_3": 0.307974333
}