{
    "function_method_name": "extract_images_from_pdf_to_files",
    "time_start_1": 1770515936.408509,
    "time_end_1": 1770515936.7231638,
    "time_total_1": 0.3146548271179199,
    "time_start_2": 4098930.521055291,
    "time_end_2": 4098930.835710458,
    "time_total_2": 0.31465516705065966,
    "time_start_3": 4098930521055333,
    "time_end_3": 4098930835710750,
    "time_total_3": 0.314655417
}