{
    "function_method_name": "extract_images_from_pdf_to_files",
    "time_start_1": 1770303686.61792,
    "time_end_1": 1770303686.9268548,
    "time_total_1": 0.30893492698669434,
    "time_start_2": 3903119.060696666,
    "time_end_2": 3903119.369631958,
    "time_total_2": 0.3089352920651436,
    "time_start_3": 3903119060696708,
    "time_end_3": 3903119369631958,
    "time_total_3": 0.30893525
}