{
    "function_method_name": "extract_images_from_pdf_to_files",
    "time_start_1": 1770568989.962551,
    "time_end_1": 1770568990.2793999,
    "time_total_1": 0.3168487548828125,
    "time_start_2": 4151984.097397583,
    "time_end_2": 4151984.414247166,
    "time_total_2": 0.31684958282858133,
    "time_start_3": 4151984097397625,
    "time_end_3": 4151984414247791,
    "time_total_3": 0.316850166
}