{
    "function_method_name": "extract_images_from_pdf_to_files",
    "time_start_1": 1770569711.8939111,
    "time_end_1": 1770569712.202729,
    "time_total_1": 0.30881786346435547,
    "time_start_2": 4152706.025273208,
    "time_end_2": 4152706.334090708,
    "time_total_2": 0.3088174997828901,
    "time_start_3": 4152706025273250,
    "time_end_3": 4152706334091416,
    "time_total_3": 0.308818166
}