{
    "function_method_name": "extract_images_from_pdf_to_files",
    "time_start_1": 1771004192.542478,
    "time_end_1": 1771004192.744668,
    "time_total_1": 0.20218992233276367,
    "time_start_2": 30546.054368125,
    "time_end_2": 30546.256558541,
    "time_total_2": 0.20219041600284982,
    "time_start_3": 30546054368166,
    "time_end_3": 30546256558791,
    "time_total_3": 0.202190625
}