{
    "function_method_name": "extract_images_from_pdf_to_files",
    "time_start_1": 1771005882.429986,
    "time_end_1": 1771005882.644568,
    "time_total_1": 0.21458196640014648,
    "time_start_2": 32235.941158958,
    "time_end_2": 32236.155740583,
    "time_total_2": 0.2145816249976633,
    "time_start_3": 32235941159000,
    "time_end_3": 32236155740791,
    "time_total_3": 0.214581791
}