{
    "function_method_name": "extract_images_from_pdf_to_files",
    "time_start_1": 1770513521.133325,
    "time_end_1": 1770513521.4445598,
    "time_total_1": 0.311234712600708,
    "time_start_2": 4096515.248126333,
    "time_end_2": 4096515.559362291,
    "time_total_2": 0.31123595777899027,
    "time_start_3": 4096515248126416,
    "time_end_3": 4096515559362916,
    "time_total_3": 0.3112365
}