{
    "function_method_name": "extract_images_from_pdf_to_files",
    "time_start_1": 1770566628.110292,
    "time_end_1": 1770566628.429224,
    "time_total_1": 0.31893205642700195,
    "time_start_2": 4149622.247033791,
    "time_end_2": 4149622.5659655,
    "time_total_2": 0.3189317090436816,
    "time_start_3": 4149622247033875,
    "time_end_3": 4149622565965708,
    "time_total_3": 0.318931833
}