{
    "function_method_name": "extract_images_from_pdf_to_files",
    "time_start_1": 1770569297.2973819,
    "time_end_1": 1770569297.616867,
    "time_total_1": 0.3194851875305176,
    "time_start_2": 4152291.431526375,
    "time_end_2": 4152291.751011041,
    "time_total_2": 0.3194846659898758,
    "time_start_3": 4152291431526458,
    "time_end_3": 4152291751011333,
    "time_total_3": 0.319484875
}