{
    "function_method_name": "extract_images_from_pdf_to_files",
    "time_start_1": 1770512388.412441,
    "time_end_1": 1770512388.720196,
    "time_total_1": 0.3077549934387207,
    "time_start_2": 4095382.529822208,
    "time_end_2": 4095382.837576166,
    "time_total_2": 0.30775395780801773,
    "time_start_3": 4095382529822291,
    "time_end_3": 4095382837576208,
    "time_total_3": 0.307753917
}