{
    "function_method_name": "extract_images_from_pdf_to_files",
    "time_start_1": 1770304944.3993878,
    "time_end_1": 1770304944.711979,
    "time_total_1": 0.3125910758972168,
    "time_start_2": 3904376.842821583,
    "time_end_2": 3904377.155412875,
    "time_total_2": 0.3125912919640541,
    "time_start_3": 3904376842821625,
    "time_end_3": 3904377155413375,
    "time_total_3": 0.31259175
}