{
    "function_method_name": "extract_images_from_pdf_to_files",
    "time_start_1": 1770572004.916451,
    "time_end_1": 1770572005.22302,
    "time_total_1": 0.30656909942626953,
    "time_start_2": 4154999.046622583,
    "time_end_2": 4154999.353194,
    "time_total_2": 0.30657141702249646,
    "time_start_3": 4154999046622625,
    "time_end_3": 4154999353194208,
    "time_total_3": 0.306571583
}