{
    "function_method_name": "extract_images_from_pdf_to_files",
    "time_start_1": 1770515145.290334,
    "time_end_1": 1770515145.597985,
    "time_total_1": 0.3076510429382324,
    "time_start_2": 4098139.400824666,
    "time_end_2": 4098139.708474791,
    "time_total_2": 0.30765012511983514,
    "time_start_3": 4098139400824708,
    "time_end_3": 4098139708474833,
    "time_total_3": 0.307650125
}