{
    "function_method_name": "extract_images_from_pdf_to_files",
    "time_start_1": 1770516000.7070851,
    "time_end_1": 1770516001.0165918,
    "time_total_1": 0.3095066547393799,
    "time_start_2": 4098994.819535208,
    "time_end_2": 4098995.12904225,
    "time_total_2": 0.3095070421695709,
    "time_start_3": 4098994819535250,
    "time_end_3": 4098995129042708,
    "time_total_3": 0.309507458
}