{
    "function_method_name": "extract_images_from_pdf_to_files",
    "time_start_1": 1771005679.981964,
    "time_end_1": 1771005680.193265,
    "time_total_1": 0.21130084991455078,
    "time_start_2": 32033.493496791,
    "time_end_2": 32033.704798666,
    "time_total_2": 0.2113018749987532,
    "time_start_3": 32033493496833,
    "time_end_3": 32033704798875,
    "time_total_3": 0.211302042
}