{
    "function_method_name": "extract_images_from_pdf_to_files",
    "time_start_1": 1770567261.697131,
    "time_end_1": 1770567262.005722,
    "time_total_1": 0.3085911273956299,
    "time_start_2": 4150255.836249291,
    "time_end_2": 4150256.144840583,
    "time_total_2": 0.3085912922397256,
    "time_start_3": 4150255836249333,
    "time_end_3": 4150256144840791,
    "time_total_3": 0.308591458
}