{
    "function_method_name": "extract_images_from_pdf_to_files",
    "time_start_1": 1770516384.959574,
    "time_end_1": 1770516385.267594,
    "time_total_1": 0.30802011489868164,
    "time_start_2": 4099379.07131775,
    "time_end_2": 4099379.379338333,
    "time_total_2": 0.3080205828882754,
    "time_start_3": 4099379071317833,
    "time_end_3": 4099379379338916,
    "time_total_3": 0.308021083
}