{
    "function_method_name": "extract_images_from_pdf_to_files",
    "time_start_1": 1770513243.2079868,
    "time_end_1": 1770513243.516161,
    "time_total_1": 0.30817413330078125,
    "time_start_2": 4096237.32297325,
    "time_end_2": 4096237.631146041,
    "time_total_2": 0.30817279126495123,
    "time_start_3": 4096237322973291,
    "time_end_3": 4096237631146041,
    "time_total_3": 0.30817275
}