{
    "function_method_name": "extract_images_from_pdf_to_files",
    "time_start_1": 1770302906.291281,
    "time_end_1": 1770302906.599079,
    "time_total_1": 0.307797908782959,
    "time_start_2": 3902338.733938041,
    "time_end_2": 3902339.041736458,
    "time_total_2": 0.30779841681942344,
    "time_start_3": 3902338733938083,
    "time_end_3": 3902339041736958,
    "time_total_3": 0.307798875
}