{
    "function_method_name": "extract_images_from_pdf_to_files",
    "time_start_1": 1771004690.715531,
    "time_end_1": 1771004691.023705,
    "time_total_1": 0.30817389488220215,
    "time_start_2": 31044.228823083,
    "time_end_2": 31044.536997083,
    "time_total_2": 0.3081739999979618,
    "time_start_3": 31044228823166,
    "time_end_3": 31044536997666,
    "time_total_3": 0.3081745
}