{
    "function_method_name": "extract_images_from_pdf_to_files",
    "time_start_1": 1770516555.807859,
    "time_end_1": 1770516556.1176598,
    "time_total_1": 0.3098008632659912,
    "time_start_2": 4099549.919303541,
    "time_end_2": 4099550.22910475,
    "time_total_2": 0.3098012087866664,
    "time_start_3": 4099549919303625,
    "time_end_3": 4099550229105125,
    "time_total_3": 0.3098015
}