{
    "function_method_name": "extract_images_from_pdf_to_files",
    "time_start_1": 1770512068.0189629,
    "time_end_1": 1770512068.32689,
    "time_total_1": 0.30792713165283203,
    "time_start_2": 4095062.137205791,
    "time_end_2": 4095062.44513175,
    "time_total_2": 0.3079259586520493,
    "time_start_3": 4095062137205875,
    "time_end_3": 4095062445132166,
    "time_total_3": 0.307926291
}