{
    "function_method_name": "extract_images_from_pdf_to_files",
    "time_start_1": 1770515658.460226,
    "time_end_1": 1770515658.766718,
    "time_total_1": 0.3064918518066406,
    "time_start_2": 4098652.56936325,
    "time_end_2": 4098652.875854916,
    "time_total_2": 0.306491666007787,
    "time_start_3": 4098652569363333,
    "time_end_3": 4098652875855041,
    "time_total_3": 0.306491708
}