{
    "function_method_name": "extract_images_from_pdf_to_files",
    "time_start_1": 1770515294.9895759,
    "time_end_1": 1770515295.298625,
    "time_total_1": 0.309049129486084,
    "time_start_2": 4098289.099671416,
    "time_end_2": 4098289.4087195,
    "time_total_2": 0.309048084076494,
    "time_start_3": 4098289099671500,
    "time_end_3": 4098289408719583,
    "time_total_3": 0.309048083
}