{
    "function_method_name": "extract_images_from_pdf_to_files",
    "time_start_1": 1770306583.997559,
    "time_end_1": 1770306584.3077838,
    "time_total_1": 0.3102247714996338,
    "time_start_2": 3906016.441074208,
    "time_end_2": 3906016.751300708,
    "time_total_2": 0.3102265000343323,
    "time_start_3": 3906016441074250,
    "time_end_3": 3906016751301041,
    "time_total_3": 0.310226791
}