{
    "function_method_name": "extract_images_from_pdf_to_files",
    "time_start_1": 1770302884.0988648,
    "time_end_1": 1770302884.4061198,
    "time_total_1": 0.3072550296783447,
    "time_start_2": 3902316.541518666,
    "time_end_2": 3902316.848773791,
    "time_total_2": 0.3072551251389086,
    "time_start_3": 3902316541518750,
    "time_end_3": 3902316848773833,
    "time_total_3": 0.307255083
}