{
    "function_method_name": "extract_images_from_pdf_to_files",
    "time_start_1": 1770513585.4097788,
    "time_end_1": 1770513585.718133,
    "time_total_1": 0.30835413932800293,
    "time_start_2": 4096579.524403375,
    "time_end_2": 4096579.832756375,
    "time_total_2": 0.3083529998548329,
    "time_start_3": 4096579524403416,
    "time_end_3": 4096579832756666,
    "time_total_3": 0.30835325
}