{
    "function_method_name": "extract_images_from_pdf_to_files",
    "time_start_1": 1770511576.823931,
    "time_end_1": 1770511577.1332648,
    "time_total_1": 0.30933380126953125,
    "time_start_2": 4094570.943512041,
    "time_end_2": 4094571.252846916,
    "time_total_2": 0.3093348750844598,
    "time_start_3": 4094570943512125,
    "time_end_3": 4094571252847333,
    "time_total_3": 0.309335208
}