{
    "function_method_name": "extract_images_from_pdf_to_files",
    "time_start_1": 1770304290.9059572,
    "time_end_1": 1770304291.213074,
    "time_total_1": 0.3071167469024658,
    "time_start_2": 3903723.349211,
    "time_end_2": 3903723.65633,
    "time_total_2": 0.3071190002374351,
    "time_start_3": 3903723349211083,
    "time_end_3": 3903723656330458,
    "time_total_3": 0.307119375
}