{
    "function_method_name": "extract_images_from_pdf_to_files",
    "time_start_1": 1770571481.1902661,
    "time_end_1": 1770571481.499588,
    "time_total_1": 0.30932188034057617,
    "time_start_2": 4154475.319529541,
    "time_end_2": 4154475.628850375,
    "time_total_2": 0.3093208339996636,
    "time_start_3": 4154475319529583,
    "time_end_3": 4154475628850541,
    "time_total_3": 0.309320958
}