{
    "function_method_name": "extract_images_from_pdf_to_files",
    "time_start_1": 1770570585.8353128,
    "time_end_1": 1770570586.169696,
    "time_total_1": 0.3343832492828369,
    "time_start_2": 4153579.964447083,
    "time_end_2": 4153580.298829625,
    "time_total_2": 0.3343825419433415,
    "time_start_3": 4153579964447208,
    "time_end_3": 4153580298829875,
    "time_total_3": 0.334382667
}