{
    "function_method_name": "extract_images_from_pdf_to_files",
    "time_start_1": 1770302754.552754,
    "time_end_1": 1770302754.860828,
    "time_total_1": 0.3080739974975586,
    "time_start_2": 3902186.995386041,
    "time_end_2": 3902187.303460833,
    "time_total_2": 0.30807479238137603,
    "time_start_3": 3902186995386125,
    "time_end_3": 3902187303461291,
    "time_total_3": 0.308075166
}