{
    "function_method_name": "extract_images_from_pdf_to_files",
    "time_start_1": 1770515188.12557,
    "time_end_1": 1770515188.440056,
    "time_total_1": 0.314486026763916,
    "time_start_2": 4098182.235947083,
    "time_end_2": 4098182.550432541,
    "time_total_2": 0.3144854577258229,
    "time_start_3": 4098182235947166,
    "time_end_3": 4098182550432583,
    "time_total_3": 0.314485417
}