{
    "function_method_name": "extract_images_from_pdf_to_files",
    "time_start_1": 1770516128.792027,
    "time_end_1": 1770516129.1013398,
    "time_total_1": 0.3093128204345703,
    "time_start_2": 4099122.904252541,
    "time_end_2": 4099123.213565375,
    "time_total_2": 0.30931283440440893,
    "time_start_3": 4099122904252583,
    "time_end_3": 4099123213565625,
    "time_total_3": 0.309313042
}