{
    "function_method_name": "extract_images_from_pdf_to_files",
    "time_start_1": 1770512879.898581,
    "time_end_1": 1770512880.2071328,
    "time_total_1": 0.3085517883300781,
    "time_start_2": 4095874.014608541,
    "time_end_2": 4095874.323160875,
    "time_total_2": 0.30855233408510685,
    "time_start_3": 4095874014608666,
    "time_end_3": 4095874323161458,
    "time_total_3": 0.308552792
}