{
    "function_method_name": "extract_images_from_pdf_to_files",
    "time_start_1": 1770511747.7860322,
    "time_end_1": 1770511748.093871,
    "time_total_1": 0.30783891677856445,
    "time_start_2": 4094741.905156083,
    "time_end_2": 4094742.212994333,
    "time_total_2": 0.30783824995160103,
    "time_start_3": 4094741905156125,
    "time_end_3": 4094742212994541,
    "time_total_3": 0.307838416
}