{
    "function_method_name": "extract_images_from_pdf_to_files",
    "time_start_1": 1770567831.517211,
    "time_end_1": 1770567831.825481,
    "time_total_1": 0.3082699775695801,
    "time_start_2": 4150825.655075166,
    "time_end_2": 4150825.963345375,
    "time_total_2": 0.30827020900323987,
    "time_start_3": 4150825655075250,
    "time_end_3": 4150825963345750,
    "time_total_3": 0.3082705
}