{
    "function_method_name": "extract_text_to_file_from_any_document",
    "time_start_1": 1772631480.0573068,
    "time_end_1": 1772631480.057791,
    "time_total_1": 0.00048422813415527344,
    "time_start_2": 819210.469583833,
    "time_end_2": 819210.470067583,
    "time_total_2": 0.0004837500164285302,
    "time_start_3": 819210469583875,
    "time_end_3": 819210470067666,
    "time_total_3": 0.000483791
}