{
    "function_method_name": "extract_tables_to_files_from_pdf_document",
    "time_start_1": 1765463691.677984,
    "time_end_1": 1765463691.681325,
    "time_total_1": 0.0033409595489501953,
    "time_start_2": 2372714.459436,
    "time_end_2": 2372714.462776833,
    "time_total_2": 0.003340833354741335,
    "time_start_3": 2372714459436166,
    "time_end_3": 2372714462776958,
    "time_total_3": 0.003340792
}