{
    "function_method_name": "extract_tables_to_files_from_pdf_document",
    "time_start_1": 1765514203.2735171,
    "time_end_1": 1765514203.27675,
    "time_total_1": 0.0032329559326171875,
    "time_start_2": 2423225.939949875,
    "time_end_2": 2423225.943182625,
    "time_total_2": 0.00323274964466691,
    "time_start_3": 2423225939949958,
    "time_end_3": 2423225943182791,
    "time_total_3": 0.003232833
}