{
    "function_method_name": "extract_text_to_file_from_any_document",
    "time_start_1": 1771865886.393143,
    "time_end_1": 1771865886.514349,
    "time_total_1": 0.12120604515075684,
    "time_start_2": 74788.822542125,
    "time_end_2": 74788.943749875,
    "time_total_2": 0.12120775000948925,
    "time_start_3": 74788822542208,
    "time_end_3": 74788943750125,
    "time_total_3": 0.121207917
}