{
  "function_method_name": "extract_text_to_file_from_pdf_document",
  "num_pages": 40,
  "time_start_1": 1773005893.492346,
  "time_end_1": 1773005893.516533,
  "time_total_1": 0.02418684959411621,
  "pages_per_second_1": 1653.7912407463996,
  "time_start_2": 1165546.003237916,
  "time_end_2": 1165546.027424958,
  "time_total_2": 0.024187042145058513,
  "pages_per_second_2": 1653.7780750579343,
  "time_start_3": 1165546003238000,
  "time_end_3": 1165546027425125,
  "time_total_3": 0.024187125,
  "pages_per_second_3": 1653.772409908164
}