{
    "function_method_name": "extract_tables_to_files_from_pdf_document",
    "time_start_1": 1769315074.3805819,
    "time_end_1": 1769315074.383822,
    "time_total_1": 0.0032401084899902344,
    "time_start_2": 2919303.406057416,
    "time_end_2": 2919303.409298166,
    "time_total_2": 0.0032407501712441444,
    "time_start_3": 2919303406057500,
    "time_end_3": 2919303409298208,
    "time_total_3": 0.003240708
}