{
    "function_method_name": "extract_tables_to_files_from_pdf_document",
    "time_start_1": 1769628813.858418,
    "time_end_1": 1769628813.861449,
    "time_total_1": 0.003031015396118164,
    "time_start_2": 3228245.77761625,
    "time_end_2": 3228245.780647333,
    "time_total_2": 0.0030310829170048237,
    "time_start_3": 3228245777616333,
    "time_end_3": 3228245780647458,
    "time_total_3": 0.003031125
}