{
    "function_method_name": "extract_tables_to_files_from_pdf_document",
    "time_start_1": 1769610147.428771,
    "time_end_1": 1769610147.431496,
    "time_total_1": 0.002724885940551758,
    "time_start_2": 3209579.417777541,
    "time_end_2": 3209579.420502,
    "time_total_2": 0.0027244589291512966,
    "time_start_3": 3209579417777583,
    "time_end_3": 3209579420502083,
    "time_total_3": 0.0027245
}