{
    "function_method_name": "extract_markdown_to_file_from_any_document",
    "num_pages": 12,
    "time_start_1": 1763080977.205835,
    "time_end_1": 1763080990.39635,
    "time_total_1": 13.19051480293274,
    "pages_per_second_1": 0.9097446293250022,
    "time_start_2": 47187.748958625,
    "time_end_2": 47200.939547041,
    "time_total_2": 13.190588416000537,
    "pages_per_second_2": 0.9097395522889394,
    "time_start_3": 47187748958708,
    "time_end_3": 47200939547125,
    "time_total_3": 13.190588417,
    "pages_per_second_3": 0.9097395522200077
}