{
    "function_method_name": "extract_text_to_file_from_any_document",
    "time_start_1": 1763187415.852472,
    "time_end_1": 1763187429.043755,
    "time_total_1": 13.191282987594604,
    "time_start_2": 153626.179917541,
    "time_end_2": 153639.371249208,
    "time_total_2": 13.191331666981569,
    "time_start_3": 153626179917583,
    "time_end_3": 153639371249291,
    "time_total_3": 13.191331708
}