{
    "function_method_name": "extract_text_to_file_from_any_document",
    "time_start_1": 1763228817.388958,
    "time_end_1": 1763228830.442145,
    "time_total_1": 13.053187131881714,
    "time_start_2": 195027.601746875,
    "time_end_2": 195040.654925291,
    "time_total_2": 13.053178415982984,
    "time_start_3": 195027601746958,
    "time_end_3": 195040654925416,
    "time_total_3": 13.053178458
}