{
    "function_method_name": "extract_markdown_to_file_from_any_document_complex",
    "num_pages": 12,
    "time_start_1": 1763218354.0442991,
    "time_end_1": 1763218373.243326,
    "time_total_1": 19.199026823043823,
    "pages_per_second_1": 0.6250316805431451,
    "time_start_2": 184564.231734791,
    "time_end_2": 184583.430578541,
    "time_total_2": 19.19884374999674,
    "pages_per_second_2": 0.625037640613229,
    "time_start_3": 184564231734833,
    "time_end_3": 184583430578625,
    "time_total_3": 19.198843792,
    "pages_per_second_3": 0.6250376392457706
}