{
    "function_method_name": "extract_text_to_file_from_any_document",
    "time_start_1": 1763211464.39676,
    "time_end_1": 1763211474.642122,
    "time_total_1": 10.245362043380737,
    "time_start_2": 177674.615523958,
    "time_end_2": 177684.86077675,
    "time_total_2": 10.245252791995881,
    "time_start_3": 177674615524041,
    "time_end_3": 177684860776791,
    "time_total_3": 10.24525275
}