{
    "function_method_name": "extract_text_to_file_from_any_document",
    "time_start_1": 1763215852.1433458,
    "time_end_1": 1763215865.5591838,
    "time_total_1": 13.41583800315857,
    "time_start_2": 182062.37030625,
    "time_end_2": 182075.786081458,
    "time_total_2": 13.41577520800638,
    "time_start_3": 182062370306333,
    "time_end_3": 182075786081500,
    "time_total_3": 13.415775167
}