{
    "function_method_name": "extract_text_to_file_from_any_document",
    "time_start_1": 1763122285.378067,
    "time_end_1": 1763122297.879217,
    "time_total_1": 12.501149892807007,
    "time_start_2": 88495.824254791,
    "time_end_2": 88508.325368208,
    "time_total_2": 12.501113416990847,
    "time_start_3": 88495824254875,
    "time_end_3": 88508325368291,
    "time_total_3": 12.501113416
}