{
    "function_method_name": "extract_markdown_to_file_from_any_document_complex",
    "num_pages": 12,
    "time_start_1": 1763154876.232379,
    "time_end_1": 1763154895.4499211,
    "time_total_1": 19.21754217147827,
    "pages_per_second_1": 0.6244294870240903,
    "time_start_2": 121086.619783333,
    "time_end_2": 121105.837261041,
    "time_total_2": 19.21747770800721,
    "pages_per_second_2": 0.6244315816221837,
    "time_start_3": 121086619783375,
    "time_end_3": 121105837261166,
    "time_total_3": 19.217477791,
    "pages_per_second_3": 0.6244315789255073
}