{
    "function_method_name": "extract_text_to_file_from_any_document",
    "time_start_1": 1769720576.0715609,
    "time_end_1": 1769720577.467243,
    "time_total_1": 1.3956820964813232,
    "time_start_2": 3320007.943396625,
    "time_end_2": 3320009.339075291,
    "time_total_2": 1.3956786659546196,
    "time_start_3": 3320007943396750,
    "time_end_3": 3320009339075625,
    "time_total_3": 1.395678875
}