{
    "function_method_name": "extract_text_to_file_from_any_document",
    "time_start_1": 1772789762.640304,
    "time_end_1": 1772789762.650531,
    "time_total_1": 0.010226964950561523,
    "time_start_2": 963732.597585375,
    "time_end_2": 963732.607813791,
    "time_total_2": 0.010228416067548096,
    "time_start_3": 963732597585750,
    "time_end_3": 963732607814583,
    "time_total_3": 0.010228833
}