{
    "function_method_name": "extract_tables_to_files_from_pdf_document",
    "time_start_1": 1765529821.285905,
    "time_end_1": 1765529821.6666381,
    "time_total_1": 0.3807332515716553,
    "time_start_2": 2438843.861766416,
    "time_end_2": 2438844.242499291,
    "time_total_2": 0.38073287485167384,
    "time_start_3": 2438843861766458,
    "time_end_3": 2438844242499791,
    "time_total_3": 0.380733333
}