{
    "function_method_name": "extract_tables_to_files_from_pdf_document",
    "time_start_1": 1765493559.050417,
    "time_end_1": 1765493559.4342349,
    "time_total_1": 0.3838179111480713,
    "time_start_2": 2402581.751299333,
    "time_end_2": 2402582.135118541,
    "time_total_2": 0.38381920801475644,
    "time_start_3": 2402581751299416,
    "time_end_3": 2402582135118708,
    "time_total_3": 0.383819292
}