{
    "function_method_name": "extract_tables_to_files_from_pdf_document",
    "time_start_1": 1765465787.67671,
    "time_end_1": 1765465788.057725,
    "time_total_1": 0.3810150623321533,
    "time_start_2": 2374810.45557675,
    "time_end_2": 2374810.836592875,
    "time_total_2": 0.38101612497121096,
    "time_start_3": 2374810455576833,
    "time_end_3": 2374810836593041,
    "time_total_3": 0.381016208
}