{
    "function_method_name": "extract_tables_to_files_from_pdf_document",
    "time_start_1": 1765482095.4160562,
    "time_end_1": 1765482096.0676951,
    "time_total_1": 0.6516389846801758,
    "time_start_2": 2391118.127967125,
    "time_end_2": 2391118.7796045,
    "time_total_2": 0.6516373753547668,
    "time_start_3": 2391118127967208,
    "time_end_3": 2391118779604916,
    "time_total_3": 0.651637708
}