{
    "function_method_name": "extract_images_from_pdf_to_files",
    "time_start_1": 1770571390.402325,
    "time_end_1": 1770571390.4037492,
    "time_total_1": 0.0014243125915527344,
    "time_start_2": 4154384.531783375,
    "time_end_2": 4154384.533207916,
    "time_total_2": 0.0014245412312448025,
    "time_start_3": 4154384531783416,
    "time_end_3": 4154384533207958,
    "time_total_3": 0.001424542
}