{
    "function_method_name": "extract_images_from_pdf_to_files",
    "time_start_1": 1770514136.739702,
    "time_end_1": 1770514136.7411149,
    "time_total_1": 0.0014128684997558594,
    "time_start_2": 4097130.852855541,
    "time_end_2": 4097130.854268,
    "time_total_2": 0.0014124591834843159,
    "time_start_3": 4097130852855625,
    "time_end_3": 4097130854268041,
    "time_total_3": 0.001412416
}