{
    "function_method_name": "extract_images_from_pdf_to_files",
    "time_start_1": 1770306170.1234949,
    "time_end_1": 1770306170.124956,
    "time_total_1": 0.001461029052734375,
    "time_start_2": 3905602.567198958,
    "time_end_2": 3905602.568659791,
    "time_total_2": 0.0014608330093324184,
    "time_start_3": 3905602567199000,
    "time_end_3": 3905602568659833,
    "time_total_3": 0.001460833
}