{
    "function_method_name": "extract_images_from_pdf_to_files",
    "time_start_1": 1770567476.8743958,
    "time_end_1": 1770567476.875842,
    "time_total_1": 0.0014462471008300781,
    "time_start_2": 4150471.013041458,
    "time_end_2": 4150471.014486625,
    "time_total_2": 0.0014451667666435242,
    "time_start_3": 4150471013041541,
    "time_end_3": 4150471014486708,
    "time_total_3": 0.001445167
}