{
    "function_method_name": "extract_images_from_pdf_to_files",
    "time_start_1": 1770568374.751625,
    "time_end_1": 1770568374.753044,
    "time_total_1": 0.0014188289642333984,
    "time_start_2": 4151368.888273625,
    "time_end_2": 4151368.889692666,
    "time_total_2": 0.0014190408401191235,
    "time_start_3": 4151368888273666,
    "time_end_3": 4151368889692708,
    "time_total_3": 0.001419042
}