{
    "function_method_name": "extract_images_from_pdf_to_files",
    "time_start_1": 1770306623.1344872,
    "time_end_1": 1770306623.135941,
    "time_total_1": 0.0014538764953613281,
    "time_start_2": 3906055.578009583,
    "time_end_2": 3906055.579463458,
    "time_total_2": 0.0014538750983774662,
    "time_start_3": 3906055578009625,
    "time_end_3": 3906055579463541,
    "time_total_3": 0.001453916
}