{
    "function_method_name": "extract_images_from_pdf_to_files",
    "time_start_1": 1770301800.999121,
    "time_end_1": 1770301801.000554,
    "time_total_1": 0.0014331340789794922,
    "time_start_2": 3901233.441613375,
    "time_end_2": 3901233.44304675,
    "time_total_2": 0.0014333748258650303,
    "time_start_3": 3901233441613416,
    "time_end_3": 3901233443046833,
    "time_total_3": 0.001433417
}