{
    "function_method_name": "extract_images_from_pdf_to_files",
    "time_start_1": 1770512192.4107661,
    "time_end_1": 1770512192.412214,
    "time_total_1": 0.001447916030883789,
    "time_start_2": 4095186.528666,
    "time_end_2": 4095186.530114041,
    "time_total_2": 0.0014480412937700748,
    "time_start_3": 4095186528666041,
    "time_end_3": 4095186530114083,
    "time_total_3": 0.001448042
}