{
    "function_method_name": "extract_images_from_pdf_to_files",
    "time_start_1": 1770305824.859443,
    "time_end_1": 1770305824.860936,
    "time_total_1": 0.0014929771423339844,
    "time_start_2": 3905257.30307375,
    "time_end_2": 3905257.304566291,
    "time_total_2": 0.0014925412833690643,
    "time_start_3": 3905257303073833,
    "time_end_3": 3905257304566375,
    "time_total_3": 0.001492542
}