{
    "function_method_name": "extract_images_from_pdf_to_files",
    "time_start_1": 1770303510.137898,
    "time_end_1": 1770303510.13937,
    "time_total_1": 0.0014719963073730469,
    "time_start_2": 3902942.580646583,
    "time_end_2": 3902942.5821185,
    "time_total_2": 0.0014719171449542046,
    "time_start_3": 3902942580646666,
    "time_end_3": 3902942582118541,
    "time_total_3": 0.001471875
}