{
    "function_method_name": "extract_images_from_pdf_to_files",
    "time_start_1": 1770567674.463338,
    "time_end_1": 1770567674.464758,
    "time_total_1": 0.0014200210571289062,
    "time_start_2": 4150668.60154775,
    "time_end_2": 4150668.602967375,
    "time_total_2": 0.0014196247793734074,
    "time_start_3": 4150668601547791,
    "time_end_3": 4150668602967416,
    "time_total_3": 0.001419625
}