{
    "function_method_name": "extract_images_from_pdf_to_files",
    "time_start_1": 1770303052.978395,
    "time_end_1": 1770303052.9798589,
    "time_total_1": 0.0014638900756835938,
    "time_start_2": 3902485.421069041,
    "time_end_2": 3902485.422533125,
    "time_total_2": 0.001464084256440401,
    "time_start_3": 3902485421069125,
    "time_end_3": 3902485422533208,
    "time_total_3": 0.001464083
}