{
    "function_method_name": "extract_images_from_pdf_to_files",
    "time_start_1": 1770512812.04389,
    "time_end_1": 1770512812.0453131,
    "time_total_1": 0.0014231204986572266,
    "time_start_2": 4095806.160104083,
    "time_end_2": 4095806.161526916,
    "time_total_2": 0.0014228331856429577,
    "time_start_3": 4095806160104166,
    "time_end_3": 4095806161527000,
    "time_total_3": 0.001422834
}