{
    "function_method_name": "extract_images_from_pdf_to_files",
    "time_start_1": 1770512256.3612318,
    "time_end_1": 1770512256.362729,
    "time_total_1": 0.0014972686767578125,
    "time_start_2": 4095250.478967958,
    "time_end_2": 4095250.480464125,
    "time_total_2": 0.0014961669221520424,
    "time_start_3": 4095250478968041,
    "time_end_3": 4095250480464208,
    "time_total_3": 0.001496167
}