{
    "function_method_name": "extract_images_from_pdf_to_files",
    "time_start_1": 1770513816.4379141,
    "time_end_1": 1770513816.4393458,
    "time_total_1": 0.0014317035675048828,
    "time_start_2": 4096810.5519125,
    "time_end_2": 4096810.553344583,
    "time_total_2": 0.0014320830814540386,
    "time_start_3": 4096810551912541,
    "time_end_3": 4096810553344625,
    "time_total_3": 0.001432084
}