{
    "function_method_name": "extract_images_from_pdf_to_files",
    "time_start_1": 1771005586.2399511,
    "time_end_1": 1771005586.240971,
    "time_total_1": 0.0010199546813964844,
    "time_start_2": 31939.751651166,
    "time_end_2": 31939.752670833,
    "time_total_2": 0.001019667000946356,
    "time_start_3": 31939751651208,
    "time_end_3": 31939752670916,
    "time_total_3": 0.001019708
}