{
    "function_method_name": "extract_images_from_pdf_to_files",
    "time_start_1": 1771005833.0585432,
    "time_end_1": 1771005833.059561,
    "time_total_1": 0.0010178089141845703,
    "time_start_2": 32186.569804166,
    "time_end_2": 32186.570822,
    "time_total_2": 0.001017834001686424,
    "time_start_3": 32186569804250,
    "time_end_3": 32186570822083,
    "time_total_3": 0.001017833
}