{
    "function_method_name": "extract_images_from_pdf_to_files",
    "time_start_1": 1770512726.38324,
    "time_end_1": 1770512726.384727,
    "time_total_1": 0.0014870166778564453,
    "time_start_2": 4095720.499690375,
    "time_end_2": 4095720.501177708,
    "time_total_2": 0.0014873333275318146,
    "time_start_3": 4095720499690458,
    "time_end_3": 4095720501177791,
    "time_total_3": 0.001487333
}