{
    "function_method_name": "extract_images_from_pdf_to_files",
    "time_start_1": 1771754710.565253,
    "time_end_1": 1771754710.5662668,
    "time_total_1": 0.0010137557983398438,
    "time_start_2": 211182.449658208,
    "time_end_2": 211182.450671916,
    "time_total_2": 0.0010137080098502338,
    "time_start_3": 211182449658250,
    "time_end_3": 211182450671958,
    "time_total_3": 0.001013708
}