{
    "function_method_name": "extract_images_from_pdf_to_files",
    "time_start_1": 1770571608.72292,
    "time_end_1": 1770571608.7243772,
    "time_total_1": 0.00145721435546875,
    "time_start_2": 4154602.851908333,
    "time_end_2": 4154602.853365625,
    "time_total_2": 0.001457291655242443,
    "time_start_3": 4154602851908416,
    "time_end_3": 4154602853365708,
    "time_total_3": 0.001457292
}