{
    "function_method_name": "extract_images_from_pdf_to_files",
    "time_start_1": 1770568068.577162,
    "time_end_1": 1770568068.578654,
    "time_total_1": 0.0014920234680175781,
    "time_start_2": 4151062.714476375,
    "time_end_2": 4151062.715968041,
    "time_total_2": 0.001491666305810213,
    "time_start_3": 4151062714476458,
    "time_end_3": 4151062715968083,
    "time_total_3": 0.001491625
}