{
    "function_method_name": "extract_images_from_pdf_to_files",
    "time_start_1": 1770515269.817516,
    "time_end_1": 1770515269.818963,
    "time_total_1": 0.0014469623565673828,
    "time_start_2": 4098263.927677916,
    "time_end_2": 4098263.929124458,
    "time_total_2": 0.0014465423300862312,
    "time_start_3": 4098263927678000,
    "time_end_3": 4098263929124541,
    "time_total_3": 0.001446541
}