{
    "function_method_name": "extract_images_from_pdf_to_files",
    "time_start_1": 1770305134.674912,
    "time_end_1": 1770305134.676346,
    "time_total_1": 0.0014340877532958984,
    "time_start_2": 3904567.118391458,
    "time_end_2": 3904567.119825041,
    "time_total_2": 0.0014335829764604568,
    "time_start_3": 3904567118391500,
    "time_end_3": 3904567119825083,
    "time_total_3": 0.001433583
}