{
    "function_method_name": "extract_images_from_pdf_to_files",
    "time_start_1": 1771005942.482213,
    "time_end_1": 1771005942.4832482,
    "time_total_1": 0.0010352134704589844,
    "time_start_2": 32295.993279541,
    "time_end_2": 32295.994314833,
    "time_total_2": 0.0010352919998695143,
    "time_start_3": 32295993279625,
    "time_end_3": 32295994314875,
    "time_total_3": 0.00103525
}