{
    "function_method_name": "extract_images_from_pdf_to_files",
    "time_start_1": 1770516252.744908,
    "time_end_1": 1770516252.7464519,
    "time_total_1": 0.0015437602996826172,
    "time_start_2": 4099246.856913791,
    "time_end_2": 4099246.858457625,
    "time_total_2": 0.0015438338741660118,
    "time_start_3": 4099246856913916,
    "time_end_3": 4099246858457708,
    "time_total_3": 0.001543792
}