{
    "function_method_name": "extract_images_from_pdf_to_files",
    "time_start_1": 1770516787.3925362,
    "time_end_1": 1770516787.394021,
    "time_total_1": 0.0014848709106445312,
    "time_start_2": 4099781.503574208,
    "time_end_2": 4099781.505058666,
    "time_total_2": 0.0014844583347439766,
    "time_start_3": 4099781503574291,
    "time_end_3": 4099781505058750,
    "time_total_3": 0.001484459
}