{
    "function_method_name": "extract_images_from_pdf_to_files",
    "time_start_1": 1771004996.4921541,
    "time_end_1": 1771004996.493663,
    "time_total_1": 0.001508951187133789,
    "time_start_2": 31350.004951875,
    "time_end_2": 31350.006461208,
    "time_total_2": 0.001509333000285551,
    "time_start_3": 31350004951916,
    "time_end_3": 31350006461291,
    "time_total_3": 0.001509375
}