{
    "function_method_name": "extract_images_from_pdf_to_files",
    "time_start_1": 1771006020.311015,
    "time_end_1": 1771006020.3120499,
    "time_total_1": 0.0010349750518798828,
    "time_start_2": 32373.808522708,
    "time_end_2": 32373.809557291,
    "time_total_2": 0.001034582997817779,
    "time_start_3": 32373808522750,
    "time_end_3": 32373809557291,
    "time_total_3": 0.001034541
}