{
    "function_method_name": "extract_images_from_pdf_to_files",
    "time_start_1": 1771754680.415041,
    "time_end_1": 1771754680.41606,
    "time_total_1": 0.0010190010070800781,
    "time_start_2": 211152.29944525,
    "time_end_2": 211152.30046375,
    "time_total_2": 0.0010184999846387655,
    "time_start_3": 211152299445333,
    "time_end_3": 211152300463791,
    "time_total_3": 0.001018458
}