{
    "function_method_name": "extract_images_from_pdf_to_files",
    "time_start_1": 1770514970.451474,
    "time_end_1": 1770514970.452943,
    "time_total_1": 0.0014691352844238281,
    "time_start_2": 4097964.562425625,
    "time_end_2": 4097964.563895083,
    "time_total_2": 0.0014694579876959324,
    "time_start_3": 4097964562425750,
    "time_end_3": 4097964563895125,
    "time_total_3": 0.001469375
}