{
    "function_method_name": "extract_images_from_pdf_to_files",
    "time_start_1": 1770302945.481035,
    "time_end_1": 1770302945.482508,
    "time_total_1": 0.0014729499816894531,
    "time_start_2": 3902377.923698208,
    "time_end_2": 3902377.925171958,
    "time_total_2": 0.0014737499877810478,
    "time_start_3": 3902377923698250,
    "time_end_3": 3902377925172041,
    "time_total_3": 0.001473791
}