{
    "function_method_name": "extract_images_from_pdf_to_files",
    "time_start_1": 1770566733.475594,
    "time_end_1": 1770566733.47706,
    "time_total_1": 0.0014660358428955078,
    "time_start_2": 4149727.612004791,
    "time_end_2": 4149727.613470166,
    "time_total_2": 0.0014653750695288181,
    "time_start_3": 4149727612004875,
    "time_end_3": 4149727613470208,
    "time_total_3": 0.001465333
}