{
    "function_method_name": "extract_images_from_pdf_to_files",
    "time_start_1": 1770570101.240323,
    "time_end_1": 1770570101.24176,
    "time_total_1": 0.0014369487762451172,
    "time_start_2": 4153095.370711875,
    "time_end_2": 4153095.372148916,
    "time_total_2": 0.0014370409771800041,
    "time_start_3": 4153095370711916,
    "time_end_3": 4153095372149000,
    "time_total_3": 0.001437084
}