{
    "function_method_name": "extract_images_from_pdf_to_files",
    "time_start_1": 1770515996.8362482,
    "time_end_1": 1770515996.837708,
    "time_total_1": 0.0014598369598388672,
    "time_start_2": 4098990.948705708,
    "time_end_2": 4098990.950165625,
    "time_total_2": 0.0014599170535802841,
    "time_start_3": 4098990948705750,
    "time_end_3": 4098990950165708,
    "time_total_3": 0.001459958
}