{
    "function_method_name": "extract_images_from_pdf_to_files",
    "time_start_1": 1770511893.5021372,
    "time_end_1": 1770511893.503572,
    "time_total_1": 0.0014348030090332031,
    "time_start_2": 4094887.620860125,
    "time_end_2": 4094887.622295375,
    "time_total_2": 0.0014352500438690186,
    "time_start_3": 4094887620860250,
    "time_end_3": 4094887622295416,
    "time_total_3": 0.001435166
}