{
    "function_method_name": "extract_text_to_file_from_any_document",
    "time_start_1": 1770475283.457396,
    "time_end_1": 1770475283.914016,
    "time_total_1": 0.4566199779510498,
    "time_start_2": 4058277.641546291,
    "time_end_2": 4058278.09816575,
    "time_total_2": 0.45661945920437574,
    "time_start_3": 4058277641546375,
    "time_end_3": 4058278098166000,
    "time_total_3": 0.456619625
}