{
    "function_method_name": "extract_images_from_pdf_to_files",
    "time_start_1": 1770569827.51935,
    "time_end_1": 1770569828.214158,
    "time_total_1": 0.6948080062866211,
    "time_start_2": 4152821.650408916,
    "time_end_2": 4152822.3452165,
    "time_total_2": 0.6948075839318335,
    "time_start_3": 4152821650409000,
    "time_end_3": 4152822345217041,
    "time_total_3": 0.694808041
}