{
    "function_method_name": "extract_images_from_pdf_to_files",
    "time_start_1": 1770568690.7021708,
    "time_end_1": 1770568691.374632,
    "time_total_1": 0.6724610328674316,
    "time_start_2": 4151684.83768975,
    "time_end_2": 4151685.510149458,
    "time_total_2": 0.6724597080610693,
    "time_start_3": 4151684837689791,
    "time_end_3": 4151685510149875,
    "time_total_3": 0.672460084
}