{
    "function_method_name": "extract_images_from_pdf_to_files",
    "time_start_1": 1770570177.177384,
    "time_end_1": 1770570177.8476439,
    "time_total_1": 0.670259952545166,
    "time_start_2": 4153171.307573875,
    "time_end_2": 4153171.977832833,
    "time_total_2": 0.6702589578926563,
    "time_start_3": 4153171307573958,
    "time_end_3": 4153171977833208,
    "time_total_3": 0.67025925
}