{
    "function_method_name": "extract_images_from_pdf_to_files",
    "time_start_1": 1770514339.619622,
    "time_end_1": 1770514340.2817438,
    "time_total_1": 0.6621217727661133,
    "time_start_2": 4097333.732254208,
    "time_end_2": 4097334.394375291,
    "time_total_2": 0.6621210831217468,
    "time_start_3": 4097333732254250,
    "time_end_3": 4097334394375666,
    "time_total_3": 0.662121416
}