{
    "function_method_name": "extract_images_from_pdf_to_files",
    "time_start_1": 1770514018.767442,
    "time_end_1": 1770514019.426971,
    "time_total_1": 0.6595289707183838,
    "time_start_2": 4097012.880906541,
    "time_end_2": 4097013.54043425,
    "time_total_2": 0.6595277092419565,
    "time_start_3": 4097012880906708,
    "time_end_3": 4097013540434583,
    "time_total_3": 0.659527875
}