{
    "function_method_name": "extract_images_from_pdf_to_files",
    "time_start_1": 1770301876.0448241,
    "time_end_1": 1770301876.709635,
    "time_total_1": 0.6648108959197998,
    "time_start_2": 3901308.48732875,
    "time_end_2": 3901309.152140916,
    "time_total_2": 0.6648121657781303,
    "time_start_3": 3901308487328833,
    "time_end_3": 3901309152141000,
    "time_total_3": 0.664812167
}