{
    "function_method_name": "extract_images_from_pdf_to_files",
    "time_start_1": 1770515557.963747,
    "time_end_1": 1770515558.626322,
    "time_total_1": 0.6625750064849854,
    "time_start_2": 4098552.073148833,
    "time_end_2": 4098552.735723375,
    "time_total_2": 0.6625745417550206,
    "time_start_3": 4098552073148916,
    "time_end_3": 4098552735723833,
    "time_total_3": 0.662574917
}