{
    "function_method_name": "extract_images_from_pdf_to_files",
    "time_start_1": 1770511861.1037061,
    "time_end_1": 1770511861.765991,
    "time_total_1": 0.6622848510742188,
    "time_start_2": 4094855.222517958,
    "time_end_2": 4094855.884801458,
    "time_total_2": 0.6622835001908243,
    "time_start_3": 4094855222518000,
    "time_end_3": 4094855884801916,
    "time_total_3": 0.662283916
}