{
    "function_method_name": "extract_images_from_pdf_to_files",
    "time_start_1": 1771005272.431987,
    "time_end_1": 1771005273.093848,
    "time_total_1": 0.6618609428405762,
    "time_start_2": 31625.944261166,
    "time_end_2": 31626.606121666,
    "time_total_2": 0.6618604999966919,
    "time_start_3": 31625944261208,
    "time_end_3": 31626606122333,
    "time_total_3": 0.661861125
}