{
    "function_method_name": "extract_images_from_pdf_to_files",
    "time_start_1": 1770514104.399839,
    "time_end_1": 1770514105.0617101,
    "time_total_1": 0.6618711948394775,
    "time_start_2": 4097098.513077791,
    "time_end_2": 4097099.174947875,
    "time_total_2": 0.6618700842373073,
    "time_start_3": 4097098513077875,
    "time_end_3": 4097099174948166,
    "time_total_3": 0.661870291
}