{
    "function_method_name": "extract_images_from_pdf_to_files",
    "time_start_1": 1770513078.870167,
    "time_end_1": 1770513079.5394099,
    "time_total_1": 0.6692428588867188,
    "time_start_2": 4096072.985605083,
    "time_end_2": 4096073.65484775,
    "time_total_2": 0.6692426670342684,
    "time_start_3": 4096072985605166,
    "time_end_3": 4096073654848500,
    "time_total_3": 0.669243334
}