{
    "function_method_name": "extract_images_from_pdf_to_files",
    "time_start_1": 1770301919.0888069,
    "time_end_1": 1770301919.752547,
    "time_total_1": 0.6637401580810547,
    "time_start_2": 3901351.531318833,
    "time_end_2": 3901352.195058875,
    "time_total_2": 0.6637400416657329,
    "time_start_3": 3901351531318916,
    "time_end_3": 3901352195058958,
    "time_total_3": 0.663740042
}