{
    "function_method_name": "extract_images_from_pdf_to_files",
    "time_start_1": 1771005638.6861749,
    "time_end_1": 1771005639.142638,
    "time_total_1": 0.456463098526001,
    "time_start_2": 31992.197781833,
    "time_end_2": 31992.654243666,
    "time_total_2": 0.45646183299686527,
    "time_start_3": 31992197781916,
    "time_end_3": 31992654243833,
    "time_total_3": 0.456461917
}