{
    "function_method_name": "extract_images_from_pdf_to_files",
    "time_start_1": 1770571095.055698,
    "time_end_1": 1770571095.7226188,
    "time_total_1": 0.6669209003448486,
    "time_start_2": 4154089.185803583,
    "time_end_2": 4154089.852724125,
    "time_total_2": 0.6669205422513187,
    "time_start_3": 4154089185803666,
    "time_end_3": 4154089852724500,
    "time_total_3": 0.666920834
}