{
    "function_method_name": "extract_images_from_pdf_to_files",
    "time_start_1": 1770514210.9994938,
    "time_end_1": 1770514211.661885,
    "time_total_1": 0.662391185760498,
    "time_start_2": 4097205.112457708,
    "time_end_2": 4097205.774848666,
    "time_total_2": 0.6623909580521286,
    "time_start_3": 4097205112457875,
    "time_end_3": 4097205774849083,
    "time_total_3": 0.662391208
}