{
    "function_method_name": "extract_images_from_pdf_to_files",
    "time_start_1": 1770304685.099969,
    "time_end_1": 1770304685.765398,
    "time_total_1": 0.6654291152954102,
    "time_start_2": 3904117.543318541,
    "time_end_2": 3904118.208747416,
    "time_total_2": 0.6654288750141859,
    "time_start_3": 3904117543318625,
    "time_end_3": 3904118208747458,
    "time_total_3": 0.665428833
}