{
    "function_method_name": "extract_images_from_pdf_to_files",
    "time_start_1": 1770302804.413574,
    "time_end_1": 1770302805.076305,
    "time_total_1": 0.6627309322357178,
    "time_start_2": 3902236.856214833,
    "time_end_2": 3902237.518945958,
    "time_total_2": 0.6627311250194907,
    "time_start_3": 3902236856214916,
    "time_end_3": 3902237518946458,
    "time_total_3": 0.662731542
}