{
    "function_method_name": "extract_images_from_pdf_to_files",
    "time_start_1": 1770566896.963226,
    "time_end_1": 1770566897.629229,
    "time_total_1": 0.6660029888153076,
    "time_start_2": 4149891.099142375,
    "time_end_2": 4149891.765143166,
    "time_total_2": 0.6660007908940315,
    "time_start_3": 4149891099142458,
    "time_end_3": 4149891765143291,
    "time_total_3": 0.666000833
}