{
    "function_method_name": "extract_images_from_pdf_to_files",
    "time_start_1": 1770515215.838933,
    "time_end_1": 1770515216.497068,
    "time_total_1": 0.658134937286377,
    "time_start_2": 4098209.949237666,
    "time_end_2": 4098210.607371541,
    "time_total_2": 0.6581338751129806,
    "time_start_3": 4098209949237750,
    "time_end_3": 4098210607371666,
    "time_total_3": 0.658133916
}