{
    "function_method_name": "extract_images_from_pdf_to_files",
    "time_start_1": 1770513313.8253849,
    "time_end_1": 1770513314.4867551,
    "time_total_1": 0.6613702774047852,
    "time_start_2": 4096307.940176333,
    "time_end_2": 4096308.6015465,
    "time_total_2": 0.6613701670430601,
    "time_start_3": 4096307940176375,
    "time_end_3": 4096308601546750,
    "time_total_3": 0.661370375
}