{
    "function_method_name": "extract_images_from_pdf_to_files",
    "time_start_1": 1770303085.286191,
    "time_end_1": 1770303085.961945,
    "time_total_1": 0.6757540702819824,
    "time_start_2": 3902517.728870166,
    "time_end_2": 3902518.404625625,
    "time_total_2": 0.6757554588839412,
    "time_start_3": 3902517728870208,
    "time_end_3": 3902518404626041,
    "time_total_3": 0.675755833
}