{
    "function_method_name": "extract_images_from_pdf_to_files",
    "time_start_1": 1770306288.442555,
    "time_end_1": 1770306289.107281,
    "time_total_1": 0.6647260189056396,
    "time_start_2": 3905720.886287958,
    "time_end_2": 3905721.551015416,
    "time_total_2": 0.6647274582646787,
    "time_start_3": 3905720886288041,
    "time_end_3": 3905721551016291,
    "time_total_3": 0.66472825
}