{
    "function_method_name": "extract_images_from_pdf_to_files",
    "time_start_1": 1770567618.8940952,
    "time_end_1": 1770567619.55882,
    "time_total_1": 0.6647248268127441,
    "time_start_2": 4150613.032427,
    "time_end_2": 4150613.697151416,
    "time_total_2": 0.6647244160994887,
    "time_start_3": 4150613032427083,
    "time_end_3": 4150613697151833,
    "time_total_3": 0.66472475
}