{
    "function_method_name": "extract_images_from_pdf_to_files",
    "time_start_1": 1770303779.1855931,
    "time_end_1": 1770303779.85108,
    "time_total_1": 0.6654868125915527,
    "time_start_2": 3903211.628385458,
    "time_end_2": 3903212.293872958,
    "time_total_2": 0.6654874999076128,
    "time_start_3": 3903211628385500,
    "time_end_3": 3903212293873250,
    "time_total_3": 0.66548775
}