{
    "function_method_name": "extract_images_from_pdf_to_files",
    "time_start_1": 1770513976.0733812,
    "time_end_1": 1770513976.744877,
    "time_total_1": 0.6714959144592285,
    "time_start_2": 4096970.186958916,
    "time_end_2": 4096970.858453791,
    "time_total_2": 0.6714948751032352,
    "time_start_3": 4096970186958958,
    "time_end_3": 4096970858454166,
    "time_total_3": 0.671495208
}