{
    "function_method_name": "extract_images_from_pdf_to_files",
    "time_start_1": 1770303455.3677828,
    "time_end_1": 1770303456.030259,
    "time_total_1": 0.6624760627746582,
    "time_start_2": 3902887.810522458,
    "time_end_2": 3902888.4729985,
    "time_total_2": 0.6624760418199003,
    "time_start_3": 3902887810522500,
    "time_end_3": 3902888472998833,
    "time_total_3": 0.662476333
}