{
    "function_method_name": "extract_images_from_pdf_to_files",
    "time_start_1": 1770516412.700053,
    "time_end_1": 1770516413.36087,
    "time_total_1": 0.6608169078826904,
    "time_start_2": 4099406.81174875,
    "time_end_2": 4099407.472564208,
    "time_total_2": 0.6608154578134418,
    "time_start_3": 4099406811748875,
    "time_end_3": 4099407472564250,
    "time_total_3": 0.660815375
}