{
    "function_method_name": "extract_images_from_pdf_to_files",
    "time_start_1": 1770511839.8006852,
    "time_end_1": 1770511840.4627352,
    "time_total_1": 0.6620500087738037,
    "time_start_2": 4094833.919555541,
    "time_end_2": 4094834.581605541,
    "time_total_2": 0.6620499999262393,
    "time_start_3": 4094833919555625,
    "time_end_3": 4094834581605833,
    "time_total_3": 0.662050208
}