{
    "function_method_name": "extract_images_from_pdf_to_files",
    "time_start_1": 1770515515.2264771,
    "time_end_1": 1770515515.886115,
    "time_total_1": 0.6596379280090332,
    "time_start_2": 4098509.33599175,
    "time_end_2": 4098509.995628833,
    "time_total_2": 0.6596370828337967,
    "time_start_3": 4098509335991875,
    "time_end_3": 4098509995628875,
    "time_total_3": 0.659637
}