{
    "function_method_name": "extract_images_from_pdf_to_files",
    "time_start_1": 1771004288.612096,
    "time_end_1": 1771004289.05934,
    "time_total_1": 0.44724392890930176,
    "time_start_2": 30642.12376625,
    "time_end_2": 30642.571009416,
    "time_total_2": 0.44724316599968006,
    "time_start_3": 30642123766333,
    "time_end_3": 30642571009708,
    "time_total_3": 0.447243375
}