{
    "function_method_name": "extract_images_from_pdf_to_files",
    "time_start_1": 1770569979.9004219,
    "time_end_1": 1770569980.5692759,
    "time_total_1": 0.6688539981842041,
    "time_start_2": 4152974.031128875,
    "time_end_2": 4152974.699981458,
    "time_total_2": 0.668852583039552,
    "time_start_3": 4152974031128958,
    "time_end_3": 4152974699981666,
    "time_total_3": 0.668852708
}