{
    "function_method_name": "extract_images_from_pdf_to_files",
    "time_start_1": 1770514061.761169,
    "time_end_1": 1770514062.423127,
    "time_total_1": 0.6619579792022705,
    "time_start_2": 4097055.874520083,
    "time_end_2": 4097056.536477333,
    "time_total_2": 0.6619572499766946,
    "time_start_3": 4097055874520125,
    "time_end_3": 4097056536477916,
    "time_total_3": 0.661957791
}