{
    "function_method_name": "extract_images_from_pdf_to_files",
    "time_start_1": 1770304663.490263,
    "time_end_1": 1770304664.153009,
    "time_total_1": 0.6627459526062012,
    "time_start_2": 3904095.933607458,
    "time_end_2": 3904096.596352791,
    "time_total_2": 0.6627453328110278,
    "time_start_3": 3904095933607541,
    "time_end_3": 3904096596352916,
    "time_total_3": 0.662745375
}