{
    "function_method_name": "extract_images_from_pdf_to_files",
    "time_start_1": 1771755150.1017148,
    "time_end_1": 1771755150.591699,
    "time_total_1": 0.48998403549194336,
    "time_start_2": 211621.986133083,
    "time_end_2": 211622.47611675,
    "time_total_2": 0.48998366700834595,
    "time_start_3": 211621986133125,
    "time_end_3": 211622476117000,
    "time_total_3": 0.489983875
}