{
    "function_method_name": "extract_images_from_pdf_to_files",
    "time_start_1": 1770512822.303067,
    "time_end_1": 1770512822.964702,
    "time_total_1": 0.6616349220275879,
    "time_start_2": 4095816.419252708,
    "time_end_2": 4095817.080886333,
    "time_total_2": 0.6616336246952415,
    "time_start_3": 4095816419252791,
    "time_end_3": 4095817080886708,
    "time_total_3": 0.661633917
}