{
    "function_method_name": "extract_images_from_pdf_to_files",
    "time_start_1": 1770515408.371199,
    "time_end_1": 1770515409.0314739,
    "time_total_1": 0.6602749824523926,
    "time_start_2": 4098402.480996625,
    "time_end_2": 4098403.141269625,
    "time_total_2": 0.6602730001322925,
    "time_start_3": 4098402480996708,
    "time_end_3": 4098403141269916,
    "time_total_3": 0.660273208
}