{
    "function_method_name": "extract_images_from_pdf_to_files",
    "time_start_1": 1770514638.7153652,
    "time_end_1": 1770514639.375795,
    "time_total_1": 0.6604297161102295,
    "time_start_2": 4097632.827206916,
    "time_end_2": 4097633.487636125,
    "time_total_2": 0.6604292090050876,
    "time_start_3": 4097632827207000,
    "time_end_3": 4097633487636583,
    "time_total_3": 0.660429583
}