{
    "function_method_name": "extract_images_from_pdf_to_files",
    "time_start_1": 1770511583.252352,
    "time_end_1": 1770511583.915205,
    "time_total_1": 0.6628530025482178,
    "time_start_2": 4094577.371916166,
    "time_end_2": 4094578.03476725,
    "time_total_2": 0.6628510840237141,
    "time_start_3": 4094577371916250,
    "time_end_3": 4094578034767500,
    "time_total_3": 0.66285125
}