{
    "function_method_name": "extract_images_from_pdf_to_files",
    "time_start_1": 1770512972.03534,
    "time_end_1": 1770512972.696405,
    "time_total_1": 0.661064863204956,
    "time_start_2": 4095966.151088541,
    "time_end_2": 4095966.812151541,
    "time_total_2": 0.6610630000941455,
    "time_start_3": 4095966151088625,
    "time_end_3": 4095966812151791,
    "time_total_3": 0.661063166
}