{
    "function_method_name": "extract_images_from_pdf_to_files",
    "time_start_1": 1770304864.550993,
    "time_end_1": 1770304865.215744,
    "time_total_1": 0.6647510528564453,
    "time_start_2": 3904296.994406875,
    "time_end_2": 3904297.659157875,
    "time_total_2": 0.6647509997710586,
    "time_start_3": 3904296994406958,
    "time_end_3": 3904297659158333,
    "time_total_3": 0.664751375
}