{
    "function_method_name": "extract_images_from_pdf_to_files",
    "time_start_1": 1770568144.281434,
    "time_end_1": 1770568144.952441,
    "time_total_1": 0.6710069179534912,
    "time_start_2": 4151138.418581125,
    "time_end_2": 4151139.089588166,
    "time_total_2": 0.6710070413537323,
    "time_start_3": 4151138418581208,
    "time_end_3": 4151139089588541,
    "time_total_3": 0.671007333
}