{
    "function_method_name": "extract_images_from_pdf_to_files",
    "time_start_1": 1770569325.627743,
    "time_end_1": 1770569326.305977,
    "time_total_1": 0.6782341003417969,
    "time_start_2": 4152319.761822541,
    "time_end_2": 4152320.440056166,
    "time_total_2": 0.6782336253672838,
    "time_start_3": 4152319761822625,
    "time_end_3": 4152320440056833,
    "time_total_3": 0.678234208
}