{
    "function_method_name": "extract_images_from_pdf_to_files",
    "time_start_1": 1770571291.3400471,
    "time_end_1": 1770571292.0091379,
    "time_total_1": 0.669090747833252,
    "time_start_2": 4154285.469718666,
    "time_end_2": 4154286.13880925,
    "time_total_2": 0.6690905843861401,
    "time_start_3": 4154285469718708,
    "time_end_3": 4154286138809666,
    "time_total_3": 0.669090958
}