{
    "function_method_name": "extract_images_from_pdf_to_files",
    "time_start_1": 1770570985.785613,
    "time_end_1": 1770570986.462868,
    "time_total_1": 0.6772549152374268,
    "time_start_2": 4153979.913698416,
    "time_end_2": 4153980.590951791,
    "time_total_2": 0.6772533748298883,
    "time_start_3": 4153979913698458,
    "time_end_3": 4153980590951958,
    "time_total_3": 0.6772535
}