{
    "function_method_name": "extract_images_from_pdf_to_files",
    "time_start_1": 1770303649.705131,
    "time_end_1": 1770303650.368719,
    "time_total_1": 0.6635880470275879,
    "time_start_2": 3903082.1479015,
    "time_end_2": 3903082.811490416,
    "time_total_2": 0.66358891595155,
    "time_start_3": 3903082147901541,
    "time_end_3": 3903082811490666,
    "time_total_3": 0.663589125
}