{
    "function_method_name": "extract_tables_to_files_from_pdf_document",
    "time_start_1": 1769621101.567317,
    "time_end_1": 1769621108.878914,
    "time_total_1": 7.311597108840942,
    "time_start_2": 3220533.515438875,
    "time_end_2": 3220540.82700175,
    "time_total_2": 7.311562874820083,
    "time_start_3": 3220533515438916,
    "time_end_3": 3220540827001916,
    "time_total_3": 7.311563
}