{
    "function_method_name": "extract_tables_to_files_from_pdf_document",
    "time_start_1": 1769613227.689822,
    "time_end_1": 1769613234.7999501,
    "time_total_1": 7.110128164291382,
    "time_start_2": 3212659.662448625,
    "time_end_2": 3212666.772546375,
    "time_total_2": 7.110097750090063,
    "time_start_3": 3212659662448666,
    "time_end_3": 3212666772546541,
    "time_total_3": 7.110097875
}