{
    "function_method_name": "extract_tables_to_files_from_pdf_document",
    "time_start_1": 1769407686.456151,
    "time_end_1": 1769407693.723972,
    "time_total_1": 7.2678210735321045,
    "time_start_2": 3011915.346874416,
    "time_end_2": 3011922.614689041,
    "time_total_2": 7.267814625054598,
    "time_start_3": 3011915346874458,
    "time_end_3": 3011922614689125,
    "time_total_3": 7.267814667
}