{
    "function_method_name": "extract_tables_to_files_from_pdf_document",
    "time_start_1": 1769612953.6679769,
    "time_end_1": 1769612962.0002959,
    "time_total_1": 8.332319021224976,
    "time_start_2": 3212385.641757541,
    "time_end_2": 3212393.974042208,
    "time_total_2": 8.332284667063504,
    "time_start_3": 3212385641757583,
    "time_end_3": 3212393974042500,
    "time_total_3": 8.332284917
}