{
    "function_method_name": "extract_text_to_file_from_any_document",
    "time_start_1": 1772669742.32094,
    "time_end_1": 1772669843.761991,
    "time_total_1": 101.44105100631714,
    "time_start_2": 857472.699212958,
    "time_end_2": 857574.140123416,
    "time_total_2": 101.44091045798268,
    "time_start_3": 857472699213041,
    "time_end_3": 857574140123916,
    "time_total_3": 101.440910875
}