{
    "function_method_name": "extract_text_to_file_from_any_document",
    "time_start_1": 1771592510.179646,
    "time_end_1": 1771593086.551146,
    "time_total_1": 576.3715000152588,
    "time_start_2": 59569.760333541,
    "time_end_2": 60146.118200916,
    "time_total_2": 576.3578673749944,
    "time_start_3": 59569760333916,
    "time_end_3": 60146118201333,
    "time_total_3": 576.357867417
}