{
    "function_method_name": "extract_text_to_file_from_any_document",
    "time_start_1": 1770556500.2837539,
    "time_end_1": 1770557486.639498,
    "time_total_1": 986.3557441234589,
    "time_start_2": 4139494.462745208,
    "time_end_2": 4140480.8112625,
    "time_total_2": 986.3485172921792,
    "time_start_3": 4139494462745416,
    "time_end_3": 4140480811262958,
    "time_total_3": 986.348517542
}