{
    "function_method_name": "extract_text_to_file_from_any_document",
    "time_start_1": 1771668964.7611039,
    "time_end_1": 1771668964.810883,
    "time_total_1": 0.04977917671203613,
    "time_start_2": 125436.694322875,
    "time_end_2": 125436.744102416,
    "time_total_2": 0.04977954100468196,
    "time_start_3": 125436694322916,
    "time_end_3": 125436744102583,
    "time_total_3": 0.049779667
}