{
    "function_method_name": "extract_text_to_file_from_any_document",
    "time_start_1": 1770993069.537034,
    "time_end_1": 1770993069.544435,
    "time_total_1": 0.007400989532470703,
    "time_start_2": 19423.080465333,
    "time_end_2": 19423.08786625,
    "time_total_2": 0.007400916998449247,
    "time_start_3": 19423080465416,
    "time_end_3": 19423087866375,
    "time_total_3": 0.007400959
}