{
    "function_method_name": "extract_text_to_file_from_any_document",
    "time_start_1": 1772014660.248579,
    "time_end_1": 1772014660.445014,
    "time_total_1": 0.19643497467041016,
    "time_start_2": 223562.654809583,
    "time_end_2": 223562.85124425,
    "time_total_2": 0.19643466698471457,
    "time_start_3": 223562654809750,
    "time_end_3": 223562851244416,
    "time_total_3": 0.196434666
}