{
    "function_method_name": "extract_text_to_file_from_any_document",
    "time_start_1": 1769720813.478678,
    "time_end_1": 1769720813.517108,
    "time_total_1": 0.038429975509643555,
    "time_start_2": 3320245.349955083,
    "time_end_2": 3320245.388385083,
    "time_total_2": 0.03843000018969178,
    "time_start_3": 3320245349955125,
    "time_end_3": 3320245388385208,
    "time_total_3": 0.038430083
}