{
    "function_method_name": "extract_text_to_file_from_any_document",
    "time_start_1": 1769607754.554334,
    "time_end_1": 1769607754.595905,
    "time_total_1": 0.04157114028930664,
    "time_start_2": 3207186.552828416,
    "time_end_2": 3207186.594399416,
    "time_total_2": 0.041570999659597874,
    "time_start_3": 3207186552828500,
    "time_end_3": 3207186594399791,
    "time_total_3": 0.041571291
}