{
    "function_method_name": "extract_tables_to_files_from_pdf_document",
    "time_start_1": 1769684587.1432629,
    "time_end_1": 1769684588.932598,
    "time_total_1": 1.7893352508544922,
    "time_start_2": 3284019.117303416,
    "time_end_2": 3284020.906638458,
    "time_total_2": 1.7893350417725742,
    "time_start_3": 3284019117303458,
    "time_end_3": 3284020906638708,
    "time_total_3": 1.78933525
}