{
    "function_method_name": "extract_tables_to_files_from_pdf_document",
    "time_start_1": 1769618385.947438,
    "time_end_1": 1769618387.817611,
    "time_total_1": 1.8701729774475098,
    "time_start_2": 3217817.923263583,
    "time_end_2": 3217819.793435291,
    "time_total_2": 1.8701717080548406,
    "time_start_3": 3217817923263708,
    "time_end_3": 3217819793435666,
    "time_total_3": 1.870171958
}