{
    "function_method_name": "extract_tables_to_files_from_pdf_document",
    "time_start_1": 1769283950.290883,
    "time_end_1": 1769283951.620836,
    "time_total_1": 1.3299529552459717,
    "time_start_2": 2888179.422905583,
    "time_end_2": 2888180.752856833,
    "time_total_2": 1.3299512499943376,
    "time_start_3": 2888179422905666,
    "time_end_3": 2888180752857166,
    "time_total_3": 1.3299515
}