{
    "function_method_name": "extract_tables_to_files_from_pdf_document",
    "time_start_1": 1772678243.395301,
    "time_end_1": 1772678244.645489,
    "time_total_1": 1.250187873840332,
    "time_start_2": 865973.718967666,
    "time_end_2": 865974.969148625,
    "time_total_2": 1.2501809590030462,
    "time_start_3": 865973718967750,
    "time_end_3": 865974969148833,
    "time_total_3": 1.250181083
}