{
    "function_method_name": "extract_tables_to_files_from_pdf_document",
    "time_start_1": 1769299233.0352142,
    "time_end_1": 1769299234.809431,
    "time_total_1": 1.774216890335083,
    "time_start_2": 2903462.10423775,
    "time_end_2": 2903463.878452208,
    "time_total_2": 1.7742144577205181,
    "time_start_3": 2903462104237791,
    "time_end_3": 2903463878452458,
    "time_total_3": 1.774214667
}