{
  "function_method_name": "extract_text_to_file_from_any_document",
  "num_pages": 79,
  "time_start_1": 1773072361.4149451,
  "time_end_1": 1773072499.548564,
  "time_total_1": 138.13361883163452,
  "pages_per_second_1": 0.5719100148696596,
  "time_start_2": 1232013.722917833,
  "time_end_2": 1232151.855949083,
  "time_total_2": 138.13303125021048,
  "pages_per_second_2": 0.5719124476237802,
  "time_start_3": 1232013722917958,
  "time_end_3": 1232151855949291,
  "time_total_3": 138.133031333,
  "pages_per_second_3": 0.5719124472810067
}