{
    "function_method_name": "extract_text_to_file_from_any_document",
    "time_start_1": 1763179138.7477472,
    "time_end_1": 1763179143.0637188,
    "time_total_1": 4.315971612930298,
    "time_start_2": 145349.115593791,
    "time_end_2": 145353.431559541,
    "time_total_2": 4.315965749992756,
    "time_start_3": 145349115593916,
    "time_end_3": 145353431559708,
    "time_total_3": 4.315965792
}