{
    "function_method_name": "extract_text_to_file_from_any_document",
    "time_start_1": 1763129011.5005262,
    "time_end_1": 1763129015.808961,
    "time_total_1": 4.308434724807739,
    "time_start_2": 95221.886859375,
    "time_end_2": 95226.195258958,
    "time_total_2": 4.3083995830093045,
    "time_start_3": 95221886859416,
    "time_end_3": 95226195259125,
    "time_total_3": 4.308399709
}