{
    "function_method_name": "extract_text_to_file_from_any_document",
    "time_start_1": 1763159097.518059,
    "time_end_1": 1763159101.8303611,
    "time_total_1": 4.312302112579346,
    "time_start_2": 125307.920203041,
    "time_end_2": 125312.23250775,
    "time_total_2": 4.31230470900482,
    "time_start_3": 125307920203125,
    "time_end_3": 125312232507958,
    "time_total_3": 4.312304833
}