{
    "function_method_name": "extract_text_to_file_from_any_document",
    "time_start_1": 1763171534.746397,
    "time_end_1": 1763171539.068487,
    "time_total_1": 4.322089910507202,
    "time_start_2": 137745.137741708,
    "time_end_2": 137749.459855916,
    "time_total_2": 4.322114208014682,
    "time_start_3": 137745137741750,
    "time_end_3": 137749459856125,
    "time_total_3": 4.322114375
}