{
    "function_method_name": "extract_text_to_file_from_any_document",
    "time_start_1": 1772631211.08998,
    "time_end_1": 1772631211.1838112,
    "time_total_1": 0.09383130073547363,
    "time_start_2": 818941.503624916,
    "time_end_2": 818941.59745775,
    "time_total_2": 0.09383283404167742,
    "time_start_3": 818941503625041,
    "time_end_3": 818941597458333,
    "time_total_3": 0.093833292
}