{
    "function_method_name": "extract_text_to_file_from_any_document",
    "time_start_1": 1763208932.5160089,
    "time_end_1": 1763208934.356076,
    "time_total_1": 1.8400671482086182,
    "time_start_2": 175142.814166416,
    "time_end_2": 175144.65423775,
    "time_total_2": 1.8400713339797221,
    "time_start_3": 175142814166458,
    "time_end_3": 175144654237958,
    "time_total_3": 1.8400715
}