{
    "function_method_name": "extract_text_to_file_from_any_document",
    "time_start_1": 1763189149.5216541,
    "time_end_1": 1763189152.09352,
    "time_total_1": 2.5718657970428467,
    "time_start_2": 155359.861468916,
    "time_end_2": 155362.433347625,
    "time_total_2": 2.5718787089863326,
    "time_start_3": 155359861468958,
    "time_end_3": 155362433347875,
    "time_total_3": 2.571878917
}