{
    "function_method_name": "extract_text_to_file_from_any_document",
    "time_start_1": 1763191633.887201,
    "time_end_1": 1763191636.479958,
    "time_total_1": 2.592756986618042,
    "time_start_2": 157844.211390208,
    "time_end_2": 157846.80415075,
    "time_total_2": 2.5927605420001782,
    "time_start_3": 157844211390291,
    "time_end_3": 157846804150875,
    "time_total_3": 2.592760584
}