{
    "function_method_name": "extract_text_to_file_from_any_document",
    "time_start_1": 1763184100.913125,
    "time_end_1": 1763184103.4930282,
    "time_total_1": 2.5799031257629395,
    "time_start_2": 150311.172696083,
    "time_end_2": 150313.752559125,
    "time_total_2": 2.579863041988574,
    "time_start_3": 150311172696166,
    "time_end_3": 150313752559333,
    "time_total_3": 2.579863167
}