{
    "function_method_name": "extract_markdown_to_file_from_any_document_complex",
    "num_pages": 0,
    "time_start_1": 1772214636.718766,
    "time_end_1": 1772214637.9495869,
    "time_total_1": 1.230820894241333,
    "pages_per_second_1": 0.0,
    "time_start_2": 402367.369132833,
    "time_end_2": 402368.59994925,
    "time_total_2": 1.2308164170244709,
    "pages_per_second_2": 0.0,
    "time_start_3": 402367369132875,
    "time_end_3": 402368599949333,
    "time_total_3": 1.230816458,
    "pages_per_second_3": 0.0
}