{
    "function_method_name": "extract_markdown_to_file_from_any_document",
    "num_pages": 0,
    "time_start_1": 1771402936.9851992,
    "time_end_1": 1771402938.2438788,
    "time_total_1": 1.2586796283721924,
    "pages_per_second_1": 0.0,
    "time_start_2": 409925.808784,
    "time_end_2": 409927.067460791,
    "time_total_2": 1.2586767909815535,
    "pages_per_second_2": 0.0,
    "time_start_3": 409925808784083,
    "time_end_3": 409927067461125,
    "time_total_3": 1.258677042,
    "pages_per_second_3": 0.0
}