{
    "function_method_name": "extract_tables_to_files_from_pdf_document",
    "time_start_1": 1769316143.062912,
    "time_end_1": 1769316163.987894,
    "time_total_1": 20.92498207092285,
    "time_start_2": 2920372.086342916,
    "time_end_2": 2920393.011269208,
    "time_total_2": 20.924926292151213,
    "time_start_3": 2920372086342958,
    "time_end_3": 2920393011269416,
    "time_total_3": 20.924926458
}