{
    "function_method_name": "extract_tables_to_files_from_pdf_document",
    "time_start_1": 1769298274.5561879,
    "time_end_1": 1769298296.510389,
    "time_total_1": 21.954201221466064,
    "time_start_2": 2902503.62721325,
    "time_end_2": 2902525.58133525,
    "time_total_2": 21.95412199990824,
    "time_start_3": 2902503627213416,
    "time_end_3": 2902525581335500,
    "time_total_3": 21.954122084
}