{
    "function_method_name": "extract_tables_to_files_from_pdf_document",
    "time_start_1": 1769319405.581694,
    "time_end_1": 1769319427.198375,
    "time_total_1": 21.61668109893799,
    "time_start_2": 2923634.596222333,
    "time_end_2": 2923656.212844708,
    "time_total_2": 21.616622374858707,
    "time_start_3": 2923634596222500,
    "time_end_3": 2923656212844833,
    "time_total_3": 21.616622333
}