{
    "function_method_name": "extract_tables_to_files_from_pdf_document",
    "time_start_1": 1769290424.187982,
    "time_end_1": 1769290439.788791,
    "time_total_1": 15.60080885887146,
    "time_start_2": 2894653.289541333,
    "time_end_2": 2894668.890280583,
    "time_total_2": 15.600739249959588,
    "time_start_3": 2894653289541416,
    "time_end_3": 2894668890280708,
    "time_total_3": 15.600739292
}