{
    "function_method_name": "extract_tables_to_files_from_pdf_document",
    "time_start_1": 1769615459.509841,
    "time_end_1": 1769615481.750985,
    "time_total_1": 22.241143941879272,
    "time_start_2": 3214891.487317375,
    "time_end_2": 3214913.728426125,
    "time_total_2": 22.241108749993145,
    "time_start_3": 3214891487317541,
    "time_end_3": 3214913728426250,
    "time_total_3": 22.241108709
}