{
    "function_method_name": "extract_tables_to_files_from_pdf_document",
    "time_start_1": 1771627521.5885499,
    "time_end_1": 1771627559.095246,
    "time_total_1": 37.50669622421265,
    "time_start_2": 83993.62990225,
    "time_end_2": 84031.13652975,
    "time_total_2": 37.50662749999901,
    "time_start_3": 83993629902541,
    "time_end_3": 84031136530083,
    "time_total_3": 37.506627542
}