{
    "function_method_name": "extract_text_to_file_from_any_document",
    "time_start_1": 1765466810.349011,
    "time_end_1": 1765466811.675064,
    "time_total_1": 1.3260531425476074,
    "time_start_2": 2375833.128468833,
    "time_end_2": 2375834.454523375,
    "time_total_2": 1.3260545418597758,
    "time_start_3": 2375833128468916,
    "time_end_3": 2375834454523541,
    "time_total_3": 1.326054625
}