{
    "function_method_name": "extract_text_to_file_from_any_document",
    "time_start_1": 1763907608.702451,
    "time_end_1": 1763907609.621108,
    "time_total_1": 0.9186570644378662,
    "time_start_2": 843090.224799458,
    "time_end_2": 843091.143457833,
    "time_total_2": 0.918658374925144,
    "time_start_3": 843090224799500,
    "time_end_3": 843091143458000,
    "time_total_3": 0.9186585
}