{
    "function_method_name": "extract_tables_to_files_from_pdf_document",
    "time_start_1": 1769335945.509305,
    "time_end_1": 1769335958.4443672,
    "time_total_1": 12.935062170028687,
    "time_start_2": 2940174.479711333,
    "time_end_2": 2940187.414736,
    "time_total_2": 12.93502466706559,
    "time_start_3": 2940174479711416,
    "time_end_3": 2940187414736125,
    "time_total_3": 12.935024709
}