{
    "function_method_name": "extract_tables_to_files_from_pdf_document",
    "time_start_1": 1769420715.297059,
    "time_end_1": 1769420728.011109,
    "time_total_1": 12.714050054550171,
    "time_start_2": 3024944.1515315,
    "time_end_2": 3024956.86554725,
    "time_total_2": 12.714015750214458,
    "time_start_3": 3024944151531583,
    "time_end_3": 3024956865547375,
    "time_total_3": 12.714015792
}