{
    "function_method_name": "extract_tables_to_files_from_pdf_document",
    "time_start_1": 1769609540.777814,
    "time_end_1": 1769609554.5184178,
    "time_total_1": 13.740603923797607,
    "time_start_2": 3208972.782148208,
    "time_end_2": 3208986.522750625,
    "time_total_2": 13.740602416917682,
    "time_start_3": 3208972782148250,
    "time_end_3": 3208986522750916,
    "time_total_3": 13.740602666
}