{
    "function_method_name": "extract_tables_to_files_from_pdf_document",
    "time_start_1": 1769290395.611095,
    "time_end_1": 1769290405.738892,
    "time_total_1": 10.12779712677002,
    "time_start_2": 2894624.712790833,
    "time_end_2": 2894634.840537333,
    "time_total_2": 10.127746500074863,
    "time_start_3": 2894624712790875,
    "time_end_3": 2894634840537416,
    "time_total_3": 10.127746541
}