{
    "function_method_name": "extract_tables_to_files_from_pdf_document",
    "time_start_1": 1769327587.305088,
    "time_end_1": 1769327600.2424161,
    "time_total_1": 12.937328100204468,
    "time_start_2": 2931816.298491708,
    "time_end_2": 2931829.235785125,
    "time_total_2": 12.937293416820467,
    "time_start_3": 2931816298491791,
    "time_end_3": 2931829235785250,
    "time_total_3": 12.937293459
}