{
    "function_method_name": "extract_tables_to_files_from_pdf_document",
    "time_start_1": 1769284425.1156769,
    "time_end_1": 1769284435.029261,
    "time_total_1": 9.913584232330322,
    "time_start_2": 2888654.246769041,
    "time_end_2": 2888664.1603335,
    "time_total_2": 9.91356445895508,
    "time_start_3": 2888654246769041,
    "time_end_3": 2888664160333583,
    "time_total_3": 9.913564542
}