{
    "function_method_name": "extract_tables_to_files_from_pdf_document",
    "time_start_1": 1770511456.870839,
    "time_end_1": 1770511457.046787,
    "time_total_1": 0.175947904586792,
    "time_start_2": 4094450.990750375,
    "time_end_2": 4094451.166698166,
    "time_total_2": 0.1759477909654379,
    "time_start_3": 4094450990750458,
    "time_end_3": 4094451166698375,
    "time_total_3": 0.175947917
}