{
    "function_method_name": "extract_text_to_file_from_any_document",
    "time_start_1": 1769381763.728201,
    "time_end_1": 1769381764.431764,
    "time_total_1": 0.7035629749298096,
    "time_start_2": 2985992.677068541,
    "time_end_2": 2985993.380631625,
    "time_total_2": 0.7035630843602121,
    "time_start_3": 2985992677068583,
    "time_end_3": 2985993380631708,
    "time_total_3": 0.703563125
}