{
    "function_method_name": "extract_tables_to_files_from_pdf_document",
    "time_start_1": 1769285119.073975,
    "time_end_1": 1769285128.993411,
    "time_total_1": 9.919435977935791,
    "time_start_2": 2889348.201494666,
    "time_end_2": 2889358.120906333,
    "time_total_2": 9.919411667156965,
    "time_start_3": 2889348201494708,
    "time_end_3": 2889358120906458,
    "time_total_3": 9.91941175
}