{
    "function_method_name": "extract_tables_to_files_from_pdf_document",
    "time_start_1": 1769623248.869547,
    "time_end_1": 1769623262.110989,
    "time_total_1": 13.241442203521729,
    "time_start_2": 3222680.818238291,
    "time_end_2": 3222694.059640916,
    "time_total_2": 13.241402625106275,
    "time_start_3": 3222680818238333,
    "time_end_3": 3222694059641166,
    "time_total_3": 13.241402833
}