{
    "function_method_name": "extract_tables_to_files_from_pdf_document",
    "time_start_1": 1769330243.939801,
    "time_end_1": 1769330257.855586,
    "time_total_1": 13.915785074234009,
    "time_start_2": 2934472.925848083,
    "time_end_2": 2934486.84159525,
    "time_total_2": 13.915747167076916,
    "time_start_3": 2934472925848125,
    "time_end_3": 2934486841595500,
    "time_total_3": 13.915747375
}