{
    "function_method_name": "extract_tables_to_files_from_pdf_document",
    "time_start_1": 1769304093.659617,
    "time_end_1": 1769304106.580982,
    "time_total_1": 12.921365022659302,
    "time_start_2": 2908322.716567875,
    "time_end_2": 2908335.637899208,
    "time_total_2": 12.921331332996488,
    "time_start_3": 2908322716567958,
    "time_end_3": 2908335637899416,
    "time_total_3": 12.921331458
}