{
    "function_method_name": "extract_tables_to_files_from_pdf_document",
    "time_start_1": 1769683040.417058,
    "time_end_1": 1769683054.914932,
    "time_total_1": 14.497874021530151,
    "time_start_2": 3282472.391862583,
    "time_end_2": 3282486.889729541,
    "time_total_2": 14.497866957914084,
    "time_start_3": 3282472391862625,
    "time_end_3": 3282486889729833,
    "time_total_3": 14.497867208
}