{
    "function_method_name": "extract_tables_to_files_from_pdf_document",
    "time_start_1": 1769618349.875821,
    "time_end_1": 1769618365.3348422,
    "time_total_1": 15.459021091461182,
    "time_start_2": 3217781.851691458,
    "time_end_2": 3217797.310693416,
    "time_total_2": 15.459001957904547,
    "time_start_3": 3217781851691541,
    "time_end_3": 3217797310693708,
    "time_total_3": 15.459002167
}