{
    "function_method_name": "extract_tables_to_files_from_pdf_document",
    "time_start_1": 1769325227.75173,
    "time_end_1": 1769325241.2555552,
    "time_total_1": 13.503825187683105,
    "time_start_2": 2929456.751594833,
    "time_end_2": 2929470.255385583,
    "time_total_2": 13.503790749702603,
    "time_start_3": 2929456751594916,
    "time_end_3": 2929470255385791,
    "time_total_3": 13.503790875
}