{
    "function_method_name": "extract_tables_to_files_from_pdf_document",
    "time_start_1": 1769287233.903423,
    "time_end_1": 1769287234.202063,
    "time_total_1": 0.29864001274108887,
    "time_start_2": 2891463.022959125,
    "time_end_2": 2891463.321598291,
    "time_total_2": 0.29863916570320725,
    "time_start_3": 2891463022959166,
    "time_end_3": 2891463321598375,
    "time_total_3": 0.298639209
}