{
    "function_method_name": "extract_tables_to_files_from_pdf_document",
    "time_start_1": 1769408443.867367,
    "time_end_1": 1769408444.311894,
    "time_total_1": 0.44452691078186035,
    "time_start_2": 3012672.755460166,
    "time_end_2": 3012673.199987333,
    "time_total_2": 0.44452716689556837,
    "time_start_3": 3012672755460208,
    "time_end_3": 3012673199987458,
    "time_total_3": 0.44452725
}