{
    "function_method_name": "extract_tables_to_files_from_pdf_document",
    "time_start_1": 1769315078.507776,
    "time_end_1": 1769315078.95484,
    "time_total_1": 0.4470639228820801,
    "time_start_2": 2919307.533239625,
    "time_end_2": 2919307.980303583,
    "time_total_2": 0.4470639582723379,
    "time_start_3": 2919307533239708,
    "time_end_3": 2919307980303666,
    "time_total_3": 0.447063958
}