{
    "function_method_name": "extract_tables_to_files_from_pdf_document",
    "time_start_1": 1765504317.313659,
    "time_end_1": 1765504319.0654678,
    "time_total_1": 1.7518088817596436,
    "time_start_2": 2413339.927883208,
    "time_end_2": 2413341.679685375,
    "time_total_2": 1.7518021673895419,
    "time_start_3": 2413339927883250,
    "time_end_3": 2413341679685583,
    "time_total_3": 1.751802333
}