{
    "function_method_name": "extract_tables_to_files_from_pdf_document",
    "time_start_1": 1765516471.2276092,
    "time_end_1": 1765516473.0337338,
    "time_total_1": 1.8061246871948242,
    "time_start_2": 2425493.84187875,
    "time_end_2": 2425495.647989833,
    "time_total_2": 1.8061110829003155,
    "time_start_3": 2425493841878833,
    "time_end_3": 2425495647990125,
    "time_total_3": 1.806111292
}