{
    "function_method_name": "extract_tables_to_files_from_pdf_document",
    "time_start_1": 1765475642.8027809,
    "time_end_1": 1765475649.6399,
    "time_total_1": 6.837119102478027,
    "time_start_2": 2384665.56891575,
    "time_end_2": 2384672.406028375,
    "time_total_2": 6.837112625129521,
    "time_start_3": 2384665568915916,
    "time_end_3": 2384672406028583,
    "time_total_3": 6.837112667
}