{
    "function_method_name": "extract_tables_to_files_from_pdf_document",
    "time_start_1": 1765495719.428318,
    "time_end_1": 1765495721.2385228,
    "time_total_1": 1.8102047443389893,
    "time_start_2": 2404742.072389166,
    "time_end_2": 2404743.88258125,
    "time_total_2": 1.81019208393991,
    "time_start_3": 2404742072389250,
    "time_end_3": 2404743882581500,
    "time_total_3": 1.81019225
}