{
    "function_method_name": "extract_tables_to_files_from_pdf_document",
    "time_start_1": 1763233316.0349271,
    "time_end_1": 1763233317.522621,
    "time_total_1": 1.4876937866210938,
    "time_start_2": 199526.271606625,
    "time_end_2": 199527.759309666,
    "time_total_2": 1.4877030409988947,
    "time_start_3": 199526271606708,
    "time_end_3": 199527759309833,
    "time_total_3": 1.487703125
}