{
    "function_method_name": "extract_tables_to_files_from_pdf_document",
    "time_start_1": 1765482997.739989,
    "time_end_1": 1765483005.370732,
    "time_total_1": 7.630743026733398,
    "time_start_2": 2392020.448025708,
    "time_end_2": 2392028.078734375,
    "time_total_2": 7.630708666983992,
    "time_start_3": 2392020448026000,
    "time_end_3": 2392028078734875,
    "time_total_3": 7.630708875
}