{
    "function_method_name": "extract_text_to_file_from_any_document",
    "time_start_1": 1772789346.9543521,
    "time_end_1": 1772789347.0334442,
    "time_total_1": 0.07909202575683594,
    "time_start_2": 963316.911463666,
    "time_end_2": 963316.990556583,
    "time_total_2": 0.07909291703253984,
    "time_start_3": 963316911464375,
    "time_end_3": 963316990556958,
    "time_total_3": 0.079092583
}