{
    "function_method_name": "extract_text_to_file_from_any_document",
    "time_start_1": 1771618042.053901,
    "time_end_1": 1771618376.781739,
    "time_total_1": 334.7278380393982,
    "time_start_2": 74514.136121208,
    "time_end_2": 74848.8513815,
    "time_total_2": 334.7152602920105,
    "time_start_3": 74514136121333,
    "time_end_3": 74848851382125,
    "time_total_3": 334.715260792
}