{
  "function_method_name": "extract_text_to_file_from_any_document",
  "time_start_1": 1780747159.144429,
  "time_end_1": 1780747161.447079,
  "time_total_1": 2.302649974822998,
  "time_start_2": 7.330530416,
  "time_end_2": 9.633198333,
  "time_total_2": 2.302667916999999,
  "time_start_3": 7330530541,
  "time_end_3": 9633198500,
  "time_total_3": 2.302667959
}