{
    "function_method_name": "extract_text_to_file_from_any_document",
    "time_start_1": 1772216508.997112,
    "time_end_1": 1772216509.440453,
    "time_total_1": 0.4433410167694092,
    "time_start_2": 404239.6337625,
    "time_end_2": 404240.077101625,
    "time_total_2": 0.44333912496222183,
    "time_start_3": 404239633762583,
    "time_end_3": 404240077101875,
    "time_total_3": 0.443339292
}