{
    "function_method_name": "extract_tables_to_files_from_pdf_document",
    "time_start_1": 1769407345.3955011,
    "time_end_1": 1769407356.064306,
    "time_total_1": 10.66880488395691,
    "time_start_2": 3011574.286526541,
    "time_end_2": 3011584.955322416,
    "time_total_2": 10.668795874807984,
    "time_start_3": 3011574286526708,
    "time_end_3": 3011584955322583,
    "time_total_3": 10.668795875
}