{
    "function_method_name": "extract_tables_to_files_from_pdf_document",
    "time_start_1": 1769420203.949258,
    "time_end_1": 1769420214.869556,
    "time_total_1": 10.920297861099243,
    "time_start_2": 3024432.805046458,
    "time_end_2": 3024443.725337583,
    "time_total_2": 10.920291125308722,
    "time_start_3": 3024432805046500,
    "time_end_3": 3024443725337666,
    "time_total_3": 10.920291166
}