{
    "function_method_name": "extract_text_to_file_from_any_document",
    "time_start_1": 1771447134.766479,
    "time_end_1": 1771447134.788439,
    "time_total_1": 0.021960020065307617,
    "time_start_2": 437143.272623583,
    "time_end_2": 437143.294583625,
    "time_total_2": 0.02196004200959578,
    "time_start_3": 437143272623666,
    "time_end_3": 437143294583750,
    "time_total_3": 0.021960084
}