{
    "function_method_name": "extract_text_to_file_from_any_document",
    "time_start_1": 1772789607.007762,
    "time_end_1": 1772789607.241611,
    "time_total_1": 0.23384904861450195,
    "time_start_2": 963576.964980875,
    "time_end_2": 963577.198829125,
    "time_total_2": 0.23384825000539422,
    "time_start_3": 963576964981625,
    "time_end_3": 963577198837208,
    "time_total_3": 0.233855583
}