{
    "function_method_name": "extract_text_to_file_from_any_document",
    "time_start_1": 1769268516.590415,
    "time_end_1": 1769268540.20821,
    "time_total_1": 23.61779499053955,
    "time_start_2": 2872745.759194125,
    "time_end_2": 2872769.376979583,
    "time_total_2": 23.61778545798734,
    "time_start_3": 2872745759194333,
    "time_end_3": 2872769376979750,
    "time_total_3": 23.617785417
}