{
    "function_method_name": "extract_images_from_pdf_to_files",
    "time_start_1": 1771004365.314761,
    "time_end_1": 1771004365.618439,
    "time_total_1": 0.303678035736084,
    "time_start_2": 30718.8262555,
    "time_end_2": 30719.129933416,
    "time_total_2": 0.3036779159992875,
    "time_start_3": 30718826255583,
    "time_end_3": 30719129933750,
    "time_total_3": 0.303678167
}