{
    "function_method_name": "extract_images_from_pdf_to_files",
    "time_start_1": 1770514189.088683,
    "time_end_1": 1770514189.539988,
    "time_total_1": 0.4513051509857178,
    "time_start_2": 4097183.201698291,
    "time_end_2": 4097183.653002833,
    "time_total_2": 0.451304541900754,
    "time_start_3": 4097183201698375,
    "time_end_3": 4097183653003291,
    "time_total_3": 0.451304916
}