{
    "function_method_name": "extract_images_from_pdf_to_files",
    "time_start_1": 1771754489.316511,
    "time_end_1": 1771754489.609316,
    "time_total_1": 0.29280519485473633,
    "time_start_2": 210961.200909625,
    "time_end_2": 210961.493715125,
    "time_total_2": 0.29280549997929484,
    "time_start_3": 210961200909666,
    "time_end_3": 210961493715333,
    "time_total_3": 0.292805667
}