{
    "function_method_name": "extract_images_from_pdf_to_files",
    "time_start_1": 1770571814.0050502,
    "time_end_1": 1770571814.456863,
    "time_total_1": 0.451812744140625,
    "time_start_2": 4154808.133596333,
    "time_end_2": 4154808.585409458,
    "time_total_2": 0.45181312458589673,
    "time_start_3": 4154808133596375,
    "time_end_3": 4154808585409500,
    "time_total_3": 0.451813125
}