{
    "function_method_name": "extract_images_from_pdf_to_files",
    "time_start_1": 1770304167.6579,
    "time_end_1": 1770304168.110361,
    "time_total_1": 0.45246100425720215,
    "time_start_2": 3903600.101124666,
    "time_end_2": 3903600.553586916,
    "time_total_2": 0.4524622499011457,
    "time_start_3": 3903600101124708,
    "time_end_3": 3903600553587166,
    "time_total_3": 0.452462458
}