{
    "function_method_name": "extract_images_from_pdf_to_files",
    "time_start_1": 1770512159.469332,
    "time_end_1": 1770512159.919991,
    "time_total_1": 0.45065903663635254,
    "time_start_2": 4095153.587322958,
    "time_end_2": 4095154.037980833,
    "time_total_2": 0.450657875277102,
    "time_start_3": 4095153587323000,
    "time_end_3": 4095154037981041,
    "time_total_3": 0.450658041
}