{
    "function_method_name": "extract_images_from_pdf_to_files",
    "time_start_1": 1770514232.097825,
    "time_end_1": 1770514232.550192,
    "time_total_1": 0.45236706733703613,
    "time_start_2": 4097226.210739,
    "time_end_2": 4097226.663105208,
    "time_total_2": 0.45236620819196105,
    "time_start_3": 4097226210739083,
    "time_end_3": 4097226663105500,
    "time_total_3": 0.452366417
}