{
    "function_method_name": "extract_images_from_pdf_to_files",
    "time_start_1": 1770516113.284854,
    "time_end_1": 1770516113.7352178,
    "time_total_1": 0.4503638744354248,
    "time_start_2": 4099107.397107041,
    "time_end_2": 4099107.847471041,
    "time_total_2": 0.4503640001639724,
    "time_start_3": 4099107397107083,
    "time_end_3": 4099107847471291,
    "time_total_3": 0.450364208
}