{
    "function_method_name": "extract_images_from_pdf_to_files",
    "time_start_1": 1770568297.377236,
    "time_end_1": 1770568297.829302,
    "time_total_1": 0.45206618309020996,
    "time_start_2": 4151291.51405475,
    "time_end_2": 4151291.966120875,
    "time_total_2": 0.45206612488254905,
    "time_start_3": 4151291514054833,
    "time_end_3": 4151291966121125,
    "time_total_3": 0.452066292
}