{
    "function_method_name": "extract_images_from_pdf_to_files",
    "time_start_1": 1770569194.157917,
    "time_end_1": 1770569194.6177511,
    "time_total_1": 0.45983409881591797,
    "time_start_2": 4152188.2922975,
    "time_end_2": 4152188.75213025,
    "time_total_2": 0.45983274979516864,
    "time_start_3": 4152188292297625,
    "time_end_3": 4152188752130458,
    "time_total_3": 0.459832833
}