{
    "function_method_name": "extract_images_from_pdf_to_files",
    "time_start_1": 1770568886.745774,
    "time_end_1": 1770568887.197479,
    "time_total_1": 0.4517049789428711,
    "time_start_2": 4151880.880854208,
    "time_end_2": 4151881.332558666,
    "time_total_2": 0.4517044578678906,
    "time_start_3": 4151880880854291,
    "time_end_3": 4151881332558833,
    "time_total_3": 0.451704542
}