{
    "function_method_name": "extract_images_from_pdf_to_files",
    "time_start_1": 1770306158.235491,
    "time_end_1": 1770306158.689558,
    "time_total_1": 0.4540669918060303,
    "time_start_2": 3905590.679192541,
    "time_end_2": 3905591.133260166,
    "time_total_2": 0.4540676246397197,
    "time_start_3": 3905590679192625,
    "time_end_3": 3905591133260458,
    "time_total_3": 0.454067833
}