{
    "function_method_name": "extract_images_from_pdf_to_files",
    "time_start_1": 1770571312.7532,
    "time_end_1": 1770571313.206403,
    "time_total_1": 0.4532029628753662,
    "time_start_2": 4154306.882825875,
    "time_end_2": 4154307.3360285,
    "time_total_2": 0.4532026248052716,
    "time_start_3": 4154306882825958,
    "time_end_3": 4154307336028666,
    "time_total_3": 0.453202708
}