{
    "function_method_name": "extract_images_from_pdf_to_files",
    "time_start_1": 1770514424.617856,
    "time_end_1": 1770514425.07104,
    "time_total_1": 0.4531838893890381,
    "time_start_2": 4097418.730263166,
    "time_end_2": 4097419.183446791,
    "time_total_2": 0.4531836248934269,
    "time_start_3": 4097418730263208,
    "time_end_3": 4097419183447041,
    "time_total_3": 0.453183833
}