{
    "function_method_name": "extract_images_from_pdf_to_files",
    "time_start_1": 1770571487.0796428,
    "time_end_1": 1770571487.5627542,
    "time_total_1": 0.4831113815307617,
    "time_start_2": 4154481.208894125,
    "time_end_2": 4154481.692003916,
    "time_total_2": 0.4831097908318043,
    "time_start_3": 4154481208894208,
    "time_end_3": 4154481692004208,
    "time_total_3": 0.48311
}