{
    "function_method_name": "extract_images_from_pdf_to_files",
    "time_start_1": 1771004551.034129,
    "time_end_1": 1771004551.339128,
    "time_total_1": 0.30499911308288574,
    "time_start_2": 30904.5451985,
    "time_end_2": 30904.850197,
    "time_total_2": 0.30499849999978323,
    "time_start_3": 30904545198583,
    "time_end_3": 30904850197125,
    "time_total_3": 0.304998542
}