{
    "function_method_name": "extract_images_from_pdf_to_files",
    "time_start_1": 1770304469.005728,
    "time_end_1": 1770304469.458101,
    "time_total_1": 0.45237302780151367,
    "time_start_2": 3903901.449025083,
    "time_end_2": 3903901.90139925,
    "time_total_2": 0.4523741672746837,
    "time_start_3": 3903901449025166,
    "time_end_3": 3903901901399541,
    "time_total_3": 0.452374375
}