{
    "function_method_name": "extract_images_from_pdf_to_files",
    "time_start_1": 1771004940.2202182,
    "time_end_1": 1771004940.673663,
    "time_total_1": 0.4534447193145752,
    "time_start_2": 31293.73311625,
    "time_end_2": 31294.186560458,
    "time_total_2": 0.45344420800029184,
    "time_start_3": 31293733116333,
    "time_end_3": 31294186560791,
    "time_total_3": 0.453444458
}