{
    "function_method_name": "extract_images_from_pdf_to_files",
    "time_start_1": 1770567311.56271,
    "time_end_1": 1770567312.016224,
    "time_total_1": 0.45351386070251465,
    "time_start_2": 4150305.701719333,
    "time_end_2": 4150306.15523225,
    "time_total_2": 0.45351291727274656,
    "time_start_3": 4150305701719375,
    "time_end_3": 4150306155232333,
    "time_total_3": 0.453512958
}