{
    "function_method_name": "extract_images_from_pdf_to_files",
    "time_start_1": 1770306438.600328,
    "time_end_1": 1770306439.052019,
    "time_total_1": 0.4516909122467041,
    "time_start_2": 3905871.043821458,
    "time_end_2": 3905871.495512666,
    "time_total_2": 0.45169120840728283,
    "time_start_3": 3905871043821500,
    "time_end_3": 3905871495513041,
    "time_total_3": 0.451691541
}