{
    "function_method_name": "extract_images_from_pdf_to_files",
    "time_start_1": 1771005839.723843,
    "time_end_1": 1771005840.031007,
    "time_total_1": 0.30716395378112793,
    "time_start_2": 32193.235092375,
    "time_end_2": 32193.542256375,
    "time_total_2": 0.3071640000016487,
    "time_start_3": 32193235092416,
    "time_end_3": 32193542256708,
    "time_total_3": 0.307164292
}