{
    "function_method_name": "extract_images_from_pdf_to_files",
    "time_start_1": 1770302998.2957,
    "time_end_1": 1770302998.745595,
    "time_total_1": 0.44989490509033203,
    "time_start_2": 3902430.738372666,
    "time_end_2": 3902431.188267291,
    "time_total_2": 0.44989462522789836,
    "time_start_3": 3902430738372708,
    "time_end_3": 3902431188267625,
    "time_total_3": 0.449894917
}