{
    "function_method_name": "extract_images_from_pdf_to_files",
    "time_start_1": 1770302674.440802,
    "time_end_1": 1770302674.892753,
    "time_total_1": 0.4519507884979248,
    "time_start_2": 3902106.883421,
    "time_end_2": 3902107.335372541,
    "time_total_2": 0.4519515410065651,
    "time_start_3": 3902106883421083,
    "time_end_3": 3902107335372583,
    "time_total_3": 0.4519515
}