{
    "function_method_name": "extract_images_from_pdf_to_files",
    "time_start_1": 1771005870.966012,
    "time_end_1": 1771005871.281802,
    "time_total_1": 0.31578993797302246,
    "time_start_2": 32224.477205791,
    "time_end_2": 32224.792995583,
    "time_total_2": 0.3157897919991228,
    "time_start_3": 32224477205916,
    "time_end_3": 32224792995875,
    "time_total_3": 0.315789959
}