{
    "function_method_name": "extract_images_from_pdf_to_files",
    "time_start_1": 1770516668.778906,
    "time_end_1": 1770516669.2341352,
    "time_total_1": 0.4552290439605713,
    "time_start_2": 4099662.890151625,
    "time_end_2": 4099663.345381416,
    "time_total_2": 0.45522979088127613,
    "time_start_3": 4099662890151750,
    "time_end_3": 4099663345381750,
    "time_total_3": 0.45523
}