{
    "function_method_name": "extract_images_from_pdf_to_files",
    "time_start_1": 1770571072.775626,
    "time_end_1": 1770571073.249897,
    "time_total_1": 0.4742710590362549,
    "time_start_2": 4154066.905762083,
    "time_end_2": 4154067.3800335,
    "time_total_2": 0.4742714171297848,
    "time_start_3": 4154066905762166,
    "time_end_3": 4154067380033750,
    "time_total_3": 0.474271584
}