{
    "function_method_name": "extract_images_from_pdf_to_files",
    "time_start_1": 1770568231.467114,
    "time_end_1": 1770568231.923661,
    "time_total_1": 0.4565470218658447,
    "time_start_2": 4151225.604069833,
    "time_end_2": 4151226.060616041,
    "time_total_2": 0.4565462078899145,
    "time_start_3": 4151225604069875,
    "time_end_3": 4151226060616416,
    "time_total_3": 0.456546541
}