{
    "function_method_name": "extract_images_from_pdf_to_files",
    "time_start_1": 1770569805.166819,
    "time_end_1": 1770569805.620029,
    "time_total_1": 0.45320987701416016,
    "time_start_2": 4152799.297936833,
    "time_end_2": 4152799.751147,
    "time_total_2": 0.45321016712114215,
    "time_start_3": 4152799297936916,
    "time_end_3": 4152799751147125,
    "time_total_3": 0.453210209
}