{
    "function_method_name": "extract_images_from_pdf_to_files",
    "time_start_1": 1770514103.853162,
    "time_end_1": 1770514104.307455,
    "time_total_1": 0.45429301261901855,
    "time_start_2": 4097097.966402083,
    "time_end_2": 4097098.420694333,
    "time_total_2": 0.45429224986582994,
    "time_start_3": 4097097966402166,
    "time_end_3": 4097098420694583,
    "time_total_3": 0.454292417
}