{
    "function_method_name": "extract_images_from_pdf_to_files",
    "time_start_1": 1770301443.508103,
    "time_end_1": 1770301443.961139,
    "time_total_1": 0.4530360698699951,
    "time_start_2": 3900875.947744375,
    "time_end_2": 3900876.400781166,
    "time_total_2": 0.45303679071366787,
    "time_start_3": 3900875947744416,
    "time_end_3": 3900876400781625,
    "time_total_3": 0.453037209
}