{
    "function_method_name": "extract_images_from_pdf_to_files",
    "time_start_1": 1770304253.598573,
    "time_end_1": 1770304254.051501,
    "time_total_1": 0.4529280662536621,
    "time_start_2": 3903686.041818083,
    "time_end_2": 3903686.494747041,
    "time_total_2": 0.4529289579950273,
    "time_start_3": 3903686041818166,
    "time_end_3": 3903686494747291,
    "time_total_3": 0.452929125
}