{
    "function_method_name": "extract_images_from_pdf_to_files",
    "time_start_1": 1770567005.5719411,
    "time_end_1": 1770567006.024728,
    "time_total_1": 0.452786922454834,
    "time_start_2": 4149999.707528416,
    "time_end_2": 4150000.160315666,
    "time_total_2": 0.45278724981471896,
    "time_start_3": 4149999707528500,
    "time_end_3": 4150000160315958,
    "time_total_3": 0.452787458
}