{
    "function_method_name": "extract_images_from_pdf_to_files",
    "time_start_1": 1770569935.788094,
    "time_end_1": 1770569936.243235,
    "time_total_1": 0.4551410675048828,
    "time_start_2": 4152929.918916833,
    "time_end_2": 4152930.374057208,
    "time_total_2": 0.4551403750665486,
    "time_start_3": 4152929918916875,
    "time_end_3": 4152930374057416,
    "time_total_3": 0.455140541
}