{
    "function_method_name": "extract_images_from_pdf_to_files",
    "time_start_1": 1770512843.078161,
    "time_end_1": 1770512843.530533,
    "time_total_1": 0.45237207412719727,
    "time_start_2": 4095837.19428975,
    "time_end_2": 4095837.646661541,
    "time_total_2": 0.4523717910051346,
    "time_start_3": 4095837194289833,
    "time_end_3": 4095837646661625,
    "time_total_3": 0.452371792
}