{
    "function_method_name": "extract_images_from_pdf_to_files",
    "time_start_1": 1770569237.799485,
    "time_end_1": 1770569238.26217,
    "time_total_1": 0.46268510818481445,
    "time_start_2": 4152231.933765375,
    "time_end_2": 4152232.396449958,
    "time_total_2": 0.46268458291888237,
    "time_start_3": 4152231933765416,
    "time_end_3": 4152232396450250,
    "time_total_3": 0.462684834
}