{
    "function_method_name": "extract_images_from_pdf_to_files",
    "time_start_1": 1770514616.751071,
    "time_end_1": 1770514617.204059,
    "time_total_1": 0.4529879093170166,
    "time_start_2": 4097610.862971208,
    "time_end_2": 4097611.315958833,
    "time_total_2": 0.45298762479797006,
    "time_start_3": 4097610862971250,
    "time_end_3": 4097611315959333,
    "time_total_3": 0.452988083
}