{
    "function_method_name": "extract_images_from_pdf_to_files",
    "time_start_1": 1770515706.977427,
    "time_end_1": 1770515707.43007,
    "time_total_1": 0.45264291763305664,
    "time_start_2": 4098701.08643625,
    "time_end_2": 4098701.539078791,
    "time_total_2": 0.4526425413787365,
    "time_start_3": 4098701086436291,
    "time_end_3": 4098701539079125,
    "time_total_3": 0.452642834
}