{
    "function_method_name": "extract_images_from_pdf_to_files",
    "time_start_1": 1770304382.637146,
    "time_end_1": 1770304383.0892448,
    "time_total_1": 0.4520988464355469,
    "time_start_2": 3903815.080422458,
    "time_end_2": 3903815.532521541,
    "time_total_2": 0.4520990834571421,
    "time_start_3": 3903815080422500,
    "time_end_3": 3903815532522000,
    "time_total_3": 0.4520995
}