{
    "function_method_name": "extract_images_from_pdf_to_files",
    "time_start_1": 1770570439.024574,
    "time_end_1": 1770570439.478871,
    "time_total_1": 0.4542970657348633,
    "time_start_2": 4153433.15409225,
    "time_end_2": 4153433.608388541,
    "time_total_2": 0.4542962908744812,
    "time_start_3": 4153433154092333,
    "time_end_3": 4153433608388708,
    "time_total_3": 0.454296375
}