{
    "function_method_name": "extract_images_from_pdf_to_files",
    "time_start_1": 1770511945.8006668,
    "time_end_1": 1770511946.26232,
    "time_total_1": 0.4616532325744629,
    "time_start_2": 4094939.91924575,
    "time_end_2": 4094940.380898041,
    "time_total_2": 0.46165229100733995,
    "time_start_3": 4094939919245833,
    "time_end_3": 4094940380898333,
    "time_total_3": 0.4616525
}