{
    "function_method_name": "extract_images_from_pdf_to_files",
    "time_start_1": 1770306244.66802,
    "time_end_1": 1770306245.119671,
    "time_total_1": 0.45165109634399414,
    "time_start_2": 3905677.111742333,
    "time_end_2": 3905677.563394458,
    "time_total_2": 0.4516521249897778,
    "time_start_3": 3905677111742375,
    "time_end_3": 3905677563394833,
    "time_total_3": 0.451652458
}