{
    "function_method_name": "extract_images_from_pdf_to_files",
    "time_start_1": 1770514488.598094,
    "time_end_1": 1770514489.0490391,
    "time_total_1": 0.4509451389312744,
    "time_start_2": 4097482.710332708,
    "time_end_2": 4097483.161277375,
    "time_total_2": 0.45094466721639037,
    "time_start_3": 4097482710332791,
    "time_end_3": 4097483161277625,
    "time_total_3": 0.450944834
}