{
    "function_method_name": "extract_images_from_pdf_to_files",
    "time_start_1": 1770567859.6364942,
    "time_end_1": 1770567860.099325,
    "time_total_1": 0.4628307819366455,
    "time_start_2": 4150853.77427675,
    "time_end_2": 4150854.237107083,
    "time_total_2": 0.46283033303916454,
    "time_start_3": 4150853774276833,
    "time_end_3": 4150854237107375,
    "time_total_3": 0.462830542
}