{
    "function_method_name": "extract_images_from_pdf_to_files",
    "time_start_1": 1770305964.361702,
    "time_end_1": 1770305964.813652,
    "time_total_1": 0.4519500732421875,
    "time_start_2": 3905396.805356958,
    "time_end_2": 3905397.257307916,
    "time_total_2": 0.4519509579986334,
    "time_start_3": 3905396805357000,
    "time_end_3": 3905397257308208,
    "time_total_3": 0.451951208
}