{
    "function_method_name": "extract_images_from_pdf_to_files",
    "time_start_1": 1770567771.682183,
    "time_end_1": 1770567772.1432161,
    "time_total_1": 0.4610331058502197,
    "time_start_2": 4150765.820179083,
    "time_end_2": 4150766.281210958,
    "time_total_2": 0.46103187510743737,
    "time_start_3": 4150765820179166,
    "time_end_3": 4150766281211125,
    "time_total_3": 0.461031959
}