{
    "function_method_name": "extract_images_from_pdf_to_files",
    "time_start_1": 1770303019.689837,
    "time_end_1": 1770303020.15853,
    "time_total_1": 0.4686930179595947,
    "time_start_2": 3902452.132512666,
    "time_end_2": 3902452.601206458,
    "time_total_2": 0.4686937923543155,
    "time_start_3": 3902452132512750,
    "time_end_3": 3902452601207041,
    "time_total_3": 0.468694291
}