{
    "function_method_name": "extract_images_from_pdf_to_files",
    "time_start_1": 1770516583.065623,
    "time_end_1": 1770516583.5228028,
    "time_total_1": 0.4571797847747803,
    "time_start_2": 4099577.177019666,
    "time_end_2": 4099577.634199125,
    "time_total_2": 0.45717945927754045,
    "time_start_3": 4099577177019708,
    "time_end_3": 4099577634199416,
    "time_total_3": 0.457179708
}