{
    "function_method_name": "extract_images_from_pdf_to_files",
    "time_start_1": 1770306697.296124,
    "time_end_1": 1770306697.760122,
    "time_total_1": 0.46399807929992676,
    "time_start_2": 3906129.739659875,
    "time_end_2": 3906130.2036585,
    "time_total_2": 0.4639986250549555,
    "time_start_3": 3906129739659958,
    "time_end_3": 3906130203658875,
    "time_total_3": 0.463998917
}