{
    "function_method_name": "extract_images_from_pdf_to_files",
    "time_start_1": 1770570460.781326,
    "time_end_1": 1770570461.2421498,
    "time_total_1": 0.46082377433776855,
    "time_start_2": 4153454.910787291,
    "time_end_2": 4153455.371610916,
    "time_total_2": 0.4608236253261566,
    "time_start_3": 4153454910787375,
    "time_end_3": 4153455371611208,
    "time_total_3": 0.460823833
}