{
    "function_method_name": "extract_images_from_pdf_to_files",
    "time_start_1": 1770512372.949128,
    "time_end_1": 1770512373.401314,
    "time_total_1": 0.45218610763549805,
    "time_start_2": 4095367.066550916,
    "time_end_2": 4095367.518737,
    "time_total_2": 0.4521860838867724,
    "time_start_3": 4095367066550958,
    "time_end_3": 4095367518737125,
    "time_total_3": 0.452186167
}