{
    "function_method_name": "extract_images_from_pdf_to_files",
    "time_start_1": 1771755195.626538,
    "time_end_1": 1771755195.933995,
    "time_total_1": 0.30745697021484375,
    "time_start_2": 211667.510957625,
    "time_end_2": 211667.818414375,
    "time_total_2": 0.3074567500152625,
    "time_start_3": 211667510957708,
    "time_end_3": 211667818414708,
    "time_total_3": 0.307457
}