{
    "function_method_name": "extract_images_from_pdf_to_files",
    "time_start_1": 1771005401.9817972,
    "time_end_1": 1771005402.436692,
    "time_total_1": 0.4548947811126709,
    "time_start_2": 31755.493841291,
    "time_end_2": 31755.948735416,
    "time_total_2": 0.45489412499955506,
    "time_start_3": 31755493841375,
    "time_end_3": 31755948735875,
    "time_total_3": 0.4548945
}