{
    "function_method_name": "extract_images_from_pdf_to_files",
    "time_start_1": 1770511839.2543051,
    "time_end_1": 1770511839.708649,
    "time_total_1": 0.4543437957763672,
    "time_start_2": 4094833.3731775,
    "time_end_2": 4094833.82752075,
    "time_total_2": 0.45434325002133846,
    "time_start_3": 4094833373177583,
    "time_end_3": 4094833827521166,
    "time_total_3": 0.454343583
}