{
    "function_method_name": "extract_images_from_pdf_to_files",
    "time_start_1": 1770515386.503297,
    "time_end_1": 1770515386.956762,
    "time_total_1": 0.45346498489379883,
    "time_start_2": 4098380.613151625,
    "time_end_2": 4098381.06661675,
    "time_total_2": 0.4534651250578463,
    "time_start_3": 4098380613151708,
    "time_end_3": 4098381066617041,
    "time_total_3": 0.453465333
}