{
    "function_method_name": "extract_images_from_pdf_to_files",
    "time_start_1": 1770515749.684054,
    "time_end_1": 1770515750.1371179,
    "time_total_1": 0.45306396484375,
    "time_start_2": 4098743.792949958,
    "time_end_2": 4098744.24601425,
    "time_total_2": 0.453064292203635,
    "time_start_3": 4098743792950041,
    "time_end_3": 4098744246014875,
    "time_total_3": 0.453064834
}