{
    "function_method_name": "extract_images_from_pdf_to_files",
    "time_start_1": 1771004785.113317,
    "time_end_1": 1771004785.5664551,
    "time_total_1": 0.4531381130218506,
    "time_start_2": 31138.626491041,
    "time_end_2": 31139.079629375,
    "time_total_2": 0.4531383339999593,
    "time_start_3": 31138626491125,
    "time_end_3": 31139079630000,
    "time_total_3": 0.453138875
}