{
    "function_method_name": "extract_images_from_pdf_to_files",
    "time_start_1": 1770514296.2593899,
    "time_end_1": 1770514296.711342,
    "time_total_1": 0.4519522190093994,
    "time_start_2": 4097290.37213675,
    "time_end_2": 4097290.824087833,
    "time_total_2": 0.45195108326151967,
    "time_start_3": 4097290372136875,
    "time_end_3": 4097290824088208,
    "time_total_3": 0.451951333
}