{
    "function_method_name": "extract_images_from_pdf_to_files",
    "time_start_1": 1770572032.49689,
    "time_end_1": 1770572032.951503,
    "time_total_1": 0.45461297035217285,
    "time_start_2": 4155026.627124583,
    "time_end_2": 4155027.081737875,
    "time_total_2": 0.4546132921241224,
    "time_start_3": 4155026627124625,
    "time_end_3": 4155027081738083,
    "time_total_3": 0.454613458
}