{
    "function_method_name": "extract_images_from_pdf_to_files",
    "time_start_1": 1770569673.789381,
    "time_end_1": 1770569674.24222,
    "time_total_1": 0.4528388977050781,
    "time_start_2": 4152667.920842916,
    "time_end_2": 4152668.373681333,
    "time_total_2": 0.4528384171426296,
    "time_start_3": 4152667920842958,
    "time_end_3": 4152668373681666,
    "time_total_3": 0.452838708
}