{
    "function_method_name": "extract_images_from_pdf_to_files",
    "time_start_1": 1771004896.160959,
    "time_end_1": 1771004896.6210198,
    "time_total_1": 0.46006083488464355,
    "time_start_2": 31249.673935291,
    "time_end_2": 31250.133995666,
    "time_total_2": 0.4600603750004666,
    "time_start_3": 31249673935375,
    "time_end_3": 31250133995958,
    "time_total_3": 0.460060583
}