{
    "function_method_name": "extract_images_from_pdf_to_files",
    "time_start_1": 1770306718.773152,
    "time_end_1": 1770306719.222249,
    "time_total_1": 0.4490969181060791,
    "time_start_2": 3906151.216691458,
    "time_end_2": 3906151.665789791,
    "time_total_2": 0.44909833278506994,
    "time_start_3": 3906151216691541,
    "time_end_3": 3906151665789875,
    "time_total_3": 0.449098334
}