{
    "function_method_name": "extract_images_from_pdf_to_files",
    "time_start_1": 1769716878.798628,
    "time_end_1": 1769716878.800032,
    "time_total_1": 0.00140380859375,
    "time_start_2": 3316310.681303875,
    "time_end_2": 3316310.682707208,
    "time_total_2": 0.0014033331535756588,
    "time_start_3": 3316310681303958,
    "time_end_3": 3316310682707250,
    "time_total_3": 0.001403292
}