{
    "function_method_name": "extract_tables_to_files_from_pdf_document",
    "time_start_1": 1765525315.301107,
    "time_end_1": 1765525331.3813891,
    "time_total_1": 16.08028221130371,
    "time_start_2": 2434337.889915041,
    "time_end_2": 2434353.970096875,
    "time_total_2": 16.08018183382228,
    "time_start_3": 2434337889915125,
    "time_end_3": 2434353970097083,
    "time_total_3": 16.080181958
}