{
    "function_method_name": "extract_tables_to_files_from_pdf_document",
    "time_start_1": 1765507948.3319838,
    "time_end_1": 1765507964.516209,
    "time_total_1": 16.18422508239746,
    "time_start_2": 2416970.991447291,
    "time_end_2": 2416987.175746375,
    "time_total_2": 16.184299084357917,
    "time_start_3": 2416970991447375,
    "time_end_3": 2416987175746625,
    "time_total_3": 16.18429925
}