{
    "function_method_name": "extract_text_to_file_from_any_document",
    "time_start_1": 1771668969.991018,
    "time_end_1": 1771668970.0101912,
    "time_total_1": 0.019173145294189453,
    "time_start_2": 125441.924225708,
    "time_end_2": 125441.943399208,
    "time_total_2": 0.019173499997123145,
    "time_start_3": 125441924225750,
    "time_end_3": 125441943399333,
    "time_total_3": 0.019173583
}