{
    "function_method_name": "api_parse_analyze_markdown_mistune",
    "time_start_1": 1772641559.20299,
    "time_end_1": 1772641559.534395,
    "time_total_1": 0.3314049243927002,
    "time_start_2": 829289.649961375,
    "time_end_2": 829289.981375625,
    "time_total_2": 0.33141424995847046,
    "time_start_3": 829289649961416,
    "time_end_3": 829289981375750,
    "time_total_3": 0.331414334
}