{
  "function_method_name": "extract_text_to_file_from_any_document",
  "num_pages": 0,
  "time_start_1": 1773043939.684035,
  "time_end_1": 1773043942.1079009,
  "time_total_1": 2.423865795135498,
  "pages_per_second_1": 0.0,
  "time_start_2": 1203592.100873625,
  "time_end_2": 1203594.524741,
  "time_total_2": 2.423867375124246,
  "pages_per_second_2": 0.0,
  "time_start_3": 1203592100873750,
  "time_end_3": 1203594524741208,
  "time_total_3": 2.423867458,
  "pages_per_second_3": 0.0
}