{
    "function_method_name": "extract_text_to_file_from_any_document",
    "time_start_1": 1770467750.461857,
    "time_end_1": 1770467775.562345,
    "time_total_1": 25.10048794746399,
    "time_start_2": 4050744.666598333,
    "time_end_2": 4050769.767051208,
    "time_total_2": 25.100452874787152,
    "time_start_3": 4050744666598708,
    "time_end_3": 4050769767051333,
    "time_total_3": 25.100452625
}