{
    "function_method_name": "extract_markdown_to_file_from_any_document",
    "num_pages": 2,
    "time_start_1": 1770411948.754421,
    "time_end_1": 1770411950.255161,
    "time_total_1": 1.5007400512695312,
    "pages_per_second_1": 1.3326758343712666,
    "time_start_2": 3994942.985047625,
    "time_end_2": 3994944.485790041,
    "time_total_2": 1.5007424158975482,
    "pages_per_second_2": 1.3326737345554807,
    "time_start_3": 3994942985047708,
    "time_end_3": 3994944485790166,
    "time_total_3": 1.500742458,
    "pages_per_second_3": 1.3326736971680988
}