{
    "function_method_name": "extract_markdown_to_file_from_any_document",
    "num_pages": 99,
    "time_start_1": 1769785807.922261,
    "time_end_1": 1769785839.1295922,
    "time_total_1": 31.20733118057251,
    "pages_per_second_1": 3.172331508489596,
    "time_start_2": 3385239.81152175,
    "time_end_2": 3385271.018814333,
    "time_total_2": 31.207292582839727,
    "pages_per_second_2": 3.172335432085452,
    "time_start_3": 3385239811521875,
    "time_end_3": 3385271018814541,
    "time_total_3": 31.207292666,
    "pages_per_second_3": 3.1723354236319063
}