{
    "function_method_name": "extract_markdown_to_file_from_any_document",
    "num_pages": 99,
    "time_start_1": 1769718264.266495,
    "time_end_1": 1769718295.931056,
    "time_total_1": 31.6645610332489,
    "pages_per_second_1": 3.126523683560512,
    "time_start_2": 3317696.147761916,
    "time_end_2": 3317727.812284125,
    "time_total_2": 31.664522209204733,
    "pages_per_second_2": 3.12652751700833,
    "time_start_3": 3317696147762208,
    "time_end_3": 3317727812284250,
    "time_total_3": 31.664522042,
    "pages_per_second_3": 3.1265275335179807
}