{
    "function_method_name": "extract_text_to_file_from_any_document",
    "time_start_1": 1769686662.03075,
    "time_end_1": 1769686683.45782,
    "time_total_1": 21.427069902420044,
    "time_start_2": 3286094.010413916,
    "time_end_2": 3286115.437497583,
    "time_total_2": 21.427083667367697,
    "time_start_3": 3286094010414125,
    "time_end_3": 3286115437497708,
    "time_total_3": 21.427083583
}