{
    "function_method_name": "extract_text_to_file_from_any_document",
    "time_start_1": 1769689430.338809,
    "time_end_1": 1769689430.936095,
    "time_total_1": 0.5972859859466553,
    "time_start_2": 3288862.289327833,
    "time_end_2": 3288862.886612166,
    "time_total_2": 0.5972843333147466,
    "time_start_3": 3288862289327875,
    "time_end_3": 3288862886612458,
    "time_total_3": 0.597284583
}