{
    "function_method_name": "extract_text_to_file_from_any_document",
    "time_start_1": 1771404670.3474271,
    "time_end_1": 1771404670.946605,
    "time_total_1": 0.5991778373718262,
    "time_start_2": 411659.163950958,
    "time_end_2": 411659.763128083,
    "time_total_2": 0.5991771250264719,
    "time_start_3": 411659163951041,
    "time_end_3": 411659763128250,
    "time_total_3": 0.599177209
}