{
    "function_method_name": "extract_text_to_file_from_any_document",
    "time_start_1": 1769269513.283653,
    "time_end_1": 1769269535.0433831,
    "time_total_1": 21.759730100631714,
    "time_start_2": 2873742.449059041,
    "time_end_2": 2873764.208765666,
    "time_total_2": 21.759706624783576,
    "time_start_3": 2873742449059166,
    "time_end_3": 2873764208765833,
    "time_total_3": 21.759706667
}