{
    "function_method_name": "extract_text_to_file_from_any_document",
    "time_start_1": 1770415529.556799,
    "time_end_1": 1770415548.697911,
    "time_total_1": 19.141112089157104,
    "time_start_2": 3998523.806016583,
    "time_end_2": 3998542.946901125,
    "time_total_2": 19.140884541906416,
    "time_start_3": 3998523806016666,
    "time_end_3": 3998542946901333,
    "time_total_3": 19.140884667
}