{
    "function_method_name": "extract_text_to_file_from_pdf_document",
    "time_start_1": 1769693820.639068,
    "time_end_1": 1769694296.627564,
    "time_total_1": 475.98849606513977,
    "time_start_2": 3293252.58999525,
    "time_end_2": 3293728.577919666,
    "time_total_2": 475.98792441608384,
    "time_start_3": 3293252589995291,
    "time_end_3": 3293728577920000,
    "time_total_3": 475.987924709
}