{
    "function_method_name": "extract_tables_to_files_from_pdf_document",
    "time_start_1": 1769720453.535986,
    "time_end_1": 1769720461.687458,
    "time_total_1": 8.151472091674805,
    "time_start_2": 3319885.408109375,
    "time_end_2": 3319893.559562375,
    "time_total_2": 8.151453000027686,
    "time_start_3": 3319885408109458,
    "time_end_3": 3319893559562666,
    "time_total_3": 8.151453208
}