{
    "function_method_name": "extract_tables_to_files_from_pdf_document",
    "time_start_1": 1769608837.544029,
    "time_end_1": 1769608845.69444,
    "time_total_1": 8.150410890579224,
    "time_start_2": 3208269.548447708,
    "time_end_2": 3208277.698858,
    "time_total_2": 8.150410291738808,
    "time_start_3": 3208269548447750,
    "time_end_3": 3208277698858458,
    "time_total_3": 8.150410708
}