{
    "function_method_name": "extract_text_to_file_from_epub_documentw",
    "time_start_1": 1770509010.096488,
    "time_end_1": 1770509010.102516,
    "time_total_1": 0.006027936935424805,
    "time_start_2": 4092004.224093291,
    "time_end_2": 4092004.230121958,
    "time_total_2": 0.006028667092323303,
    "time_start_3": 4092004224093375,
    "time_end_3": 4092004230122083,
    "time_total_3": 0.006028708
}