{
    "function_method_name": "extract_text_to_file_from_any_document",
    "time_start_1": 1770412366.392839,
    "time_end_1": 1770412368.210662,
    "time_total_1": 1.8178229331970215,
    "time_start_2": 3995360.624089041,
    "time_end_2": 3995362.441914625,
    "time_total_2": 1.8178255842067301,
    "time_start_3": 3995360624089083,
    "time_end_3": 3995362441914708,
    "time_total_3": 1.817825625
}