{
    "function_method_name": "extract_markdown_to_file_from_any_document_complex",
    "num_pages": 106,
    "time_start_1": 1771537297.7727392,
    "time_end_1": 1771537313.362043,
    "time_total_1": 15.589303731918335,
    "pages_per_second_1": 6.799533951152045,
    "time_start_2": 4357.397316625,
    "time_end_2": 4372.986541,
    "time_total_2": 15.589224375000413,
    "pages_per_second_2": 6.79956856416708,
    "time_start_3": 4357397316750,
    "time_end_3": 4372986541041,
    "time_total_3": 15.589224291,
    "pages_per_second_3": 6.799568600805629
}