{
    "function_method_name": "extract_text_to_file_from_any_document",
    "time_start_1": 1771404709.3765938,
    "time_end_1": 1771404709.4192672,
    "time_total_1": 0.042673349380493164,
    "time_start_2": 411698.192980583,
    "time_end_2": 411698.23565375,
    "time_total_2": 0.04267316701589152,
    "time_start_3": 411698192980625,
    "time_end_3": 411698235654041,
    "time_total_3": 0.042673416
}