{
    "function_method_name": "extract_text_to_file_from_any_document",
    "time_start_1": 1772631176.3733451,
    "time_end_1": 1772631176.522235,
    "time_total_1": 0.14888978004455566,
    "time_start_2": 818906.787164083,
    "time_end_2": 818906.936053291,
    "time_total_2": 0.1488892079796642,
    "time_start_3": 818906787164541,
    "time_end_3": 818906936054250,
    "time_total_3": 0.148889709
}