{
    "function_method_name": "extract_text_to_file_from_any_document",
    "time_start_1": 1771444476.191568,
    "time_end_1": 1771444476.2010958,
    "time_total_1": 0.009527921676635742,
    "time_start_2": 434484.696052708,
    "time_end_2": 434484.705581208,
    "time_total_2": 0.009528499969746917,
    "time_start_3": 434484696052791,
    "time_end_3": 434484705581416,
    "time_total_3": 0.009528625
}