{
    "function_method_name": "extract_text_to_file_from_any_document",
    "time_start_1": 1770468257.855516,
    "time_end_1": 1770468257.878454,
    "time_total_1": 0.022938013076782227,
    "time_start_2": 4051252.059967458,
    "time_end_2": 4051252.0829055,
    "time_total_2": 0.022938042413443327,
    "time_start_3": 4051252059967500,
    "time_end_3": 4051252082905625,
    "time_total_3": 0.022938125
}