{
    "function_method_name": "extract_text_to_file_from_any_document",
    "time_start_1": 1770498971.678059,
    "time_end_1": 1770498972.963375,
    "time_total_1": 1.285315990447998,
    "time_start_2": 4081965.827417333,
    "time_end_2": 4081967.112733375,
    "time_total_2": 1.2853160416707397,
    "time_start_3": 4081965827417375,
    "time_end_3": 4081967112733666,
    "time_total_3": 1.285316291
}