{
  "function_method_name": "extract_text_to_file_from_docx_document",
  "time_start_1": 1776797630.886153,
  "time_end_1": 1776797631.0568829,
  "time_total_1": 0.1707298755645752,
  "time_start_2": 786018.147283125,
  "time_end_2": 786018.318014125,
  "time_total_2": 0.17073100002016872,
  "time_start_3": 786018147283208,
  "time_end_3": 786018318014291,
  "time_total_3": 0.170731083,
  "num_pages": 0,
  "pages_per_second_1": 0.0,
  "pages_per_second_2": 0.0,
  "pages_per_second_3": 0.0
}