{
    "function_method_name": "extract_text_to_file_from_any_document",
    "time_start_1": 1772014672.273165,
    "time_end_1": 1772014672.326457,
    "time_total_1": 0.053292036056518555,
    "time_start_2": 223574.679397333,
    "time_end_2": 223574.732689833,
    "time_total_2": 0.053292500000679865,
    "time_start_3": 223574679397375,
    "time_end_3": 223574732695958,
    "time_total_3": 0.053298583
}