{
    "function_method_name": "extract_text_to_file_from_any_document",
    "time_start_1": 1771940665.411597,
    "time_end_1": 1771940665.4119549,
    "time_total_1": 0.0003578662872314453,
    "time_start_2": 149567.779929625,
    "time_end_2": 149567.780287791,
    "time_total_2": 0.0003581660275813192,
    "time_start_3": 149567779929708,
    "time_end_3": 149567780287833,
    "time_total_3": 0.000358125
}