{
    "function_method_name": "extract_text_to_file_from_any_document",
    "time_start_1": 1769788825.24558,
    "time_end_1": 1769788826.508574,
    "time_total_1": 1.2629940509796143,
    "time_start_2": 3388257.129138875,
    "time_end_2": 3388258.392116375,
    "time_total_2": 1.2629774999804795,
    "time_start_3": 3388257129138916,
    "time_end_3": 3388258392116583,
    "time_total_3": 1.262977667
}