{
    "function_method_name": "extract_text_to_file_from_any_document",
    "time_start_1": 1771404662.93127,
    "time_end_1": 1771404664.18491,
    "time_total_1": 1.2536401748657227,
    "time_start_2": 411651.747819458,
    "time_end_2": 411653.001456,
    "time_total_2": 1.2536365420091897,
    "time_start_3": 411651747819541,
    "time_end_3": 411653001456250,
    "time_total_3": 1.253636709
}