{
    "function_method_name": "extract_images_from_pdf_to_files",
    "time_start_1": 1763892213.739821,
    "time_end_1": 1763892213.7435782,
    "time_total_1": 0.0037572383880615234,
    "time_start_2": 827695.29089975,
    "time_end_2": 827695.294657625,
    "time_total_2": 0.003757875063456595,
    "time_start_3": 827695290899833,
    "time_end_3": 827695294657666,
    "time_total_3": 0.003757833
}