{
  "function_method_name": "extract_images_from_pdf_to_files",
  "time_start_1": 1775491160.146271,
  "time_end_1": 1775491160.194528,
  "time_total_1": 0.04825711250305176,
  "time_start_2": 907276.789117041,
  "time_end_2": 907276.837351375,
  "time_total_2": 0.04823433398269117,
  "time_start_3": 907276789117041,
  "time_end_3": 907276837351458,
  "time_total_3": 0.048234417,
  "num_pages": 3,
  "pages_per_second_1": 62.16700180331514,
  "pages_per_second_2": 62.19635998449873,
  "pages_per_second_3": 62.196252936984806
}