{
    "function_method_name": "extract_text_to_file_from_any_document",
    "time_start_1": 1770468403.665251,
    "time_end_1": 1770468403.745754,
    "time_total_1": 0.08050298690795898,
    "time_start_2": 4051397.8695425,
    "time_end_2": 4051397.9500455,
    "time_total_2": 0.08050299994647503,
    "time_start_3": 4051397869542583,
    "time_end_3": 4051397950045708,
    "time_total_3": 0.080503125
}