{
    "function_method_name": "api_parse_analyze_markdown_mistune",
    "time_start_1": 1772641572.7063081,
    "time_end_1": 1772641572.7373672,
    "time_total_1": 0.03105902671813965,
    "time_start_2": 829303.153519458,
    "time_end_2": 829303.184578583,
    "time_total_2": 0.03105912497267127,
    "time_start_3": 829303153519541,
    "time_end_3": 829303184578666,
    "time_total_3": 0.031059125
}