{
    "function_method_name": "extract_text_to_file_from_any_document",
    "time_start_1": 1765466670.116291,
    "time_end_1": 1765466671.75646,
    "time_total_1": 1.6401689052581787,
    "time_start_2": 2375692.895664875,
    "time_end_2": 2375694.535836208,
    "time_total_2": 1.6401713332161307,
    "time_start_3": 2375692895664958,
    "time_end_3": 2375694535836416,
    "time_total_3": 1.640171458
}