{
    "function_method_name": "extract_text_to_file_from_any_document",
    "time_start_1": 1770993779.584268,
    "time_end_1": 1770993779.663917,
    "time_total_1": 0.07964897155761719,
    "time_start_2": 20133.135652625,
    "time_end_2": 20133.215302791,
    "time_total_2": 0.079650166000647,
    "time_start_3": 20133135652791,
    "time_end_3": 20133215303375,
    "time_total_3": 0.079650584
}