{
    "function_method_name": "extract_tables_to_files_from_pdf_document",
    "time_start_1": 1769412225.0321321,
    "time_end_1": 1769412235.548979,
    "time_total_1": 10.516846895217896,
    "time_start_2": 3016453.911359791,
    "time_end_2": 3016464.428186291,
    "time_total_2": 10.516826499719173,
    "time_start_3": 3016453911359833,
    "time_end_3": 3016464428186500,
    "time_total_3": 10.516826667
}