{
    "function_method_name": "extract_tables_to_files_from_pdf_document",
    "time_start_1": 1769616614.4233441,
    "time_end_1": 1769616625.923976,
    "time_total_1": 11.50063180923462,
    "time_start_2": 3216046.401926875,
    "time_end_2": 3216057.90254725,
    "time_total_2": 11.50062037492171,
    "time_start_3": 3216046401926875,
    "time_end_3": 3216057902547541,
    "time_total_3": 11.500620666
}