{
    "function_method_name": "extract_tables_to_files_from_pdf_document",
    "time_start_1": 1769309154.121144,
    "time_end_1": 1769309165.115069,
    "time_total_1": 10.993924856185913,
    "time_start_2": 2913383.165036125,
    "time_end_2": 2913394.158914625,
    "time_total_2": 10.993878500070423,
    "time_start_3": 2913383165036208,
    "time_end_3": 2913394158914916,
    "time_total_3": 10.993878708
}