{
    "function_method_name": "extract_tables_to_files_from_pdf_document",
    "time_start_1": 1769627450.514712,
    "time_end_1": 1769627461.494485,
    "time_total_1": 10.979772806167603,
    "time_start_2": 3226882.44396875,
    "time_end_2": 3226893.423700166,
    "time_total_2": 10.97973141586408,
    "time_start_3": 3226882443968833,
    "time_end_3": 3226893423700583,
    "time_total_3": 10.97973175
}