{
    "function_method_name": "extract_text_to_file_from_any_document",
    "time_start_1": 1771446989.542685,
    "time_end_1": 1771446989.5437381,
    "time_total_1": 0.0010530948638916016,
    "time_start_2": 436998.048860541,
    "time_end_2": 436998.049913916,
    "time_total_2": 0.0010533749591559172,
    "time_start_3": 436998048860583,
    "time_end_3": 436998049914000,
    "time_total_3": 0.001053417
}