{
    "function_method_name": "extract_text_to_file_from_any_document",
    "time_start_1": 1772789746.284034,
    "time_end_1": 1772789746.6478488,
    "time_total_1": 0.3638148307800293,
    "time_start_2": 963716.24130775,
    "time_end_2": 963716.605124166,
    "time_total_2": 0.3638164160074666,
    "time_start_3": 963716241308000,
    "time_end_3": 963716605124541,
    "time_total_3": 0.363816541
}