{
    "function_method_name": "extract_tables_to_files_from_pdf_document",
    "time_start_1": 1769615238.381634,
    "time_end_1": 1769615240.9509382,
    "time_total_1": 2.5693042278289795,
    "time_start_2": 3214670.359469041,
    "time_end_2": 3214672.928768291,
    "time_total_2": 2.569299249909818,
    "time_start_3": 3214670359469125,
    "time_end_3": 3214672928768416,
    "time_total_3": 2.569299291
}