{
    "function_method_name": "extract_tables_to_files_from_pdf_document",
    "time_start_1": 1769609374.9787781,
    "time_end_1": 1769609377.559707,
    "time_total_1": 2.5809288024902344,
    "time_start_2": 3208806.983136958,
    "time_end_2": 3208809.564065375,
    "time_total_2": 2.5809284169226885,
    "time_start_3": 3208806983137041,
    "time_end_3": 3208809564065500,
    "time_total_3": 2.580928459
}