{
    "function_method_name": "extract_tables_to_files_from_pdf_document",
    "time_start_1": 1769287874.20278,
    "time_end_1": 1769287876.3065238,
    "time_total_1": 2.1037437915802,
    "time_start_2": 2892103.317186958,
    "time_end_2": 2892105.420923208,
    "time_total_2": 2.103736249729991,
    "time_start_3": 2892103317186958,
    "time_end_3": 2892105420923250,
    "time_total_3": 2.103736292
}