{
    "function_method_name": "extract_images_from_pdf_to_files",
    "time_start_1": 1769283718.5560231,
    "time_end_1": 1769283718.558063,
    "time_total_1": 0.0020399093627929688,
    "time_start_2": 2887947.688500041,
    "time_end_2": 2887947.690539875,
    "time_total_2": 0.002039833925664425,
    "time_start_3": 2887947688500125,
    "time_end_3": 2887947690539958,
    "time_total_3": 0.002039833
}