{
    "function_method_name": "extract_tables_to_files_from_pdf_document",
    "time_start_1": 1765525108.652151,
    "time_end_1": 1765525111.936234,
    "time_total_1": 3.2840828895568848,
    "time_start_2": 2434131.242240041,
    "time_end_2": 2434134.526302875,
    "time_total_2": 3.2840628339909017,
    "time_start_3": 2434131242240125,
    "time_end_3": 2434134526303041,
    "time_total_3": 3.284062916
}