{
    "function_method_name": "extract_tables_to_files_from_pdf_document",
    "time_start_1": 1765378609.63668,
    "time_end_1": 1765378612.889018,
    "time_total_1": 3.252338171005249,
    "time_start_2": 2287632.365515916,
    "time_end_2": 2287635.618022416,
    "time_total_2": 3.252506499644369,
    "time_start_3": 2287632365516000,
    "time_end_3": 2287635618022583,
    "time_total_3": 3.252506583
}