{
    "function_method_name": "extract_tables_to_files_from_pdf_document",
    "time_start_1": 1765519890.8138392,
    "time_end_1": 1765519894.1169841,
    "time_total_1": 3.303144931793213,
    "time_start_2": 2428913.469664333,
    "time_end_2": 2428916.772828166,
    "time_total_2": 3.3031638329848647,
    "time_start_3": 2428913469664416,
    "time_end_3": 2428916772828375,
    "time_total_3": 3.303163959
}