{
    "function_method_name": "extract_text_to_file_from_any_document",
    "time_start_1": 1772652667.3560221,
    "time_end_1": 1772652667.513118,
    "time_total_1": 0.15709590911865234,
    "time_start_2": 840397.765476666,
    "time_end_2": 840397.922571875,
    "time_total_2": 0.15709520899690688,
    "time_start_3": 840397765476708,
    "time_end_3": 840397922572000,
    "time_total_3": 0.157095292
}