{
    "function_method_name": "extract_text_to_file_from_any_document",
    "time_start_1": 1769607899.7786958,
    "time_end_1": 1769607900.0208719,
    "time_total_1": 0.24217605590820312,
    "time_start_2": 3207331.776959458,
    "time_end_2": 3207332.019136,
    "time_total_2": 0.24217654205858707,
    "time_start_3": 3207331776959500,
    "time_end_3": 3207332019136083,
    "time_total_3": 0.242176583
}