{
    "function_method_name": "extract_tables_to_files_from_pdf_document",
    "time_start_1": 1765495260.173333,
    "time_end_1": 1765495260.665766,
    "time_total_1": 0.4924330711364746,
    "time_start_2": 2404282.820926166,
    "time_end_2": 2404283.313355458,
    "time_total_2": 0.4924292918294668,
    "time_start_3": 2404282820926208,
    "time_end_3": 2404283313355666,
    "time_total_3": 0.492429458
}