{
    "function_method_name": "extract_tables_to_files_from_pdf_document",
    "time_start_1": 1765522894.7668512,
    "time_end_1": 1765522895.261228,
    "time_total_1": 0.49437689781188965,
    "time_start_2": 2431917.3860185,
    "time_end_2": 2431917.880396291,
    "time_total_2": 0.4943777909502387,
    "time_start_3": 2431917386018625,
    "time_end_3": 2431917880396541,
    "time_total_3": 0.494377916
}