{
    "function_method_name": "extract_tables_to_files_from_pdf_document",
    "time_start_1": 1765519411.3808022,
    "time_end_1": 1765519411.878473,
    "time_total_1": 0.49767088890075684,
    "time_start_2": 2428434.033950875,
    "time_end_2": 2428434.531625333,
    "time_total_2": 0.49767445772886276,
    "time_start_3": 2428434033950958,
    "time_end_3": 2428434531625541,
    "time_total_3": 0.497674583
}