{
    "function_method_name": "extract_text_to_file_from_any_document",
    "time_start_1": 1772631183.010289,
    "time_end_1": 1772631183.01155,
    "time_total_1": 0.001260995864868164,
    "time_start_2": 818913.424074625,
    "time_end_2": 818913.425335333,
    "time_total_2": 0.001260707969777286,
    "time_start_3": 818913424074958,
    "time_end_3": 818913425336041,
    "time_total_3": 0.001261083
}