{
    "function_method_name": "extract_text_to_file_from_any_document",
    "time_start_1": 1769788067.134324,
    "time_end_1": 1769788067.210089,
    "time_total_1": 0.07576489448547363,
    "time_start_2": 3387499.025547083,
    "time_end_2": 3387499.101312875,
    "time_total_2": 0.07576579181477427,
    "time_start_3": 3387499025547166,
    "time_end_3": 3387499101313208,
    "time_total_3": 0.075766042
}