{
    "function_method_name": "extract_text_to_file_from_any_document",
    "time_start_1": 1769607611.5849228,
    "time_end_1": 1769607611.921437,
    "time_total_1": 0.3365142345428467,
    "time_start_2": 3207043.583655583,
    "time_end_2": 3207043.9201695,
    "time_total_2": 0.33651391696184874,
    "time_start_3": 3207043583655666,
    "time_end_3": 3207043920169750,
    "time_total_3": 0.336514084
}