{
    "function_method_name": "extract_tables_to_files_from_pdf_document",
    "time_start_1": 1763235626.50438,
    "time_end_1": 1763235632.896236,
    "time_total_1": 6.391855955123901,
    "time_start_2": 201836.704928291,
    "time_end_2": 201843.096773083,
    "time_total_2": 6.391844792000484,
    "time_start_3": 201836704928416,
    "time_end_3": 201843096773333,
    "time_total_3": 6.391844917
}