{
    "function_method_name": "extract_tables_to_files_from_pdf_document",
    "time_start_1": 1765490618.546962,
    "time_end_1": 1765490625.323057,
    "time_total_1": 6.776094913482666,
    "time_start_2": 2399641.210045666,
    "time_end_2": 2399647.98610825,
    "time_total_2": 6.776062584016472,
    "time_start_3": 2399641210045750,
    "time_end_3": 2399647986108458,
    "time_total_3": 6.776062708
}