{
    "function_method_name": "extract_markdown_to_file_from_any_document_complex",
    "num_pages": 19,
    "time_start_1": 1763147289.342033,
    "time_end_1": 1763147306.862727,
    "time_total_1": 17.52069401741028,
    "pages_per_second_1": 1.0844319283882098,
    "time_start_2": 113499.702778583,
    "time_end_2": 113517.223389708,
    "time_total_2": 17.52061112500087,
    "pages_per_second_2": 1.0844370589840975,
    "time_start_3": 113499702778625,
    "time_end_3": 113517223389791,
    "time_total_3": 17.520611166,
    "pages_per_second_3": 1.084437056446459
}