{
    "function_method_name": "extract_text_to_file_from_any_document",
    "time_start_1": 1763228758.096128,
    "time_end_1": 1763228776.296823,
    "time_total_1": 18.200695037841797,
    "time_start_2": 194968.308974541,
    "time_end_2": 194986.509652208,
    "time_total_2": 18.200677667016862,
    "time_start_3": 194968308974666,
    "time_end_3": 194986509652333,
    "time_total_3": 18.200677667
}