{
    "function_method_name": "extract_text_to_file_from_any_document",
    "time_start_1": 1763147254.143626,
    "time_end_1": 1763147271.722646,
    "time_total_1": 17.579020023345947,
    "time_start_2": 113464.504536791,
    "time_end_2": 113482.083474166,
    "time_total_2": 17.578937374986708,
    "time_start_3": 113464504536875,
    "time_end_3": 113482083474250,
    "time_total_3": 17.578937375
}