{
    "function_method_name": "extract_text_to_file_from_any_document",
    "time_start_1": 1763209472.2793899,
    "time_end_1": 1763209485.567297,
    "time_total_1": 13.287907123565674,
    "time_start_2": 175682.578742833,
    "time_end_2": 175695.866678208,
    "time_total_2": 13.287935375003144,
    "time_start_3": 175682578742875,
    "time_end_3": 175695866678250,
    "time_total_3": 13.287935375
}