{
    "function_method_name": "extract_markdown_to_file_from_any_document",
    "num_pages": 19,
    "time_start_1": 1763090928.829782,
    "time_end_1": 1763090946.660435,
    "time_total_1": 17.830652952194214,
    "pages_per_second_1": 1.0655807193904185,
    "time_start_2": 57139.360652541,
    "time_end_2": 57157.191175166,
    "time_total_2": 17.830522625001322,
    "pages_per_second_2": 1.0655885079531475,
    "time_start_3": 57139360652625,
    "time_end_3": 57157191175291,
    "time_total_3": 17.830522666,
    "pages_per_second_3": 1.0655885055029828
}