{
    "function_method_name": "extract_markdown_to_file_from_any_document",
    "num_pages": 19,
    "time_start_1": 1763080923.632237,
    "time_end_1": 1763080941.462768,
    "time_total_1": 17.830531120300293,
    "pages_per_second_1": 1.0655880002569442,
    "time_start_2": 47134.175064583,
    "time_end_2": 47152.00569425,
    "time_total_2": 17.830629666997993,
    "pages_per_second_2": 1.065582110942854,
    "time_start_3": 47134175064666,
    "time_end_3": 47152005694333,
    "time_total_3": 17.830629667,
    "pages_per_second_3": 1.0655821109427341
}