{
    "function_method_name": "extract_markdown_to_file_from_any_document",
    "num_pages": 19,
    "time_start_1": 1763083442.289993,
    "time_end_1": 1763083459.832597,
    "time_total_1": 17.542603969573975,
    "pages_per_second_1": 1.083077519902618,
    "time_start_2": 49652.848211541,
    "time_end_2": 49670.390924583,
    "time_total_2": 17.542713041999377,
    "pages_per_second_2": 1.083070785830658,
    "time_start_3": 49652848211583,
    "time_end_3": 49670390924708,
    "time_total_3": 17.542713125,
    "pages_per_second_3": 1.083070780706277
}