{
    "function_method_name": "extract_text_to_file_from_any_document",
    "time_start_1": 1763213283.924649,
    "time_end_1": 1763213297.292951,
    "time_total_1": 13.3683021068573,
    "time_start_2": 179494.129604458,
    "time_end_2": 179507.51999625,
    "time_total_2": 13.39039179199608,
    "time_start_3": 179494129604500,
    "time_end_3": 179507519996291,
    "time_total_3": 13.390391791
}