{
    "function_method_name": "extract_images_from_pdf_to_files",
    "time_start_1": 1770304744.1915781,
    "time_end_1": 1770304744.63254,
    "time_total_1": 0.4409618377685547,
    "time_start_2": 3904176.634941708,
    "time_end_2": 3904177.075903666,
    "time_total_2": 0.4409619583748281,
    "time_start_3": 3904176634941791,
    "time_end_3": 3904177075904166,
    "time_total_3": 0.440962375
}