{
    "function_method_name": "extract_images_from_pdf_to_files",
    "time_start_1": 1771755392.958625,
    "time_end_1": 1771755393.2796469,
    "time_total_1": 0.32102179527282715,
    "time_start_2": 211864.842544125,
    "time_end_2": 211865.163566958,
    "time_total_2": 0.32102283302810974,
    "time_start_3": 211864842544208,
    "time_end_3": 211865163567166,
    "time_total_3": 0.321022958
}