{
    "function_method_name": "extract_images_from_pdf_to_files",
    "time_start_1": 1770568270.1347451,
    "time_end_1": 1770568270.569321,
    "time_total_1": 0.43457579612731934,
    "time_start_2": 4151264.271622541,
    "time_end_2": 4151264.7061985,
    "time_total_2": 0.4345759591087699,
    "time_start_3": 4151264271622583,
    "time_end_3": 4151264706198750,
    "time_total_3": 0.434576167
}