{
    "function_method_name": "extract_images_from_pdf_to_files",
    "time_start_1": 1770568706.521091,
    "time_end_1": 1770568706.964771,
    "time_total_1": 0.4436800479888916,
    "time_start_2": 4151700.6565735,
    "time_end_2": 4151701.100252916,
    "time_total_2": 0.4436794160865247,
    "time_start_3": 4151700656573583,
    "time_end_3": 4151701100253250,
    "time_total_3": 0.443679667
}