{
    "function_method_name": "extract_images_from_pdf_to_files",
    "time_start_1": 1770301956.020782,
    "time_end_1": 1770301956.4680672,
    "time_total_1": 0.44728517532348633,
    "time_start_2": 3901388.463299833,
    "time_end_2": 3901388.910585125,
    "time_total_2": 0.44728529220446944,
    "time_start_3": 3901388463299875,
    "time_end_3": 3901388910585458,
    "time_total_3": 0.447285583
}