{
    "function_method_name": "extract_images_from_pdf_to_files",
    "time_start_1": 1770302150.454134,
    "time_end_1": 1770302150.886337,
    "time_total_1": 0.4322030544281006,
    "time_start_2": 3901582.896684083,
    "time_end_2": 3901583.328888708,
    "time_total_2": 0.4322046246379614,
    "time_start_3": 3901582896684166,
    "time_end_3": 3901583328889208,
    "time_total_3": 0.432205042
}