{
    "function_method_name": "extract_images_from_pdf_to_files",
    "time_start_1": 1770301416.5930061,
    "time_end_1": 1770301417.0340328,
    "time_total_1": 0.4410266876220703,
    "time_start_2": 3900849.03266075,
    "time_end_2": 3900849.473687125,
    "time_total_2": 0.44102637469768524,
    "time_start_3": 3900849032660875,
    "time_end_3": 3900849473687833,
    "time_total_3": 0.441026958
}