{
    "function_method_name": "extract_images_from_pdf_to_files",
    "time_start_1": 1770566628.630243,
    "time_end_1": 1770566629.079534,
    "time_total_1": 0.4492909908294678,
    "time_start_2": 4149622.766983333,
    "time_end_2": 4149623.21627375,
    "time_total_2": 0.4492904171347618,
    "time_start_3": 4149622766983458,
    "time_end_3": 4149623216274375,
    "time_total_3": 0.449290917
}