{
    "function_method_name": "extract_images_from_pdf_to_files",
    "time_start_1": 1771006162.824165,
    "time_end_1": 1771006163.15586,
    "time_total_1": 0.3316948413848877,
    "time_start_2": 32516.320070708,
    "time_end_2": 32516.651765,
    "time_total_2": 0.3316942919991561,
    "time_start_3": 32516320070791,
    "time_end_3": 32516651765166,
    "time_total_3": 0.331694375
}