{
    "function_method_name": "extract_images_from_pdf_to_files",
    "time_start_1": 1770570673.846988,
    "time_end_1": 1770570674.275637,
    "time_total_1": 0.4286489486694336,
    "time_start_2": 4153667.975890833,
    "time_end_2": 4153668.404539291,
    "time_total_2": 0.42864845786243677,
    "time_start_3": 4153667975890916,
    "time_end_3": 4153668404539583,
    "time_total_3": 0.428648667
}