{
    "function_method_name": "extract_images_from_pdf_to_files",
    "time_start_1": 1770568771.984716,
    "time_end_1": 1770568772.4165618,
    "time_total_1": 0.43184590339660645,
    "time_start_2": 4151766.120049333,
    "time_end_2": 4151766.55189425,
    "time_total_2": 0.43184491666033864,
    "time_start_3": 4151766120049375,
    "time_end_3": 4151766551894666,
    "time_total_3": 0.431845291
}