{
    "function_method_name": "extract_images_from_pdf_to_files",
    "time_start_1": 1770304398.7782478,
    "time_end_1": 1770304399.211891,
    "time_total_1": 0.433643102645874,
    "time_start_2": 3903831.221527875,
    "time_end_2": 3903831.655173166,
    "time_total_2": 0.43364529125392437,
    "time_start_3": 3903831221527958,
    "time_end_3": 3903831655173583,
    "time_total_3": 0.433645625
}