{
    "function_method_name": "extract_images_from_pdf_to_files",
    "time_start_1": 1770304636.178776,
    "time_end_1": 1770304636.623157,
    "time_total_1": 0.4443809986114502,
    "time_start_2": 3904068.622113791,
    "time_end_2": 3904069.066495333,
    "time_total_2": 0.4443815420381725,
    "time_start_3": 3904068622113875,
    "time_end_3": 3904069066495916,
    "time_total_3": 0.444382041
}