{
    "function_method_name": "extract_images_from_pdf_to_files",
    "time_start_1": 1770567372.1227362,
    "time_end_1": 1770567372.566319,
    "time_total_1": 0.44358277320861816,
    "time_start_2": 4150366.261612125,
    "time_end_2": 4150366.705194708,
    "time_total_2": 0.44358258275315166,
    "time_start_3": 4150366261612166,
    "time_end_3": 4150366705194958,
    "time_total_3": 0.443582792
}