{
    "function_method_name": "extract_images_from_pdf_to_files",
    "time_start_1": 1770516022.528843,
    "time_end_1": 1770516022.969988,
    "time_total_1": 0.4411451816558838,
    "time_start_2": 4099016.641255541,
    "time_end_2": 4099017.082399541,
    "time_total_2": 0.4411440002731979,
    "time_start_3": 4099016641255625,
    "time_end_3": 4099017082399958,
    "time_total_3": 0.441144333
}