{
    "function_method_name": "extract_images_from_pdf_to_files",
    "time_start_1": 1770304593.22785,
    "time_end_1": 1770304593.6698902,
    "time_total_1": 0.44204020500183105,
    "time_start_2": 3904025.6711765,
    "time_end_2": 3904026.113218041,
    "time_total_2": 0.44204154098406434,
    "time_start_3": 3904025671176583,
    "time_end_3": 3904026113218250,
    "time_total_3": 0.442041667
}