{
    "function_method_name": "extract_images_from_pdf_to_files",
    "time_start_1": 1770512132.770268,
    "time_end_1": 1770512133.208291,
    "time_total_1": 0.43802309036254883,
    "time_start_2": 4095126.888331833,
    "time_end_2": 4095127.326355541,
    "time_total_2": 0.4380237082950771,
    "time_start_3": 4095126888331875,
    "time_end_3": 4095127326355708,
    "time_total_3": 0.438023833
}