{
    "function_method_name": "extract_images_from_pdf_to_files",
    "time_start_1": 1770514269.546249,
    "time_end_1": 1770514269.985971,
    "time_total_1": 0.43972206115722656,
    "time_start_2": 4097263.659065833,
    "time_end_2": 4097264.098787291,
    "time_total_2": 0.4397214581258595,
    "time_start_3": 4097263659065875,
    "time_end_3": 4097264098787791,
    "time_total_3": 0.439721916
}