{
    "function_method_name": "extract_images_from_pdf_to_files",
    "time_start_1": 1770306282.5034082,
    "time_end_1": 1770306282.9533498,
    "time_total_1": 0.44994163513183594,
    "time_start_2": 3905714.94713925,
    "time_end_2": 3905715.397082291,
    "time_total_2": 0.4499430409632623,
    "time_start_3": 3905714947139333,
    "time_end_3": 3905715397082500,
    "time_total_3": 0.449943167
}