{
    "function_method_name": "extract_images_from_pdf_to_files",
    "time_start_1": 1770303341.7211342,
    "time_end_1": 1770303342.153701,
    "time_total_1": 0.43256688117980957,
    "time_start_2": 3902774.163854666,
    "time_end_2": 3902774.596422708,
    "time_total_2": 0.43256804207339883,
    "time_start_3": 3902774163854750,
    "time_end_3": 3902774596423125,
    "time_total_3": 0.432568375
}