{
    "function_method_name": "extract_images_from_pdf_to_files",
    "time_start_1": 1770567043.651401,
    "time_end_1": 1770567044.09697,
    "time_total_1": 0.4455690383911133,
    "time_start_2": 4150037.786873916,
    "time_end_2": 4150038.232442666,
    "time_total_2": 0.44556874968111515,
    "time_start_3": 4150037786874000,
    "time_end_3": 4150038232442875,
    "time_total_3": 0.445568875
}