{
    "function_method_name": "extract_images_from_pdf_to_files",
    "time_start_1": 1770571481.6804,
    "time_end_1": 1770571482.127674,
    "time_total_1": 0.44727420806884766,
    "time_start_2": 4154475.809662708,
    "time_end_2": 4154476.256936625,
    "time_total_2": 0.4472739170305431,
    "time_start_3": 4154475809662750,
    "time_end_3": 4154476256936708,
    "time_total_3": 0.447273958
}