{
    "function_method_name": "extract_images_from_pdf_to_files",
    "time_start_1": 1770305548.989548,
    "time_end_1": 1770305549.424633,
    "time_total_1": 0.4350850582122803,
    "time_start_2": 3904981.433111833,
    "time_end_2": 3904981.868196916,
    "time_total_2": 0.4350850828923285,
    "time_start_3": 3904981433111875,
    "time_end_3": 3904981868197500,
    "time_total_3": 0.435085625
}