{
    "function_method_name": "extract_images_from_pdf_to_files",
    "time_start_1": 1771005309.8613918,
    "time_end_1": 1771005310.301078,
    "time_total_1": 0.43968629837036133,
    "time_start_2": 31663.3735995,
    "time_end_2": 31663.8132855,
    "time_total_2": 0.43968600000152946,
    "time_start_3": 31663373599583,
    "time_end_3": 31663813285833,
    "time_total_3": 0.43968625
}