{
    "function_method_name": "extract_images_from_pdf_to_files",
    "time_start_1": 1770513307.9020832,
    "time_end_1": 1770513308.348588,
    "time_total_1": 0.4465048313140869,
    "time_start_2": 4096302.0168905,
    "time_end_2": 4096302.463394375,
    "time_total_2": 0.4465038748458028,
    "time_start_3": 4096302016890583,
    "time_end_3": 4096302463394625,
    "time_total_3": 0.446504042
}