{
    "function_method_name": "extract_images_from_pdf_to_files",
    "time_start_1": 1770513692.612341,
    "time_end_1": 1770513693.0477152,
    "time_total_1": 0.43537425994873047,
    "time_start_2": 4096686.726666583,
    "time_end_2": 4096687.162040958,
    "time_total_2": 0.43537437496706843,
    "time_start_3": 4096686726666666,
    "time_end_3": 4096687162041375,
    "time_total_3": 0.435374709
}