{
    "function_method_name": "extract_images_from_pdf_to_files",
    "time_start_1": 1770301999.5041611,
    "time_end_1": 1770301999.944834,
    "time_total_1": 0.4406728744506836,
    "time_start_2": 3901431.946685916,
    "time_end_2": 3901432.387360583,
    "time_total_2": 0.44067466724663973,
    "time_start_3": 3901431946686041,
    "time_end_3": 3901432387360916,
    "time_total_3": 0.440674875
}