{
    "function_method_name": "extract_images_from_pdf_to_files",
    "time_start_1": 1770571547.300769,
    "time_end_1": 1770571547.7353148,
    "time_total_1": 0.43454575538635254,
    "time_start_2": 4154541.429890125,
    "time_end_2": 4154541.864435625,
    "time_total_2": 0.4345454997383058,
    "time_start_3": 4154541429890166,
    "time_end_3": 4154541864435791,
    "time_total_3": 0.434545625
}