{
    "function_method_name": "extract_images_from_pdf_to_files",
    "time_start_1": 1771005851.4362922,
    "time_end_1": 1771005851.745325,
    "time_total_1": 0.3090329170227051,
    "time_start_2": 32204.947520166,
    "time_end_2": 32205.256553041,
    "time_total_2": 0.3090328750004119,
    "time_start_3": 32204947520208,
    "time_end_3": 32205256553291,
    "time_total_3": 0.309033083
}