{
    "function_method_name": "extract_images_from_pdf_to_files",
    "time_start_1": 1770513863.383102,
    "time_end_1": 1770513863.823164,
    "time_total_1": 0.4400620460510254,
    "time_start_2": 4096857.496977041,
    "time_end_2": 4096857.937037958,
    "time_total_2": 0.44006091682240367,
    "time_start_3": 4096857496977125,
    "time_end_3": 4096857937038458,
    "time_total_3": 0.440061333
}