{
    "function_method_name": "extract_images_from_pdf_to_files",
    "time_start_1": 1770516278.4639208,
    "time_end_1": 1770516278.895512,
    "time_total_1": 0.431591272354126,
    "time_start_2": 4099272.575858083,
    "time_end_2": 4099273.007448541,
    "time_total_2": 0.4315904579125345,
    "time_start_3": 4099272575858166,
    "time_end_3": 4099273007449250,
    "time_total_3": 0.431591084
}