{
    "function_method_name": "extract_images_from_pdf_to_files",
    "time_start_1": 1770516214.451974,
    "time_end_1": 1770516214.887245,
    "time_total_1": 0.4352710247039795,
    "time_start_2": 4099208.564049583,
    "time_end_2": 4099208.999320958,
    "time_total_2": 0.43527137488126755,
    "time_start_3": 4099208564049666,
    "time_end_3": 4099208999321250,
    "time_total_3": 0.435271584
}