{
    "function_method_name": "extract_images_from_pdf_to_files",
    "time_start_1": 1770302064.301894,
    "time_end_1": 1770302064.742065,
    "time_total_1": 0.4401710033416748,
    "time_start_2": 3901496.744430125,
    "time_end_2": 3901497.184602,
    "time_total_2": 0.44017187459394336,
    "time_start_3": 3901496744430208,
    "time_end_3": 3901497184602666,
    "time_total_3": 0.440172458
}