{
    "function_method_name": "extract_images_from_pdf_to_files",
    "time_start_1": 1770569865.008713,
    "time_end_1": 1770569865.4498718,
    "time_total_1": 0.4411587715148926,
    "time_start_2": 4152859.13971075,
    "time_end_2": 4152859.58087025,
    "time_total_2": 0.4411594998091459,
    "time_start_3": 4152859139710833,
    "time_end_3": 4152859580870458,
    "time_total_3": 0.441159625
}