{
    "function_method_name": "extract_images_from_pdf_to_files",
    "time_start_1": 1770568379.1068091,
    "time_end_1": 1770568379.545014,
    "time_total_1": 0.4382047653198242,
    "time_start_2": 4151373.243448083,
    "time_end_2": 4151373.681652875,
    "time_total_2": 0.4382047923281789,
    "time_start_3": 4151373243448166,
    "time_end_3": 4151373681653041,
    "time_total_3": 0.438204875
}