{
    "function_method_name": "extract_images_from_pdf_to_files",
    "time_start_1": 1770567722.5533729,
    "time_end_1": 1770567722.996713,
    "time_total_1": 0.4433400630950928,
    "time_start_2": 4150716.69147675,
    "time_end_2": 4150717.134816541,
    "time_total_2": 0.4433397906832397,
    "time_start_3": 4150716691476833,
    "time_end_3": 4150717134816625,
    "time_total_3": 0.443339792
}