{
    "function_method_name": "extract_images_from_pdf_to_files",
    "time_start_1": 1770305355.016047,
    "time_end_1": 1770305355.4527822,
    "time_total_1": 0.4367351531982422,
    "time_start_2": 3904787.459564916,
    "time_end_2": 3904787.89629925,
    "time_total_2": 0.4367343341000378,
    "time_start_3": 3904787459565041,
    "time_end_3": 3904787896299500,
    "time_total_3": 0.436734459
}