{
    "function_method_name": "extract_images_from_pdf_to_files",
    "time_start_1": 1770512538.616508,
    "time_end_1": 1770512539.0558279,
    "time_total_1": 0.4393198490142822,
    "time_start_2": 4095532.733475541,
    "time_end_2": 4095533.172794416,
    "time_total_2": 0.4393188748508692,
    "time_start_3": 4095532733475583,
    "time_end_3": 4095533172794541,
    "time_total_3": 0.439318958
}