{
    "function_method_name": "extract_images_from_pdf_to_files",
    "time_start_1": 1771755115.311124,
    "time_end_1": 1771755115.6052532,
    "time_total_1": 0.2941291332244873,
    "time_start_2": 211587.195540416,
    "time_end_2": 211587.48966975,
    "time_total_2": 0.2941293340118136,
    "time_start_3": 211587195540458,
    "time_end_3": 211587489670125,
    "time_total_3": 0.294129667
}