{
    "function_method_name": "extract_images_from_pdf_to_files",
    "time_start_1": 1770567766.2127512,
    "time_end_1": 1770567766.666316,
    "time_total_1": 0.4535648822784424,
    "time_start_2": 4150760.350759166,
    "time_end_2": 4150760.804323041,
    "time_total_2": 0.45356387505307794,
    "time_start_3": 4150760350759250,
    "time_end_3": 4150760804323416,
    "time_total_3": 0.453564166
}