{
    "function_method_name": "extract_images_from_pdf_to_files",
    "time_start_1": 1770304269.737395,
    "time_end_1": 1770304270.170951,
    "time_total_1": 0.43355584144592285,
    "time_start_2": 3903702.180644458,
    "time_end_2": 3903702.614201458,
    "time_total_2": 0.4335570000112057,
    "time_start_3": 3903702180644583,
    "time_end_3": 3903702614201958,
    "time_total_3": 0.433557375
}