{
    "function_method_name": "extract_images_from_pdf_to_files",
    "time_start_1": 1770301610.446615,
    "time_end_1": 1770301610.891407,
    "time_total_1": 0.4447920322418213,
    "time_start_2": 3901042.886177166,
    "time_end_2": 3901043.33096975,
    "time_total_2": 0.44479258405044675,
    "time_start_3": 3901042886177208,
    "time_end_3": 3901043330969916,
    "time_total_3": 0.444792708
}