{
    "function_method_name": "extract_images_from_pdf_to_files",
    "time_start_1": 1770302107.314558,
    "time_end_1": 1770302107.7501938,
    "time_total_1": 0.4356358051300049,
    "time_start_2": 3901539.757101208,
    "time_end_2": 3901540.192737458,
    "time_total_2": 0.43563624983653426,
    "time_start_3": 3901539757101250,
    "time_end_3": 3901540192737958,
    "time_total_3": 0.435636708
}