{
    "function_method_name": "extract_images_from_pdf_to_files",
    "time_start_1": 1770514782.4930902,
    "time_end_1": 1770514782.948929,
    "time_total_1": 0.4558389186859131,
    "time_start_2": 4097776.60453875,
    "time_end_2": 4097777.060376916,
    "time_total_2": 0.4558381661772728,
    "time_start_3": 4097776604538833,
    "time_end_3": 4097777060377500,
    "time_total_3": 0.455838667
}