{
    "function_method_name": "extract_images_from_pdf_to_files",
    "time_start_1": 1771005023.0260742,
    "time_end_1": 1771005023.474015,
    "time_total_1": 0.4479408264160156,
    "time_start_2": 31376.5388245,
    "time_end_2": 31376.986764791,
    "time_total_2": 0.44794029100012267,
    "time_start_3": 31376538824583,
    "time_end_3": 31376986765083,
    "time_total_3": 0.4479405
}