{
    "function_method_name": "extract_images_from_pdf_to_files",
    "time_start_1": 1771004192.863688,
    "time_end_1": 1771004193.158539,
    "time_total_1": 0.29485106468200684,
    "time_start_2": 30546.375577041,
    "time_end_2": 30546.6704285,
    "time_total_2": 0.29485145900252974,
    "time_start_3": 30546375577125,
    "time_end_3": 30546670428833,
    "time_total_3": 0.294851708
}