{
    "function_method_name": "extract_images_from_pdf_to_files",
    "time_start_1": 1770566737.8894138,
    "time_end_1": 1770566738.3371,
    "time_total_1": 0.44768619537353516,
    "time_start_2": 4149732.025811333,
    "time_end_2": 4149732.473496333,
    "time_total_2": 0.44768500002101064,
    "time_start_3": 4149732025811416,
    "time_end_3": 4149732473496666,
    "time_total_3": 0.44768525
}