{
    "function_method_name": "extract_images_from_pdf_to_files",
    "time_start_1": 1770306691.948159,
    "time_end_1": 1770306692.381166,
    "time_total_1": 0.43300700187683105,
    "time_start_2": 3906124.391694166,
    "time_end_2": 3906124.8247015,
    "time_total_2": 0.4330073338933289,
    "time_start_3": 3906124391694250,
    "time_end_3": 3906124824701625,
    "time_total_3": 0.433007375
}