{
    "function_method_name": "extract_images_from_pdf_to_files",
    "time_start_1": 1770302604.51018,
    "time_end_1": 1770302604.9434721,
    "time_total_1": 0.4332921504974365,
    "time_start_2": 3902036.952788083,
    "time_end_2": 3902037.386079625,
    "time_total_2": 0.4332915423437953,
    "time_start_3": 3902036952788125,
    "time_end_3": 3902037386079750,
    "time_total_3": 0.433291625
}