{
    "function_method_name": "extract_images_from_pdf_to_files",
    "time_start_1": 1770304291.392155,
    "time_end_1": 1770304291.831166,
    "time_total_1": 0.4390110969543457,
    "time_start_2": 3903723.83540925,
    "time_end_2": 3903724.274420791,
    "time_total_2": 0.4390115407295525,
    "time_start_3": 3903723835409291,
    "time_end_3": 3903724274421208,
    "time_total_3": 0.439011917
}