{
    "function_method_name": "extract_images_from_pdf_to_files",
    "time_start_1": 1770301632.06946,
    "time_end_1": 1770301632.511473,
    "time_total_1": 0.4420130252838135,
    "time_start_2": 3901064.509012208,
    "time_end_2": 3901064.95102575,
    "time_total_2": 0.4420135421678424,
    "time_start_3": 3901064509012333,
    "time_end_3": 3901064951025875,
    "time_total_3": 0.442013542
}