{
    "function_method_name": "extract_images_from_pdf_to_files",
    "time_start_1": 1770571067.368762,
    "time_end_1": 1770571067.809985,
    "time_total_1": 0.4412229061126709,
    "time_start_2": 4154061.498900375,
    "time_end_2": 4154061.940123916,
    "time_total_2": 0.4412235412746668,
    "time_start_3": 4154061498900416,
    "time_end_3": 4154061940124208,
    "time_total_3": 0.441223792
}