{
    "function_method_name": "extract_images_from_pdf_to_files",
    "time_start_1": 1770512552.290658,
    "time_end_1": 1770512552.355653,
    "time_total_1": 0.06499505043029785,
    "time_start_2": 4095546.407587791,
    "time_end_2": 4095546.472582583,
    "time_total_2": 0.0649947919882834,
    "time_start_3": 4095546407587875,
    "time_end_3": 4095546472582750,
    "time_total_3": 0.064994875
}