{
    "function_method_name": "extract_images_from_pdf_to_files",
    "time_start_1": 1770305196.23358,
    "time_end_1": 1770305196.297639,
    "time_total_1": 0.06405878067016602,
    "time_start_2": 3904628.677073708,
    "time_end_2": 3904628.741132833,
    "time_total_2": 0.06405912525951862,
    "time_start_3": 3904628677073750,
    "time_end_3": 3904628741132916,
    "time_total_3": 0.064059166
}