{
    "function_method_name": "extract_images_from_pdf_to_files",
    "time_start_1": 1770570032.078942,
    "time_end_1": 1770570032.141825,
    "time_total_1": 0.06288290023803711,
    "time_start_2": 4153026.209511875,
    "time_end_2": 4153026.272395291,
    "time_total_2": 0.06288341572508216,
    "time_start_3": 4153026209511916,
    "time_end_3": 4153026272395333,
    "time_total_3": 0.062883417
}