{
    "function_method_name": "extract_images_from_pdf_to_files",
    "time_start_1": 1770569595.509564,
    "time_end_1": 1770569595.57461,
    "time_total_1": 0.06504607200622559,
    "time_start_2": 4152589.641232041,
    "time_end_2": 4152589.70627875,
    "time_total_2": 0.06504670903086662,
    "time_start_3": 4152589641232166,
    "time_end_3": 4152589706279166,
    "time_total_3": 0.065047
}