{
    "function_method_name": "extract_images_from_pdf_to_files",
    "time_start_1": 1770569966.3047009,
    "time_end_1": 1770569966.367976,
    "time_total_1": 0.06327509880065918,
    "time_start_2": 4152960.4354435,
    "time_end_2": 4152960.49871875,
    "time_total_2": 0.06327525014057755,
    "time_start_3": 4152960435443541,
    "time_end_3": 4152960498718791,
    "time_total_3": 0.06327525
}