{
    "function_method_name": "extract_images_from_pdf_to_files",
    "time_start_1": 1770514732.141006,
    "time_end_1": 1770514732.20484,
    "time_total_1": 0.06383395195007324,
    "time_start_2": 4097726.252589541,
    "time_end_2": 4097726.316424083,
    "time_total_2": 0.06383454194292426,
    "time_start_3": 4097726252589625,
    "time_end_3": 4097726316424166,
    "time_total_3": 0.063834541
}