{
    "function_method_name": "extract_images_from_pdf_to_files",
    "time_start_1": 1770305433.3434129,
    "time_end_1": 1770305433.410141,
    "time_total_1": 0.06672811508178711,
    "time_start_2": 3904865.786949583,
    "time_end_2": 3904865.853678166,
    "time_total_2": 0.06672858307138085,
    "time_start_3": 3904865786949625,
    "time_end_3": 3904865853678541,
    "time_total_3": 0.066728916
}