{
    "function_method_name": "extract_images_from_pdf_to_files",
    "time_start_1": 1770306619.866186,
    "time_end_1": 1770306619.930323,
    "time_total_1": 0.06413698196411133,
    "time_start_2": 3906052.309707958,
    "time_end_2": 3906052.373845291,
    "time_total_2": 0.06413733307272196,
    "time_start_3": 3906052309707958,
    "time_end_3": 3906052373845458,
    "time_total_3": 0.0641375
}