{
    "function_method_name": "extract_images_from_pdf_to_files",
    "time_start_1": 1770569158.961376,
    "time_end_1": 1770569159.029396,
    "time_total_1": 0.06802010536193848,
    "time_start_2": 4152153.095836458,
    "time_end_2": 4152153.163856791,
    "time_total_2": 0.06802033307030797,
    "time_start_3": 4152153095836500,
    "time_end_3": 4152153163856958,
    "time_total_3": 0.068020458
}