{
    "function_method_name": "extract_images_from_pdf_to_files",
    "time_start_1": 1771004402.5209851,
    "time_end_1": 1771004402.567159,
    "time_total_1": 0.046173810958862305,
    "time_start_2": 30756.032394916,
    "time_end_2": 30756.078568875,
    "time_total_2": 0.0461739589991339,
    "time_start_3": 30756032394958,
    "time_end_3": 30756078569041,
    "time_total_3": 0.046174083
}