{
    "function_method_name": "extract_images_from_pdf_to_files",
    "time_start_1": 1770516441.8195782,
    "time_end_1": 1770516441.8835142,
    "time_total_1": 0.06393599510192871,
    "time_start_2": 4099435.931222541,
    "time_end_2": 4099435.995158666,
    "time_total_2": 0.06393612502142787,
    "time_start_3": 4099435931222666,
    "time_end_3": 4099435995158708,
    "time_total_3": 0.063936042
}