{
    "function_method_name": "extract_images_from_pdf_to_files",
    "time_start_1": 1770570950.2532039,
    "time_end_1": 1770570950.31793,
    "time_total_1": 0.06472611427307129,
    "time_start_2": 4153944.381382416,
    "time_end_2": 4153944.4461095,
    "time_total_2": 0.06472708377987146,
    "time_start_3": 4153944381382458,
    "time_end_3": 4153944446109958,
    "time_total_3": 0.0647275
}