{
    "function_method_name": "extract_images_from_pdf_to_files",
    "time_start_1": 1770571016.117026,
    "time_end_1": 1770571016.181992,
    "time_total_1": 0.06496596336364746,
    "time_start_2": 4154010.246413583,
    "time_end_2": 4154010.311383791,
    "time_total_2": 0.06497020786628127,
    "time_start_3": 4154010246413708,
    "time_end_3": 4154010311384041,
    "time_total_3": 0.064970333
}