{
    "function_method_name": "extract_images_from_pdf_to_files",
    "time_start_1": 1770302855.4534988,
    "time_end_1": 1770302855.520875,
    "time_total_1": 0.06737613677978516,
    "time_start_2": 3902287.896147541,
    "time_end_2": 3902287.963523666,
    "time_total_2": 0.06737612513825297,
    "time_start_3": 3902287896147625,
    "time_end_3": 3902287963523916,
    "time_total_3": 0.067376291
}