{
    "function_method_name": "extract_images_from_pdf_to_files",
    "time_start_1": 1770570010.242542,
    "time_end_1": 1770570010.306622,
    "time_total_1": 0.06407999992370605,
    "time_start_2": 4153004.37316975,
    "time_end_2": 4153004.437249833,
    "time_total_2": 0.0640800828114152,
    "time_start_3": 4153004373169833,
    "time_end_3": 4153004437249916,
    "time_total_3": 0.064080083
}