{
    "function_method_name": "extract_images_from_pdf_to_files",
    "time_start_1": 1770513342.979069,
    "time_end_1": 1770513343.0463529,
    "time_total_1": 0.06728386878967285,
    "time_start_2": 4096337.093780541,
    "time_end_2": 4096337.16106425,
    "time_total_2": 0.0672837090678513,
    "time_start_3": 4096337093780625,
    "time_end_3": 4096337161064708,
    "time_total_3": 0.067284083
}