{
    "function_method_name": "extract_images_from_pdf_to_files",
    "time_start_1": 1770571146.727349,
    "time_end_1": 1770571146.796949,
    "time_total_1": 0.06959986686706543,
    "time_start_2": 4154140.857337458,
    "time_end_2": 4154140.926937333,
    "time_total_2": 0.06959987478330731,
    "time_start_3": 4154140857337500,
    "time_end_3": 4154140926937500,
    "time_total_3": 0.0696
}