{
    "function_method_name": "extract_images_from_pdf_to_files",
    "time_start_1": 1770512253.0807612,
    "time_end_1": 1770512253.147524,
    "time_total_1": 0.06676292419433594,
    "time_start_2": 4095247.198503333,
    "time_end_2": 4095247.265267041,
    "time_total_2": 0.06676370790228248,
    "time_start_3": 4095247198503416,
    "time_end_3": 4095247265267416,
    "time_total_3": 0.066764
}