{
    "function_method_name": "extract_images_from_pdf_to_files",
    "time_start_1": 1770566948.742058,
    "time_end_1": 1770566948.806602,
    "time_total_1": 0.0645439624786377,
    "time_start_2": 4149942.877818,
    "time_end_2": 4149942.942362041,
    "time_total_2": 0.06454404117539525,
    "time_start_3": 4149942877818041,
    "time_end_3": 4149942942362166,
    "time_total_3": 0.064544125
}