{
    "function_method_name": "extract_images_from_pdf_to_files",
    "time_start_1": 1770302574.957454,
    "time_end_1": 1770302575.021307,
    "time_total_1": 0.06385302543640137,
    "time_start_2": 3902007.400057208,
    "time_end_2": 3902007.463909708,
    "time_total_2": 0.06385250017046928,
    "time_start_3": 3902007400057250,
    "time_end_3": 3902007463909833,
    "time_total_3": 0.063852583
}