{
    "function_method_name": "extract_images_from_pdf_to_files",
    "time_start_1": 1770570360.5787861,
    "time_end_1": 1770570360.64276,
    "time_total_1": 0.06397390365600586,
    "time_start_2": 4153354.7084955,
    "time_end_2": 4153354.77246975,
    "time_total_2": 0.06397425010800362,
    "time_start_3": 4153354708495541,
    "time_end_3": 4153354772470041,
    "time_total_3": 0.0639745
}