{
    "function_method_name": "extract_images_from_pdf_to_files",
    "time_start_1": 1770514390.302309,
    "time_end_1": 1770514390.36579,
    "time_total_1": 0.06348085403442383,
    "time_start_2": 4097384.414807416,
    "time_end_2": 4097384.478288666,
    "time_total_2": 0.06348124984651804,
    "time_start_3": 4097384414807458,
    "time_end_3": 4097384478288916,
    "time_total_3": 0.063481458
}