{
    "function_method_name": "extract_images_from_pdf_to_files",
    "time_start_1": 1770305886.243426,
    "time_end_1": 1770305886.3069592,
    "time_total_1": 0.06353306770324707,
    "time_start_2": 3905318.687066875,
    "time_end_2": 3905318.7505995,
    "time_total_2": 0.06353262485936284,
    "time_start_3": 3905318687066916,
    "time_end_3": 3905318750599583,
    "time_total_3": 0.063532667
}