{
    "function_method_name": "extract_images_from_pdf_to_files",
    "time_start_1": 1770515116.822619,
    "time_end_1": 1770515116.887455,
    "time_total_1": 0.06483602523803711,
    "time_start_2": 4098110.933184916,
    "time_end_2": 4098110.998021291,
    "time_total_2": 0.06483637494966388,
    "time_start_3": 4098110933185000,
    "time_end_3": 4098110998021458,
    "time_total_3": 0.064836458
}