{
    "function_method_name": "extract_images_from_pdf_to_files",
    "time_start_1": 1770301430.477234,
    "time_end_1": 1770301430.544353,
    "time_total_1": 0.06711912155151367,
    "time_start_2": 3900862.91688125,
    "time_end_2": 3900862.984000958,
    "time_total_2": 0.06711970781907439,
    "time_start_3": 3900862916881333,
    "time_end_3": 3900862984001333,
    "time_total_3": 0.06712
}