{
    "function_method_name": "extract_images_from_pdf_to_files",
    "time_start_1": 1771004187.439751,
    "time_end_1": 1771004187.488545,
    "time_total_1": 0.04879403114318848,
    "time_start_2": 30540.951653208,
    "time_end_2": 30541.000447375,
    "time_total_2": 0.04879416699986905,
    "time_start_3": 30540951653250,
    "time_end_3": 30541000447625,
    "time_total_3": 0.048794375
}