{
    "function_method_name": "extract_images_from_pdf_to_files",
    "time_start_1": 1771005258.625273,
    "time_end_1": 1771005258.6891258,
    "time_total_1": 0.06385278701782227,
    "time_start_2": 31612.137572208,
    "time_end_2": 31612.201424916,
    "time_total_2": 0.0638527079972846,
    "time_start_3": 31612137572250,
    "time_end_3": 31612201425041,
    "time_total_3": 0.063852791
}