{
    "function_method_name": "extract_images_from_pdf_to_files",
    "time_start_1": 1770571168.55773,
    "time_end_1": 1770571168.620623,
    "time_total_1": 0.06289315223693848,
    "time_start_2": 4154162.687667916,
    "time_end_2": 4154162.750560625,
    "time_total_2": 0.06289270892739296,
    "time_start_3": 4154162687667958,
    "time_end_3": 4154162750560750,
    "time_total_3": 0.062892792
}