{
    "function_method_name": "extract_images_from_pdf_to_files",
    "time_start_1": 1770567495.361491,
    "time_end_1": 1770567495.4291358,
    "time_total_1": 0.06764483451843262,
    "time_start_2": 4150489.500095333,
    "time_end_2": 4150489.56774,
    "time_total_2": 0.06764466688036919,
    "time_start_3": 4150489500095375,
    "time_end_3": 4150489567740041,
    "time_total_3": 0.067644666
}