{
    "function_method_name": "extract_images_from_pdf_to_files",
    "time_start_1": 1770566861.619457,
    "time_end_1": 1770566861.683702,
    "time_total_1": 0.06424498558044434,
    "time_start_2": 4149855.755479625,
    "time_end_2": 4149855.819725041,
    "time_total_2": 0.06424541585147381,
    "time_start_3": 4149855755479666,
    "time_end_3": 4149855819725083,
    "time_total_3": 0.064245417
}