{
    "function_method_name": "extract_images_from_pdf_to_files",
    "time_start_1": 1770514518.233279,
    "time_end_1": 1770514518.298597,
    "time_total_1": 0.06531810760498047,
    "time_start_2": 4097512.345439375,
    "time_end_2": 4097512.410758166,
    "time_total_2": 0.06531879119575024,
    "time_start_3": 4097512345439500,
    "time_end_3": 4097512410758250,
    "time_total_3": 0.06531875
}