{
    "function_method_name": "extract_images_from_pdf_to_files",
    "time_start_1": 1770570097.951971,
    "time_end_1": 1770570098.016054,
    "time_total_1": 0.06408286094665527,
    "time_start_2": 4153092.082368375,
    "time_end_2": 4153092.146451625,
    "time_total_2": 0.06408325023949146,
    "time_start_3": 4153092082368458,
    "time_end_3": 4153092146451708,
    "time_total_3": 0.06408325
}