{
    "function_method_name": "extract_images_from_pdf_to_files",
    "time_start_1": 1770516612.985646,
    "time_end_1": 1770516613.0516,
    "time_total_1": 0.06595396995544434,
    "time_start_2": 4099607.096990166,
    "time_end_2": 4099607.162944416,
    "time_total_2": 0.06595424981787801,
    "time_start_3": 4099607096990250,
    "time_end_3": 4099607162944708,
    "time_total_3": 0.065954458
}