{
    "function_method_name": "extract_images_from_pdf_to_files",
    "time_start_1": 1770513877.0274298,
    "time_end_1": 1770513877.093248,
    "time_total_1": 0.06581807136535645,
    "time_start_2": 4096871.141268333,
    "time_end_2": 4096871.207086958,
    "time_total_2": 0.06581862503662705,
    "time_start_3": 4096871141268375,
    "time_end_3": 4096871207087083,
    "time_total_3": 0.065818708
}