{
    "function_method_name": "extract_images_from_pdf_to_files",
    "time_start_1": 1770515352.1368709,
    "time_end_1": 1770515352.201685,
    "time_total_1": 0.06481409072875977,
    "time_start_2": 4098346.246816875,
    "time_end_2": 4098346.311630041,
    "time_total_2": 0.06481316592544317,
    "time_start_3": 4098346246816916,
    "time_end_3": 4098346311630333,
    "time_total_3": 0.064813417
}