{
    "function_method_name": "extract_images_from_pdf_to_files",
    "time_start_1": 1770302099.682679,
    "time_end_1": 1770302099.746319,
    "time_total_1": 0.06364011764526367,
    "time_start_2": 3901532.125221083,
    "time_end_2": 3901532.188861833,
    "time_total_2": 0.06364075001329184,
    "time_start_3": 3901532125221125,
    "time_end_3": 3901532188862041,
    "time_total_3": 0.063640916
}