{
    "function_method_name": "extract_images_from_pdf_to_files",
    "time_start_1": 1770567846.520514,
    "time_end_1": 1770567846.5872588,
    "time_total_1": 0.06674480438232422,
    "time_start_2": 4150840.658337416,
    "time_end_2": 4150840.725082916,
    "time_total_2": 0.06674550008028746,
    "time_start_3": 4150840658337500,
    "time_end_3": 4150840725083125,
    "time_total_3": 0.066745625
}