{
    "function_method_name": "extract_images_from_pdf_to_files",
    "time_start_1": 1770568284.279571,
    "time_end_1": 1770568284.3469272,
    "time_total_1": 0.06735610961914062,
    "time_start_2": 4151278.416418416,
    "time_end_2": 4151278.48377425,
    "time_total_2": 0.06735583394765854,
    "time_start_3": 4151278416418541,
    "time_end_3": 4151278483774541,
    "time_total_3": 0.067356
}