{
    "function_method_name": "extract_images_from_pdf_to_files",
    "time_start_1": 1771005955.713037,
    "time_end_1": 1771005955.7599921,
    "time_total_1": 0.046955108642578125,
    "time_start_2": 32309.22408025,
    "time_end_2": 32309.271034666,
    "time_total_2": 0.046954416000517085,
    "time_start_3": 32309224080333,
    "time_end_3": 32309271034958,
    "time_total_3": 0.046954625
}