{
    "function_method_name": "extract_images_from_pdf_to_files",
    "time_start_1": 1770511975.44957,
    "time_end_1": 1770511975.515587,
    "time_total_1": 0.06601715087890625,
    "time_start_2": 4094969.568067,
    "time_end_2": 4094969.634085208,
    "time_total_2": 0.06601820839568973,
    "time_start_3": 4094969568067083,
    "time_end_3": 4094969634085291,
    "time_total_3": 0.066018208
}