{
    "function_method_name": "extract_images_from_pdf_to_files",
    "time_start_1": 1770511569.68275,
    "time_end_1": 1770511569.747531,
    "time_total_1": 0.06478095054626465,
    "time_start_2": 4094563.802351083,
    "time_end_2": 4094563.867133083,
    "time_total_2": 0.06478199968114495,
    "time_start_3": 4094563802351125,
    "time_end_3": 4094563867133541,
    "time_total_3": 0.064782416
}