{
    "function_method_name": "extract_images_from_pdf_to_files",
    "time_start_1": 1770305131.392919,
    "time_end_1": 1770305131.4585128,
    "time_total_1": 0.06559371948242188,
    "time_start_2": 3904563.836397083,
    "time_end_2": 3904563.901991708,
    "time_total_2": 0.06559462519362569,
    "time_start_3": 3904563836397125,
    "time_end_3": 3904563901991750,
    "time_total_3": 0.065594625
}