{
    "function_method_name": "extract_images_from_pdf_to_files",
    "time_start_1": 1770514219.037674,
    "time_end_1": 1770514219.101692,
    "time_total_1": 0.06401801109313965,
    "time_start_2": 4097213.150620166,
    "time_end_2": 4097213.214638166,
    "time_total_2": 0.06401799991726875,
    "time_start_3": 4097213150620250,
    "time_end_3": 4097213214638375,
    "time_total_3": 0.064018125
}