{
    "function_method_name": "extract_images_from_pdf_to_files",
    "time_start_1": 1770304176.184017,
    "time_end_1": 1770304176.247686,
    "time_total_1": 0.06366896629333496,
    "time_start_2": 3903608.627243375,
    "time_end_2": 3903608.690913083,
    "time_total_2": 0.06366970809176564,
    "time_start_3": 3903608627243416,
    "time_end_3": 3903608690913291,
    "time_total_3": 0.063669875
}