{
    "function_method_name": "extract_images_from_pdf_to_files",
    "time_start_1": 1770512766.12607,
    "time_end_1": 1770512766.1944919,
    "time_total_1": 0.06842184066772461,
    "time_start_2": 4095760.242410916,
    "time_end_2": 4095760.310832708,
    "time_total_2": 0.06842179223895073,
    "time_start_3": 4095760242411000,
    "time_end_3": 4095760310832875,
    "time_total_3": 0.068421875
}