{
    "function_method_name": "extract_images_from_pdf_to_files",
    "time_start_1": 1770305174.4366279,
    "time_end_1": 1770305174.499779,
    "time_total_1": 0.06315112113952637,
    "time_start_2": 3904606.880116708,
    "time_end_2": 3904606.943267791,
    "time_total_2": 0.06315108295530081,
    "time_start_3": 3904606880116750,
    "time_end_3": 3904606943267875,
    "time_total_3": 0.063151125
}