{
    "function_method_name": "extract_images_from_pdf_to_files",
    "time_start_1": 1770301494.9596832,
    "time_end_1": 1770301495.028067,
    "time_total_1": 0.06838393211364746,
    "time_start_2": 3900927.3993,
    "time_end_2": 3900927.467685208,
    "time_total_2": 0.06838520802557468,
    "time_start_3": 3900927399300083,
    "time_end_3": 3900927467685541,
    "time_total_3": 0.068385458
}