{
    "function_method_name": "extract_images_from_pdf_to_files",
    "time_start_1": 1770302359.007651,
    "time_end_1": 1770302359.07094,
    "time_total_1": 0.06328892707824707,
    "time_start_2": 3901791.45023525,
    "time_end_2": 3901791.51352475,
    "time_total_2": 0.06328949984163046,
    "time_start_3": 3901791450235333,
    "time_end_3": 3901791513524833,
    "time_total_3": 0.0632895
}