{
    "function_method_name": "extract_text_to_file_from_epub_documentw",
    "time_start_1": 1770509009.330622,
    "time_end_1": 1770509009.427001,
    "time_total_1": 0.09637904167175293,
    "time_start_2": 4092003.458229291,
    "time_end_2": 4092003.554609041,
    "time_total_2": 0.09637975040823221,
    "time_start_3": 4092003458229333,
    "time_end_3": 4092003554609208,
    "time_total_3": 0.096379875
}