{
    "function_method_name": "extract_text_to_file_from_any_document",
    "time_start_1": 1770475357.931017,
    "time_end_1": 1770475358.0900521,
    "time_total_1": 0.15903520584106445,
    "time_start_2": 4058352.114942583,
    "time_end_2": 4058352.273977708,
    "time_total_2": 0.15903512528166175,
    "time_start_3": 4058352114942750,
    "time_end_3": 4058352273978041,
    "time_total_3": 0.159035291
}