{
    "function_method_name": "extract_tables_to_files_from_pdf_document",
    "time_start_1": 1765503792.9195678,
    "time_end_1": 1765503793.196239,
    "time_total_1": 0.2766711711883545,
    "time_start_2": 2412815.53616525,
    "time_end_2": 2412815.812836041,
    "time_total_2": 0.27667079120874405,
    "time_start_3": 2412815536165375,
    "time_end_3": 2412815812836125,
    "time_total_3": 0.27667075
}