{
    "function_method_name": "extract_text_to_file_from_any_document",
    "time_start_1": 1769688293.724428,
    "time_end_1": 1769688296.69279,
    "time_total_1": 2.9683620929718018,
    "time_start_2": 3287725.685739416,
    "time_end_2": 3287728.654095,
    "time_total_2": 2.9683555839583278,
    "time_start_3": 3287725685739458,
    "time_end_3": 3287728654095333,
    "time_total_3": 2.968355875
}