{
    "function_method_name": "extract_tables_to_files_from_pdf_document",
    "time_start_1": 1765518705.258231,
    "time_end_1": 1765518719.8466911,
    "time_total_1": 14.588460206985474,
    "time_start_2": 2427727.843049708,
    "time_end_2": 2427742.43136575,
    "time_total_2": 14.588316041976213,
    "time_start_3": 2427727843049958,
    "time_end_3": 2427742431365875,
    "time_total_3": 14.588315917
}