{
    "function_method_name": "extract_text_to_file_from_any_document",
    "time_start_1": 1765466624.1203048,
    "time_end_1": 1765466624.564327,
    "time_total_1": 0.44402217864990234,
    "time_start_2": 2375646.89964275,
    "time_end_2": 2375647.343665541,
    "time_total_2": 0.44402279099449515,
    "time_start_3": 2375646899642791,
    "time_end_3": 2375647343665750,
    "time_total_3": 0.444022959
}