{
    "function_method_name": "extract_text_to_file_from_any_document",
    "time_start_1": 1770553682.67495,
    "time_end_1": 1770553687.5813818,
    "time_total_1": 4.9064319133758545,
    "time_start_2": 4136676.863659458,
    "time_end_2": 4136681.770084041,
    "time_total_2": 4.906424583401531,
    "time_start_3": 4136676863659500,
    "time_end_3": 4136681770084291,
    "time_total_3": 4.906424791
}