{
    "function_method_name": "extract_text_to_file_from_any_document",
    "time_start_1": 1769687217.411098,
    "time_end_1": 1769687270.913399,
    "time_total_1": 53.50230097770691,
    "time_start_2": 3286649.375082166,
    "time_end_2": 3286702.877245625,
    "time_total_2": 53.5021634590812,
    "time_start_3": 3286649375082208,
    "time_end_3": 3286702877245833,
    "time_total_3": 53.502163625
}