{
  "function_method_name": "extract_text_to_file_from_any_document",
  "num_pages": 42,
  "time_start_1": 1773005561.7792928,
  "time_end_1": 1773005563.2588239,
  "time_total_1": 1.4795310497283936,
  "pages_per_second_1": 28.387373152939368,
  "time_start_2": 1165214.291147,
  "time_end_2": 1165215.770674166,
  "time_total_2": 1.4795271661132574,
  "pages_per_second_2": 28.387447667037236,
  "time_start_3": 1165214291147041,
  "time_end_3": 1165215770674250,
  "time_total_3": 1.479527209,
  "pages_per_second_3": 28.38744684417629
}