{
    "function_method_name": "extract_markdown_to_file_from_any_document_complex",
    "num_pages": 3,
    "time_start_1": 1763232825.106287,
    "time_end_1": 1763232826.2756748,
    "time_total_1": 1.1693878173828125,
    "pages_per_second_1": 2.565444889544215,
    "time_start_2": 199035.306309541,
    "time_end_2": 199036.4756955,
    "time_total_2": 1.1693859590159263,
    "pages_per_second_2": 2.5654489665025486,
    "time_start_3": 199035306309625,
    "time_end_3": 199036475695583,
    "time_total_3": 1.169385958,
    "pages_per_second_3": 2.5654489687313315
}