{
    "function_method_name": "extract_text_to_file_from_any_document",
    "time_start_1": 1763117249.207614,
    "time_end_1": 1763117250.7051818,
    "time_total_1": 1.497567892074585,
    "time_start_2": 83459.679975458,
    "time_end_2": 83461.177535708,
    "time_total_2": 1.4975602500053355,
    "time_start_3": 83459679975500,
    "time_end_3": 83461177535791,
    "time_total_3": 1.497560291
}