{
    "function_method_name": "extract_markdown_to_file_from_any_document_complex",
    "num_pages": 3,
    "time_start_1": 1763202409.397704,
    "time_end_1": 1763202410.8595939,
    "time_total_1": 1.4618899822235107,
    "pages_per_second_1": 2.0521380107120297,
    "time_start_2": 168619.708348958,
    "time_end_2": 168621.170241875,
    "time_total_2": 1.4618929169955663,
    "pages_per_second_2": 2.052133891014056,
    "time_start_3": 168619708349041,
    "time_end_3": 168621170242041,
    "time_total_3": 1.461893,
    "pages_per_second_3": 2.052133774496492
}