{
    "function_method_name": "extract_text_to_file_from_any_document",
    "time_start_1": 1763811270.925985,
    "time_end_1": 1763811272.119572,
    "time_total_1": 1.193586826324463,
    "time_start_2": 746752.289827583,
    "time_end_2": 746753.483408791,
    "time_total_2": 1.1935812080046162,
    "time_start_3": 746752289827666,
    "time_end_3": 746753483408833,
    "time_total_3": 1.193581167
}