{
    "function_method_name": "extract_text_to_file_from_any_document",
    "time_start_1": 1763793400.8519151,
    "time_end_1": 1763793402.000454,
    "time_total_1": 1.1485388278961182,
    "time_start_2": 728882.324169666,
    "time_end_2": 728883.472708875,
    "time_total_2": 1.1485392089234665,
    "time_start_3": 728882324169708,
    "time_end_3": 728883472708958,
    "time_total_3": 1.14853925
}