{
    "function_method_name": "extract_markdown_to_file_from_any_document",
    "num_pages": 3,
    "time_start_1": 1763228814.2680728,
    "time_end_1": 1763228815.782239,
    "time_total_1": 1.5141661167144775,
    "pages_per_second_1": 1.9812885567070857,
    "time_start_2": 195024.480864708,
    "time_end_2": 195025.995028916,
    "time_total_2": 1.5141642079979647,
    "pages_per_second_2": 1.9812910542685556,
    "time_start_3": 195024480864750,
    "time_end_3": 195025995029041,
    "time_total_3": 1.514164291,
    "pages_per_second_3": 1.9812909456600045
}