{
    "function_method_name": "extract_text_to_file_from_any_document",
    "time_start_1": 1763795211.933254,
    "time_end_1": 1763795213.051163,
    "time_total_1": 1.1179089546203613,
    "time_start_2": 730693.332902125,
    "time_end_2": 730694.450799208,
    "time_total_2": 1.1178970830515027,
    "time_start_3": 730693332902208,
    "time_end_3": 730694450799250,
    "time_total_3": 1.117897042
}