{
    "function_method_name": "extract_markdown_to_file_from_any_document_complex",
    "num_pages": 3,
    "time_start_1": 1763797045.0238621,
    "time_end_1": 1763797046.2707672,
    "time_total_1": 1.2469050884246826,
    "pages_per_second_1": 2.4059569792839213,
    "time_start_2": 732526.395938791,
    "time_end_2": 732527.642828666,
    "time_total_2": 1.2468898750375956,
    "pages_per_second_2": 2.4059863345265717,
    "time_start_3": 732526395938833,
    "time_end_3": 732527642828708,
    "time_total_3": 1.246889875,
    "pages_per_second_3": 2.4059863345991164
}