{
    "function_method_name": "extract_markdown_to_file_from_any_document_complex",
    "num_pages": 3,
    "time_start_1": 1763154848.499907,
    "time_end_1": 1763154850.053845,
    "time_total_1": 1.5539379119873047,
    "pages_per_second_1": 1.9305790642325928,
    "time_start_2": 121058.887405166,
    "time_end_2": 121060.441338333,
    "time_total_2": 1.5539331670006504,
    "pages_per_second_2": 1.9305849593200326,
    "time_start_3": 121058887405250,
    "time_end_3": 121060441338416,
    "time_total_3": 1.553933166,
    "pages_per_second_3": 1.9305849605632268
}