{
    "function_method_name": "extract_text_to_file_from_any_document",
    "time_start_1": 1763070917.3287601,
    "time_end_1": 1763070918.852194,
    "time_total_1": 1.5234339237213135,
    "time_start_2": 37127.847991833,
    "time_end_2": 37129.371413125,
    "time_total_2": 1.523421292004059,
    "time_start_3": 37127847991875,
    "time_end_3": 37129371413208,
    "time_total_3": 1.523421333
}