{
    "function_method_name": "extract_text_to_file_from_any_document",
    "time_start_1": 1763787924.600287,
    "time_end_1": 1763787925.7333372,
    "time_total_1": 1.1330502033233643,
    "time_start_2": 723406.044726541,
    "time_end_2": 723407.177769416,
    "time_total_2": 1.1330428749788553,
    "time_start_3": 723406044726583,
    "time_end_3": 723407177769458,
    "time_total_3": 1.133042875
}