{
    "function_method_name": "extract_markdown_to_file_from_any_document_complex",
    "num_pages": 3,
    "time_start_1": 1763182388.710096,
    "time_end_1": 1763182390.131541,
    "time_total_1": 1.4214451313018799,
    "pages_per_second_1": 2.1105281758236747,
    "time_start_2": 148598.996636125,
    "time_end_2": 148600.418058625,
    "time_total_2": 1.4214224999886937,
    "pages_per_second_2": 2.110561778798255,
    "time_start_3": 148598996636208,
    "time_end_3": 148600418058666,
    "time_total_3": 1.421422458,
    "pages_per_second_3": 2.110561841144063
}