{
    "function_method_name": "extract_markdown_to_file_from_any_document",
    "num_pages": 3,
    "time_start_1": 1763095975.2478762,
    "time_end_1": 1763095977.1824498,
    "time_total_1": 1.9345736503601074,
    "pages_per_second_1": 1.5507292779685957,
    "time_start_2": 62185.812104,
    "time_end_2": 62187.746679083,
    "time_total_2": 1.9345750830034376,
    "pages_per_second_2": 1.550728129581037,
    "time_start_3": 62185812104041,
    "time_end_3": 62187746679166,
    "time_total_3": 1.934575125,
    "pages_per_second_3": 1.550728095917185
}