{
    "function_method_name": "extract_markdown_to_file_from_any_document_complex",
    "num_pages": 3,
    "time_start_1": 1763811273.2492,
    "time_end_1": 1763811274.37296,
    "time_total_1": 1.1237599849700928,
    "pages_per_second_1": 2.6696092049227405,
    "time_start_2": 746754.613031083,
    "time_end_2": 746755.736786166,
    "time_total_2": 1.1237550829537213,
    "pages_per_second_2": 2.6696208502253747,
    "time_start_3": 746754613031125,
    "time_end_3": 746755736786250,
    "time_total_3": 1.123755125,
    "pages_per_second_3": 2.669620750339181
}