{
    "function_method_name": "extract_markdown_to_file_from_any_document_complex",
    "num_pages": 3,
    "time_start_1": 1763139872.8584142,
    "time_end_1": 1763139874.2807739,
    "time_total_1": 1.4223597049713135,
    "pages_per_second_1": 2.109171111579335,
    "time_start_2": 106083.283988375,
    "time_end_2": 106084.706347041,
    "time_total_2": 1.422358666008222,
    "pages_per_second_2": 2.109172652225159,
    "time_start_3": 106083283988416,
    "time_end_3": 106084706347125,
    "time_total_3": 1.422358709,
    "pages_per_second_3": 2.1091725884739527
}