{
    "function_method_name": "extract_text_to_file_from_any_document",
    "time_start_1": 1763773403.486957,
    "time_end_1": 1763773404.638915,
    "time_total_1": 1.1519579887390137,
    "time_start_2": 708884.978555291,
    "time_end_2": 708886.130501625,
    "time_total_2": 1.1519463340518996,
    "time_start_3": 708884978555333,
    "time_end_3": 708886130501666,
    "time_total_3": 1.151946333
}