{
    "function_method_name": "extract_text_to_file_from_any_document",
    "time_start_1": 1763784315.153249,
    "time_end_1": 1763784316.2821991,
    "time_total_1": 1.1289501190185547,
    "time_start_2": 719796.643102166,
    "time_end_2": 719797.772054291,
    "time_total_2": 1.128952124970965,
    "time_start_3": 719796643102250,
    "time_end_3": 719797772054333,
    "time_total_3": 1.128952083
}