{
    "function_method_name": "extract_tables_to_files_from_pdf_document",
    "time_start_1": 1769313456.114454,
    "time_end_1": 1769313456.510713,
    "time_total_1": 0.396259069442749,
    "time_start_2": 2917685.144593916,
    "time_end_2": 2917685.540852875,
    "time_total_2": 0.39625895908102393,
    "time_start_3": 2917685144594000,
    "time_end_3": 2917685540853125,
    "time_total_3": 0.396259125
}