{
    "function_method_name": "extract_tables_to_files_from_pdf_document",
    "time_start_1": 1769286038.905324,
    "time_end_1": 1769286039.1855779,
    "time_total_1": 0.28025388717651367,
    "time_start_2": 2890268.030581541,
    "time_end_2": 2890268.310835041,
    "time_total_2": 0.2802535002119839,
    "time_start_3": 2890268030581583,
    "time_end_3": 2890268310835208,
    "time_total_3": 0.280253625
}