{
  "function_method_name": "extract_text_to_file_from_any_document",
  "time_start_1": 1772984945.6673028,
  "time_end_1": 1772984947.429662,
  "time_total_1": 1.7623591423034668,
  "time_start_2": 1144598.227110458,
  "time_end_2": 1144599.989453416,
  "time_total_2": 1.7623429580125958,
  "time_start_3": 1144598227110500,
  "time_end_3": 1144599989453583,
  "time_total_3": 1.762343083,
  "num_pages": 2,
  "pages_per_second_1": 1.1348424688204743,
  "pages_per_second_2": 1.1348528905267177,
  "pages_per_second_3": 1.1348528100416415
}