{
    "function_method_name": "extract_text_to_file_from_epub_documentw",
    "time_start_1": 1771002329.166502,
    "time_end_1": 1771002329.186046,
    "time_total_1": 0.019543886184692383,
    "time_start_2": 28682.681590458,
    "time_end_2": 28682.701134416,
    "time_total_2": 0.019543957998394035,
    "time_start_3": 28682681590500,
    "time_end_3": 28682701134500,
    "time_total_3": 0.019544
}