{
    "function_method_name": "extract_images_from_pdf_to_files",
    "time_start_1": 1769604972.49571,
    "time_end_1": 1769604972.772335,
    "time_total_1": 0.2766251564025879,
    "time_start_2": 3204404.501919333,
    "time_end_2": 3204404.77854525,
    "time_total_2": 0.27662591729313135,
    "time_start_3": 3204404501919416,
    "time_end_3": 3204404778545583,
    "time_total_3": 0.276626167
}