{
    "function_method_name": "extract_text_to_file_from_any_document",
    "time_start_1": 1763220064.935013,
    "time_end_1": 1763220065.760766,
    "time_total_1": 0.8257529735565186,
    "time_start_2": 186275.106158,
    "time_end_2": 186275.931903,
    "time_total_2": 0.8257449999800883,
    "time_start_3": 186275106158041,
    "time_end_3": 186275931903250,
    "time_total_3": 0.825745209
}