{
    "function_method_name": "extract_text_to_file_from_any_document",
    "time_start_1": 1763144069.990599,
    "time_end_1": 1763144070.831245,
    "time_total_1": 0.8406460285186768,
    "time_start_2": 110280.348116375,
    "time_end_2": 110281.188753041,
    "time_total_2": 0.8406366660055937,
    "time_start_3": 110280348116416,
    "time_end_3": 110281188753250,
    "time_total_3": 0.840636834
}