{
    "function_method_name": "extract_text_to_file_from_any_document",
    "time_start_1": 1764498793.379385,
    "time_end_1": 1764498793.9518259,
    "time_total_1": 0.5724408626556396,
    "time_start_2": 1434275.381572666,
    "time_end_2": 1434275.954011875,
    "time_total_2": 0.5724392088595778,
    "time_start_3": 1434275381572708,
    "time_end_3": 1434275954012000,
    "time_total_3": 0.572439292
}