{
    "function_method_name": "extract_text_to_file_from_any_document",
    "time_start_1": 1763082708.1595142,
    "time_end_1": 1763082708.984527,
    "time_total_1": 0.8250129222869873,
    "time_start_2": 48918.713169416,
    "time_end_2": 48919.538187458,
    "time_total_2": 0.8250180420000106,
    "time_start_3": 48918713169458,
    "time_end_3": 48919538187583,
    "time_total_3": 0.825018125
}