{
    "function_method_name": "extract_text_to_file_from_any_document",
    "time_start_1": 1763154061.127291,
    "time_end_1": 1763154061.9558458,
    "time_total_1": 0.8285548686981201,
    "time_start_2": 120271.531579,
    "time_end_2": 120272.359398083,
    "time_total_2": 0.8278190830023959,
    "time_start_3": 120271531579041,
    "time_end_3": 120272359398208,
    "time_total_3": 0.827819167
}