{
    "function_method_name": "extract_text_to_file_from_any_document",
    "time_start_1": 1763181628.6728818,
    "time_end_1": 1763181629.502188,
    "time_total_1": 0.8293061256408691,
    "time_start_2": 147839.002558625,
    "time_end_2": 147839.831857625,
    "time_total_2": 0.8292989999754354,
    "time_start_3": 147839002558666,
    "time_end_3": 147839831857833,
    "time_total_3": 0.829299167
}