{
    "function_method_name": "extract_text_to_file_from_any_document",
    "time_start_1": 1763898819.566014,
    "time_end_1": 1763898820.156346,
    "time_total_1": 0.59033203125,
    "time_start_2": 834301.084433166,
    "time_end_2": 834301.674765875,
    "time_total_2": 0.5903327090200037,
    "time_start_3": 834301084433208,
    "time_end_3": 834301674766125,
    "time_total_3": 0.590332917
}