{
    "function_method_name": "extract_tables_to_files_from_pdf_document",
    "time_start_1": 1765498335.817587,
    "time_end_1": 1765498358.1114,
    "time_total_1": 22.2938129901886,
    "time_start_2": 2407358.47003875,
    "time_end_2": 2407380.763780916,
    "time_total_2": 22.293742165900767,
    "time_start_3": 2407358470038833,
    "time_end_3": 2407380763781208,
    "time_total_3": 22.293742375
}