{
    "function_method_name": "extract_tables_to_files_from_pdf_document",
    "time_start_1": 1765503492.051738,
    "time_end_1": 1765503513.507401,
    "time_total_1": 21.455662965774536,
    "time_start_2": 2412514.669713375,
    "time_end_2": 2412536.125278375,
    "time_total_2": 21.455564999952912,
    "time_start_3": 2412514669713583,
    "time_end_3": 2412536125278500,
    "time_total_3": 21.455564917
}