{
    "function_method_name": "extract_tables_to_files_from_pdf_document",
    "time_start_1": 1765561681.715554,
    "time_end_1": 1765561703.937047,
    "time_total_1": 22.221493005752563,
    "time_start_2": 2447204.245749666,
    "time_end_2": 2447226.467155333,
    "time_total_2": 22.22140566725284,
    "time_start_3": 2447204245749833,
    "time_end_3": 2447226467155458,
    "time_total_3": 22.221405625
}