{
  "function_method_name": "extract_markdown_to_file_from_any_document",
  "num_pages": 0,
  "time_start_1": 1773043432.2582989,
  "time_end_1": 1773043433.5514429,
  "time_total_1": 1.2931439876556396,
  "pages_per_second_1": 0.0,
  "time_start_2": 1203084.679751166,
  "time_end_2": 1203085.972507458,
  "time_total_2": 1.2927562920376658,
  "pages_per_second_2": 0.0,
  "time_start_3": 1203084679751208,
  "time_end_3": 1203085972507666,
  "time_total_3": 1.292756458,
  "pages_per_second_3": 0.0
}