{
    "function_method_name": "extract_tables_to_files_from_pdf_document",
    "time_start_1": 1769288831.007533,
    "time_end_1": 1769288837.781961,
    "time_total_1": 6.774427890777588,
    "time_start_2": 2893060.118338875,
    "time_end_2": 2893066.892741666,
    "time_total_2": 6.774402791168541,
    "time_start_3": 2893060118338916,
    "time_end_3": 2893066892741916,
    "time_total_3": 6.774403
}