{
    "function_method_name": "extract_tables_to_files_from_pdf_document",
    "time_start_1": 1769616604.671221,
    "time_end_1": 1769616614.4230359,
    "time_total_1": 9.751814842224121,
    "time_start_2": 3216036.649815916,
    "time_end_2": 3216046.401620041,
    "time_total_2": 9.751804125029594,
    "time_start_3": 3216036649815958,
    "time_end_3": 3216046401620250,
    "time_total_3": 9.751804292
}