{
    "function_method_name": "extract_tables_to_files_from_pdf_document",
    "time_start_1": 1769318893.3530939,
    "time_end_1": 1769318902.1419342,
    "time_total_1": 8.788840293884277,
    "time_start_2": 2923122.3690055,
    "time_end_2": 2923131.157821791,
    "time_total_2": 8.788816290907562,
    "time_start_3": 2923122369005583,
    "time_end_3": 2923131157822041,
    "time_total_3": 8.788816458
}