{
    "function_method_name": "extract_tables_to_files_from_pdf_document",
    "time_start_1": 1769631308.6032698,
    "time_end_1": 1769631318.554364,
    "time_total_1": 9.951094150543213,
    "time_start_2": 3230740.513072583,
    "time_end_2": 3230750.46412475,
    "time_total_2": 9.95105216698721,
    "time_start_3": 3230740513072666,
    "time_end_3": 3230750464124958,
    "time_total_3": 9.951052292
}