{
    "function_method_name": "extract_text_to_file_from_any_document",
    "time_start_1": 1769688146.336607,
    "time_end_1": 1769688146.7128608,
    "time_total_1": 0.3762538433074951,
    "time_start_2": 3287578.298297833,
    "time_end_2": 3287578.674551583,
    "time_total_2": 0.37625374970957637,
    "time_start_3": 3287578298297875,
    "time_end_3": 3287578674551666,
    "time_total_3": 0.376253791
}