{
    "function_method_name": "extract_text_to_file_from_any_document",
    "time_start_1": 1769269683.2052789,
    "time_end_1": 1769269683.582586,
    "time_total_1": 0.3773071765899658,
    "time_start_2": 2873912.370498791,
    "time_end_2": 2873912.747806083,
    "time_total_2": 0.3773072920739651,
    "time_start_3": 2873912370498875,
    "time_end_3": 2873912747806500,
    "time_total_3": 0.377307625
}