{
    "function_method_name": "extract_text_to_file_from_epub_documentw",
    "time_start_1": 1770509009.979635,
    "time_end_1": 1770509009.9983811,
    "time_total_1": 0.018746137619018555,
    "time_start_2": 4092004.107240583,
    "time_end_2": 4092004.125986916,
    "time_total_2": 0.018746333196759224,
    "time_start_3": 4092004107240625,
    "time_end_3": 4092004125987166,
    "time_total_3": 0.018746541
}