{
    "function_method_name": "extract_text_to_file_from_epub_documentw",
    "time_start_1": 1771537736.2804449,
    "time_end_1": 1771537736.2946088,
    "time_total_1": 0.014163970947265625,
    "time_start_2": 4795.902766291,
    "time_end_2": 4795.916931083,
    "time_total_2": 0.014164791999974113,
    "time_start_3": 4795902766291,
    "time_end_3": 4795916931250,
    "time_total_3": 0.014164959
}