{
    "function_method_name": "extract_text_to_file_from_any_document",
    "time_start_1": 1763907434.553229,
    "time_end_1": 1763907442.509032,
    "time_total_1": 7.955802917480469,
    "time_start_2": 842916.075747291,
    "time_end_2": 842924.031466208,
    "time_total_2": 7.955718917073682,
    "time_start_3": 842916075747333,
    "time_end_3": 842924031466458,
    "time_total_3": 7.955719125
}