{
  "function_method_name": "extract_text_to_file_from_any_document",
  "time_start_1": 1783969854.0702028,
  "time_end_1": 1783969879.377873,
  "time_total_1": 25.30767011642456,
  "time_start_2": 1382.913743291,
  "time_end_2": 1408.221488541,
  "time_total_2": 25.307745250000153,
  "time_start_3": 1382913743333,
  "time_end_3": 1408221488625,
  "time_total_3": 25.307745292,
  "num_pages": 155,
  "pages_per_second_1": 6.124625431220779,
  "pages_per_second_2": 6.124607248446957,
  "pages_per_second_3": 6.124607238282774
}