{
    "function_method_name": "extract_text_to_file_from_any_document",
    "time_start_1": 1769269680.889535,
    "time_end_1": 1769269681.14694,
    "time_total_1": 0.25740504264831543,
    "time_start_2": 2873910.054757291,
    "time_end_2": 2873910.312163083,
    "time_total_2": 0.2574057918973267,
    "time_start_3": 2873910054757291,
    "time_end_3": 2873910312163166,
    "time_total_3": 0.257405875
}