{
    "function_method_name": "extract_tables_to_files_from_pdf_document",
    "time_start_1": 1769431650.558699,
    "time_end_1": 1769431650.5636249,
    "time_total_1": 0.004925966262817383,
    "time_start_2": 3035879.370468041,
    "time_end_2": 3035879.375393958,
    "time_total_2": 0.004925916902720928,
    "time_start_3": 3035879370468125,
    "time_end_3": 3035879375394083,
    "time_total_3": 0.004925958
}