{
    "function_method_name": "extract_tables_to_files_from_pdf_document",
    "time_start_1": 1769316686.321032,
    "time_end_1": 1769316686.326071,
    "time_total_1": 0.0050389766693115234,
    "time_start_2": 2920915.342987083,
    "time_end_2": 2920915.348025833,
    "time_total_2": 0.005038749892264605,
    "time_start_3": 2920915342987166,
    "time_end_3": 2920915348025916,
    "time_total_3": 0.00503875
}