{
    "function_method_name": "extract_tables_to_files_from_pdf_document",
    "time_start_1": 1769418061.602192,
    "time_end_1": 1769418061.607372,
    "time_total_1": 0.0051801204681396484,
    "time_start_2": 3022290.463335916,
    "time_end_2": 3022290.468515958,
    "time_total_2": 0.005180042237043381,
    "time_start_3": 3022290463336083,
    "time_end_3": 3022290468516083,
    "time_total_3": 0.00518
}