{
    "function_method_name": "extract_tables_to_files_from_pdf_document",
    "time_start_1": 1765514876.846006,
    "time_end_1": 1765514885.500624,
    "time_total_1": 8.65461802482605,
    "time_start_2": 2423899.473514958,
    "time_end_2": 2423908.127951333,
    "time_total_2": 8.654436375014484,
    "time_start_3": 2423899473515041,
    "time_end_3": 2423908127951458,
    "time_total_3": 8.654436417
}