{
    "function_method_name": "extract_tables_to_files_from_pdf_document",
    "time_start_1": 1763232595.110059,
    "time_end_1": 1763232602.718813,
    "time_total_1": 7.60875391960144,
    "time_start_2": 198805.310419,
    "time_end_2": 198812.919162208,
    "time_total_2": 7.608743208023952,
    "time_start_3": 198805310419083,
    "time_end_3": 198812919162333,
    "time_total_3": 7.60874325
}