{
    "function_method_name": "extract_tables_to_files_from_pdf_document",
    "time_start_1": 1765499276.418303,
    "time_end_1": 1765499286.5613499,
    "time_total_1": 10.143046855926514,
    "time_start_2": 2408299.051425666,
    "time_end_2": 2408309.194407541,
    "time_total_2": 10.142981874756515,
    "time_start_3": 2408299051425833,
    "time_end_3": 2408309194407666,
    "time_total_3": 10.142981833
}