{
    "function_method_name": "extract_tables_to_files_from_pdf_document",
    "time_start_1": 1765493157.507521,
    "time_end_1": 1765493208.7618299,
    "time_total_1": 51.2543089389801,
    "time_start_2": 2402180.21391225,
    "time_end_2": 2402231.468394875,
    "time_total_2": 51.25448262505233,
    "time_start_3": 2402180213912291,
    "time_end_3": 2402231468395083,
    "time_total_3": 51.254482792
}