{
    "function_method_name": "extract_tables_to_files_from_pdf_document",
    "time_start_1": 1765566717.5810728,
    "time_end_1": 1765566766.984094,
    "time_total_1": 49.40302109718323,
    "time_start_2": 2452240.100790125,
    "time_end_2": 2452289.508884166,
    "time_total_2": 49.40809404104948,
    "time_start_3": 2452240100790291,
    "time_end_3": 2452289508884250,
    "time_total_3": 49.408093959
}