{
    "function_method_name": "extract_tables_to_files_from_pdf_document",
    "time_start_1": 1765467104.782797,
    "time_end_1": 1765467157.76617,
    "time_total_1": 52.983372926712036,
    "time_start_2": 2376127.562426416,
    "time_end_2": 2376180.545830125,
    "time_total_2": 52.98340370878577,
    "time_start_3": 2376127562426583,
    "time_end_3": 2376180545830333,
    "time_total_3": 52.98340375
}