{
    "function_method_name": "extract_tables_to_files_from_pdf_document",
    "time_start_1": 1769614439.375241,
    "time_end_1": 1769614439.556608,
    "time_total_1": 0.1813669204711914,
    "time_start_2": 3213871.342766125,
    "time_end_2": 3213871.524135958,
    "time_total_2": 0.18136983271688223,
    "time_start_3": 3213871342766208,
    "time_end_3": 3213871524136250,
    "time_total_3": 0.181370042
}