{
    "function_method_name": "extract_tables_to_files_from_pdf_document",
    "time_start_1": 1769683079.4065468,
    "time_end_1": 1769683079.59176,
    "time_total_1": 0.1852130889892578,
    "time_start_2": 3282511.381332,
    "time_end_2": 3282511.566545,
    "time_total_2": 0.18521300004795194,
    "time_start_3": 3282511381332041,
    "time_end_3": 3282511566545291,
    "time_total_3": 0.18521325
}