{
    "function_method_name": "extract_tables_to_files_from_pdf_document",
    "time_start_1": 1769611537.92858,
    "time_end_1": 1769611550.1938932,
    "time_total_1": 12.265313148498535,
    "time_start_2": 3210969.913472666,
    "time_end_2": 3210982.178749708,
    "time_total_2": 12.26527704205364,
    "time_start_3": 3210969913472750,
    "time_end_3": 3210982178749833,
    "time_total_3": 12.265277083
}