{
    "function_method_name": "extract_tables_to_files_from_pdf_document",
    "time_start_1": 1769309683.570839,
    "time_end_1": 1769309695.6786828,
    "time_total_1": 12.10784387588501,
    "time_start_2": 2913912.613261833,
    "time_end_2": 2913924.72107275,
    "time_total_2": 12.107810917310417,
    "time_start_3": 2913912613262083,
    "time_end_3": 2913924721073083,
    "time_total_3": 12.107811
}