{
    "function_method_name": "extract_tables_to_files_from_pdf_document",
    "time_start_1": 1769288040.355517,
    "time_end_1": 1769288049.487303,
    "time_total_1": 9.131786108016968,
    "time_start_2": 2892269.469299416,
    "time_end_2": 2892278.6010505,
    "time_total_2": 9.131751083768904,
    "time_start_3": 2892269469299416,
    "time_end_3": 2892278601050625,
    "time_total_3": 9.131751209
}