{
    "function_method_name": "extract_tables_to_files_from_pdf_document",
    "time_start_1": 1769321035.751013,
    "time_end_1": 1769321047.614418,
    "time_total_1": 11.863404989242554,
    "time_start_2": 2925264.761353208,
    "time_end_2": 2925276.624727291,
    "time_total_2": 11.863374082837254,
    "time_start_3": 2925264761353541,
    "time_end_3": 2925276624727625,
    "time_total_3": 11.863374084
}