{
    "function_method_name": "extract_tables_to_files_from_pdf_document",
    "time_start_1": 1769683915.985965,
    "time_end_1": 1769683928.5243552,
    "time_total_1": 12.538390159606934,
    "time_start_2": 3283347.960348625,
    "time_end_2": 3283360.498732416,
    "time_total_2": 12.538383790757507,
    "time_start_3": 3283347960348708,
    "time_end_3": 3283360498732625,
    "time_total_3": 12.538383917
}