{
    "function_method_name": "extract_tables_to_files_from_pdf_document",
    "time_start_1": 1769622326.414274,
    "time_end_1": 1769622338.475111,
    "time_total_1": 12.060837030410767,
    "time_start_2": 3221758.364361166,
    "time_end_2": 3221770.425159583,
    "time_total_2": 12.0607984168455,
    "time_start_3": 3221758364361291,
    "time_end_3": 3221770425159666,
    "time_total_3": 12.060798375
}