{
    "function_method_name": "extract_images_from_pdf_to_files",
    "time_start_1": 1770303280.1605031,
    "time_end_1": 1770303281.3432698,
    "time_total_1": 1.1827666759490967,
    "time_start_2": 3902712.60321325,
    "time_end_2": 3902713.785980708,
    "time_total_2": 1.182767457794398,
    "time_start_3": 3902712603213375,
    "time_end_3": 3902713785980833,
    "time_total_3": 1.182767458
}