{
    "function_method_name": "extract_images_from_pdf_to_files",
    "time_start_1": 1770305249.954299,
    "time_end_1": 1770305251.135354,
    "time_total_1": 1.1810550689697266,
    "time_start_2": 3904682.39780575,
    "time_end_2": 3904683.578861583,
    "time_total_2": 1.181055833119899,
    "time_start_3": 3904682397805833,
    "time_end_3": 3904683578862083,
    "time_total_3": 1.18105625
}