{
    "function_method_name": "extract_images_from_pdf_to_files",
    "time_start_1": 1770306737.96006,
    "time_end_1": 1770306739.143306,
    "time_total_1": 1.18324613571167,
    "time_start_2": 3906170.403602791,
    "time_end_2": 3906171.586849291,
    "time_total_2": 1.1832464998587966,
    "time_start_3": 3906170403602833,
    "time_end_3": 3906171586849333,
    "time_total_3": 1.1832465
}