{
    "function_method_name": "extract_images_from_pdf_to_files",
    "time_start_1": 1771004849.6338718,
    "time_end_1": 1771004850.8211782,
    "time_total_1": 1.1873064041137695,
    "time_start_2": 31203.146930791,
    "time_end_2": 31204.334235,
    "time_total_2": 1.187304208997375,
    "time_start_3": 31203146930916,
    "time_end_3": 31204334235875,
    "time_total_3": 1.187304959
}