{
    "function_method_name": "extract_images_from_pdf_to_files",
    "time_start_1": 1770302521.176571,
    "time_end_1": 1770302522.3619359,
    "time_total_1": 1.1853649616241455,
    "time_start_2": 3901953.619164875,
    "time_end_2": 3901954.804531375,
    "time_total_2": 1.1853665001690388,
    "time_start_3": 3901953619164916,
    "time_end_3": 3901954804531666,
    "time_total_3": 1.18536675
}