{
    "function_method_name": "extract_images_from_pdf_to_files",
    "time_start_1": 1770513588.9183948,
    "time_end_1": 1770513590.1042922,
    "time_total_1": 1.1858973503112793,
    "time_start_2": 4096583.033006083,
    "time_end_2": 4096584.218899416,
    "time_total_2": 1.1858933325856924,
    "time_start_3": 4096583033006166,
    "time_end_3": 4096584218899458,
    "time_total_3": 1.185893292
}