{
    "function_method_name": "extract_images_from_pdf_to_files",
    "time_start_1": 1771755039.406411,
    "time_end_1": 1771755040.216948,
    "time_total_1": 0.8105370998382568,
    "time_start_2": 211511.290825708,
    "time_end_2": 211512.101363166,
    "time_total_2": 0.8105374579899944,
    "time_start_3": 211511290825750,
    "time_end_3": 211512101363458,
    "time_total_3": 0.810537708
}