{
    "function_method_name": "extract_images_from_pdf_to_files",
    "time_start_1": 1770570327.463656,
    "time_end_1": 1770570328.65459,
    "time_total_1": 1.1909339427947998,
    "time_start_2": 4153321.59345175,
    "time_end_2": 4153322.784383625,
    "time_total_2": 1.1909318747930229,
    "time_start_3": 4153321593451916,
    "time_end_3": 4153322784384291,
    "time_total_3": 1.190932375
}