{
    "function_method_name": "extract_images_from_pdf_to_files",
    "time_start_1": 1770515661.960897,
    "time_end_1": 1770515663.1423638,
    "time_total_1": 1.181466817855835,
    "time_start_2": 4098656.070025,
    "time_end_2": 4098657.251489333,
    "time_total_2": 1.1814643330872059,
    "time_start_3": 4098656070025041,
    "time_end_3": 4098657251489625,
    "time_total_3": 1.181464584
}