{
    "function_method_name": "extract_images_from_pdf_to_files",
    "time_start_1": 1771005916.432704,
    "time_end_1": 1771005917.2778099,
    "time_total_1": 0.8451058864593506,
    "time_start_2": 32269.943816958,
    "time_end_2": 32270.788921916,
    "time_total_2": 0.8451049579998653,
    "time_start_3": 32269943817000,
    "time_end_3": 32270788922208,
    "time_total_3": 0.845105208
}