{
    "function_method_name": "extract_images_from_pdf_to_files",
    "time_start_1": 1770306199.021021,
    "time_end_1": 1770306200.2114282,
    "time_total_1": 1.1904072761535645,
    "time_start_2": 3905631.464732166,
    "time_end_2": 3905632.655140666,
    "time_total_2": 1.1904084999114275,
    "time_start_3": 3905631464732250,
    "time_end_3": 3905632655141000,
    "time_total_3": 1.19040875
}