{
    "function_method_name": "extract_images_from_pdf_to_files",
    "time_start_1": 1770568447.532862,
    "time_end_1": 1770568448.718569,
    "time_total_1": 1.1857070922851562,
    "time_start_2": 4151441.669350416,
    "time_end_2": 4151442.855055125,
    "time_total_2": 1.1857047090306878,
    "time_start_3": 4151441669350541,
    "time_end_3": 4151442855055416,
    "time_total_3": 1.185704875
}