{
    "function_method_name": "extract_images_from_pdf_to_files",
    "time_start_1": 1770301419.631791,
    "time_end_1": 1770301420.8262231,
    "time_total_1": 1.194432020187378,
    "time_start_2": 3900852.071444291,
    "time_end_2": 3900853.265876083,
    "time_total_2": 1.1944317920133471,
    "time_start_3": 3900852071444333,
    "time_end_3": 3900853265876416,
    "time_total_3": 1.194432083
}