{
    "function_method_name": "extract_images_from_pdf_to_files",
    "time_start_1": 1770514443.602495,
    "time_end_1": 1770514444.801524,
    "time_total_1": 1.1990289688110352,
    "time_start_2": 4097437.714852708,
    "time_end_2": 4097438.913878375,
    "time_total_2": 1.1990256672725081,
    "time_start_3": 4097437714852791,
    "time_end_3": 4097438913878666,
    "time_total_3": 1.199025875
}