{
    "function_method_name": "extract_images_from_pdf_to_files",
    "time_start_1": 1770567572.111924,
    "time_end_1": 1770567573.303095,
    "time_total_1": 1.1911711692810059,
    "time_start_2": 4150566.250359208,
    "time_end_2": 4150567.441528291,
    "time_total_2": 1.1911690831184387,
    "time_start_3": 4150566250359291,
    "time_end_3": 4150567441528625,
    "time_total_3": 1.191169334
}