{
    "function_method_name": "extract_images_from_pdf_to_files",
    "time_start_1": 1770570611.4049768,
    "time_end_1": 1770570612.598806,
    "time_total_1": 1.19382905960083,
    "time_start_2": 4153605.534043791,
    "time_end_2": 4153606.727869708,
    "time_total_2": 1.1938259173184633,
    "time_start_3": 4153605534043833,
    "time_end_3": 4153606727870083,
    "time_total_3": 1.19382625
}