{
    "function_method_name": "extract_images_from_pdf_to_files",
    "time_start_1": 1771754639.800398,
    "time_end_1": 1771754640.616694,
    "time_total_1": 0.816295862197876,
    "time_start_2": 211111.684800958,
    "time_end_2": 211112.501097916,
    "time_total_2": 0.8162969580153003,
    "time_start_3": 211111684801000,
    "time_end_3": 211112501098250,
    "time_total_3": 0.81629725
}