{
    "function_method_name": "extract_images_from_pdf_to_files",
    "time_start_1": 1770305228.426739,
    "time_end_1": 1770305229.6315699,
    "time_total_1": 1.2048308849334717,
    "time_start_2": 3904660.870241125,
    "time_end_2": 3904662.075072541,
    "time_total_2": 1.2048314157873392,
    "time_start_3": 3904660870241166,
    "time_end_3": 3904662075073083,
    "time_total_3": 1.204831917
}