{
    "function_method_name": "extract_images_from_pdf_to_files",
    "time_start_1": 1771006180.392477,
    "time_end_1": 1771006181.206679,
    "time_total_1": 0.814202070236206,
    "time_start_2": 32533.888300625,
    "time_end_2": 32534.702499333,
    "time_total_2": 0.8141987080016406,
    "time_start_3": 32533888300666,
    "time_end_3": 32534702499416,
    "time_total_3": 0.81419875
}