{
    "function_method_name": "extract_images_from_pdf_to_files",
    "time_start_1": 1770516153.599989,
    "time_end_1": 1770516154.781665,
    "time_total_1": 1.1816761493682861,
    "time_start_2": 4099147.712171458,
    "time_end_2": 4099148.893845541,
    "time_total_2": 1.181674082763493,
    "time_start_3": 4099147712171541,
    "time_end_3": 4099148893845583,
    "time_total_3": 1.181674042
}