{
    "function_method_name": "extract_images_from_pdf_to_files",
    "time_start_1": 1770302392.168085,
    "time_end_1": 1770302393.3504808,
    "time_total_1": 1.1823956966400146,
    "time_start_2": 3901824.610674833,
    "time_end_2": 3901825.7930715,
    "time_total_2": 1.1823966670781374,
    "time_start_3": 3901824610674875,
    "time_end_3": 3901825793072166,
    "time_total_3": 1.182397291
}