{
    "function_method_name": "extract_images_from_pdf_to_files",
    "time_start_1": 1770567199.472491,
    "time_end_1": 1770567200.684737,
    "time_total_1": 1.2122459411621094,
    "time_start_2": 4150193.611732583,
    "time_end_2": 4150194.82397625,
    "time_total_2": 1.2122436668723822,
    "time_start_3": 4150193611732625,
    "time_end_3": 4150194823976458,
    "time_total_3": 1.212243833
}