{
    "function_method_name": "extract_images_from_pdf_to_files",
    "time_start_1": 1770302413.5922391,
    "time_end_1": 1770302414.777633,
    "time_total_1": 1.1853938102722168,
    "time_start_2": 3901846.034823166,
    "time_end_2": 3901847.220217916,
    "time_total_2": 1.1853947499766946,
    "time_start_3": 3901846034823208,
    "time_end_3": 3901847220218208,
    "time_total_3": 1.185395
}