{
    "function_method_name": "extract_images_from_pdf_to_files",
    "time_start_1": 1770301894.671925,
    "time_end_1": 1770301895.8545349,
    "time_total_1": 1.1826097965240479,
    "time_start_2": 3901327.114433625,
    "time_end_2": 3901328.29704425,
    "time_total_2": 1.1826106254011393,
    "time_start_3": 3901327114433666,
    "time_end_3": 3901328297044375,
    "time_total_3": 1.182610709
}