{
    "function_method_name": "extract_images_from_pdf_to_files",
    "time_start_1": 1770301808.353728,
    "time_end_1": 1770301809.5378711,
    "time_total_1": 1.18414306640625,
    "time_start_2": 3901240.796221833,
    "time_end_2": 3901241.980366875,
    "time_total_2": 1.1841450417414308,
    "time_start_3": 3901240796221916,
    "time_end_3": 3901241980367541,
    "time_total_3": 1.184145625
}