{
    "function_method_name": "extract_images_from_pdf_to_files",
    "time_start_1": 1770302045.815522,
    "time_end_1": 1770302046.9975061,
    "time_total_1": 1.1819841861724854,
    "time_start_2": 3901478.258055458,
    "time_end_2": 3901479.440038833,
    "time_total_2": 1.1819833749905229,
    "time_start_3": 3901478258055458,
    "time_end_3": 3901479440039583,
    "time_total_3": 1.181984125
}