{
    "function_method_name": "extract_images_from_pdf_to_files",
    "time_start_1": 1771004348.3717198,
    "time_end_1": 1771004349.173267,
    "time_total_1": 0.8015470504760742,
    "time_start_2": 30701.883253416,
    "time_end_2": 30702.684798791,
    "time_total_2": 0.8015453750012966,
    "time_start_3": 30701883253458,
    "time_end_3": 30702684798958,
    "time_total_3": 0.8015455
}