{
    "function_method_name": "extract_images_from_pdf_to_files",
    "time_start_1": 1770304035.762408,
    "time_end_1": 1770304036.95398,
    "time_total_1": 1.1915719509124756,
    "time_start_2": 3903468.205600916,
    "time_end_2": 3903469.397173208,
    "time_total_2": 1.1915722922421992,
    "time_start_3": 3903468205601000,
    "time_end_3": 3903469397173500,
    "time_total_3": 1.1915725
}