{
    "function_method_name": "extract_images_from_pdf_to_files",
    "time_start_1": 1771004595.939629,
    "time_end_1": 1771004596.748777,
    "time_total_1": 0.809147834777832,
    "time_start_2": 30949.450596375,
    "time_end_2": 30950.259742166,
    "time_total_2": 0.809145790997718,
    "time_start_3": 30949450596416,
    "time_end_3": 30950259742541,
    "time_total_3": 0.809146125
}