{
    "function_method_name": "extract_images_from_pdf_to_files",
    "time_start_1": 1770303819.6230159,
    "time_end_1": 1770303820.807201,
    "time_total_1": 1.1841850280761719,
    "time_start_2": 3903252.066120166,
    "time_end_2": 3903253.250308708,
    "time_total_2": 1.184188541956246,
    "time_start_3": 3903252066120250,
    "time_end_3": 3903253250308791,
    "time_total_3": 1.184188541
}