{
    "function_method_name": "extract_images_from_pdf_to_files",
    "time_start_1": 1770567309.197359,
    "time_end_1": 1770567310.38608,
    "time_total_1": 1.188720941543579,
    "time_start_2": 4150303.336373291,
    "time_end_2": 4150304.525092208,
    "time_total_2": 1.1887189168483019,
    "time_start_3": 4150303336373291,
    "time_end_3": 4150304525092875,
    "time_total_3": 1.188719584
}