{
    "function_method_name": "extract_images_from_pdf_to_files",
    "time_start_1": 1770302693.572062,
    "time_end_1": 1770302694.753268,
    "time_total_1": 1.1812059879302979,
    "time_start_2": 3902126.014684333,
    "time_end_2": 3902127.195890291,
    "time_total_2": 1.1812059581279755,
    "time_start_3": 3902126014684375,
    "time_end_3": 3902127195890583,
    "time_total_3": 1.181206208
}