{
    "function_method_name": "extract_images_from_pdf_to_files",
    "time_start_1": 1770306004.95204,
    "time_end_1": 1770306006.1516511,
    "time_total_1": 1.1996111869812012,
    "time_start_2": 3905437.395705083,
    "time_end_2": 3905438.595316416,
    "time_total_2": 1.1996113331988454,
    "time_start_3": 3905437395705125,
    "time_end_3": 3905438595317041,
    "time_total_3": 1.199611916
}