{
    "function_method_name": "extract_images_from_pdf_to_files",
    "time_start_1": 1770571419.619338,
    "time_end_1": 1770571420.807557,
    "time_total_1": 1.1882190704345703,
    "time_start_2": 4154413.748734125,
    "time_end_2": 4154414.936952083,
    "time_total_2": 1.188217957969755,
    "time_start_3": 4154413748734166,
    "time_end_3": 4154414936952208,
    "time_total_3": 1.188218042
}