{
    "function_method_name": "extract_images_from_pdf_to_files",
    "time_start_1": 1770568316.79565,
    "time_end_1": 1770568317.9852889,
    "time_total_1": 1.1896388530731201,
    "time_start_2": 4151310.932426125,
    "time_end_2": 4151312.122063541,
    "time_total_2": 1.1896374160423875,
    "time_start_3": 4151310932426208,
    "time_end_3": 4151312122063708,
    "time_total_3": 1.1896375
}