{
    "function_method_name": "extract_images_from_pdf_to_files",
    "time_start_1": 1770514806.845531,
    "time_end_1": 1770514808.0324879,
    "time_total_1": 1.1869568824768066,
    "time_start_2": 4097800.956915041,
    "time_end_2": 4097802.1438695,
    "time_total_2": 1.1869544591754675,
    "time_start_3": 4097800956915083,
    "time_end_3": 4097802143870083,
    "time_total_3": 1.186955
}