{
    "function_method_name": "extract_images_from_pdf_to_files",
    "time_start_1": 1770513353.601196,
    "time_end_1": 1770513354.782974,
    "time_total_1": 1.1817779541015625,
    "time_start_2": 4096347.715878583,
    "time_end_2": 4096348.897653166,
    "time_total_2": 1.1817745831795037,
    "time_start_3": 4096347715878666,
    "time_end_3": 4096348897653416,
    "time_total_3": 1.18177475
}