{
    "function_method_name": "extract_images_from_pdf_to_files",
    "time_start_1": 1770567353.334871,
    "time_end_1": 1770567354.523173,
    "time_total_1": 1.1883020401000977,
    "time_start_2": 4150347.473788083,
    "time_end_2": 4150348.662088416,
    "time_total_2": 1.1883003329858184,
    "time_start_3": 4150347473788166,
    "time_end_3": 4150348662088666,
    "time_total_3": 1.1883005
}