{
    "function_method_name": "extract_images_from_pdf_to_files",
    "time_start_1": 1770301462.7317078,
    "time_end_1": 1770301463.912663,
    "time_total_1": 1.180955171585083,
    "time_start_2": 3900895.171340833,
    "time_end_2": 3900896.352296083,
    "time_total_2": 1.1809552498161793,
    "time_start_3": 3900895171340875,
    "time_end_3": 3900896352296375,
    "time_total_3": 1.1809555
}