{
    "function_method_name": "extract_images_from_pdf_to_files",
    "time_start_1": 1770302369.640435,
    "time_end_1": 1770302370.823785,
    "time_total_1": 1.1833500862121582,
    "time_start_2": 3901802.083021208,
    "time_end_2": 3901803.266371666,
    "time_total_2": 1.1833504578098655,
    "time_start_3": 3901802083021250,
    "time_end_3": 3901803266371750,
    "time_total_3": 1.1833505
}