{
    "function_method_name": "extract_images_from_pdf_to_files",
    "time_start_1": 1771755070.6682482,
    "time_end_1": 1771755071.4907799,
    "time_total_1": 0.8225317001342773,
    "time_start_2": 211542.552663875,
    "time_end_2": 211543.375195375,
    "time_total_2": 0.8225315000163391,
    "time_start_3": 211542552663916,
    "time_end_3": 211543375195541,
    "time_total_3": 0.822531625
}