{
    "function_method_name": "extract_images_from_pdf_to_files",
    "time_start_1": 1770568578.895824,
    "time_end_1": 1770568580.088935,
    "time_total_1": 1.1931109428405762,
    "time_start_2": 4151573.031605041,
    "time_end_2": 4151574.224713916,
    "time_total_2": 1.1931088748387992,
    "time_start_3": 4151573031605083,
    "time_end_3": 4151574224714416,
    "time_total_3": 1.193109333
}