{
    "function_method_name": "extract_images_from_pdf_to_files",
    "time_start_1": 1770513118.901361,
    "time_end_1": 1770513120.092545,
    "time_total_1": 1.1911840438842773,
    "time_start_2": 4096113.016689708,
    "time_end_2": 4096114.207870583,
    "time_total_2": 1.1911808750592172,
    "time_start_3": 4096113016689750,
    "time_end_3": 4096114207871083,
    "time_total_3": 1.191181333
}