{
    "function_method_name": "extract_images_from_pdf_to_files",
    "time_start_1": 1770303104.3920221,
    "time_end_1": 1770303105.596798,
    "time_total_1": 1.2047758102416992,
    "time_start_2": 3902536.834703833,
    "time_end_2": 3902538.039480541,
    "time_total_2": 1.2047767080366611,
    "time_start_3": 3902536834703916,
    "time_end_3": 3902538039480875,
    "time_total_3": 1.204776959
}