{
    "function_method_name": "extract_images_from_pdf_to_files",
    "time_start_1": 1770567966.768029,
    "time_end_1": 1770567967.962686,
    "time_total_1": 1.1946570873260498,
    "time_start_2": 4150960.905568083,
    "time_end_2": 4150962.100222625,
    "time_total_2": 1.1946545420214534,
    "time_start_3": 4150960905568166,
    "time_end_3": 4150962100222958,
    "time_total_3": 1.194654792
}