{
    "function_method_name": "extract_images_from_pdf_to_files",
    "time_start_1": 1770515384.1456,
    "time_end_1": 1770515385.332818,
    "time_total_1": 1.1872179508209229,
    "time_start_2": 4098378.255461166,
    "time_end_2": 4098379.442677125,
    "time_total_2": 1.1872159587219357,
    "time_start_3": 4098378255461250,
    "time_end_3": 4098379442677625,
    "time_total_3": 1.187216375
}