{
    "function_method_name": "extract_images_from_pdf_to_files",
    "time_start_1": 1770570960.946058,
    "time_end_1": 1770570962.132054,
    "time_total_1": 1.1859960556030273,
    "time_start_2": 4153955.074208833,
    "time_end_2": 4153956.260202375,
    "time_total_2": 1.1859935419633985,
    "time_start_3": 4153955074208916,
    "time_end_3": 4153956260202708,
    "time_total_3": 1.185993792
}