{
    "function_method_name": "extract_images_from_pdf_to_files",
    "time_start_1": 1770304947.931385,
    "time_end_1": 1770304949.1277928,
    "time_total_1": 1.1964077949523926,
    "time_start_2": 3904380.374818833,
    "time_end_2": 3904381.571228541,
    "time_total_2": 1.1964097078889608,
    "time_start_3": 3904380374818916,
    "time_end_3": 3904381571229083,
    "time_total_3": 1.196410167
}