{
    "function_method_name": "extract_images_from_pdf_to_files",
    "time_start_1": 1770305206.876638,
    "time_end_1": 1770305208.0588129,
    "time_total_1": 1.1821749210357666,
    "time_start_2": 3904639.320134375,
    "time_end_2": 3904640.502310125,
    "time_total_2": 1.1821757503785193,
    "time_start_3": 3904639320134416,
    "time_end_3": 3904640502310250,
    "time_total_3": 1.182175834
}