{
    "function_method_name": "extract_images_from_pdf_to_files",
    "time_start_1": 1774242258.5571399,
    "time_end_1": 1774242259.7427268,
    "time_total_1": 1.185586929321289,
    "time_start_2": 1002214.244279875,
    "time_end_2": 1002215.429871166,
    "time_total_2": 1.185591291054152,
    "time_start_3": 1002214244279916,
    "time_end_3": 1002215429871958,
    "time_total_3": 1.185592042
}