{
    "function_method_name": "extract_images_from_pdf_to_files",
    "time_start_1": 1770568644.323927,
    "time_end_1": 1770568645.509939,
    "time_total_1": 1.1860120296478271,
    "time_start_2": 4151638.459551916,
    "time_end_2": 4151639.645562333,
    "time_total_2": 1.1860104170627892,
    "time_start_3": 4151638459552000,
    "time_end_3": 4151639645562833,
    "time_total_3": 1.186010833
}