{
    "function_method_name": "extract_images_from_pdf_to_files",
    "time_start_1": 1771005761.080965,
    "time_end_1": 1771005761.942453,
    "time_total_1": 0.861487865447998,
    "time_start_2": 32114.592353625,
    "time_end_2": 32115.453841208,
    "time_total_2": 0.8614875829989614,
    "time_start_3": 32114592353666,
    "time_end_3": 32115453841500,
    "time_total_3": 0.861487834
}