{
    "function_method_name": "extract_images_from_pdf_to_files",
    "time_start_1": 1770570676.859025,
    "time_end_1": 1770570678.077881,
    "time_total_1": 1.2188560962677002,
    "time_start_2": 4153670.98792075,
    "time_end_2": 4153672.206774958,
    "time_total_2": 1.2188542080111802,
    "time_start_3": 4153670987920833,
    "time_end_3": 4153672206775416,
    "time_total_3": 1.218854583
}