{
    "function_method_name": "extract_images_from_pdf_to_files",
    "time_start_1": 1770566959.440008,
    "time_end_1": 1770566960.629982,
    "time_total_1": 1.189974069595337,
    "time_start_2": 4149953.5757355,
    "time_end_2": 4149954.765706083,
    "time_total_2": 1.1899705827236176,
    "time_start_3": 4149953575735583,
    "time_end_3": 4149954765706291,
    "time_total_3": 1.189970708
}