{
    "function_method_name": "extract_images_from_pdf_to_files",
    "time_start_1": 1771006226.760828,
    "time_end_1": 1771006227.617022,
    "time_total_1": 0.856194019317627,
    "time_start_2": 32580.256435083,
    "time_end_2": 32581.112625208,
    "time_total_2": 0.8561901249995572,
    "time_start_3": 32580256435125,
    "time_end_3": 32581112625500,
    "time_total_3": 0.856190375
}