{
    "function_method_name": "extract_images_from_pdf_to_files",
    "time_start_1": 1770568884.3497732,
    "time_end_1": 1770568885.547934,
    "time_total_1": 1.1981608867645264,
    "time_start_2": 4151878.484857208,
    "time_end_2": 4151879.683017125,
    "time_total_2": 1.198159916792065,
    "time_start_3": 4151878484857250,
    "time_end_3": 4151879683017291,
    "time_total_3": 1.198160041
}