{
    "function_method_name": "extract_images_from_pdf_to_files",
    "time_start_1": 1770515640.412318,
    "time_end_1": 1770515641.596093,
    "time_total_1": 1.1837749481201172,
    "time_start_2": 4098634.521503125,
    "time_end_2": 4098635.705275208,
    "time_total_2": 1.1837720833718777,
    "time_start_3": 4098634521503166,
    "time_end_3": 4098635705275416,
    "time_total_3": 1.18377225
}