{
    "function_method_name": "extract_images_from_pdf_to_files",
    "time_start_1": 1770301548.6356359,
    "time_end_1": 1770301549.820616,
    "time_total_1": 1.1849801540374756,
    "time_start_2": 3900981.075228166,
    "time_end_2": 3900982.260208,
    "time_total_2": 1.1849798341281712,
    "time_start_3": 3900981075228250,
    "time_end_3": 3900982260208541,
    "time_total_3": 1.184980291
}