{
    "function_method_name": "extract_images_from_pdf_to_files",
    "time_start_1": 1770570480.291327,
    "time_end_1": 1770570481.4797041,
    "time_total_1": 1.1883771419525146,
    "time_start_2": 4153474.4207375,
    "time_end_2": 4153475.60911325,
    "time_total_2": 1.1883757500909269,
    "time_start_3": 4153474420737541,
    "time_end_3": 4153475609113833,
    "time_total_3": 1.188376292
}