{
    "function_method_name": "extract_images_from_pdf_to_files",
    "time_start_1": 1770305552.017277,
    "time_end_1": 1770305553.1999118,
    "time_total_1": 1.1826348304748535,
    "time_start_2": 3904984.460842,
    "time_end_2": 3904985.643478083,
    "time_total_2": 1.1826360831037164,
    "time_start_3": 3904984460842083,
    "time_end_3": 3904985643478541,
    "time_total_3": 1.182636458
}