{
    "function_method_name": "extract_images_from_pdf_to_files",
    "time_start_1": 1770301829.996882,
    "time_end_1": 1770301831.193656,
    "time_total_1": 1.1967740058898926,
    "time_start_2": 3901262.439380041,
    "time_end_2": 3901263.636155166,
    "time_total_2": 1.1967751253396273,
    "time_start_3": 3901262439380083,
    "time_end_3": 3901263636155250,
    "time_total_3": 1.196775167
}