{
    "function_method_name": "extract_images_from_pdf_to_files",
    "time_start_1": 1770306566.022634,
    "time_end_1": 1770306567.20887,
    "time_total_1": 1.1862359046936035,
    "time_start_2": 3905998.466146333,
    "time_end_2": 3905999.652382708,
    "time_total_2": 1.1862363750115037,
    "time_start_3": 3905998466146375,
    "time_end_3": 3905999652382750,
    "time_total_3": 1.186236375
}