{
    "function_method_name": "extract_images_from_pdf_to_files",
    "time_start_1": 1770566740.988344,
    "time_end_1": 1770566742.178996,
    "time_total_1": 1.1906521320343018,
    "time_start_2": 4149735.124731083,
    "time_end_2": 4149736.315381333,
    "time_total_2": 1.1906502502970397,
    "time_start_3": 4149735124731166,
    "time_end_3": 4149736315382083,
    "time_total_3": 1.190650917
}