{
    "function_method_name": "extract_images_from_pdf_to_files",
    "time_start_1": 1770566762.884484,
    "time_end_1": 1770566764.071174,
    "time_total_1": 1.186689853668213,
    "time_start_2": 4149757.020805333,
    "time_end_2": 4149758.207492375,
    "time_total_2": 1.1866870420053601,
    "time_start_3": 4149757020805416,
    "time_end_3": 4149758207492708,
    "time_total_3": 1.186687292
}