{
    "function_method_name": "extract_text_to_file_from_any_document",
    "time_start_1": 1769607759.1446881,
    "time_end_1": 1769607765.787287,
    "time_total_1": 6.642598867416382,
    "time_start_2": 3207191.143174125,
    "time_end_2": 3207197.785763083,
    "time_total_2": 6.642588958144188,
    "time_start_3": 3207191143174208,
    "time_end_3": 3207197785763250,
    "time_total_3": 6.642589042
}