{
    "function_method_name": "extract_text_to_file_from_any_document",
    "time_start_1": 1770993055.176963,
    "time_end_1": 1770993055.320377,
    "time_total_1": 0.14341402053833008,
    "time_start_2": 19408.720456583,
    "time_end_2": 19408.863870166,
    "time_total_2": 0.14341358299861895,
    "time_start_3": 19408720456666,
    "time_end_3": 19408863870416,
    "time_total_3": 0.14341375
}