{
    "function_method_name": "extract_tables_to_files_from_pdf_document",
    "time_start_1": 1769431652.1862988,
    "time_end_1": 1769431652.666136,
    "time_total_1": 0.47983717918395996,
    "time_start_2": 3035880.998060875,
    "time_end_2": 3035881.477896916,
    "time_total_2": 0.4798360411077738,
    "time_start_3": 3035880998060958,
    "time_end_3": 3035881477897083,
    "time_total_3": 0.479836125
}