{
    "function_method_name": "extract_tables_to_files_from_pdf_document",
    "time_start_1": 1769288412.713289,
    "time_end_1": 1769288413.036278,
    "time_total_1": 0.32298898696899414,
    "time_start_2": 2892641.825669083,
    "time_end_2": 2892642.148658,
    "time_total_2": 0.32298891711980104,
    "time_start_3": 2892641825669125,
    "time_end_3": 2892642148658083,
    "time_total_3": 0.322988958
}