{
    "function_method_name": "extract_tables_to_files_from_pdf_document",
    "time_start_1": 1769321555.8437371,
    "time_end_1": 1769321556.3146398,
    "time_total_1": 0.470902681350708,
    "time_start_2": 2925784.852696541,
    "time_end_2": 2925785.323598375,
    "time_total_2": 0.4709018338471651,
    "time_start_3": 2925784852696583,
    "time_end_3": 2925785323598583,
    "time_total_3": 0.470902
}