{
    "function_method_name": "extract_tables_to_files_from_pdf_document",
    "time_start_1": 1769410056.502987,
    "time_end_1": 1769410056.981371,
    "time_total_1": 0.47838401794433594,
    "time_start_2": 3014285.386779791,
    "time_end_2": 3014285.865163416,
    "time_total_2": 0.47838362492620945,
    "time_start_3": 3014285386779875,
    "time_end_3": 3014285865163583,
    "time_total_3": 0.478383708
}