{
    "function_method_name": "extract_tables_to_files_from_pdf_document",
    "time_start_1": 1769784362.486791,
    "time_end_1": 1769784362.952374,
    "time_total_1": 0.46558308601379395,
    "time_start_2": 3383794.382028166,
    "time_end_2": 3383794.847611791,
    "time_total_2": 0.46558362478390336,
    "time_start_3": 3383794382028250,
    "time_end_3": 3383794847612041,
    "time_total_3": 0.465583791
}