{
    "function_method_name": "extract_images_from_pdf_to_files",
    "time_start_1": 1771789918.524919,
    "time_end_1": 1771789918.541118,
    "time_total_1": 0.01619887351989746,
    "time_start_2": 10699.833475833,
    "time_end_2": 10699.849675125,
    "time_total_2": 0.01619929200023762,
    "time_start_3": 10699833475916,
    "time_end_3": 10699849675208,
    "time_total_3": 0.016199292
}