{
    "function_method_name": "extract_images_from_pdf_to_files",
    "time_start_1": 1769283731.546581,
    "time_end_1": 1769283731.54914,
    "time_total_1": 0.0025589466094970703,
    "time_start_2": 2887960.679033125,
    "time_end_2": 2887960.6815915,
    "time_total_2": 0.0025583752430975437,
    "time_start_3": 2887960679033166,
    "time_end_3": 2887960681591750,
    "time_total_3": 0.002558584
}