{
  "function_method_name": "extract_text_to_file_from_any_document",
  "num_pages": 31,
  "time_start_1": 1773197819.972054,
  "time_end_1": 1773197994.554278,
  "time_total_1": 174.5822238922119,
  "pages_per_second_1": 0.17756676085842268,
  "time_start_2": 1338810.829775291,
  "time_end_2": 1338985.410788125,
  "time_total_2": 174.5810128338635,
  "pages_per_second_2": 0.17756799262873177,
  "time_start_3": 1338810829775500,
  "time_end_3": 1338985410788625,
  "time_total_3": 174.581013125,
  "pages_per_second_3": 0.17756799233261408
}