{
    "function_method_name": "extract_tables_to_files_from_pdf_document",
    "time_start_1": 1763234196.421271,
    "time_end_1": 1763234201.394559,
    "time_total_1": 4.97328782081604,
    "time_start_2": 200406.62424775,
    "time_end_2": 200411.59752775,
    "time_total_2": 4.973280000005616,
    "time_start_3": 200406624247833,
    "time_end_3": 200411597527958,
    "time_total_3": 4.973280125
}