{
    "function_method_name": "extract_tables_to_files_from_pdf_document",
    "time_start_1": 1765462424.9793012,
    "time_end_1": 1765462433.9378428,
    "time_total_1": 8.958541631698608,
    "time_start_2": 2371447.763065416,
    "time_end_2": 2371456.721591541,
    "time_total_2": 8.958526125177741,
    "time_start_3": 2371447763065500,
    "time_end_3": 2371456721591791,
    "time_total_3": 8.958526291
}