{
    "function_method_name": "extract_tables_to_files_from_pdf_document",
    "time_start_1": 1765518382.983192,
    "time_end_1": 1765518389.2871082,
    "time_total_1": 6.3039162158966064,
    "time_start_2": 2427405.571203875,
    "time_end_2": 2427411.875058583,
    "time_total_2": 6.30385470809415,
    "time_start_3": 2427405571203958,
    "time_end_3": 2427411875058750,
    "time_total_3": 6.303854792
}