{
    "function_method_name": "extract_tables_to_files_from_pdf_document",
    "time_start_1": 1763235831.117326,
    "time_end_1": 1763235837.3624299,
    "time_total_1": 6.24510383605957,
    "time_start_2": 202041.317506708,
    "time_end_2": 202047.562599708,
    "time_total_2": 6.245093000004999,
    "time_start_3": 202041317506750,
    "time_end_3": 202047562599916,
    "time_total_3": 6.245093166
}