{
    "function_method_name": "extract_text_to_file_from_any_document",
    "time_start_1": 1763215053.298035,
    "time_end_1": 1763215056.46912,
    "time_total_1": 3.1710851192474365,
    "time_start_2": 181263.538408125,
    "time_end_2": 181266.709489583,
    "time_total_2": 3.171081458014669,
    "time_start_3": 181263538408166,
    "time_end_3": 181266709489750,
    "time_total_3": 3.171081584
}