{
    "function_method_name": "extract_text_to_file_from_any_document",
    "time_start_1": 1763154019.192319,
    "time_end_1": 1763154022.3415308,
    "time_total_1": 3.149211883544922,
    "time_start_2": 120229.60431075,
    "time_end_2": 120232.753526708,
    "time_total_2": 3.1492159579938743,
    "time_start_3": 120229604310791,
    "time_end_3": 120232753527083,
    "time_total_3": 3.149216292
}