{
    "function_method_name": "extract_text_to_file_from_any_document",
    "time_start_1": 1763095157.259967,
    "time_end_1": 1763095160.436791,
    "time_total_1": 3.176823854446411,
    "time_start_2": 61367.824216375,
    "time_end_2": 61371.001031833,
    "time_total_2": 3.1768154580058763,
    "time_start_3": 61367824216458,
    "time_end_3": 61371001032166,
    "time_total_3": 3.176815708
}