{
    "function_method_name": "extract_text_to_file_from_any_document",
    "time_start_1": 1763186586.8774579,
    "time_end_1": 1763186590.079272,
    "time_total_1": 3.2018141746520996,
    "time_start_2": 152797.155845958,
    "time_end_2": 152800.357638708,
    "time_total_2": 3.201792749983724,
    "time_start_3": 152797155846000,
    "time_end_3": 152800357638916,
    "time_total_3": 3.201792916
}