{
    "function_method_name": "extract_text_to_file_from_any_document",
    "time_start_1": 1763146508.361675,
    "time_end_1": 1763146511.54525,
    "time_total_1": 3.183574914932251,
    "time_start_2": 112718.726100625,
    "time_end_2": 112721.909661666,
    "time_total_2": 3.183561040990753,
    "time_start_3": 112718726100708,
    "time_end_3": 112721909661708,
    "time_total_3": 3.183561
}