{
    "function_method_name": "extract_text_to_file_from_any_document",
    "time_start_1": 1763098883.341675,
    "time_end_1": 1763098886.5161018,
    "time_total_1": 3.174426794052124,
    "time_start_2": 65093.848411791,
    "time_end_2": 65097.022816166,
    "time_total_2": 3.1744043750004494,
    "time_start_3": 65093848411875,
    "time_end_3": 65097022816375,
    "time_total_3": 3.1744045
}