{
    "function_method_name": "extract_text_to_file_from_any_document",
    "time_start_1": 1763097683.7327948,
    "time_end_1": 1763097686.906958,
    "time_total_1": 3.174163341522217,
    "time_start_2": 63894.248621875,
    "time_end_2": 63897.42276125,
    "time_total_2": 3.174139375005325,
    "time_start_3": 63894248621958,
    "time_end_3": 63897422761541,
    "time_total_3": 3.174139583
}