{
    "function_method_name": "extract_text_to_file_from_any_document",
    "time_start_1": 1763075170.884794,
    "time_end_1": 1763075174.066932,
    "time_total_1": 3.182137966156006,
    "time_start_2": 41381.385223208,
    "time_end_2": 41384.56734525,
    "time_total_2": 3.1821220419951715,
    "time_start_3": 41381385223291,
    "time_end_3": 41384567345375,
    "time_total_3": 3.182122084
}