{
    "function_method_name": "extract_tables_to_files_from_pdf_document",
    "time_start_1": 1769298814.046054,
    "time_end_1": 1769298814.371242,
    "time_total_1": 0.32518815994262695,
    "time_start_2": 2903043.115130916,
    "time_end_2": 2903043.44031875,
    "time_total_2": 0.3251878344453871,
    "time_start_3": 2903043115131000,
    "time_end_3": 2903043440318875,
    "time_total_3": 0.325187875
}