{
    "function_method_name": "extract_tables_to_files_from_pdf_document",
    "time_start_1": 1769290821.112946,
    "time_end_1": 1769290821.3322098,
    "time_total_1": 0.21926379203796387,
    "time_start_2": 2895050.212738583,
    "time_end_2": 2895050.43200225,
    "time_total_2": 0.21926366724073887,
    "time_start_3": 2895050212738625,
    "time_end_3": 2895050432002416,
    "time_total_3": 0.219263791
}