{
    "function_method_name": "extract_tables_to_files_from_pdf_document",
    "time_start_1": 1769430046.979757,
    "time_end_1": 1769430047.302311,
    "time_total_1": 0.3225538730621338,
    "time_start_2": 3034275.798596333,
    "time_end_2": 3034276.121149458,
    "time_total_2": 0.3225531252101064,
    "time_start_3": 3034275798596416,
    "time_end_3": 3034276121149750,
    "time_total_3": 0.322553334
}