{
    "function_method_name": "extract_tables_to_files_from_pdf_document",
    "time_start_1": 1772677189.2563,
    "time_end_1": 1772677189.4235709,
    "time_total_1": 0.16727089881896973,
    "time_start_2": 864919.585863208,
    "time_end_2": 864919.753133208,
    "time_total_2": 0.1672699999762699,
    "time_start_3": 864919585863250,
    "time_end_3": 864919753133375,
    "time_total_3": 0.167270125
}