{
    "function_method_name": "extract_tables_to_files_from_pdf_document",
    "time_start_1": 1769313450.8827121,
    "time_end_1": 1769313451.20911,
    "time_total_1": 0.3263978958129883,
    "time_start_2": 2917679.912868458,
    "time_end_2": 2917680.239266125,
    "time_total_2": 0.3263976671732962,
    "time_start_3": 2917679912868583,
    "time_end_3": 2917680239266375,
    "time_total_3": 0.326397792
}