{
    "function_method_name": "extract_tables_to_files_from_pdf_document",
    "time_start_1": 1769338214.504162,
    "time_end_1": 1769338214.826945,
    "time_total_1": 0.3227829933166504,
    "time_start_2": 2942443.473551,
    "time_end_2": 2942443.796334,
    "time_total_2": 0.3227829998359084,
    "time_start_3": 2942443473551083,
    "time_end_3": 2942443796334208,
    "time_total_3": 0.322783125
}