{
    "function_method_name": "extract_text_to_file_from_any_document",
    "time_start_1": 1772653897.023594,
    "time_end_1": 1772653899.799466,
    "time_total_1": 2.775871992111206,
    "time_start_2": 841627.437202541,
    "time_end_2": 841630.213069291,
    "time_total_2": 2.775866749929264,
    "time_start_3": 841627437202625,
    "time_end_3": 841630213069375,
    "time_total_3": 2.77586675
}