{
    "function_method_name": "extract_text_to_file_from_any_document",
    "time_start_1": 1771574468.806453,
    "time_end_1": 1771574471.5834172,
    "time_total_1": 2.7769641876220703,
    "time_start_2": 41528.45673375,
    "time_end_2": 41531.2336855,
    "time_total_2": 2.776951750005537,
    "time_start_3": 41528456733791,
    "time_end_3": 41531233685666,
    "time_total_3": 2.776951875
}