{
  "function_method_name": "extract_text_to_file_from_any_document",
  "time_start_1": 1772984821.581269,
  "time_end_1": 1772984850.5298948,
  "time_total_1": 28.948625802993774,
  "time_start_2": 1144474.141599916,
  "time_end_2": 1144503.090114333,
  "time_total_2": 28.94851441704668,
  "time_start_3": 1144474141600000,
  "time_end_3": 1144503090114458,
  "time_total_3": 28.948514458,
  "num_pages": 48,
  "pages_per_second_1": 1.6581097951473742,
  "pages_per_second_2": 1.6581161750992868,
  "pages_per_second_3": 1.658116172753558
}