{
    "function_method_name": "extract_text_to_file_from_any_document",
    "time_start_1": 1763898119.824636,
    "time_end_1": 1763898124.749136,
    "time_total_1": 4.924499988555908,
    "time_start_2": 833601.343775708,
    "time_end_2": 833606.26827175,
    "time_total_2": 4.924496041960083,
    "time_start_3": 833601343775791,
    "time_end_3": 833606268272333,
    "time_total_3": 4.924496542
}