{
    "function_method_name": "extract_text_to_file_from_any_document",
    "time_start_1": 1763206686.139499,
    "time_end_1": 1763206689.1035688,
    "time_total_1": 2.9640698432922363,
    "time_start_2": 172896.430478375,
    "time_end_2": 172899.391891458,
    "time_total_2": 2.961413083015941,
    "time_start_3": 172896430478458,
    "time_end_3": 172899391891666,
    "time_total_3": 2.961413208
}