{
    "function_method_name": "extract_text_to_file_from_any_document",
    "time_start_1": 1763228203.6517591,
    "time_end_1": 1763228205.698055,
    "time_total_1": 2.0462958812713623,
    "time_start_2": 194413.8651755,
    "time_end_2": 194415.911469458,
    "time_total_2": 2.0462939580029342,
    "time_start_3": 194413865175541,
    "time_end_3": 194415911469708,
    "time_total_3": 2.046294167
}