{
    "function_method_name": "extract_text_to_file_from_any_document",
    "time_start_1": 1764498795.206254,
    "time_end_1": 1764498797.224739,
    "time_total_1": 2.0184850692749023,
    "time_start_2": 1434277.208436166,
    "time_end_2": 1434279.226915791,
    "time_total_2": 2.018479624995962,
    "time_start_3": 1434277208436208,
    "time_end_3": 1434279226915916,
    "time_total_3": 2.018479708
}