{
    "function_method_name": "extract_text_to_file_from_any_document",
    "time_start_1": 1763103902.0416288,
    "time_end_1": 1763103904.967293,
    "time_total_1": 2.925664186477661,
    "time_start_2": 70112.620716708,
    "time_end_2": 70115.54640525,
    "time_total_2": 2.925688542003627,
    "time_start_3": 70112620716833,
    "time_end_3": 70115546405416,
    "time_total_3": 2.925688583
}