{
    "function_method_name": "extract_text_to_file_from_any_document",
    "time_start_1": 1763085232.570944,
    "time_end_1": 1763085235.505257,
    "time_total_1": 2.9343128204345703,
    "time_start_2": 51443.191422541,
    "time_end_2": 51446.125776875,
    "time_total_2": 2.9343543340000906,
    "time_start_3": 51443191422625,
    "time_end_3": 51446125777083,
    "time_total_3": 2.934354458
}