{
    "function_method_name": "extract_text_to_file_from_any_document",
    "time_start_1": 1763136591.369338,
    "time_end_1": 1763136594.282722,
    "time_total_1": 2.913383960723877,
    "time_start_2": 102801.799123458,
    "time_end_2": 102804.712502541,
    "time_total_2": 2.913379083009204,
    "time_start_3": 102801799123500,
    "time_end_3": 102804712502916,
    "time_total_3": 2.913379416
}