{
    "function_method_name": "extract_text_to_file_from_any_document",
    "time_start_1": 1763156616.91012,
    "time_end_1": 1763156619.8635678,
    "time_total_1": 2.9534478187561035,
    "time_start_2": 122827.309577125,
    "time_end_2": 122830.263025208,
    "time_total_2": 2.953448083004332,
    "time_start_3": 122827309577208,
    "time_end_3": 122830263025416,
    "time_total_3": 2.953448208
}