{
    "function_method_name": "extract_text_to_file_from_any_document",
    "time_start_1": 1763106417.184083,
    "time_end_1": 1763106420.130199,
    "time_total_1": 2.9461159706115723,
    "time_start_2": 72627.698381625,
    "time_end_2": 72630.644482541,
    "time_total_2": 2.9461009160004323,
    "time_start_3": 72627698381666,
    "time_end_3": 72630644482708,
    "time_total_3": 2.946101042
}