{
    "function_method_name": "extract_text_to_file_from_any_document",
    "time_start_1": 1763898720.161419,
    "time_end_1": 1763898722.25845,
    "time_total_1": 2.0970311164855957,
    "time_start_2": 834201.679940833,
    "time_end_2": 834203.776970125,
    "time_total_2": 2.097029292024672,
    "time_start_3": 834201679940916,
    "time_end_3": 834203776970416,
    "time_total_3": 2.0970295
}