{
    "function_method_name": "extract_text_to_file_from_any_document",
    "time_start_1": 1763899127.262603,
    "time_end_1": 1763899129.3712692,
    "time_total_1": 2.108666181564331,
    "time_start_2": 834608.756430166,
    "time_end_2": 834610.865083208,
    "time_total_2": 2.108653041999787,
    "time_start_3": 834608756430208,
    "time_end_3": 834610865083375,
    "time_total_3": 2.108653167
}