{
    "function_method_name": "extract_text_to_file_from_any_document",
    "time_start_1": 1763101423.451088,
    "time_end_1": 1763101426.376544,
    "time_total_1": 2.9254560470581055,
    "time_start_2": 67633.987634625,
    "time_end_2": 67636.913091875,
    "time_total_2": 2.9254572500067297,
    "time_start_3": 67633987634708,
    "time_end_3": 67636913092250,
    "time_total_3": 2.925457542
}