{
  "function_method_name": "extract_markdown_to_file_from_any_document",
  "num_pages": 0,
  "time_start_1": 1773176384.276469,
  "time_end_1": 1773176384.3704672,
  "time_total_1": 0.09399819374084473,
  "pages_per_second_1": 0.0,
  "time_start_2": 1317375.248221208,
  "time_end_2": 1317375.342219916,
  "time_total_2": 0.09399870783090591,
  "pages_per_second_2": 0.0,
  "time_start_3": 1317375248221291,
  "time_end_3": 1317375342219958,
  "time_total_3": 0.093998667,
  "pages_per_second_3": 0.0
}