{
  "function_method_name": "extract_text_to_file_from_any_document",
  "num_pages": 48,
  "time_start_1": 1773029755.7597592,
  "time_end_1": 1773029847.676249,
  "time_total_1": 91.91648983955383,
  "pages_per_second_1": 0.5222131533067363,
  "time_start_2": 1189408.165213208,
  "time_end_2": 1189500.079908583,
  "time_total_2": 91.9146953751333,
  "pages_per_second_2": 0.5222233485526621,
  "time_start_3": 1189408165213291,
  "time_end_3": 1189500079909125,
  "time_total_3": 91.914695834,
  "pages_per_second_3": 0.5222233459455611
}