{
  "function_method_name": "extract_images_from_pdf_to_files",
  "time_start_1": 1775491133.990928,
  "time_end_1": 1775491134.100383,
  "time_total_1": 0.10945510864257812,
  "time_start_2": 907250.665005625,
  "time_end_2": 907250.774189708,
  "time_total_2": 0.10918408306315541,
  "time_start_3": 907250665005708,
  "time_end_3": 907250774189791,
  "time_total_3": 0.109184083,
  "num_pages": 233,
  "pages_per_second_1": 2128.7265883665004,
  "pages_per_second_2": 2134.0106860193687,
  "pages_per_second_3": 2134.0106872537453
}