{
    "function_method_name": "extract_text_to_file_from_any_document",
    "time_start_1": 1771940665.141768,
    "time_end_1": 1771940665.175309,
    "time_total_1": 0.033540964126586914,
    "time_start_2": 149567.510100708,
    "time_end_2": 149567.543641916,
    "time_total_2": 0.03354120801668614,
    "time_start_3": 149567510100791,
    "time_end_3": 149567543641958,
    "time_total_3": 0.033541167
}