{
    "function_method_name": "extract_text_to_file_from_any_document",
    "time_start_1": 1772631209.1961222,
    "time_end_1": 1772631209.281348,
    "time_total_1": 0.08522582054138184,
    "time_start_2": 818939.609776333,
    "time_end_2": 818939.695002916,
    "time_total_2": 0.0852265830617398,
    "time_start_3": 818939609776500,
    "time_end_3": 818939695003083,
    "time_total_3": 0.085226583
}