{
    "function_method_name": "extract_text_to_file_from_any_document",
    "time_start_1": 1771403047.566567,
    "time_end_1": 1771403048.947505,
    "time_total_1": 1.3809380531311035,
    "time_start_2": 410036.389821333,
    "time_end_2": 410037.770755916,
    "time_total_2": 1.3809345830231905,
    "time_start_3": 410036389821416,
    "time_end_3": 410037770756125,
    "time_total_3": 1.380934709
}