{
    "function_method_name": "extract_text_to_file_from_any_document",
    "time_start_1": 1763175982.887184,
    "time_end_1": 1763176021.448265,
    "time_total_1": 38.56108117103577,
    "time_start_2": 142193.279904625,
    "time_end_2": 142231.841012375,
    "time_total_2": 38.561107749992516,
    "time_start_3": 142193279904666,
    "time_end_3": 142231841012458,
    "time_total_3": 38.561107792
}