{
    "function_method_name": "extract_markdown_to_file_from_any_document",
    "num_pages": 98,
    "time_start_1": 1763212320.337864,
    "time_end_1": 1763212349.656924,
    "time_total_1": 29.31906008720398,
    "pages_per_second_1": 3.342535528373611,
    "time_start_2": 178530.55073175,
    "time_end_2": 178559.869499041,
    "time_total_2": 29.31876729099895,
    "pages_per_second_2": 3.342568909098939,
    "time_start_3": 178530550731833,
    "time_end_3": 178559869499208,
    "time_total_3": 29.318767375,
    "pages_per_second_3": 3.3425688995221616
}