{
    "function_method_name": "extract_markdown_to_file_from_any_document",
    "num_pages": 98,
    "time_start_1": 1763176021.458987,
    "time_end_1": 1763176059.878434,
    "time_total_1": 38.41944694519043,
    "pages_per_second_1": 2.550791533772149,
    "time_start_2": 142231.851734125,
    "time_end_2": 142270.271208125,
    "time_total_2": 38.41947399999481,
    "pages_per_second_2": 2.5507897375173134,
    "time_start_3": 142231851734291,
    "time_end_3": 142270271208291,
    "time_total_3": 38.419474,
    "pages_per_second_3": 2.5507897375169684
}