{
    "function_method_name": "extract_markdown_to_file_from_any_document_complex",
    "num_pages": 98,
    "time_start_1": 1764500317.751057,
    "time_end_1": 1764500346.4434,
    "time_total_1": 28.69234299659729,
    "pages_per_second_1": 3.4155453952164905,
    "time_start_2": 1435799.755826291,
    "time_end_2": 1435828.44812275,
    "time_total_2": 28.69229645910673,
    "pages_per_second_2": 3.4155509350627633,
    "time_start_3": 1435799755826333,
    "time_end_3": 1435828448123125,
    "time_total_3": 28.692296792,
    "pages_per_second_3": 3.415550895434917
}