{
    "function_method_name": "extract_markdown_to_file_from_any_document",
    "num_pages": 98,
    "time_start_1": 1763097160.461613,
    "time_end_1": 1763097198.749561,
    "time_total_1": 38.28794813156128,
    "pages_per_second_1": 2.5595521510649264,
    "time_start_2": 63370.981419875,
    "time_end_2": 63409.269076541,
    "time_total_2": 38.28765666599793,
    "pages_per_second_2": 2.559571635707618,
    "time_start_3": 63370981419916,
    "time_end_3": 63409269076708,
    "time_total_3": 38.287656792,
    "pages_per_second_3": 2.559571627284242
}