{
    "function_method_name": "extract_text_to_file_from_any_document",
    "time_start_1": 1764500260.414762,
    "time_end_1": 1764500289.175026,
    "time_total_1": 28.760263919830322,
    "time_start_2": 1435742.4196265,
    "time_end_2": 1435771.1798435,
    "time_total_2": 28.760217000031844,
    "time_start_3": 1435742419626541,
    "time_end_3": 1435771179843666,
    "time_total_3": 28.760217125
}