{
    "function_method_name": "extract_text_to_file_from_any_document",
    "time_start_1": 1763815600.8748999,
    "time_end_1": 1763815629.066932,
    "time_total_1": 28.19203209877014,
    "time_start_2": 751082.232980666,
    "time_end_2": 751110.424983958,
    "time_total_2": 28.192003292031586,
    "time_start_3": 751082232980708,
    "time_end_3": 751110424984125,
    "time_total_3": 28.192003417
}