{
    "function_method_name": "extract_markdown_to_file_from_any_document_complex",
    "num_pages": 98,
    "time_start_1": 1763105883.58812,
    "time_end_1": 1763105921.971672,
    "time_total_1": 38.38355207443237,
    "pages_per_second_1": 2.5531769391733463,
    "time_start_2": 72094.105334666,
    "time_end_2": 72132.488676333,
    "time_total_2": 38.383341666994966,
    "pages_per_second_2": 2.5531909350213806,
    "time_start_3": 72094105334708,
    "time_end_3": 72132488676500,
    "time_total_3": 38.383341792,
    "pages_per_second_3": 2.5531909267062702
}