{
    "function_method_name": "extract_markdown_to_file_from_any_document_complex",
    "num_pages": 98,
    "time_start_1": 1762964389.101156,
    "time_end_1": 1762964427.4414499,
    "time_total_1": 38.340293884277344,
    "pages_per_second_1": 2.5560576112377693,
    "time_start_2": 2165343.106670958,
    "time_end_2": 2165381.447249708,
    "time_total_2": 38.34057875024155,
    "pages_per_second_2": 2.556038620032114,
    "time_start_3": 2165343106671041,
    "time_end_3": 2165381447249875,
    "time_total_3": 38.340578834,
    "pages_per_second_3": 2.5560386144482172
}