{
    "function_method_name": "extract_tables_to_files_from_pdf_document",
    "time_start_1": 1765491913.406023,
    "time_end_1": 1765492031.8281448,
    "time_total_1": 118.42212176322937,
    "time_start_2": 2400936.108229208,
    "time_end_2": 2401054.530749791,
    "time_total_2": 118.42252058302984,
    "time_start_3": 2400936108229291,
    "time_end_3": 2401054530749958,
    "time_total_3": 118.422520667
}