{
    "function_method_name": "extract_tables_to_files_from_pdf_document",
    "time_start_1": 1765465842.712054,
    "time_end_1": 1765465963.8430321,
    "time_total_1": 121.13097810745239,
    "time_start_2": 2374865.490954041,
    "time_end_2": 2374986.622003333,
    "time_total_2": 121.13104929216206,
    "time_start_3": 2374865490954125,
    "time_end_3": 2374986622003458,
    "time_total_3": 121.131049333
}