{
    "function_method_name": "extract_tables_to_files_from_pdf_document",
    "time_start_1": 1765502127.862654,
    "time_end_1": 1765502288.5449688,
    "time_total_1": 160.6823148727417,
    "time_start_2": 2411150.482318083,
    "time_end_2": 2411311.166013875,
    "time_total_2": 160.68369579222053,
    "time_start_3": 2411150482318166,
    "time_end_3": 2411311166014208,
    "time_total_3": 160.683696042
}