{
    "function_method_name": "extract_text_to_file_from_any_document",
    "time_start_1": 1769682666.191825,
    "time_end_1": 1769682667.021579,
    "time_total_1": 0.829754114151001,
    "time_start_2": 3282098.173414916,
    "time_end_2": 3282099.00317,
    "time_total_2": 0.8297550841234624,
    "time_start_3": 3282098173414958,
    "time_end_3": 3282099003170250,
    "time_total_3": 0.829755292
}