{
    "function_method_name": "extract_text_to_file_from_any_document",
    "time_start_1": 1770412093.851202,
    "time_end_1": 1770412105.734179,
    "time_total_1": 11.88297700881958,
    "time_start_2": 3995088.082036833,
    "time_end_2": 3995099.965031041,
    "time_total_2": 11.882994208019227,
    "time_start_3": 3995088082036916,
    "time_end_3": 3995099965031250,
    "time_total_3": 11.882994334
}