{
    "function_method_name": "extract_markdown_to_file_from_any_document_complex",
    "num_pages": 13,
    "time_start_1": 1770498671.6737258,
    "time_end_1": 1770498683.1096761,
    "time_total_1": 11.43595027923584,
    "pages_per_second_1": 1.1367660476457293,
    "time_start_2": 4081665.823169125,
    "time_end_2": 4081677.259113833,
    "time_total_2": 11.435944708064198,
    "pages_per_second_2": 1.136766601436337,
    "time_start_3": 4081665823169208,
    "time_end_3": 4081677259113916,
    "time_total_3": 11.435944708,
    "pages_per_second_3": 1.1367666014427185
}