{
    "function_method_name": "extract_text_to_file_from_any_document",
    "time_start_1": 1763918427.019108,
    "time_end_1": 1763918691.6665611,
    "time_total_1": 264.6474530696869,
    "time_start_2": 853908.518777291,
    "time_end_2": 854173.166091666,
    "time_total_2": 264.6473143749172,
    "time_start_3": 853908518777458,
    "time_end_3": 854173166091958,
    "time_total_3": 264.6473145
}