{
    "function_method_name": "extract_text_to_file_from_any_document",
    "time_start_1": 1771403426.8848379,
    "time_end_1": 1771403427.097861,
    "time_total_1": 0.21302318572998047,
    "time_start_2": 410415.705532125,
    "time_end_2": 410415.918554541,
    "time_total_2": 0.21302241599187255,
    "time_start_3": 410415705532208,
    "time_end_3": 410415918554791,
    "time_total_3": 0.213022583
}