{
    "function_method_name": "extract_text_to_file_from_any_document",
    "time_start_1": 1772789736.3795462,
    "time_end_1": 1772789736.722073,
    "time_total_1": 0.342526912689209,
    "time_start_2": 963706.336816541,
    "time_end_2": 963706.67935975,
    "time_total_2": 0.3425432089716196,
    "time_start_3": 963706336816791,
    "time_end_3": 963706679360291,
    "time_total_3": 0.3425435
}