{
    "function_method_name": "extract_tables_to_files_from_pdf_document",
    "time_start_1": 1765561253.166692,
    "time_end_1": 1765561277.196488,
    "time_total_1": 24.02979588508606,
    "time_start_2": 2446775.698572458,
    "time_end_2": 2446799.728274083,
    "time_total_2": 24.02970162546262,
    "time_start_3": 2446775698572583,
    "time_end_3": 2446799728274166,
    "time_total_3": 24.029701583
}