{
    "function_method_name": "extract_tables_to_files_from_pdf_document",
    "time_start_1": 1765491137.910642,
    "time_end_1": 1765491162.599042,
    "time_total_1": 24.68840003013611,
    "time_start_2": 2400160.610244625,
    "time_end_2": 2400185.298728416,
    "time_total_2": 24.688483791425824,
    "time_start_3": 2400160610244666,
    "time_end_3": 2400185298728541,
    "time_total_3": 24.688483875
}