{
    "function_method_name": "extract_tables_to_files_from_pdf_document",
    "time_start_1": 1765529099.429333,
    "time_end_1": 1765529122.906392,
    "time_total_1": 23.47705912590027,
    "time_start_2": 2438122.0091695,
    "time_end_2": 2438145.485981791,
    "time_total_2": 23.47681229095906,
    "time_start_3": 2438122009169583,
    "time_end_3": 2438145485981875,
    "time_total_3": 23.476812292
}