{
    "function_method_name": "extract_tables_to_files_from_pdf_document",
    "time_start_1": 1769328470.639711,
    "time_end_1": 1769328475.8905332,
    "time_total_1": 5.250822305679321,
    "time_start_2": 2932699.630733333,
    "time_end_2": 2932704.881542,
    "time_total_2": 5.250808666925877,
    "time_start_3": 2932699630733416,
    "time_end_3": 2932704881542291,
    "time_total_3": 5.250808875
}