{
    "function_method_name": "extract_tables_to_files_from_pdf_document",
    "time_start_1": 1769618247.493236,
    "time_end_1": 1769618251.184561,
    "time_total_1": 3.6913249492645264,
    "time_start_2": 3217679.469234166,
    "time_end_2": 3217683.160554375,
    "time_total_2": 3.6913202088326216,
    "time_start_3": 3217679469234208,
    "time_end_3": 3217683160554583,
    "time_total_3": 3.691320375
}