{
    "function_method_name": "extract_tables_to_files_from_pdf_document",
    "time_start_1": 1769297474.9237728,
    "time_end_1": 1769297479.3572328,
    "time_total_1": 4.433459997177124,
    "time_start_2": 2901703.996410875,
    "time_end_2": 2901708.429853541,
    "time_total_2": 4.433442665729672,
    "time_start_3": 2901703996410958,
    "time_end_3": 2901708429853791,
    "time_total_3": 4.433442833
}