{
    "function_method_name": "extract_markdown_to_file_from_any_document",
    "num_pages": 43,
    "time_start_1": 1769428735.934549,
    "time_end_1": 1769428748.939075,
    "time_total_1": 13.004525899887085,
    "pages_per_second_1": 3.3065411481377693,
    "time_start_2": 3032964.760008875,
    "time_end_2": 3032977.764486625,
    "time_total_2": 13.004477750044316,
    "pages_per_second_2": 3.306553390800601,
    "time_start_3": 3032964760009000,
    "time_end_3": 3032977764486875,
    "time_total_3": 13.004477875,
    "pages_per_second_3": 3.3065533590290337
}