{
    "function_method_name": "extract_text_to_file_from_any_document",
    "time_start_1": 1771569724.4338071,
    "time_end_1": 1771569731.091619,
    "time_total_1": 6.657811880111694,
    "time_start_2": 36784.122100583,
    "time_end_2": 36790.77992825,
    "time_total_2": 6.657827666997036,
    "time_start_3": 36784122100666,
    "time_end_3": 36790779928333,
    "time_total_3": 6.657827667
}