{
    "function_method_name": "extract_text_to_file_from_any_document",
    "time_start_1": 1763120907.747485,
    "time_end_1": 1763120909.871479,
    "time_total_1": 2.1239941120147705,
    "time_start_2": 87118.168183125,
    "time_end_2": 87120.292154625,
    "time_total_2": 2.123971499997424,
    "time_start_3": 87118168183166,
    "time_end_3": 87120292154791,
    "time_total_3": 2.123971625
}