{
  "function_method_name": "extract_text_to_file_from_any_document",
  "time_start_1": 1773004287.0115368,
  "time_end_1": 1773004323.207243,
  "time_total_1": 36.1957061290741,
  "time_start_2": 1163939.529645041,
  "time_end_2": 1163975.725280166,
  "time_total_2": 36.19563512480818,
  "time_start_3": 1163939529645125,
  "time_end_3": 1163975725280291,
  "time_total_3": 36.195635166,
  "num_pages": 232,
  "pages_per_second_1": 6.409600055119429,
  "pages_per_second_2": 6.409612628705863,
  "pages_per_second_3": 6.409612621411513
}