{
  "function_method_name": "extract_markdown_to_file_from_any_document",
  "num_pages": 232,
  "time_start_1": 1773004323.220567,
  "time_end_1": 1773004358.5086122,
  "time_total_1": 35.288045167922974,
  "pages_per_second_1": 6.574464493456534,
  "time_start_2": 1163975.738604041,
  "time_end_2": 1164011.026580625,
  "time_total_2": 35.287976583931595,
  "pages_per_second_2": 6.574477271265288,
  "time_start_3": 1163975738604125,
  "time_end_3": 1164011026580666,
  "time_total_3": 35.287976541,
  "pages_per_second_3": 6.574477279263843
}