{
  "function_method_name": "extract_text_to_file_from_any_document",
  "time_start_1": 1772894782.124146,
  "time_end_1": 1772894838.746295,
  "time_total_1": 56.6221489906311,
  "time_start_2": 1054434.732128708,
  "time_end_2": 1054491.354221,
  "time_total_2": 56.62209229217842,
  "time_start_3": 1054434732128791,
  "time_end_3": 1054491354221250,
  "time_total_3": 56.622092459,
  "num_pages": 232,
  "pages_per_second_1": 4.097336539423601,
  "pages_per_second_2": 4.097340642285797,
  "pages_per_second_3": 4.097340630214098
}