{
  "function_method_name": "extract_text_to_file_from_any_document",
  "time_start_1": 1773174990.074535,
  "time_end_1": 1773175047.329633,
  "time_total_1": 57.25509810447693,
  "time_start_2": 1315981.050092041,
  "time_end_2": 1316038.304337,
  "time_total_2": 57.25424495898187,
  "time_start_3": 1315981050092166,
  "time_end_3": 1316038304337125,
  "time_total_3": 57.254244959,
  "num_pages": 232,
  "pages_per_second_1": 4.05204091304944,
  "pages_per_second_2": 4.052101292510444,
  "pages_per_second_3": 4.052101292509161
}