{
    "function_method_name": "extract_text_to_file_from_any_document",
    "time_start_1": 1763131517.49576,
    "time_end_1": 1763131522.106242,
    "time_total_1": 4.6104819774627686,
    "time_start_2": 97727.905085916,
    "time_end_2": 97732.515560708,
    "time_total_2": 4.610474791988963,
    "time_start_3": 97727905086000,
    "time_end_3": 97732515560916,
    "time_total_3": 4.610474916
}