{
    "function_method_name": "extract_text_to_file_from_any_document",
    "time_start_1": 1763108944.876655,
    "time_end_1": 1763108949.5097501,
    "time_total_1": 4.633095026016235,
    "time_start_2": 75155.328924958,
    "time_end_2": 75159.961962625,
    "time_total_2": 4.633037667008466,
    "time_start_3": 75155328925041,
    "time_end_3": 75159961962875,
    "time_total_3": 4.633037834
}