{
    "function_method_name": "extract_text_to_file_from_any_document",
    "time_start_1": 1763215100.7105122,
    "time_end_1": 1763215105.2987268,
    "time_total_1": 4.588214635848999,
    "time_start_2": 181310.950810041,
    "time_end_2": 181315.5390185,
    "time_total_2": 4.588208459026646,
    "time_start_3": 181310950810083,
    "time_end_3": 181315539018625,
    "time_total_3": 4.588208542
}