{
    "function_method_name": "extract_text_to_file_from_any_document",
    "time_start_1": 1763114000.5524049,
    "time_end_1": 1763114005.140332,
    "time_total_1": 4.5879271030426025,
    "time_start_2": 80211.064900041,
    "time_end_2": 80215.65284075,
    "time_total_2": 4.58794070899603,
    "time_start_3": 80211064900125,
    "time_end_3": 80215652841125,
    "time_total_3": 4.587941
}