{
    "function_method_name": "extract_text_to_file_from_any_document",
    "time_start_1": 1763111505.7810361,
    "time_end_1": 1763111510.4150882,
    "time_total_1": 4.634052038192749,
    "time_start_2": 77716.278783541,
    "time_end_2": 77720.912835541,
    "time_total_2": 4.6340520000085235,
    "time_start_3": 77716278783583,
    "time_end_3": 77720912835833,
    "time_total_3": 4.63405225
}