{
    "function_method_name": "extract_text_to_file_from_any_document",
    "time_start_1": 1763191664.331182,
    "time_end_1": 1763191668.9502861,
    "time_total_1": 4.6191041469573975,
    "time_start_2": 157874.655405208,
    "time_end_2": 157879.274514833,
    "time_total_2": 4.619109624996781,
    "time_start_3": 157874655405250,
    "time_end_3": 157879274515125,
    "time_total_3": 4.619109875
}