{
    "function_method_name": "extract_text_to_file_from_any_document",
    "time_start_1": 1763224547.102557,
    "time_end_1": 1763224550.3389802,
    "time_total_1": 3.2364232540130615,
    "time_start_2": 190757.325321625,
    "time_end_2": 190760.561757166,
    "time_total_2": 3.236435541009996,
    "time_start_3": 190757325321666,
    "time_end_3": 190760561757583,
    "time_total_3": 3.236435917
}