{
    "function_method_name": "extract_text_to_file_from_any_document",
    "time_start_1": 1763164123.497493,
    "time_end_1": 1763164128.101409,
    "time_total_1": 4.6039159297943115,
    "time_start_2": 130333.841264625,
    "time_end_2": 130338.445148208,
    "time_total_2": 4.603883582996787,
    "time_start_3": 130333841264708,
    "time_end_3": 130338445148416,
    "time_total_3": 4.603883708
}