{
    "function_method_name": "extract_text_to_file_from_any_document",
    "time_start_1": 1763085235.50542,
    "time_end_1": 1763085240.1178792,
    "time_total_1": 4.612459182739258,
    "time_start_2": 51446.125939416,
    "time_end_2": 51450.73846475,
    "time_total_2": 4.612525333999656,
    "time_start_3": 51446125939458,
    "time_end_3": 51450738465125,
    "time_total_3": 4.612525667
}