{
    "function_method_name": "extract_text_to_file_from_any_document",
    "time_start_1": 1765462141.8410099,
    "time_end_1": 1765462147.880406,
    "time_total_1": 6.039396047592163,
    "time_start_2": 2371164.625297041,
    "time_end_2": 2371170.664682083,
    "time_total_2": 6.039385041687638,
    "time_start_3": 2371164625297083,
    "time_end_3": 2371170664682416,
    "time_total_3": 6.039385333
}