{
    "function_method_name": "extract_text_to_file_from_any_document",
    "time_start_1": 1763087727.905387,
    "time_end_1": 1763087732.5435789,
    "time_total_1": 4.6381919384002686,
    "time_start_2": 53938.4947305,
    "time_end_2": 53943.1329385,
    "time_total_2": 4.638207999996666,
    "time_start_3": 53938494730666,
    "time_end_3": 53943132938791,
    "time_total_3": 4.638208125
}