{
    "function_method_name": "extract_text_to_file_from_any_document",
    "time_start_1": 1763899027.726105,
    "time_end_1": 1763899031.0262249,
    "time_total_1": 3.3001198768615723,
    "time_start_2": 834509.22054475,
    "time_end_2": 834512.520645416,
    "time_total_2": 3.3001006660051644,
    "time_start_3": 834509220544791,
    "time_end_3": 834512520645541,
    "time_total_3": 3.30010075
}