{
    "function_method_name": "extract_text_to_file_from_any_document",
    "time_start_1": 1772631449.581723,
    "time_end_1": 1772631450.525204,
    "time_total_1": 0.9434809684753418,
    "time_start_2": 819179.994168916,
    "time_end_2": 819180.937644666,
    "time_total_2": 0.9434757499257103,
    "time_start_3": 819179994169166,
    "time_end_3": 819180937645250,
    "time_total_3": 0.943476084
}