{
    "function_method_name": "extract_tables_to_files_from_pdf_document",
    "time_start_1": 1769616951.699111,
    "time_end_1": 1769616958.11476,
    "time_total_1": 6.415648937225342,
    "time_start_2": 3216383.677311208,
    "time_end_2": 3216390.092953041,
    "time_total_2": 6.415641833096743,
    "time_start_3": 3216383677311333,
    "time_end_3": 3216390092953250,
    "time_total_3": 6.415641917
}