{
    "function_method_name": "extract_tables_to_files_from_pdf_document",
    "time_start_1": 1771635040.632515,
    "time_end_1": 1771635045.211423,
    "time_total_1": 4.5789079666137695,
    "time_start_2": 91512.633164875,
    "time_end_2": 91517.212047083,
    "time_total_2": 4.578882207992137,
    "time_start_3": 91512633164916,
    "time_end_3": 91517212047166,
    "time_total_3": 4.57888225
}