{
    "function_method_name": "extract_text_to_file_from_any_document",
    "time_start_1": 1770391959.791661,
    "time_end_1": 1770391961.965041,
    "time_total_1": 2.173379898071289,
    "time_start_2": 3991392.330444208,
    "time_end_2": 3991394.503822916,
    "time_total_2": 2.1733787083067,
    "time_start_3": 3991392330444250,
    "time_end_3": 3991394503823041,
    "time_total_3": 2.173378791
}