{
    "function_method_name": "extract_text_to_file_from_any_document",
    "time_start_1": 1770468047.334626,
    "time_end_1": 1770468049.349988,
    "time_total_1": 2.015362024307251,
    "time_start_2": 4051041.539349833,
    "time_end_2": 4051043.554709208,
    "time_total_2": 2.0153593751601875,
    "time_start_3": 4051041539349875,
    "time_end_3": 4051043554709291,
    "time_total_3": 2.015359416
}