{
    "function_method_name": "api_parse_analyze_markdown_mistune",
    "time_start_1": 1772641561.656341,
    "time_end_1": 1772641561.812105,
    "time_total_1": 0.15576386451721191,
    "time_start_2": 829292.10336975,
    "time_end_2": 829292.25913725,
    "time_total_2": 0.15576750005129725,
    "time_start_3": 829292103369875,
    "time_end_3": 829292259137416,
    "time_total_3": 0.155767541
}