{
  "function_method_name": "extract_text_to_file_from_any_document",
  "num_pages": 31,
  "time_start_1": 1774208273.369817,
  "time_end_1": 1774208275.3445172,
  "time_total_1": 1.9747002124786377,
  "pages_per_second_1": 15.698585437983468,
  "time_start_2": 968229.117212958,
  "time_end_2": 968231.091909916,
  "time_total_2": 1.9746969579719007,
  "pages_per_second_2": 15.698611310891136,
  "time_start_3": 968229117213125,
  "time_end_3": 968231091910208,
  "time_total_3": 1.974697083,
  "pages_per_second_3": 15.698610316932342
}