{
    "function_method_name": "extract_text_to_file_from_any_document",
    "time_start_1": 1769379008.451912,
    "time_end_1": 1769379011.673292,
    "time_total_1": 3.2213799953460693,
    "time_start_2": 2983237.40579775,
    "time_end_2": 2983240.627177583,
    "time_total_2": 3.22137983283028,
    "time_start_3": 2983237405797791,
    "time_end_3": 2983240627177916,
    "time_total_3": 3.221380125
}