{
    "function_method_name": "extract_text_to_file_from_any_document",
    "time_start_1": 1769688248.2261078,
    "time_end_1": 1769688251.4702568,
    "time_total_1": 3.2441489696502686,
    "time_start_2": 3287680.187537,
    "time_end_2": 3287683.431678458,
    "time_total_2": 3.244141458068043,
    "time_start_3": 3287680187537041,
    "time_end_3": 3287683431678666,
    "time_total_3": 3.244141625
}