{
    "function_method_name": "extract_text_to_file_from_any_document",
    "time_start_1": 1764501346.389972,
    "time_end_1": 1764501362.254244,
    "time_total_1": 15.864272117614746,
    "time_start_2": 1436828.379076958,
    "time_end_2": 1436844.24328375,
    "time_total_2": 15.864206792088225,
    "time_start_3": 1436828379077000,
    "time_end_3": 1436844243283916,
    "time_total_3": 15.864206916
}