{
    "function_method_name": "extract_text_to_file_from_any_document",
    "time_start_1": 1769281631.56418,
    "time_end_1": 1769281846.269019,
    "time_total_1": 214.70483899116516,
    "time_start_2": 2885860.702353166,
    "time_end_2": 2886075.40590025,
    "time_total_2": 214.70354708423838,
    "time_start_3": 2885860702353791,
    "time_end_3": 2886075405900416,
    "time_total_3": 214.703546625
}