{
    "function_method_name": "extract_tables_to_files_from_pdf_document",
    "time_start_1": 1765470748.754356,
    "time_end_1": 1765470779.638606,
    "time_total_1": 30.884250164031982,
    "time_start_2": 2379771.552663291,
    "time_end_2": 2379802.4370105,
    "time_total_2": 30.88434720924124,
    "time_start_3": 2379771552663500,
    "time_end_3": 2379802437010750,
    "time_total_3": 30.88434725
}