{
    "function_method_name": "extract_tables_to_files_from_pdf_document",
    "time_start_1": 1765526124.869411,
    "time_end_1": 1765526139.203976,
    "time_total_1": 14.334564924240112,
    "time_start_2": 2435147.453205916,
    "time_end_2": 2435161.7876825,
    "time_total_2": 14.334476584102958,
    "time_start_3": 2435147453205958,
    "time_end_3": 2435161787682583,
    "time_total_3": 14.334476625
}