{
    "function_method_name": "extract_text_to_file_from_any_document",
    "time_start_1": 1769721702.16414,
    "time_end_1": 1769721702.605036,
    "time_total_1": 0.44089603424072266,
    "time_start_2": 3321134.033325791,
    "time_end_2": 3321134.47422075,
    "time_total_2": 0.44089495902881026,
    "time_start_3": 3321134033325875,
    "time_end_3": 3321134474221041,
    "time_total_3": 0.440895166
}