{
    "function_method_name": "extract_text_to_file_from_any_document",
    "time_start_1": 1769270687.493105,
    "time_end_1": 1769270687.934454,
    "time_total_1": 0.4413490295410156,
    "time_start_2": 2874916.65413675,
    "time_end_2": 2874917.095485333,
    "time_total_2": 0.4413485829718411,
    "time_start_3": 2874916654136833,
    "time_end_3": 2874917095485416,
    "time_total_3": 0.441348583
}