{
    "function_method_name": "extract_text_to_file_from_any_document",
    "time_start_1": 1772789743.422864,
    "time_end_1": 1772789743.707347,
    "time_total_1": 0.2844829559326172,
    "time_start_2": 963713.380138291,
    "time_end_2": 963713.6646205,
    "time_total_2": 0.28448220901191235,
    "time_start_3": 963713380138958,
    "time_end_3": 963713664620916,
    "time_total_3": 0.284481958
}