{
    "function_method_name": "extract_tables_to_files_from_pdf_document",
    "time_start_1": 1769634781.447165,
    "time_end_1": 1769634788.758662,
    "time_total_1": 7.31149697303772,
    "time_start_2": 3234213.353714083,
    "time_end_2": 3234220.665189958,
    "time_total_2": 7.311475875321776,
    "time_start_3": 3234213353714166,
    "time_end_3": 3234220665190125,
    "time_total_3": 7.311475959
}