{
    "function_method_name": "extract_tables_to_files_from_pdf_document",
    "time_start_1": 1769611021.9382138,
    "time_end_1": 1769611029.987724,
    "time_total_1": 8.04951024055481,
    "time_start_2": 3210453.924636791,
    "time_end_2": 3210461.974123875,
    "time_total_2": 8.049487084150314,
    "time_start_3": 3210453924636875,
    "time_end_3": 3210461974124166,
    "time_total_3": 8.049487291
}