{
    "function_method_name": "extract_tables_to_files_from_pdf_document",
    "time_start_1": 1769614909.895304,
    "time_end_1": 1769614917.28455,
    "time_total_1": 7.389245986938477,
    "time_start_2": 3214341.873670958,
    "time_end_2": 3214349.262905333,
    "time_total_2": 7.389234375208616,
    "time_start_3": 3214341873671041,
    "time_end_3": 3214349262905666,
    "time_total_3": 7.389234625
}