{
    "function_method_name": "extract_tables_to_files_from_pdf_document",
    "time_start_1": 1765502786.917533,
    "time_end_1": 1765502793.999038,
    "time_total_1": 7.081505060195923,
    "time_start_2": 2411809.538733916,
    "time_end_2": 2411816.620207333,
    "time_total_2": 7.081473417114466,
    "time_start_3": 2411809538734000,
    "time_end_3": 2411816620207583,
    "time_total_3": 7.081473583
}