{
    "function_method_name": "extract_tables_to_files_from_pdf_document",
    "time_start_1": 1765527067.5815601,
    "time_end_1": 1765527074.6087449,
    "time_total_1": 7.027184724807739,
    "time_start_2": 2436090.181657875,
    "time_end_2": 2436097.208830541,
    "time_total_2": 7.027172666043043,
    "time_start_3": 2436090181657958,
    "time_end_3": 2436097208830750,
    "time_total_3": 7.027172792
}