{
    "function_method_name": "extract_tables_to_files_from_pdf_document",
    "time_start_1": 1765378839.771719,
    "time_end_1": 1765378846.940966,
    "time_total_1": 7.1692469120025635,
    "time_start_2": 2287862.50195975,
    "time_end_2": 2287869.671224041,
    "time_total_2": 7.169264290947467,
    "time_start_3": 2287862501959833,
    "time_end_3": 2287869671224208,
    "time_total_3": 7.169264375
}