{
    "function_method_name": "extract_tables_to_files_from_pdf_document",
    "time_start_1": 1765487022.033939,
    "time_end_1": 1765487055.0434299,
    "time_total_1": 33.009490966796875,
    "time_start_2": 2396044.701566666,
    "time_end_2": 2396077.710746125,
    "time_total_2": 33.00917945895344,
    "time_start_3": 2396044701566791,
    "time_end_3": 2396077710746416,
    "time_total_3": 33.009179625
}