{
    "function_method_name": "extract_tables_to_files_from_pdf_document",
    "time_start_1": 1765525277.615963,
    "time_end_1": 1765525287.08213,
    "time_total_1": 9.466166973114014,
    "time_start_2": 2434300.205003875,
    "time_end_2": 2434309.671112583,
    "time_total_2": 9.466108708176762,
    "time_start_3": 2434300205003958,
    "time_end_3": 2434309671112833,
    "time_total_3": 9.466108875
}