{
    "function_method_name": "extract_tables_to_files_from_pdf_document",
    "time_start_1": 1765521796.681049,
    "time_end_1": 1765521806.1657228,
    "time_total_1": 9.484673738479614,
    "time_start_2": 2430819.28931725,
    "time_end_2": 2430828.77395875,
    "time_total_2": 9.484641500283033,
    "time_start_3": 2430819289317291,
    "time_end_3": 2430828773959000,
    "time_total_3": 9.484641709
}