{
    "function_method_name": "extract_tables_to_files_from_pdf_document",
    "time_start_1": 1765483460.274334,
    "time_end_1": 1765483473.3386939,
    "time_total_1": 13.064359903335571,
    "time_start_2": 2392482.980239583,
    "time_end_2": 2392496.044539916,
    "time_total_2": 13.06430033268407,
    "time_start_3": 2392482980239750,
    "time_end_3": 2392496044540166,
    "time_total_3": 13.064300416
}