{
    "function_method_name": "api_parse_analyze_markdown_mistune",
    "time_start_1": 1772789859.1730042,
    "time_end_1": 1772789859.182112,
    "time_total_1": 0.009107828140258789,
    "time_start_2": 963829.130323083,
    "time_end_2": 963829.139432333,
    "time_total_2": 0.009109249920584261,
    "time_start_3": 963829130323208,
    "time_end_3": 963829139432625,
    "time_total_3": 0.009109417
}