{
    "function_method_name": "extract_text_to_file_from_any_document",
    "time_start_1": 1772631184.530967,
    "time_end_1": 1772631184.561408,
    "time_total_1": 0.0304410457611084,
    "time_start_2": 818914.9447445,
    "time_end_2": 818914.9752075,
    "time_total_2": 0.030463000060990453,
    "time_start_3": 818914944744750,
    "time_end_3": 818914975208000,
    "time_total_3": 0.03046325
}