{
    "function_method_name": "extract_text_to_file_from_any_document",
    "time_start_1": 1771446922.003398,
    "time_end_1": 1771446922.009535,
    "time_total_1": 0.00613713264465332,
    "time_start_2": 436930.509617916,
    "time_end_2": 436930.515754333,
    "time_total_2": 0.006136416981462389,
    "time_start_3": 436930509617958,
    "time_end_3": 436930515754416,
    "time_total_3": 0.006136458
}