{
  "function_method_name": "extract_text_to_file_from_any_document",
  "time_start_1": 1780747093.9833422,
  "time_end_1": 1780747094.046429,
  "time_total_1": 0.06308674812316895,
  "time_start_2": 19.947011125,
  "time_end_2": 20.010101833,
  "time_total_2": 0.06309070800000072,
  "time_start_3": 19947011208,
  "time_end_3": 20010101875,
  "time_total_3": 0.063090667
}