{
  "function_method_name": "extract_text_to_file_from_any_document",
  "time_start_1": 1773004736.4898298,
  "time_end_1": 1773004752.4469042,
  "time_total_1": 15.957074403762817,
  "time_start_2": 1164389.007062833,
  "time_end_2": 1164404.96410625,
  "time_total_2": 15.957043417030945,
  "time_start_3": 1164389007062875,
  "time_end_3": 1164404964106291,
  "time_total_3": 15.957043416,
  "num_pages": 70,
  "pages_per_second_1": 4.386769042293454,
  "pages_per_second_2": 4.386777560891326,
  "pages_per_second_3": 4.386777561174745
}