{
    "function_method_name": "extract_text_to_file_from_any_document",
    "time_start_1": 1772789517.6821609,
    "time_end_1": 1772789519.128562,
    "time_total_1": 1.4464011192321777,
    "time_start_2": 963487.639342875,
    "time_end_2": 963489.085744625,
    "time_total_2": 1.4464017499703914,
    "time_start_3": 963487639343291,
    "time_end_3": 963489085745416,
    "time_total_3": 1.446402125
}