{
    "function_method_name": "extract_text_to_file_from_any_document",
    "time_start_1": 1772789380.541963,
    "time_end_1": 1772789380.8856041,
    "time_total_1": 0.3436410427093506,
    "time_start_2": 963350.499087791,
    "time_end_2": 963350.842729541,
    "time_total_2": 0.343641750048846,
    "time_start_3": 963350499087875,
    "time_end_3": 963350842729833,
    "time_total_3": 0.343641958
}