{
    "function_method_name": "extract_text_to_file_from_any_document",
    "time_start_1": 1772014671.996814,
    "time_end_1": 1772014672.050014,
    "time_total_1": 0.05320000648498535,
    "time_start_2": 223574.403046625,
    "time_end_2": 223574.456246458,
    "time_total_2": 0.053199832997052,
    "time_start_3": 223574403046666,
    "time_end_3": 223574456246500,
    "time_total_3": 0.053199834
}