{
    "function_method_name": "extract_text_to_file_from_any_document",
    "time_start_1": 1769804393.285046,
    "time_end_1": 1769804985.4563541,
    "time_total_1": 592.1713080406189,
    "time_start_2": 3403825.092463041,
    "time_end_2": 3404417.267123625,
    "time_total_2": 592.174660583958,
    "time_start_3": 3403825092463166,
    "time_end_3": 3404417267123875,
    "time_total_3": 592.174660709
}