{
    "function_method_name": "extract_text_to_file_from_any_document",
    "time_start_1": 1771589458.687733,
    "time_end_1": 1771589876.5262709,
    "time_total_1": 417.83853793144226,
    "time_start_2": 56518.259889083,
    "time_end_2": 56936.096272291,
    "time_total_2": 417.83638320799946,
    "time_start_3": 56518259889250,
    "time_end_3": 56936096272458,
    "time_total_3": 417.836383208
}