{
    "function_method_name": "extract_text_to_file_from_any_document",
    "time_start_1": 1769701105.408376,
    "time_end_1": 1769701697.051093,
    "time_total_1": 591.6427171230316,
    "time_start_2": 3300537.312264958,
    "time_end_2": 3301128.952198708,
    "time_total_2": 591.6399337500334,
    "time_start_3": 3300537312265333,
    "time_end_3": 3301128952199000,
    "time_total_3": 591.639933667
}