{
    "function_method_name": "extract_text_to_file_from_any_document",
    "time_start_1": 1769381988.927792,
    "time_end_1": 1769381991.653514,
    "time_total_1": 2.725721836090088,
    "time_start_2": 2986217.876391625,
    "time_end_2": 2986220.602111166,
    "time_total_2": 2.7257195408456028,
    "time_start_3": 2986217876391708,
    "time_end_3": 2986220602111458,
    "time_total_3": 2.72571975
}