{
    "function_method_name": "extract_tables_to_files_from_pdf_document",
    "time_start_1": 1769336675.0643,
    "time_end_1": 1769336686.0180109,
    "time_total_1": 10.953710794448853,
    "time_start_2": 2940904.032571,
    "time_end_2": 2940914.986250041,
    "time_total_2": 10.953679041005671,
    "time_start_3": 2940904032571083,
    "time_end_3": 2940914986250250,
    "time_total_3": 10.953679167
}