{
    "function_method_name": "extract_tables_to_files_from_pdf_document",
    "time_start_1": 1769685201.81457,
    "time_end_1": 1769685208.621232,
    "time_total_1": 6.806662082672119,
    "time_start_2": 3284633.792787291,
    "time_end_2": 3284640.599452875,
    "time_total_2": 6.806665583979338,
    "time_start_3": 3284633792787416,
    "time_end_3": 3284640599453125,
    "time_total_3": 6.806665709
}