{
    "function_method_name": "extract_tables_to_files_from_pdf_document",
    "time_start_1": 1769630861.2144551,
    "time_end_1": 1769630867.9764018,
    "time_total_1": 6.761946678161621,
    "time_start_2": 3230293.124757458,
    "time_end_2": 3230299.886673958,
    "time_total_2": 6.7619165000505745,
    "time_start_3": 3230293124757541,
    "time_end_3": 3230299886674291,
    "time_total_3": 6.76191675
}