{
    "function_method_name": "extract_tables_to_files_from_pdf_document",
    "time_start_1": 1769413377.240584,
    "time_end_1": 1769413387.7897768,
    "time_total_1": 10.549192905426025,
    "time_start_2": 3017606.115924875,
    "time_end_2": 3017616.665093333,
    "time_total_2": 10.549168458208442,
    "time_start_3": 3017606115924958,
    "time_end_3": 3017616665093500,
    "time_total_3": 10.549168542
}