{
    "function_method_name": "extract_tables_to_files_from_pdf_document",
    "time_start_1": 1769302195.006114,
    "time_end_1": 1769302205.599679,
    "time_total_1": 10.593564987182617,
    "time_start_2": 2906424.067970625,
    "time_end_2": 2906434.66150675,
    "time_total_2": 10.593536125030369,
    "time_start_3": 2906424067970708,
    "time_end_3": 2906434661506958,
    "time_total_3": 10.59353625
}