{
    "function_method_name": "extract_text_to_file_from_any_document",
    "time_start_1": 1763107304.046019,
    "time_end_1": 1763107326.7981482,
    "time_total_1": 22.752129077911377,
    "time_start_2": 73514.5188345,
    "time_end_2": 73537.270678916,
    "time_total_2": 22.751844415994128,
    "time_start_3": 73514518834625,
    "time_end_3": 73537270679166,
    "time_total_3": 22.751844541
}