{
    "function_method_name": "extract_markdown_to_file_from_any_document_complex",
    "num_pages": 99,
    "time_start_1": 1763104837.81808,
    "time_end_1": 1763104859.27154,
    "time_total_1": 21.453459978103638,
    "pages_per_second_1": 4.614640253881837,
    "time_start_2": 71048.363790375,
    "time_end_2": 71069.817239583,
    "time_total_2": 21.453449207998347,
    "pages_per_second_2": 4.614642570533157,
    "time_start_3": 71048363790458,
    "time_end_3": 71069817239708,
    "time_total_3": 21.45344925,
    "pages_per_second_3": 4.61464256149859
}