{
    "function_method_name": "extract_markdown_to_file_from_any_document",
    "num_pages": 99,
    "time_start_1": 1763078620.208947,
    "time_end_1": 1763078641.735442,
    "time_total_1": 21.5264949798584,
    "pages_per_second_1": 4.598983721810304,
    "time_start_2": 44830.706896208,
    "time_end_2": 44852.233335041,
    "time_total_2": 21.526438832996064,
    "pages_per_second_2": 4.598995717222453,
    "time_start_3": 44830706896291,
    "time_end_3": 44852233335208,
    "time_total_3": 21.526438917,
    "pages_per_second_3": 4.598995699275512
}