{
    "function_method_name": "extract_markdown_to_file_from_any_document",
    "num_pages": 99,
    "time_start_1": 1763147454.72333,
    "time_end_1": 1763147476.7445881,
    "time_total_1": 22.021258115768433,
    "pages_per_second_1": 4.495655946610541,
    "time_start_2": 113665.083297583,
    "time_end_2": 113687.104453291,
    "time_total_2": 22.02115570800379,
    "pages_per_second_2": 4.4956768533278,
    "time_start_3": 113665083297583,
    "time_end_3": 113687104453416,
    "time_total_3": 22.021155833,
    "pages_per_second_3": 4.495676827809495
}