{
    "function_method_name": "extract_markdown_to_file_from_any_document",
    "num_pages": 99,
    "time_start_1": 1763190086.7811909,
    "time_end_1": 1763190108.86593,
    "time_total_1": 22.084739208221436,
    "pages_per_second_1": 4.482733486983876,
    "time_start_2": 156297.099440041,
    "time_end_2": 156319.184178541,
    "time_total_2": 22.084738500008825,
    "pages_per_second_2": 4.482733630736014,
    "time_start_3": 156297099440458,
    "time_end_3": 156319184178666,
    "time_total_3": 22.084738208,
    "pages_per_second_3": 4.482733690007614
}