{
    "function_method_name": "extract_text_to_file_from_any_document",
    "time_start_1": 1763207592.1679108,
    "time_end_1": 1763207614.349756,
    "time_total_1": 22.18184518814087,
    "time_start_2": 173802.422778375,
    "time_end_2": 173824.604459708,
    "time_total_2": 22.18168133299332,
    "time_start_3": 173802422778541,
    "time_end_3": 173824604460000,
    "time_total_3": 22.181681459
}