{
    "function_method_name": "extract_text_to_file_from_any_document",
    "time_start_1": 1763211556.87234,
    "time_end_1": 1763211573.2172291,
    "time_total_1": 16.344889163970947,
    "time_start_2": 177767.09013075,
    "time_end_2": 177783.43484875,
    "time_total_2": 16.34471800000756,
    "time_start_3": 177767090130833,
    "time_end_3": 177783434848833,
    "time_total_3": 16.344718
}