{
    "function_method_name": "extract_markdown_to_file_from_any_document",
    "num_pages": 99,
    "time_start_1": 1763098632.142087,
    "time_end_1": 1763098653.9139771,
    "time_total_1": 21.77189016342163,
    "pages_per_second_1": 4.547147687081724,
    "time_start_2": 64842.65070325,
    "time_end_2": 64864.422428583,
    "time_total_2": 21.77172533299745,
    "pages_per_second_2": 4.547182112845903,
    "time_start_3": 64842650703375,
    "time_end_3": 64864422428666,
    "time_total_3": 21.771725291,
    "pages_per_second_3": 4.547182121617373
}