{
    "function_method_name": "extract_markdown_to_file_from_any_document",
    "num_pages": 99,
    "time_start_1": 1763140017.142563,
    "time_end_1": 1763140039.351347,
    "time_total_1": 22.208783864974976,
    "pages_per_second_1": 4.457695684820045,
    "time_start_2": 106227.567971416,
    "time_end_2": 106249.776729625,
    "time_total_2": 22.208758208988,
    "pages_per_second_2": 4.457700834436307,
    "time_start_3": 106227567971666,
    "time_end_3": 106249776729750,
    "time_total_3": 22.208758084,
    "pages_per_second_3": 4.457700859523667
}