{
    "function_method_name": "extract_text_to_file_from_any_document",
    "time_start_1": 1763232917.6063108,
    "time_end_1": 1763232940.22456,
    "time_total_1": 22.61824917793274,
    "time_start_2": 199127.835837583,
    "time_end_2": 199150.457999875,
    "time_total_2": 22.622162292012945,
    "time_start_3": 199127835837708,
    "time_end_3": 199150457999958,
    "time_total_3": 22.62216225
}