{
    "function_method_name": "extract_markdown_to_file_from_any_document_complex",
    "num_pages": 99,
    "time_start_1": 1763083649.0520241,
    "time_end_1": 1763083670.556725,
    "time_total_1": 21.504700899124146,
    "pages_per_second_1": 4.603644592147391,
    "time_start_2": 49859.641195,
    "time_end_2": 49881.146198791,
    "time_total_2": 21.50500379100413,
    "pages_per_second_2": 4.603579751118817,
    "time_start_3": 49859641195083,
    "time_end_3": 49881146198875,
    "time_total_3": 21.505003792,
    "pages_per_second_3": 4.603579750905631
}