{
    "function_method_name": "extract_text_to_file_from_any_document",
    "time_start_1": 1763149928.088565,
    "time_end_1": 1763149950.573079,
    "time_total_1": 22.484513998031616,
    "time_start_2": 116138.491899791,
    "time_end_2": 116160.976519458,
    "time_total_2": 22.484619666996878,
    "time_start_3": 116138491899833,
    "time_end_3": 116160976519541,
    "time_total_3": 22.484619708
}