{
    "function_method_name": "extract_text_to_file_from_any_document",
    "time_start_1": 1763088603.903998,
    "time_end_1": 1763088625.0941901,
    "time_total_1": 21.190192222595215,
    "time_start_2": 54814.496115375,
    "time_end_2": 54835.686374,
    "time_total_2": 21.190258624999842,
    "time_start_3": 54814496115541,
    "time_end_3": 54835686374166,
    "time_total_3": 21.190258625
}