{
    "function_method_name": "extract_text_to_file_from_any_document",
    "time_start_1": 1763091090.800504,
    "time_end_1": 1763091113.094335,
    "time_total_1": 22.29383111000061,
    "time_start_2": 57301.330193,
    "time_end_2": 57323.623871083,
    "time_total_2": 22.293678082998667,
    "time_start_3": 57301330193083,
    "time_end_3": 57323623871208,
    "time_total_3": 22.293678125
}