{
    "function_method_name": "extract_markdown_to_file_from_any_document",
    "num_pages": 99,
    "time_start_1": 1763192563.1223161,
    "time_end_1": 1763192584.9792268,
    "time_total_1": 21.856910705566406,
    "pages_per_second_1": 4.529459873521247,
    "time_start_2": 158773.447530041,
    "time_end_2": 158795.30447025,
    "time_total_2": 21.856940208992455,
    "pages_per_second_2": 4.529453759463966,
    "time_start_3": 158773447530125,
    "time_end_3": 158795304470333,
    "time_total_3": 21.856940208,
    "pages_per_second_3": 4.529453759669634
}