{
    "function_method_name": "extract_markdown_to_file_from_any_document_complex",
    "time_start_1": 1762896245.5668879,
    "time_end_1": 1762896261.055719,
    "time_total_1": 15.488831043243408,
    "time_start_2": 2097199.442431458,
    "time_end_2": 2097214.931265083,
    "time_total_2": 15.488833625335246,
    "time_start_3": 2097199442431625,
    "time_end_3": 2097214931265250,
    "time_total_3": 15.488833625
}