{
  "function_method_name": "extract_text_to_file_from_any_document",
  "num_pages": 0,
  "time_start_1": 1773000739.348922,
  "time_end_1": 1773000739.488512,
  "time_total_1": 0.13959002494812012,
  "pages_per_second_1": 0.0,
  "time_start_2": 1160391.87366,
  "time_end_2": 1160392.013253291,
  "time_total_2": 0.13959329086355865,
  "pages_per_second_2": 0.0,
  "time_start_3": 1160391873660083,
  "time_end_3": 1160392013253500,
  "time_total_3": 0.139593417,
  "pages_per_second_3": 0.0
}