{
    "function_method_name": "extract_tables_to_files_from_pdf_document",
    "time_start_1": 1765475100.5925272,
    "time_end_1": 1765475100.798964,
    "time_total_1": 0.2064368724822998,
    "time_start_2": 2384123.359248041,
    "time_end_2": 2384123.565685833,
    "time_total_2": 0.20643779169768095,
    "time_start_3": 2384123359248125,
    "time_end_3": 2384123565686000,
    "time_total_3": 0.206437875
}