{
    "function_method_name": "extract_tables_to_files_from_pdf_document",
    "time_start_1": 1765497133.977661,
    "time_end_1": 1765497134.103786,
    "time_total_1": 0.12612509727478027,
    "time_start_2": 2406156.634265583,
    "time_end_2": 2406156.760391,
    "time_total_2": 0.12612541718408465,
    "time_start_3": 2406156634265666,
    "time_end_3": 2406156760391208,
    "time_total_3": 0.126125542
}