{
    "function_method_name": "extract_tables_to_files_from_pdf_document",
    "time_start_1": 1769716853.008925,
    "time_end_1": 1769716853.390347,
    "time_total_1": 0.3814220428466797,
    "time_start_2": 3316284.891626791,
    "time_end_2": 3316285.273049083,
    "time_total_2": 0.3814222919754684,
    "time_start_3": 3316284891626833,
    "time_end_3": 3316285273049375,
    "time_total_3": 0.381422542
}