{
    "function_method_name": "extract_tables_to_files_from_pdf_document",
    "time_start_1": 1769328180.489526,
    "time_end_1": 1769328180.872401,
    "time_total_1": 0.3828749656677246,
    "time_start_2": 2932409.481330166,
    "time_end_2": 2932409.864204791,
    "time_total_2": 0.3828746248036623,
    "time_start_3": 2932409481330208,
    "time_end_3": 2932409864204958,
    "time_total_3": 0.38287475
}