{
  "function_method_name": "extract_text_to_file_from_any_document",
  "num_pages": 0,
  "time_start_1": 1773174268.1491342,
  "time_end_1": 1773174268.400086,
  "time_total_1": 0.25095176696777344,
  "pages_per_second_1": 0.0,
  "time_start_2": 1315259.128312541,
  "time_end_2": 1315259.379268916,
  "time_total_2": 0.25095637515187263,
  "pages_per_second_2": 0.0,
  "time_start_3": 1315259128312583,
  "time_end_3": 1315259379269208,
  "time_total_3": 0.250956625,
  "pages_per_second_3": 0.0
}