{
    "function_method_name": "extract_text_to_file_from_any_document",
    "time_start_1": 1771447134.586598,
    "time_end_1": 1771447134.646785,
    "time_total_1": 0.06018710136413574,
    "time_start_2": 437143.092742541,
    "time_end_2": 437143.152929583,
    "time_total_2": 0.06018704199232161,
    "time_start_3": 437143092742625,
    "time_end_3": 437143152929750,
    "time_total_3": 0.060187125
}