{
  "function_method_name": "extract_text_to_file_from_any_document",
  "time_start_1": 1772979502.427594,
  "time_end_1": 1772979544.920228,
  "time_total_1": 42.49263405799866,
  "time_start_2": 1139155.0107385,
  "time_end_2": 1139197.503287041,
  "time_total_2": 42.49254854116589,
  "time_start_3": 1139155010738583,
  "time_end_3": 1139197503287166,
  "time_total_3": 42.492548583,
  "num_pages": 174,
  "pages_per_second_1": 4.094827347311666,
  "pages_per_second_2": 4.094835588207482,
  "pages_per_second_3": 4.0948355841760975
}