{
  "function_method_name": "extract_text_to_file_from_any_document",
  "time_start_1": 1783971539.136857,
  "time_end_1": 1783971568.7096791,
  "time_total_1": 29.572822093963623,
  "time_start_2": 3067.985408666,
  "time_end_2": 3097.55831975,
  "time_total_2": 29.572911084000225,
  "time_start_3": 3067985408750,
  "time_end_3": 3097558319791,
  "time_total_3": 29.572911041,
  "num_pages": 174,
  "pages_per_second_1": 5.883780704024074,
  "pages_per_second_2": 5.883762998703867,
  "pages_per_second_3": 5.8837630072591
}