{
    "function_method_name": "extract_tables_to_files_from_pdf_document",
    "time_start_1": 1769328456.4338748,
    "time_end_1": 1769328467.763873,
    "time_total_1": 11.329998254776001,
    "time_start_2": 2932685.424935625,
    "time_end_2": 2932696.754903708,
    "time_total_2": 11.329968083184212,
    "time_start_3": 2932685424935708,
    "time_end_3": 2932696754904041,
    "time_total_3": 11.329968333
}