{
    "function_method_name": "extract_tables_to_files_from_pdf_document",
    "time_start_1": 1769325108.294132,
    "time_end_1": 1769325119.707319,
    "time_total_1": 11.413187026977539,
    "time_start_2": 2929337.294304166,
    "time_end_2": 2929348.707462166,
    "time_total_2": 11.413157999981195,
    "time_start_3": 2929337294304208,
    "time_end_3": 2929348707462416,
    "time_total_3": 11.413158208
}