{
    "function_method_name": "extract_tables_to_files_from_pdf_document",
    "time_start_1": 1769330122.792833,
    "time_end_1": 1769330134.137113,
    "time_total_1": 11.344280004501343,
    "time_start_2": 2934351.779211166,
    "time_end_2": 2934363.123460583,
    "time_total_2": 11.344249417074025,
    "time_start_3": 2934351779211250,
    "time_end_3": 2934363123460875,
    "time_total_3": 11.344249625
}