{
    "function_method_name": "extract_tables_to_files_from_pdf_document",
    "time_start_1": 1769608378.96977,
    "time_end_1": 1769608389.8762481,
    "time_total_1": 10.9064781665802,
    "time_start_2": 3207810.974241958,
    "time_end_2": 3207821.880731333,
    "time_total_2": 10.906489375047386,
    "time_start_3": 3207810974242041,
    "time_end_3": 3207821880731583,
    "time_total_3": 10.906489542
}