{
    "function_method_name": "extract_tables_to_files_from_pdf_document",
    "time_start_1": 1769286222.6487198,
    "time_end_1": 1769286230.268237,
    "time_total_1": 7.6195173263549805,
    "time_start_2": 2890451.771300375,
    "time_end_2": 2890459.390794875,
    "time_total_2": 7.619494500104338,
    "time_start_3": 2890451771300416,
    "time_end_3": 2890459390795208,
    "time_total_3": 7.619494792
}