{
    "function_method_name": "extract_tables_to_files_from_pdf_document",
    "time_start_1": 1769410200.57151,
    "time_end_1": 1769410203.013788,
    "time_total_1": 2.4422779083251953,
    "time_start_2": 3014429.455028416,
    "time_end_2": 3014431.897301833,
    "time_total_2": 2.4422734170220792,
    "time_start_3": 3014429455028500,
    "time_end_3": 3014431897302041,
    "time_total_3": 2.442273541
}