{
    "function_method_name": "extract_tables_to_files_from_pdf_document",
    "time_start_1": 1769329994.9625459,
    "time_end_1": 1769329997.816003,
    "time_total_1": 2.85345721244812,
    "time_start_2": 2934223.94927225,
    "time_end_2": 2934226.802722625,
    "time_total_2": 2.8534503751434386,
    "time_start_3": 2934223949272291,
    "time_end_3": 2934226802722750,
    "time_total_3": 2.853450459
}