{
    "function_method_name": "extract_tables_to_files_from_pdf_document",
    "time_start_1": 1769418207.521462,
    "time_end_1": 1769418210.042037,
    "time_total_1": 2.5205750465393066,
    "time_start_2": 3022436.382196458,
    "time_end_2": 3022438.90276475,
    "time_total_2": 2.5205682921223342,
    "time_start_3": 3022436382196541,
    "time_end_3": 3022438902764958,
    "time_total_3": 2.520568417
}