{
    "function_method_name": "extract_tables_to_files_from_pdf_document",
    "time_start_1": 1769295736.288735,
    "time_end_1": 1769295738.84125,
    "time_total_1": 2.5525150299072266,
    "time_start_2": 2899965.366523125,
    "time_end_2": 2899967.919026708,
    "time_total_2": 2.552503583021462,
    "time_start_3": 2899965366523208,
    "time_end_3": 2899967919026958,
    "time_total_3": 2.55250375
}