{
    "function_method_name": "extract_tables_to_files_from_pdf_document",
    "time_start_1": 1769419811.114987,
    "time_end_1": 1769419813.5707269,
    "time_total_1": 2.455739974975586,
    "time_start_2": 3024039.971647166,
    "time_end_2": 3024042.427380583,
    "time_total_2": 2.4557334166020155,
    "time_start_3": 3024039971647250,
    "time_end_3": 3024042427380791,
    "time_total_3": 2.455733541
}