{
    "function_method_name": "extract_text_to_file_from_any_document",
    "time_start_1": 1771446988.953234,
    "time_end_1": 1771446988.953588,
    "time_total_1": 0.0003540515899658203,
    "time_start_2": 436997.459410416,
    "time_end_2": 436997.45976425,
    "time_total_2": 0.00035383395152166486,
    "time_start_3": 436997459410500,
    "time_end_3": 436997459764333,
    "time_total_3": 0.000353833
}