{
    "function_method_name": "extract_text_to_file_from_any_document",
    "time_start_1": 1771445271.777628,
    "time_end_1": 1771445271.778058,
    "time_total_1": 0.00043010711669921875,
    "time_start_2": 435280.290959666,
    "time_end_2": 435280.291389875,
    "time_total_2": 0.0004302089801058173,
    "time_start_3": 435280290959791,
    "time_end_3": 435280291390000,
    "time_total_3": 0.000430209
}