{
    "function_method_name": "extract_images_from_pdf_to_files",
    "time_start_1": 1772686300.0532951,
    "time_end_1": 1772686300.143401,
    "time_total_1": 0.09010577201843262,
    "time_start_2": 874030.319923291,
    "time_end_2": 874030.410028416,
    "time_total_2": 0.0901051249820739,
    "time_start_3": 874030319923375,
    "time_end_3": 874030410028500,
    "time_total_3": 0.090105125
}