{
    "function_method_name": "extract_text_to_file_from_any_document",
    "time_start_1": 1769787771.2006521,
    "time_end_1": 1769787771.3034198,
    "time_total_1": 0.1027677059173584,
    "time_start_2": 3387203.087613916,
    "time_end_2": 3387203.190381583,
    "time_total_2": 0.10276766680181026,
    "time_start_3": 3387203087614000,
    "time_end_3": 3387203190381750,
    "time_total_3": 0.10276775
}