{
    "function_method_name": "extract_markdown_to_file_from_any_document_complex",
    "num_pages": 2,
    "time_start_1": 1770468059.66347,
    "time_end_1": 1770468063.018328,
    "time_total_1": 3.354857921600342,
    "pages_per_second_1": 0.5961504322203772,
    "time_start_2": 4051053.868177458,
    "time_end_2": 4051057.223031791,
    "time_total_2": 3.3548543327488005,
    "pages_per_second_2": 0.5961510699516124,
    "time_start_3": 4051053868177541,
    "time_end_3": 4051057223031916,
    "time_total_3": 3.354854375,
    "pages_per_second_3": 0.5961510624436568
}