{
    "function_method_name": "extract_text_to_file_from_any_document",
    "time_start_1": 1770391965.724633,
    "time_end_1": 1770391969.236733,
    "time_total_1": 3.5120999813079834,
    "time_start_2": 3991398.263413458,
    "time_end_2": 3991401.77551175,
    "time_total_2": 3.512098291888833,
    "time_start_3": 3991398263413500,
    "time_end_3": 3991401775511916,
    "time_total_3": 3.512098416
}