{
    "function_method_name": "extract_tables_to_files_from_pdf_document",
    "time_start_1": 1769287330.491672,
    "time_end_1": 1769287330.643805,
    "time_total_1": 0.15213298797607422,
    "time_start_2": 2891559.610917458,
    "time_end_2": 2891559.76305025,
    "time_total_2": 0.15213279193267226,
    "time_start_3": 2891559610917500,
    "time_end_3": 2891559763050333,
    "time_total_3": 0.152132833
}