{
    "function_method_name": "extract_text_to_file_from_any_document",
    "time_start_1": 1771444476.136766,
    "time_end_1": 1771444476.1634629,
    "time_total_1": 0.02669692039489746,
    "time_start_2": 434484.6412505,
    "time_end_2": 434484.667948208,
    "time_total_2": 0.02669770800275728,
    "time_start_3": 434484641250583,
    "time_end_3": 434484667948250,
    "time_total_3": 0.026697667
}