{
    "function_method_name": "extract_tables_to_files_from_pdf_document",
    "time_start_1": 1765516179.076403,
    "time_end_1": 1765516181.793259,
    "time_total_1": 2.716856002807617,
    "time_start_2": 2425201.693059166,
    "time_end_2": 2425204.409894,
    "time_total_2": 2.716834833845496,
    "time_start_3": 2425201693059250,
    "time_end_3": 2425204409894208,
    "time_total_3": 2.716834958
}