{
    "function_method_name": "extract_tables_to_files_from_pdf_document",
    "time_start_1": 1765478745.81325,
    "time_end_1": 1765478749.624335,
    "time_total_1": 3.8110849857330322,
    "time_start_2": 2387768.546731416,
    "time_end_2": 2387772.357806708,
    "time_total_2": 3.8110752920620143,
    "time_start_3": 2387768546731541,
    "time_end_3": 2387772357806916,
    "time_total_3": 3.811075375
}