{
    "function_method_name": "extract_tables_to_files_from_pdf_document",
    "time_start_1": 1765524858.6776571,
    "time_end_1": 1765524861.4010901,
    "time_total_1": 2.723433017730713,
    "time_start_2": 2433881.295796875,
    "time_end_2": 2433884.019228875,
    "time_total_2": 2.7234320002608,
    "time_start_3": 2433881295796916,
    "time_end_3": 2433884019229083,
    "time_total_3": 2.723432167
}