{
    "function_method_name": "extract_tables_to_files_from_pdf_document",
    "time_start_1": 1765497129.4319701,
    "time_end_1": 1765497131.811077,
    "time_total_1": 2.3791069984436035,
    "time_start_2": 2406152.088589208,
    "time_end_2": 2406154.467689666,
    "time_total_2": 2.379100457765162,
    "time_start_3": 2406152088589291,
    "time_end_3": 2406154467689833,
    "time_total_3": 2.379100542
}