{
    "function_method_name": "extract_tables_to_files_from_pdf_document",
    "time_start_1": 1765482373.3200629,
    "time_end_1": 1765482377.056764,
    "time_total_1": 3.736701011657715,
    "time_start_2": 2391396.0309265,
    "time_end_2": 2391399.76760975,
    "time_total_2": 3.736683249939233,
    "time_start_3": 2391396030926583,
    "time_end_3": 2391399767610041,
    "time_total_3": 3.736683458
}