{
    "function_method_name": "extract_text_to_file_from_any_document",
    "time_start_1": 1763119326.101642,
    "time_end_1": 1763119326.1104698,
    "time_total_1": 0.008827924728393555,
    "time_start_2": 85536.539305375,
    "time_end_2": 85536.548133833,
    "time_total_2": 0.008828457997879013,
    "time_start_3": 85536539305458,
    "time_end_3": 85536548133958,
    "time_total_3": 0.0088285
}