{
    "function_method_name": "extract_markdown_to_file_from_any_document_complex",
    "num_pages": 104,
    "time_start_1": 1769381185.292439,
    "time_end_1": 1769381218.0342479,
    "time_total_1": 32.74180889129639,
    "pages_per_second_1": 3.1763669608262197,
    "time_start_2": 2985414.244819416,
    "time_end_2": 2985446.986617833,
    "time_total_2": 32.74179841671139,
    "pages_per_second_2": 3.1763679769929336,
    "time_start_3": 2985414244819541,
    "time_end_3": 2985446986618041,
    "time_total_3": 32.7417985,
    "pages_per_second_3": 3.1763679689128868
}