{
    "function_method_name": "extract_text_to_file_from_any_document",
    "time_start_1": 1771569616.259903,
    "time_end_1": 1771569642.20177,
    "time_total_1": 25.941867113113403,
    "time_start_2": 36675.947939791,
    "time_end_2": 36701.889869416,
    "time_total_2": 25.94192962499801,
    "time_start_3": 36675947939875,
    "time_end_3": 36701889870541,
    "time_total_3": 25.941930666
}