{
    "function_method_name": "extract_text_to_file_from_any_document",
    "time_start_1": 1769786847.802294,
    "time_end_1": 1769786885.118677,
    "time_total_1": 37.31638288497925,
    "time_start_2": 3386279.690324125,
    "time_end_2": 3386317.006663125,
    "time_total_2": 37.31633900012821,
    "time_start_3": 3386279690324666,
    "time_end_3": 3386317006663333,
    "time_total_3": 37.316338667
}