{
  "function_method_name": "extract_text_to_file_from_any_document",
  "time_start_1": 1773005113.305685,
  "time_end_1": 1773005114.370826,
  "time_total_1": 1.065140962600708,
  "time_start_2": 1164765.822184041,
  "time_end_2": 1164766.887323666,
  "time_total_2": 1.0651396249886602,
  "time_start_3": 1164765822184125,
  "time_end_3": 1164766887323750,
  "time_total_3": 1.065139625,
  "num_pages": 0,
  "pages_per_second_1": 0.0,
  "pages_per_second_2": 0.0,
  "pages_per_second_3": 0.0
}