{
    "function_method_name": "extract_tables_to_files_from_pdf_document",
    "time_start_1": 1765470779.659827,
    "time_end_1": 1765470794.940738,
    "time_total_1": 15.280910968780518,
    "time_start_2": 2379802.458232083,
    "time_end_2": 2379817.7391905,
    "time_total_2": 15.280958417337388,
    "time_start_3": 2379802458232625,
    "time_end_3": 2379817739190666,
    "time_total_3": 15.280958041
}