{
    "function_method_name": "extract_tables_to_files_from_pdf_document",
    "time_start_1": 1765517460.81665,
    "time_end_1": 1765517469.8170419,
    "time_total_1": 9.000391960144043,
    "time_start_2": 2426483.41376275,
    "time_end_2": 2426492.414065791,
    "time_total_2": 9.000303040724248,
    "time_start_3": 2426483413762916,
    "time_end_3": 2426492414066000,
    "time_total_3": 9.000303084
}