{
    "function_method_name": "extract_text_to_file_from_any_document",
    "time_start_1": 1770993055.669248,
    "time_end_1": 1770993055.8642812,
    "time_total_1": 0.19503307342529297,
    "time_start_2": 19409.212739625,
    "time_end_2": 19409.407771625,
    "time_total_2": 0.19503199999962817,
    "time_start_3": 19409212739708,
    "time_end_3": 19409407771708,
    "time_total_3": 0.195032
}