{
    "function_method_name": "extract_tables_to_files_from_pdf_document",
    "time_start_1": 1769624866.2207649,
    "time_end_1": 1769624868.469128,
    "time_total_1": 2.2483630180358887,
    "time_start_2": 3224298.157129708,
    "time_end_2": 3224300.405482583,
    "time_total_2": 2.2483528750017285,
    "time_start_3": 3224298157129833,
    "time_end_3": 3224300405482666,
    "time_total_3": 2.248352833
}