{
    "function_method_name": "extract_tables_to_files_from_pdf_document",
    "time_start_1": 1769413301.8870652,
    "time_end_1": 1769413305.170124,
    "time_total_1": 3.2830588817596436,
    "time_start_2": 3017530.762584125,
    "time_end_2": 3017534.045635583,
    "time_total_2": 3.28305145772174,
    "time_start_3": 3017530762584250,
    "time_end_3": 3017534045635791,
    "time_total_3": 3.283051541
}