{
    "function_method_name": "extract_tables_to_files_from_pdf_document",
    "time_start_1": 1769635889.678891,
    "time_end_1": 1769635891.963246,
    "time_total_1": 2.2843551635742188,
    "time_start_2": 3235321.585226083,
    "time_end_2": 3235323.869578,
    "time_total_2": 2.2843519169837236,
    "time_start_3": 3235321585226125,
    "time_end_3": 3235323869578208,
    "time_total_3": 2.284352083
}