{
    "function_method_name": "extract_tables_to_files_from_pdf_document",
    "time_start_1": 1769288450.142852,
    "time_end_1": 1769288452.1631548,
    "time_total_1": 2.0203027725219727,
    "time_start_2": 2892679.255091416,
    "time_end_2": 2892681.275387625,
    "time_total_2": 2.020296209026128,
    "time_start_3": 2892679255091500,
    "time_end_3": 2892681275387708,
    "time_total_3": 2.020296208
}