{
    "function_method_name": "extract_tables_to_files_from_pdf_document",
    "time_start_1": 1769297246.2716632,
    "time_end_1": 1769297249.209671,
    "time_total_1": 2.9380078315734863,
    "time_start_2": 2901475.345207708,
    "time_end_2": 2901478.283204541,
    "time_total_2": 2.9379968331195414,
    "time_start_3": 2901475345207791,
    "time_end_3": 2901478283204666,
    "time_total_3": 2.937996875
}