{
    "function_method_name": "extract_tables_to_files_from_pdf_document",
    "time_start_1": 1769421346.676678,
    "time_end_1": 1769421349.710624,
    "time_total_1": 3.0339460372924805,
    "time_start_2": 3025575.529471583,
    "time_end_2": 3025578.563409625,
    "time_total_2": 3.0339380418881774,
    "time_start_3": 3025575529471666,
    "time_end_3": 3025578563409833,
    "time_total_3": 3.033938167
}