{
    "function_method_name": "extract_tables_to_files_from_pdf_document",
    "time_start_1": 1769331569.771755,
    "time_end_1": 1769331573.1150599,
    "time_total_1": 3.3433048725128174,
    "time_start_2": 2935798.754624333,
    "time_end_2": 2935802.097921125,
    "time_total_2": 3.3432967918924987,
    "time_start_3": 2935798754624416,
    "time_end_3": 2935802097921291,
    "time_total_3": 3.343296875
}