{
    "function_method_name": "extract_tables_to_files_from_pdf_document",
    "time_start_1": 1769411704.191749,
    "time_end_1": 1769411707.07795,
    "time_total_1": 2.8862009048461914,
    "time_start_2": 3015933.072016125,
    "time_end_2": 3015935.958212458,
    "time_total_2": 2.8861963329836726,
    "time_start_3": 3015933072016208,
    "time_end_3": 3015935958212708,
    "time_total_3": 2.8861965
}