{
    "function_method_name": "extract_tables_to_files_from_pdf_document",
    "time_start_1": 1769414902.7044659,
    "time_end_1": 1769414905.737269,
    "time_total_1": 3.0328030586242676,
    "time_start_2": 3019131.574919833,
    "time_end_2": 3019134.60771525,
    "time_total_2": 3.032795417122543,
    "time_start_3": 3019131574919916,
    "time_end_3": 3019134607715458,
    "time_total_3": 3.032795542
}