{
    "function_method_name": "extract_markdown_to_file_from_any_document_complex",
    "num_pages": 3,
    "time_start_1": 1770550083.274896,
    "time_end_1": 1770550087.627135,
    "time_total_1": 4.35223913192749,
    "pages_per_second_1": 0.6893003598980509,
    "time_start_2": 4133077.46662675,
    "time_end_2": 4133081.818882041,
    "time_total_2": 4.352255291305482,
    "pages_per_second_2": 0.6892978006122737,
    "time_start_3": 4133077466626750,
    "time_end_3": 4133081818882416,
    "time_total_3": 4.352255666,
    "pages_per_second_3": 0.6892977412692282
}