{
  "function_method_name": "extract_text_to_file_from_any_document",
  "num_pages": 98,
  "time_start_1": 1772973304.417326,
  "time_end_1": 1772973557.931606,
  "time_total_1": 253.5142800807953,
  "pages_per_second_1": 0.38656599529133934,
  "time_start_2": 1132957.012934375,
  "time_end_2": 1133210.526620291,
  "time_total_2": 253.51368591585197,
  "pages_per_second_2": 0.3865669012935611,
  "time_start_3": 1132957012934541,
  "time_end_3": 1133210526620500,
  "time_total_3": 253.513685959,
  "pages_per_second_3": 0.38656690122776743
}