{
    "function_method_name": "extract_text_to_file_from_any_document",
    "time_start_1": 1770993144.776583,
    "time_end_1": 1770993144.803345,
    "time_total_1": 0.026762008666992188,
    "time_start_2": 19498.319689375,
    "time_end_2": 19498.346451333,
    "time_total_2": 0.02676195800086134,
    "time_start_3": 19498319689458,
    "time_end_3": 19498346451416,
    "time_total_3": 0.026761958
}