{
  "function_method_name": "extract_text_to_file_from_any_document",
  "time_start_1": 1773004544.552917,
  "time_end_1": 1773004555.122289,
  "time_total_1": 10.569371938705444,
  "time_start_2": 1164197.0705235,
  "time_end_2": 1164207.639875875,
  "time_total_2": 10.569352375110611,
  "time_start_3": 1164197070523583,
  "time_end_3": 1164207639875958,
  "time_total_3": 10.569352375,
  "num_pages": 54,
  "pages_per_second_1": 5.109102065208807,
  "pages_per_second_2": 5.109111522023115,
  "pages_per_second_3": 5.109111522076583
}