{
    "function_method_name": "extract_tables_to_files_from_pdf_document",
    "time_start_1": 1769297759.810952,
    "time_end_1": 1769297763.364759,
    "time_total_1": 3.553807020187378,
    "time_start_2": 2901988.883835416,
    "time_end_2": 2901992.43763,
    "time_total_2": 3.553794584237039,
    "time_start_3": 2901988883835583,
    "time_end_3": 2901992437630208,
    "time_total_3": 3.553794625
}