{
    "function_method_name": "extract_tables_to_files_from_pdf_document",
    "time_start_1": 1769284064.38864,
    "time_end_1": 1769284067.1750321,
    "time_total_1": 2.7863922119140625,
    "time_start_2": 2888293.5204395,
    "time_end_2": 2888296.306826375,
    "time_total_2": 2.7863868749700487,
    "time_start_3": 2888293520439541,
    "time_end_3": 2888296306826541,
    "time_total_3": 2.786387
}