{
    "function_method_name": "extract_tables_to_files_from_pdf_document",
    "time_start_1": 1769317262.028345,
    "time_end_1": 1769317265.658848,
    "time_total_1": 3.630502939224243,
    "time_start_2": 2921491.048450916,
    "time_end_2": 2921494.678944208,
    "time_total_2": 3.630493292119354,
    "time_start_3": 2921491048450958,
    "time_end_3": 2921494678944416,
    "time_total_3": 3.630493458
}