{
    "function_method_name": "extract_tables_to_files_from_pdf_document",
    "time_start_1": 1769633637.8664691,
    "time_end_1": 1769633641.396926,
    "time_total_1": 3.530456781387329,
    "time_start_2": 3233069.768516166,
    "time_end_2": 3233073.298960166,
    "time_total_2": 3.530443999916315,
    "time_start_3": 3233069768516291,
    "time_end_3": 3233073298960416,
    "time_total_3": 3.530444125
}