{
    "function_method_name": "extract_text_to_file_from_any_document",
    "time_start_1": 1763222374.8213062,
    "time_end_1": 1763222374.879191,
    "time_total_1": 0.05788469314575195,
    "time_start_2": 188585.012906416,
    "time_end_2": 188585.070791083,
    "time_total_2": 0.0578846670105122,
    "time_start_3": 188585012906458,
    "time_end_3": 188585070791166,
    "time_total_3": 0.057884708
}