{
    "function_method_name": "extract_text_to_file_from_any_document",
    "time_start_1": 1763179110.060713,
    "time_end_1": 1763179110.1454,
    "time_total_1": 0.0846869945526123,
    "time_start_2": 145320.428560416,
    "time_end_2": 145320.513247791,
    "time_total_2": 0.08468737499788404,
    "time_start_3": 145320428560458,
    "time_end_3": 145320513247958,
    "time_total_3": 0.0846875
}