{
    "function_method_name": "extract_text_to_file_from_any_document",
    "time_start_1": 1763798255.181209,
    "time_end_1": 1763798255.239969,
    "time_total_1": 0.05875992774963379,
    "time_start_2": 733736.538208666,
    "time_end_2": 733736.596968416,
    "time_total_2": 0.05875974998343736,
    "time_start_3": 733736538208708,
    "time_end_3": 733736596968458,
    "time_total_3": 0.05875975
}