{
    "function_method_name": "extract_text_to_file_from_any_document",
    "time_start_1": 1763812623.4473212,
    "time_end_1": 1763812623.552191,
    "time_total_1": 0.10486984252929688,
    "time_start_2": 748104.79004775,
    "time_end_2": 748104.894916916,
    "time_total_2": 0.10486916603986174,
    "time_start_3": 748104790047791,
    "time_end_3": 748104894917208,
    "time_total_3": 0.104869417
}