{
    "function_method_name": "extract_text_to_file_from_any_document",
    "time_start_1": 1763116441.813556,
    "time_end_1": 1763116441.896853,
    "time_total_1": 0.0832970142364502,
    "time_start_2": 82652.305046625,
    "time_end_2": 82652.388344291,
    "time_total_2": 0.08329766600218136,
    "time_start_3": 82652305046708,
    "time_end_3": 82652388344333,
    "time_total_3": 0.083297625
}