{
    "function_method_name": "extract_text_to_file_from_any_document",
    "time_start_1": 1763080141.908056,
    "time_end_1": 1763080141.990023,
    "time_total_1": 0.08196687698364258,
    "time_start_2": 46352.446596666,
    "time_end_2": 46352.528564125,
    "time_total_2": 0.08196745900204405,
    "time_start_3": 46352446596708,
    "time_end_3": 46352528564208,
    "time_total_3": 0.0819675
}