{
    "function_method_name": "extract_text_to_file_from_any_document",
    "time_start_1": 1772789394.041704,
    "time_end_1": 1772789394.051413,
    "time_total_1": 0.00970911979675293,
    "time_start_2": 963363.998833833,
    "time_end_2": 963364.008543333,
    "time_total_2": 0.009709500009194016,
    "time_start_3": 963363998833916,
    "time_end_3": 963364008543541,
    "time_total_3": 0.009709625
}