{
    "function_method_name": "extract_text_to_file_from_any_document",
    "time_start_1": 1770392079.3421628,
    "time_end_1": 1770392079.369211,
    "time_total_1": 0.027048110961914062,
    "time_start_2": 3991511.880887958,
    "time_end_2": 3991511.907935541,
    "time_total_2": 0.027047582902014256,
    "time_start_3": 3991511880888000,
    "time_end_3": 3991511907935708,
    "time_total_3": 0.027047708
}