{
    "function_method_name": "extract_text_to_file_from_any_document",
    "time_start_1": 1771940652.5086012,
    "time_end_1": 1771940652.5655,
    "time_total_1": 0.05689883232116699,
    "time_start_2": 149554.876932625,
    "time_end_2": 149554.93383175,
    "time_total_2": 0.056899125018389896,
    "time_start_3": 149554876932750,
    "time_end_3": 149554933831958,
    "time_total_3": 0.056899208
}