{
  "function_method_name": "extract_text_to_file_from_pdf_document",
  "num_pages": 79,
  "time_start_1": 1773045239.55442,
  "time_end_1": 1773045239.593318,
  "time_total_1": 0.03889799118041992,
  "pages_per_second_1": 2030.9532087036469,
  "time_start_2": 1204891.96760525,
  "time_end_2": 1204892.006504291,
  "time_total_2": 0.03889904101379216,
  "pages_per_second_2": 2030.8983959781817,
  "time_start_3": 1204891967605333,
  "time_end_3": 1204892006504458,
  "time_total_3": 0.038899125,
  "pages_per_second_3": 2030.894011112075
}