{
  "function_method_name": "extract_markdown_to_file_from_any_document",
  "num_pages": 0,
  "time_start_1": 1773005150.36368,
  "time_end_1": 1773005150.5573492,
  "time_total_1": 0.19366931915283203,
  "pages_per_second_1": 0.0,
  "time_start_2": 1164802.880106875,
  "time_end_2": 1164803.073775791,
  "time_total_2": 0.19366891612298787,
  "pages_per_second_2": 0.0,
  "time_start_3": 1164802880106916,
  "time_end_3": 1164803073775833,
  "time_total_3": 0.193668917,
  "pages_per_second_3": 0.0
}