{
    "function_method_name": "extract_text_to_file_from_any_document",
    "time_start_1": 1769381765.7847302,
    "time_end_1": 1769381766.0349078,
    "time_total_1": 0.25017762184143066,
    "time_start_2": 2985994.733594916,
    "time_end_2": 2985994.983772875,
    "time_total_2": 0.2501779589802027,
    "time_start_3": 2985994733594958,
    "time_end_3": 2985994983772916,
    "time_total_3": 0.250177958
}