{
    "function_method_name": "extract_tables_to_files_from_pdf_document",
    "time_start_1": 1765512738.101939,
    "time_end_1": 1765512769.0089478,
    "time_total_1": 30.90700888633728,
    "time_start_2": 2421760.769346208,
    "time_end_2": 2421791.675360541,
    "time_total_2": 30.906014333013445,
    "time_start_3": 2421760769346250,
    "time_end_3": 2421791675360666,
    "time_total_3": 30.906014416
}