{
    "function_method_name": "extract_tables_to_files_from_pdf_document",
    "time_start_1": 1765524880.911797,
    "time_end_1": 1765524911.9422169,
    "time_total_1": 31.03041982650757,
    "time_start_2": 2433903.512794458,
    "time_end_2": 2433934.534806875,
    "time_total_2": 31.022012417204678,
    "time_start_3": 2433903512794500,
    "time_end_3": 2433934534807041,
    "time_total_3": 31.022012541
}