{
    "function_method_name": "extract_text_to_file_from_any_document",
    "time_start_1": 1772631480.242625,
    "time_end_1": 1772631480.243177,
    "time_total_1": 0.0005519390106201172,
    "time_start_2": 819210.654900875,
    "time_end_2": 819210.655452375,
    "time_total_2": 0.0005515000084415078,
    "time_start_3": 819210654900916,
    "time_end_3": 819210655452458,
    "time_total_3": 0.000551542
}