{
    "function_method_name": "extract_text_to_file_from_any_document",
    "time_start_1": 1771444687.673606,
    "time_end_1": 1771444687.674863,
    "time_total_1": 0.001257181167602539,
    "time_start_2": 434696.185979416,
    "time_end_2": 434696.187236625,
    "time_total_2": 0.0012572089908644557,
    "time_start_3": 434696185979458,
    "time_end_3": 434696187236708,
    "time_total_3": 0.00125725
}