{
    "function_method_name": "extract_text_to_file_from_any_document",
    "time_start_1": 1763169329.962282,
    "time_end_1": 1763169332.692265,
    "time_total_1": 2.72998309135437,
    "time_start_2": 135540.306933583,
    "time_end_2": 135543.036889583,
    "time_total_2": 2.729955999995582,
    "time_start_3": 135540306933666,
    "time_end_3": 135543036889625,
    "time_total_3": 2.729955959
}