{
    "function_method_name": "extract_markdown_to_file_from_any_document",
    "num_pages": 11,
    "time_start_1": 1763211009.62024,
    "time_end_1": 1763211012.25538,
    "time_total_1": 2.6351399421691895,
    "pages_per_second_1": 4.174351359474685,
    "time_start_2": 177219.843785333,
    "time_end_2": 177222.47889775,
    "time_total_2": 2.6351124169887044,
    "pages_per_second_2": 4.174394962841979,
    "time_start_3": 177219843785458,
    "time_end_3": 177222478897875,
    "time_total_3": 2.635112417,
    "pages_per_second_3": 4.174394962824085
}