{
    "function_method_name": "extract_text_to_file_from_any_document",
    "time_start_1": 1763149301.1046221,
    "time_end_1": 1763149303.961789,
    "time_total_1": 2.8571667671203613,
    "time_start_2": 115511.49098425,
    "time_end_2": 115514.348156791,
    "time_total_2": 2.857172541000182,
    "time_start_3": 115511490984333,
    "time_end_3": 115514348156875,
    "time_total_3": 2.857172542
}