{
    "function_method_name": "extract_markdown_to_file_from_any_document_complex",
    "num_pages": 11,
    "time_start_1": 1763062910.590471,
    "time_end_1": 1763062913.266748,
    "time_total_1": 2.676276922225952,
    "pages_per_second_1": 4.110187517833887,
    "time_start_2": 29121.151868416,
    "time_end_2": 29123.82813425,
    "time_total_2": 2.676265834001242,
    "pages_per_second_2": 4.1102045470401105,
    "time_start_3": 29121151868458,
    "time_end_3": 29123828134458,
    "time_total_3": 2.676266,
    "pages_per_second_3": 4.110204292099515
}