{
    "function_method_name": "extract_text_to_file_from_any_document",
    "time_start_1": 1763129290.6573849,
    "time_end_1": 1763129293.3942559,
    "time_total_1": 2.7368710041046143,
    "time_start_2": 95501.041069958,
    "time_end_2": 95503.7779155,
    "time_total_2": 2.7368455420073587,
    "time_start_3": 95501041070041,
    "time_end_3": 95503777915583,
    "time_total_3": 2.736845542
}