{
    "function_method_name": "extract_text_to_file_from_any_document",
    "time_start_1": 1763072919.661344,
    "time_end_1": 1763072922.834143,
    "time_total_1": 3.1727988719940186,
    "time_start_2": 39130.169524625,
    "time_end_2": 39133.342300166,
    "time_total_2": 3.1727755409956444,
    "time_start_3": 39130169524916,
    "time_end_3": 39133342300208,
    "time_total_3": 3.172775292
}