{
    "function_method_name": "extract_markdown_to_file_from_any_document_complex",
    "num_pages": 11,
    "time_start_1": 1763087989.708076,
    "time_end_1": 1763087992.24829,
    "time_total_1": 2.5402140617370605,
    "pages_per_second_1": 4.330343716181908,
    "time_start_2": 54200.298249416,
    "time_end_2": 54202.838471875,
    "time_total_2": 2.5402224589997786,
    "pages_per_second_2": 4.330329401280582,
    "time_start_3": 54200298249500,
    "time_end_3": 54202838471958,
    "time_total_3": 2.540222458,
    "pages_per_second_3": 4.330329402984909
}