{
    "function_method_name": "extract_markdown_to_file_from_any_document_complex",
    "num_pages": 11,
    "time_start_1": 1763222627.134133,
    "time_end_1": 1763222629.711266,
    "time_total_1": 2.5771329402923584,
    "pages_per_second_1": 4.268309107388198,
    "time_start_2": 188837.324975458,
    "time_end_2": 188839.902100875,
    "time_total_2": 2.577125417010393,
    "pages_per_second_2": 4.26832156766379,
    "time_start_3": 188837324975541,
    "time_end_3": 188839902100958,
    "time_total_3": 2.577125417,
    "pages_per_second_3": 4.268321567681004
}