{
    "function_method_name": "extract_text_to_file_from_any_document",
    "time_start_1": 1763814443.264597,
    "time_end_1": 1763814445.271413,
    "time_total_1": 2.0068161487579346,
    "time_start_2": 749924.606648666,
    "time_end_2": 749926.613455041,
    "time_total_2": 2.0068063749931753,
    "time_start_3": 749924606648708,
    "time_end_3": 749926613455083,
    "time_total_3": 2.006806375
}