{
    "function_method_name": "extract_text_to_file_from_any_document",
    "time_start_1": 1763092984.023113,
    "time_end_1": 1763092986.754433,
    "time_total_1": 2.7313199043273926,
    "time_start_2": 59194.5909275,
    "time_end_2": 59197.322250333,
    "time_total_2": 2.7313228330021957,
    "time_start_3": 59194590927541,
    "time_end_3": 59197322250416,
    "time_total_3": 2.731322875
}