{
    "function_method_name": "extract_text_to_file_from_any_document",
    "time_start_1": 1772789675.8483999,
    "time_end_1": 1772789676.872154,
    "time_total_1": 1.0237541198730469,
    "time_start_2": 963645.805646708,
    "time_end_2": 963646.829400375,
    "time_total_2": 1.023753667017445,
    "time_start_3": 963645805647500,
    "time_end_3": 963646829400791,
    "time_total_3": 1.023753291
}