{
    "function_method_name": "extract_tables_to_files_from_pdf_document",
    "time_start_1": 1765392338.768745,
    "time_end_1": 1765392341.872041,
    "time_total_1": 3.1032960414886475,
    "time_start_2": 2301361.478795416,
    "time_end_2": 2301364.582094291,
    "time_total_2": 3.1032988750375807,
    "time_start_3": 2301361478795500,
    "time_end_3": 2301364582094458,
    "time_total_3": 3.103298958
}