{
    "function_method_name": "extract_text_to_file_from_image",
    "time_start_1": 1769786425.090239,
    "time_end_1": 1769786429.2969532,
    "time_total_1": 4.206714153289795,
    "time_start_2": 3385856.978767125,
    "time_end_2": 3385861.185476708,
    "time_total_2": 4.206709583289921,
    "time_start_3": 3385856978767416,
    "time_end_3": 3385861185477041,
    "time_total_3": 4.206709625
}