{
    "function_method_name": "extract_text_to_file_from_any_document",
    "time_start_1": 1771403185.7106419,
    "time_end_1": 1771403186.693228,
    "time_total_1": 0.982586145401001,
    "time_start_2": 410174.533483708,
    "time_end_2": 410175.516067916,
    "time_total_2": 0.9825842080172151,
    "time_start_3": 410174533483791,
    "time_end_3": 410175516068166,
    "time_total_3": 0.982584375
}