{
    "function_method_name": "extract_text_to_file_from_any_document",
    "time_start_1": 1764498841.263722,
    "time_end_1": 1764498841.2688398,
    "time_total_1": 0.005117893218994141,
    "time_start_2": 1434323.2657665,
    "time_end_2": 1434323.270884541,
    "time_total_2": 0.005118041066452861,
    "time_start_3": 1434323265766541,
    "time_end_3": 1434323270884583,
    "time_total_3": 0.005118042
}