{
    "function_method_name": "extract_text_to_file_from_any_document",
    "time_start_1": 1763907823.434834,
    "time_end_1": 1763907824.306768,
    "time_total_1": 0.8719339370727539,
    "time_start_2": 843304.957238291,
    "time_end_2": 843305.829172708,
    "time_total_2": 0.8719344169367105,
    "time_start_3": 843304957238333,
    "time_end_3": 843305829172875,
    "time_total_3": 0.871934542
}