{
    "function_method_name": "extract_tables_to_files_from_pdf_document",
    "time_start_1": 1769325781.613373,
    "time_end_1": 1769325797.8570921,
    "time_total_1": 16.24371910095215,
    "time_start_2": 2930010.611810083,
    "time_end_2": 2930026.855486791,
    "time_total_2": 16.243676708079875,
    "time_start_3": 2930010611810208,
    "time_end_3": 2930026855486958,
    "time_total_3": 16.24367675
}