{
    "function_method_name": "extract_tables_to_files_from_pdf_document",
    "time_start_1": 1769416876.046405,
    "time_end_1": 1769416877.855016,
    "time_total_1": 1.8086109161376953,
    "time_start_2": 3021104.9109525,
    "time_end_2": 3021106.719558708,
    "time_total_2": 1.8086062078364193,
    "time_start_3": 3021104910952541,
    "time_end_3": 3021106719558916,
    "time_total_3": 1.808606375
}