{
    "function_method_name": "extract_tables_to_files_from_pdf_document",
    "time_start_1": 1769606165.92692,
    "time_end_1": 1769606168.04268,
    "time_total_1": 2.115760087966919,
    "time_start_2": 3205597.928059541,
    "time_end_2": 3205600.043819125,
    "time_total_2": 2.115759583655745,
    "time_start_3": 3205597928059625,
    "time_end_3": 3205600043819416,
    "time_total_3": 2.115759791
}