{
    "function_method_name": "extract_tables_to_files_from_pdf_document",
    "time_start_1": 1769331945.151765,
    "time_end_1": 1769331946.9305332,
    "time_total_1": 1.7787680625915527,
    "time_start_2": 2936174.135807,
    "time_end_2": 2936175.914572333,
    "time_total_2": 1.7787653328850865,
    "time_start_3": 2936174135807083,
    "time_end_3": 2936175914572625,
    "time_total_3": 1.778765542
}