{
    "function_method_name": "extract_tables_to_files_from_pdf_document",
    "time_start_1": 1769428704.6092951,
    "time_end_1": 1769428707.107123,
    "time_total_1": 2.4978277683258057,
    "time_start_2": 3032933.434872166,
    "time_end_2": 3032935.932692083,
    "time_total_2": 2.4978199172765017,
    "time_start_3": 3032933434872250,
    "time_end_3": 3032935932692625,
    "time_total_3": 2.497820375
}