{
    "function_method_name": "extract_tables_to_files_from_pdf_document",
    "time_start_1": 1765527987.319272,
    "time_end_1": 1765528008.7745411,
    "time_total_1": 21.45526909828186,
    "time_start_2": 2437009.91743475,
    "time_end_2": 2437031.372668958,
    "time_total_2": 21.455234207678586,
    "time_start_3": 2437009917434791,
    "time_end_3": 2437031372669083,
    "time_total_3": 21.455234292
}