{
    "function_method_name": "extract_tables_to_files_from_pdf_document",
    "time_start_1": 1765500255.365907,
    "time_end_1": 1765500277.1924212,
    "time_total_1": 21.82651424407959,
    "time_start_2": 2409277.992789083,
    "time_end_2": 2409299.819163875,
    "time_total_2": 21.82637479202822,
    "time_start_3": 2409277992789125,
    "time_end_3": 2409299819164166,
    "time_total_3": 21.826375041
}