{
    "function_method_name": "extract_tables_to_files_from_pdf_document",
    "time_start_1": 1765495157.692435,
    "time_end_1": 1765495178.876864,
    "time_total_1": 21.184428930282593,
    "time_start_2": 2404180.340812958,
    "time_end_2": 2404201.525079333,
    "time_total_2": 21.184266375377774,
    "time_start_3": 2404180340813166,
    "time_end_3": 2404201525079416,
    "time_total_3": 21.18426625
}