{
    "function_method_name": "extract_tables_to_files_from_pdf_document",
    "time_start_1": 1765507157.659497,
    "time_end_1": 1765507179.452513,
    "time_total_1": 21.793015956878662,
    "time_start_2": 2416180.311180208,
    "time_end_2": 2416202.104258708,
    "time_total_2": 21.79307850031182,
    "time_start_3": 2416180311180250,
    "time_end_3": 2416202104258833,
    "time_total_3": 21.793078583
}