{
    "function_method_name": "extract_tables_to_files_from_pdf_document",
    "time_start_1": 1765481940.4023008,
    "time_end_1": 1765481980.951606,
    "time_total_1": 40.54930520057678,
    "time_start_2": 2390963.114934083,
    "time_end_2": 2391003.664049041,
    "time_total_2": 40.54911495791748,
    "time_start_3": 2390963114934958,
    "time_end_3": 2391003664049291,
    "time_total_3": 40.549114333
}