{
    "function_method_name": "extract_tables_to_files_from_pdf_document",
    "time_start_1": 1765521044.253587,
    "time_end_1": 1765521065.870494,
    "time_total_1": 21.616906881332397,
    "time_start_2": 2430066.864377666,
    "time_end_2": 2430088.481210666,
    "time_total_2": 21.616832999978215,
    "time_start_3": 2430066864377708,
    "time_end_3": 2430088481210791,
    "time_total_3": 21.616833083
}