{
    "function_method_name": "extract_text_to_file_from_any_document",
    "time_start_1": 1770498969.712151,
    "time_end_1": 1770498971.040046,
    "time_total_1": 1.327894926071167,
    "time_start_2": 4081963.861509666,
    "time_end_2": 4081965.189404208,
    "time_total_2": 1.3278945423662663,
    "time_start_3": 4081963861509708,
    "time_end_3": 4081965189404458,
    "time_total_3": 1.32789475
}