{
    "function_method_name": "extract_text_to_file_from_any_document",
    "time_start_1": 1771446989.2860029,
    "time_end_1": 1771446989.286311,
    "time_total_1": 0.00030803680419921875,
    "time_start_2": 436997.792179083,
    "time_end_2": 436997.792486625,
    "time_total_2": 0.0003075420390814543,
    "time_start_3": 436997792179166,
    "time_end_3": 436997792486708,
    "time_total_3": 0.000307542
}