{
    "function_method_name": "extract_text_to_file_from_any_document",
    "time_start_1": 1770475285.005318,
    "time_end_1": 1770475285.051886,
    "time_total_1": 0.04656815528869629,
    "time_start_2": 4058279.189463541,
    "time_end_2": 4058279.23603225,
    "time_total_2": 0.0465687089599669,
    "time_start_3": 4058279189463708,
    "time_end_3": 4058279236032500,
    "time_total_3": 0.046568792
}