{
    "function_method_name": "extract_text_to_file_from_any_document",
    "time_start_1": 1770475691.4652212,
    "time_end_1": 1770475691.50377,
    "time_total_1": 0.038548946380615234,
    "time_start_2": 4058685.648135166,
    "time_end_2": 4058685.686684833,
    "time_total_2": 0.0385496667586267,
    "time_start_3": 4058685648135375,
    "time_end_3": 4058685686685166,
    "time_total_3": 0.038549791
}