{
    "function_method_name": "extract_text_to_file_from_any_document",
    "time_start_1": 1763152107.8132129,
    "time_end_1": 1763152149.058444,
    "time_total_1": 41.24523115158081,
    "time_start_2": 118318.25276125,
    "time_end_2": 118359.498341583,
    "time_total_2": 41.24558033300855,
    "time_start_3": 118318252761291,
    "time_end_3": 118359498341666,
    "time_total_3": 41.245580375
}