{
    "function_method_name": "extract_markdown_to_file_from_any_document",
    "num_pages": 48,
    "time_start_1": 1763137202.777646,
    "time_end_1": 1763137243.9145632,
    "time_total_1": 41.13691711425781,
    "pages_per_second_1": 1.1668351292995527,
    "time_start_2": 103413.206206333,
    "time_end_2": 103454.343042833,
    "time_total_2": 41.13683650000894,
    "pages_per_second_2": 1.1668374159006993,
    "time_start_3": 103413206206416,
    "time_end_3": 103454343042916,
    "time_total_3": 41.1368365,
    "pages_per_second_3": 1.166837415900953
}