{
    "function_method_name": "extract_markdown_to_file_from_any_document",
    "num_pages": 48,
    "time_start_1": 1763152149.0629408,
    "time_end_1": 1763152190.276366,
    "time_total_1": 41.213425159454346,
    "pages_per_second_1": 1.1646690323429432,
    "time_start_2": 118359.502838333,
    "time_end_2": 118400.716612958,
    "time_total_2": 41.213774624993675,
    "pages_per_second_2": 1.1646591567201634,
    "time_start_3": 118359502838416,
    "time_end_3": 118400716613083,
    "time_total_3": 41.213774667,
    "pages_per_second_3": 1.1646591555331074
}