{
    "function_method_name": "extract_markdown_to_file_from_any_document_complex",
    "num_pages": 48,
    "time_start_1": 1763078342.371864,
    "time_end_1": 1763078384.521067,
    "time_total_1": 42.149202823638916,
    "pages_per_second_1": 1.1388115737524631,
    "time_start_2": 44552.870547583,
    "time_end_2": 44595.019638583,
    "time_total_2": 42.149090999999316,
    "pages_per_second_2": 1.1388145950763393,
    "time_start_3": 44552870547708,
    "time_end_3": 44595019638666,
    "time_total_3": 42.149090958,
    "pages_per_second_3": 1.1388145962111071
}