{
    "function_method_name": "extract_text_to_file_from_any_document",
    "time_start_1": 1763213162.530763,
    "time_end_1": 1763213193.8767529,
    "time_total_1": 31.34598994255066,
    "time_start_2": 179372.735352083,
    "time_end_2": 179404.08103275,
    "time_total_2": 31.345680667000124,
    "time_start_3": 179372735352166,
    "time_end_3": 179404081032833,
    "time_total_3": 31.345680667
}