{
    "function_method_name": "extract_text_to_file_from_any_document",
    "time_start_1": 1763147097.296322,
    "time_end_1": 1763147138.2081301,
    "time_total_1": 40.911808013916016,
    "time_start_2": 113307.657970375,
    "time_end_2": 113348.569586583,
    "time_total_2": 40.91161620800267,
    "time_start_3": 113307657970416,
    "time_end_3": 113348569586666,
    "time_total_3": 40.91161625
}