{
    "function_method_name": "extract_text_to_file_from_any_document",
    "time_start_1": 1763109498.2788422,
    "time_end_1": 1763109540.873229,
    "time_total_1": 42.59438681602478,
    "time_start_2": 75708.760171416,
    "time_end_2": 75751.354452208,
    "time_total_2": 42.59428079200734,
    "time_start_3": 75708760171458,
    "time_end_3": 75751354452333,
    "time_total_3": 42.594280875
}