{
    "function_method_name": "extract_text_to_file_from_any_document",
    "time_start_1": 1763080743.952906,
    "time_end_1": 1763080785.813621,
    "time_total_1": 41.86071515083313,
    "time_start_2": 46954.494763416,
    "time_end_2": 46996.355710125,
    "time_total_2": 41.86094670899911,
    "time_start_3": 46954494763500,
    "time_end_3": 46996355710208,
    "time_total_3": 41.860946708
}