{
    "function_method_name": "extract_markdown_to_file_from_any_document_complex",
    "num_pages": 48,
    "time_start_1": 1763194782.789899,
    "time_end_1": 1763194823.687219,
    "time_total_1": 40.89731979370117,
    "pages_per_second_1": 1.173671043533585,
    "time_start_2": 160993.12230175,
    "time_end_2": 161034.019702541,
    "time_total_2": 40.89740079100011,
    "pages_per_second_2": 1.173668719078179,
    "time_start_3": 160993122301791,
    "time_end_3": 161034019702583,
    "time_total_3": 40.897400792,
    "pages_per_second_3": 1.173668719049484
}