{
    "function_method_name": "extract_text_to_file_from_any_document",
    "num_pages": 48,
    "time_start_1": 1762962965.147443,
    "time_end_1": 1762963004.884437,
    "time_total_1": 39.73699402809143,
    "pages_per_second_1": 1.2079424016337816,
    "time_start_2": 2163919.169616125,
    "time_end_2": 2163958.884346833,
    "time_total_2": 39.71473070792854,
    "pages_per_second_2": 1.2086195510931015,
    "time_start_3": 2163919169616208,
    "time_end_3": 2163958884347041,
    "time_total_3": 39.714730833,
    "pages_per_second_3": 1.208619547286861
}