{
  "function_method_name": "extract_text_to_file_from_any_document",
  "num_pages": 2,
  "time_start_1": 1772994597.0980961,
  "time_end_1": 1772994597.267381,
  "time_total_1": 0.16928482055664062,
  "pages_per_second_1": 11.814408364693422,
  "time_start_2": 1154249.633901125,
  "time_end_2": 1154249.803186916,
  "time_total_2": 0.16928579099476337,
  "pages_per_second_2": 11.8143406380862,
  "time_start_3": 1154249633901166,
  "time_end_3": 1154249803187083,
  "time_total_3": 0.169285917,
  "pages_per_second_3": 11.814331844272669
}