{
    "function_method_name": "extract_markdown_to_file_from_any_document",
    "num_pages": 2,
    "time_start_1": 1769380221.483388,
    "time_end_1": 1769380224.5977118,
    "time_total_1": 3.114323854446411,
    "pages_per_second_1": 0.6421939700152062,
    "time_start_2": 2984450.436121291,
    "time_end_2": 2984453.55044025,
    "time_total_2": 3.1143189589492977,
    "pages_per_second_2": 0.6421949795003514,
    "time_start_3": 2984450436121416,
    "time_end_3": 2984453550440416,
    "time_total_3": 3.114319,
    "pages_per_second_3": 0.6421949710354014
}