{
    "function_method_name": "extract_text_to_file_from_any_document",
    "time_start_1": 1771570527.192541,
    "time_end_1": 1771570529.7157388,
    "time_total_1": 2.523197889328003,
    "time_start_2": 37586.878024916,
    "time_end_2": 37589.401227125,
    "time_total_2": 2.523202209005831,
    "time_start_3": 37586878025000,
    "time_end_3": 37589401227166,
    "time_total_3": 2.523202166
}