{
    "function_method_name": "extract_tables_to_files_from_pdf_document",
    "time_start_1": 1769289489.2679691,
    "time_end_1": 1769289510.247031,
    "time_total_1": 20.97906184196472,
    "time_start_2": 2893718.374451875,
    "time_end_2": 2893739.353425958,
    "time_total_2": 20.978974082972854,
    "time_start_3": 2893718374452083,
    "time_end_3": 2893739353426083,
    "time_total_3": 20.978974
}