{
    "function_method_name": "extract_tables_to_files_from_pdf_document",
    "time_start_1": 1769300262.8763928,
    "time_end_1": 1769300291.710997,
    "time_total_1": 28.834604263305664,
    "time_start_2": 2904491.94208325,
    "time_end_2": 2904520.77659475,
    "time_total_2": 28.834511500317603,
    "time_start_3": 2904491942083416,
    "time_end_3": 2904520776594875,
    "time_total_3": 28.834511459
}