{
    "function_method_name": "extract_tables_to_files_from_pdf_document",
    "time_start_1": 1769305155.59776,
    "time_end_1": 1769305183.916329,
    "time_total_1": 28.31856894493103,
    "time_start_2": 2909384.6522255,
    "time_end_2": 2909412.970721833,
    "time_total_2": 28.318496332969517,
    "time_start_3": 2909384652225708,
    "time_end_3": 2909412970721916,
    "time_total_3": 28.318496208
}