{
    "function_method_name": "extract_tables_to_files_from_pdf_document",
    "time_start_1": 1769308406.5805812,
    "time_end_1": 1769308434.480017,
    "time_total_1": 27.8994357585907,
    "time_start_2": 2912635.6270895,
    "time_end_2": 2912663.526454875,
    "time_total_2": 27.899365374818444,
    "time_start_3": 2912635627089583,
    "time_end_3": 2912663526455291,
    "time_total_3": 27.899365708
}