{
    "function_method_name": "extract_text_to_file_from_any_document",
    "time_start_1": 1771882020.618403,
    "time_end_1": 1771882020.670586,
    "time_total_1": 0.05218315124511719,
    "time_start_2": 90923.038219291,
    "time_end_2": 90923.090402333,
    "time_total_2": 0.05218304198933765,
    "time_start_3": 90923038219375,
    "time_end_3": 90923090402458,
    "time_total_3": 0.052183083
}