{
    "function_method_name": "extract_text_to_file_from_any_document",
    "time_start_1": 1763904430.8394701,
    "time_end_1": 1763904431.68366,
    "time_total_1": 0.8441898822784424,
    "time_start_2": 839912.362681041,
    "time_end_2": 839913.206872875,
    "time_total_2": 0.8441918339813128,
    "time_start_3": 839912362681083,
    "time_end_3": 839913206873125,
    "time_total_3": 0.844192042
}