{
    "function_method_name": "extract_text_to_file_from_any_document",
    "time_start_1": 1763232194.810417,
    "time_end_1": 1763232195.425039,
    "time_total_1": 0.6146221160888672,
    "time_start_2": 198405.011360375,
    "time_end_2": 198405.625982166,
    "time_total_2": 0.614621790999081,
    "time_start_3": 198405011360458,
    "time_end_3": 198405625982333,
    "time_total_3": 0.614621875
}