{
    "function_method_name": "extract_text_to_file_from_any_document",
    "time_start_1": 1763189131.2449899,
    "time_end_1": 1763189132.089599,
    "time_total_1": 0.8446090221405029,
    "time_start_2": 155341.584718458,
    "time_end_2": 155342.429331666,
    "time_total_2": 0.8446132079989184,
    "time_start_3": 155341584718500,
    "time_end_3": 155342429331833,
    "time_total_3": 0.844613333
}