{
    "function_method_name": "extract_text_to_file_from_any_document",
    "time_start_1": 1763161563.335221,
    "time_end_1": 1763161564.191075,
    "time_total_1": 0.8558540344238281,
    "time_start_2": 127773.69984825,
    "time_end_2": 127774.555697416,
    "time_total_2": 0.855849165993277,
    "time_start_3": 127773699848291,
    "time_end_3": 127774555697458,
    "time_total_3": 0.855849167
}