{
    "function_method_name": "extract_text_to_file_from_any_document",
    "time_start_1": 1763181585.564623,
    "time_end_1": 1763181586.417881,
    "time_total_1": 0.8532578945159912,
    "time_start_2": 147795.894670791,
    "time_end_2": 147796.747921916,
    "time_total_2": 0.8532511249941308,
    "time_start_3": 147795894670833,
    "time_end_3": 147796747922208,
    "time_total_3": 0.853251375
}