{
    "function_method_name": "extract_tables_to_files_from_pdf_document",
    "time_start_1": 1769332507.950825,
    "time_end_1": 1769332550.466561,
    "time_total_1": 42.51573610305786,
    "time_start_2": 2936736.933701458,
    "time_end_2": 2936779.44934875,
    "time_total_2": 42.515647292137146,
    "time_start_3": 2936736933701541,
    "time_end_3": 2936779449348875,
    "time_total_3": 42.515647334
}