{
    "function_method_name": "extract_tables_to_files_from_pdf_document",
    "time_start_1": 1769312802.041971,
    "time_end_1": 1769312843.375436,
    "time_total_1": 41.33346509933472,
    "time_start_2": 2917031.074169458,
    "time_end_2": 2917072.407449333,
    "time_total_2": 41.33327987510711,
    "time_start_3": 2917031074169541,
    "time_end_3": 2917072407449416,
    "time_total_3": 41.333279875
}