{
    "function_method_name": "extract_tables_to_files_from_pdf_document",
    "time_start_1": 1769311179.658688,
    "time_end_1": 1769311220.8172328,
    "time_total_1": 41.15854477882385,
    "time_start_2": 2915408.695946875,
    "time_end_2": 2915449.854369458,
    "time_total_2": 41.158422582782805,
    "time_start_3": 2915408695946958,
    "time_end_3": 2915449854369625,
    "time_total_3": 41.158422667
}