{
    "function_method_name": "extract_tables_to_files_from_pdf_document",
    "time_start_1": 1769630080.5271811,
    "time_end_1": 1769630122.105684,
    "time_total_1": 41.578502893447876,
    "time_start_2": 3229512.441048416,
    "time_end_2": 3229554.019361166,
    "time_total_2": 41.57831274997443,
    "time_start_3": 3229512441048458,
    "time_end_3": 3229554019361291,
    "time_total_3": 41.578312833
}