{
    "function_method_name": "extract_tables_to_files_from_pdf_document",
    "time_start_1": 1769609469.539857,
    "time_end_1": 1769609510.4421508,
    "time_total_1": 40.90229392051697,
    "time_start_2": 3208901.544202291,
    "time_end_2": 3208942.4464895,
    "time_total_2": 40.902287208940834,
    "time_start_3": 3208901544202333,
    "time_end_3": 3208942446489625,
    "time_total_3": 40.902287292
}