{
    "function_method_name": "extract_tables_to_files_from_pdf_document",
    "time_start_1": 1769316033.5842612,
    "time_end_1": 1769316075.031723,
    "time_total_1": 41.4474618434906,
    "time_start_2": 2920262.607989,
    "time_end_2": 2920304.055338375,
    "time_total_2": 41.447349374648184,
    "time_start_3": 2920262607989041,
    "time_end_3": 2920304055338500,
    "time_total_3": 41.447349459
}