{
    "function_method_name": "extract_tables_to_files_from_pdf_document",
    "time_start_1": 1769317668.423184,
    "time_end_1": 1769317710.122447,
    "time_total_1": 41.69926309585571,
    "time_start_2": 2921897.442155125,
    "time_end_2": 2921939.141301166,
    "time_total_2": 41.69914604071528,
    "time_start_3": 2921897442155166,
    "time_end_3": 2921939141301291,
    "time_total_3": 41.699146125
}