{
    "function_method_name": "extract_text_to_file_from_any_document",
    "time_start_1": 1772215022.7537432,
    "time_end_1": 1772215148.3600729,
    "time_total_1": 125.60632967948914,
    "time_start_2": 402753.402566708,
    "time_end_2": 402879.008411708,
    "time_total_2": 125.60584500001278,
    "time_start_3": 402753402566791,
    "time_end_3": 402879008411958,
    "time_total_3": 125.605845167
}