{
    "function_method_name": "extract_text_to_file_from_any_document",
    "time_start_1": 1771848709.2716842,
    "time_end_1": 1771848709.307749,
    "time_total_1": 0.036064863204956055,
    "time_start_2": 69490.577487833,
    "time_end_2": 69490.613552291,
    "time_total_2": 0.03606445800687652,
    "time_start_3": 69490577487958,
    "time_end_3": 69490613552333,
    "time_total_3": 0.036064375
}