{
    "function_method_name": "extract_text_to_file_from_any_document",
    "time_start_1": 1769787648.290668,
    "time_end_1": 1769787648.299078,
    "time_total_1": 0.008409976959228516,
    "time_start_2": 3387080.17777525,
    "time_end_2": 3387080.186185208,
    "time_total_2": 0.008409958332777023,
    "time_start_3": 3387080177775333,
    "time_end_3": 3387080186185333,
    "time_total_3": 0.00841
}