{
    "function_method_name": "extract_text_to_file_from_any_document",
    "time_start_1": 1769266851.719965,
    "time_end_1": 1769266851.728919,
    "time_total_1": 0.008954048156738281,
    "time_start_2": 2871080.890250583,
    "time_end_2": 2871080.89920425,
    "time_total_2": 0.008953666780143976,
    "time_start_3": 2871080890250666,
    "time_end_3": 2871080899204375,
    "time_total_3": 0.008953709
}