{
    "function_method_name": "extract_text_to_file_from_any_document",
    "time_start_1": 1771447129.524487,
    "time_end_1": 1771447129.5594912,
    "time_total_1": 0.0350041389465332,
    "time_start_2": 437138.030632125,
    "time_end_2": 437138.065637208,
    "time_total_2": 0.03500508301658556,
    "time_start_3": 437138030632166,
    "time_end_3": 437138065637666,
    "time_total_3": 0.0350055
}