{
    "function_method_name": "extract_text_to_file_from_any_document",
    "time_start_1": 1769683236.460193,
    "time_end_1": 1769683236.748519,
    "time_total_1": 0.2883260250091553,
    "time_start_2": 3282668.434898875,
    "time_end_2": 3282668.723225375,
    "time_total_2": 0.2883264999836683,
    "time_start_3": 3282668434899125,
    "time_end_3": 3282668723225583,
    "time_total_3": 0.288326458
}