{
    "function_method_name": "extract_text_to_file_from_any_document",
    "time_start_1": 1771849205.445694,
    "time_end_1": 1771849205.469702,
    "time_total_1": 0.02400803565979004,
    "time_start_2": 69986.750710875,
    "time_end_2": 69986.774719416,
    "time_total_2": 0.024008541004150175,
    "time_start_3": 69986750710916,
    "time_end_3": 69986774719458,
    "time_total_3": 0.024008542
}