{
    "function_method_name": "extract_text_to_file_from_any_document",
    "time_start_1": 1772631184.5141041,
    "time_end_1": 1772631184.523707,
    "time_total_1": 0.009602785110473633,
    "time_start_2": 818914.927881708,
    "time_end_2": 818914.937485,
    "time_total_2": 0.009603291982784867,
    "time_start_3": 818914927881791,
    "time_end_3": 818914937485791,
    "time_total_3": 0.009604
}