{
    "function_method_name": "extract_tables_to_files_from_pdf_document",
    "time_start_1": 1769682919.394739,
    "time_end_1": 1769682919.8873348,
    "time_total_1": 0.492595911026001,
    "time_start_2": 3282351.369614125,
    "time_end_2": 3282351.862209041,
    "time_total_2": 0.49259491590783,
    "time_start_3": 3282351369614208,
    "time_end_3": 3282351862209208,
    "time_total_3": 0.492595
}