{
    "function_method_name": "extract_tables_to_files_from_pdf_document",
    "time_start_1": 1769419668.543423,
    "time_end_1": 1769419669.0443661,
    "time_total_1": 0.5009431838989258,
    "time_start_2": 3023897.400470875,
    "time_end_2": 3023897.901412333,
    "time_total_2": 0.5009414576925337,
    "time_start_3": 3023897400470916,
    "time_end_3": 3023897901412666,
    "time_total_3": 0.50094175
}