{
    "function_method_name": "extract_tables_to_files_from_pdf_document",
    "time_start_1": 1769410450.751796,
    "time_end_1": 1769410457.016156,
    "time_total_1": 6.264359951019287,
    "time_start_2": 3014679.634837541,
    "time_end_2": 3014685.899185416,
    "time_total_2": 6.264347875025123,
    "time_start_3": 3014679634837583,
    "time_end_3": 3014685899185666,
    "time_total_3": 6.264348083
}