{
    "function_method_name": "extract_tables_to_files_from_pdf_document",
    "time_start_1": 1769413648.158908,
    "time_end_1": 1769413654.4390872,
    "time_total_1": 6.280179262161255,
    "time_start_2": 3017877.033608625,
    "time_end_2": 3017883.313773833,
    "time_total_2": 6.280165208037943,
    "time_start_3": 3017877033608666,
    "time_end_3": 3017883313774041,
    "time_total_3": 6.280165375
}