{
    "function_method_name": "extract_tables_to_files_from_pdf_document",
    "time_start_1": 1769631536.8680162,
    "time_end_1": 1769631543.3279061,
    "time_total_1": 6.459889888763428,
    "time_start_2": 3230968.776855958,
    "time_end_2": 3230975.236719375,
    "time_total_2": 6.459863416850567,
    "time_start_3": 3230968776856000,
    "time_end_3": 3230975236719666,
    "time_total_3": 6.459863666
}