{
    "function_method_name": "extract_tables_to_files_from_pdf_document",
    "time_start_1": 1769620313.051636,
    "time_end_1": 1769620319.737659,
    "time_total_1": 6.686022996902466,
    "time_start_2": 3219745.003468333,
    "time_end_2": 3219751.689459666,
    "time_total_2": 6.685991333331913,
    "time_start_3": 3219745003468416,
    "time_end_3": 3219751689459875,
    "time_total_3": 6.685991459
}