{
    "function_method_name": "extract_tables_to_files_from_pdf_document",
    "time_start_1": 1769610539.506541,
    "time_end_1": 1769610546.637266,
    "time_total_1": 7.130724906921387,
    "time_start_2": 3209971.494388583,
    "time_end_2": 3209978.625092416,
    "time_total_2": 7.130703832954168,
    "time_start_3": 3209971494388750,
    "time_end_3": 3209978625092708,
    "time_total_3": 7.130703958
}