{
    "function_method_name": "extract_tables_to_files_from_pdf_document",
    "time_start_1": 1769627270.185071,
    "time_end_1": 1769627276.4095879,
    "time_total_1": 6.224516868591309,
    "time_start_2": 3226702.115002333,
    "time_end_2": 3226708.339496666,
    "time_total_2": 6.224494332913309,
    "time_start_3": 3226702115002458,
    "time_end_3": 3226708339496875,
    "time_total_3": 6.224494417
}