{
    "function_method_name": "extract_tables_to_files_from_pdf_document",
    "time_start_1": 1769405597.290933,
    "time_end_1": 1769405603.559248,
    "time_total_1": 6.268315076828003,
    "time_start_2": 3009826.184577541,
    "time_end_2": 3009832.452890666,
    "time_total_2": 6.268313125241548,
    "time_start_3": 3009826184577583,
    "time_end_3": 3009832452890875,
    "time_total_3": 6.268313292
}