{
    "function_method_name": "extract_markdown_to_file_from_any_document",
    "num_pages": 31,
    "time_start_1": 1771570421.222959,
    "time_end_1": 1771570425.7937322,
    "time_total_1": 4.570773124694824,
    "pages_per_second_1": 6.782222428086445,
    "time_start_2": 37480.90828675,
    "time_end_2": 37485.479066166,
    "time_total_2": 4.57077941600437,
    "pages_per_second_2": 6.7822130929037945,
    "time_start_3": 37480908286833,
    "time_end_3": 37485479066291,
    "time_total_3": 4.570779458,
    "pages_per_second_3": 6.782213030589848
}