{
    "function_method_name": "extract_tables_to_files_from_pdf_document",
    "time_start_1": 1769407925.823509,
    "time_end_1": 1769408007.5393121,
    "time_total_1": 81.7158031463623,
    "time_start_2": 3012154.714020833,
    "time_end_2": 3012236.429751541,
    "time_total_2": 81.71573070809245,
    "time_start_3": 3012154714020958,
    "time_end_3": 3012236429751750,
    "time_total_3": 81.715730792
}