{
    "function_method_name": "extract_tables_to_files_from_pdf_document",
    "time_start_1": 1769717457.4120882,
    "time_end_1": 1769717556.592284,
    "time_total_1": 99.18019580841064,
    "time_start_2": 3316889.294156541,
    "time_end_2": 3316988.474252166,
    "time_total_2": 99.18009562510997,
    "time_start_3": 3316889294156583,
    "time_end_3": 3316988474252375,
    "time_total_3": 99.180095792
}