{
    "function_method_name": "extract_tables_to_files_from_pdf_document",
    "time_start_1": 1769295078.419088,
    "time_end_1": 1769295160.526347,
    "time_total_1": 82.10725903511047,
    "time_start_2": 2899307.499815833,
    "time_end_2": 2899389.606708875,
    "time_total_2": 82.10689304210246,
    "time_start_3": 2899307499815916,
    "time_end_3": 2899389606709041,
    "time_total_3": 82.106893125
}