{
    "function_method_name": "extract_images_from_pdf_to_files",
    "time_start_1": 1774242271.453808,
    "time_end_1": 1774242271.579919,
    "time_total_1": 0.12611103057861328,
    "time_start_2": 1002227.14097375,
    "time_end_2": 1002227.267086083,
    "time_total_2": 0.12611233291681856,
    "time_start_3": 1002227140973791,
    "time_end_3": 1002227267086625,
    "time_total_3": 0.126112834
}