{
    "function_method_name": "extract_text_to_file_from_any_document",
    "time_start_1": 1772652446.840995,
    "time_end_1": 1772652474.884851,
    "time_total_1": 28.043855905532837,
    "time_start_2": 840177.251268083,
    "time_end_2": 840205.295019541,
    "time_total_2": 28.04375145805534,
    "time_start_3": 840177251268125,
    "time_end_3": 840205295019625,
    "time_total_3": 28.0437515
}