{
    "function_method_name": "extract_text_to_file_from_any_document",
    "time_start_1": 1769787724.118338,
    "time_end_1": 1769787763.3636239,
    "time_total_1": 39.245285749435425,
    "time_start_2": 3387156.005355708,
    "time_end_2": 3387195.250595041,
    "time_total_2": 39.24523933324963,
    "time_start_3": 3387156005355750,
    "time_end_3": 3387195250595250,
    "time_total_3": 39.2452395
}