{
    "function_method_name": "extract_text_to_file_from_any_document",
    "time_start_1": 1763174021.384547,
    "time_end_1": 1763174021.41052,
    "time_total_1": 0.025973081588745117,
    "time_start_2": 140231.82211775,
    "time_end_2": 140231.84809125,
    "time_total_2": 0.025973499985411763,
    "time_start_3": 140231822117833,
    "time_end_3": 140231848091333,
    "time_total_3": 0.0259735
}