{
    "function_method_name": "extract_text_to_file_from_any_document",
    "time_start_1": 1763176546.98818,
    "time_end_1": 1763176547.014984,
    "time_total_1": 0.026803970336914062,
    "time_start_2": 142757.370819708,
    "time_end_2": 142757.397623541,
    "time_total_2": 0.026803832995938137,
    "time_start_3": 142757370819791,
    "time_end_3": 142757397623625,
    "time_total_3": 0.026803834
}