{
    "function_method_name": "extract_text_to_file_from_any_document",
    "time_start_1": 1763097681.647874,
    "time_end_1": 1763097681.673863,
    "time_total_1": 0.02598881721496582,
    "time_start_2": 63892.163717083,
    "time_end_2": 63892.189705541,
    "time_total_2": 0.025988458000938408,
    "time_start_3": 63892163717125,
    "time_end_3": 63892189705625,
    "time_total_3": 0.0259885
}