{
    "function_method_name": "extract_text_to_file_from_any_document",
    "time_start_1": 1763899298.848969,
    "time_end_1": 1763899298.867223,
    "time_total_1": 0.01825404167175293,
    "time_start_2": 834780.341718666,
    "time_end_2": 834780.359973,
    "time_total_2": 0.018254333990626037,
    "time_start_3": 834780341718708,
    "time_end_3": 834780359973041,
    "time_total_3": 0.018254333
}