{
    "function_method_name": "extract_tables_to_files_from_pdf_document",
    "time_start_1": 1771002887.4273121,
    "time_end_1": 1771002900.79457,
    "time_total_1": 13.367257833480835,
    "time_start_2": 29240.941079958,
    "time_end_2": 29254.308304916,
    "time_total_2": 13.367224958001316,
    "time_start_3": 29240941080375,
    "time_end_3": 29254308305250,
    "time_total_3": 13.367224875
}