{
  "function_method_name": "extract_images_from_pdf_to_files",
  "time_start_1": 1775491132.618031,
  "time_end_1": 1775491132.620369,
  "time_total_1": 0.002337932586669922,
  "time_start_2": 907249.295637208,
  "time_end_2": 907249.297968875,
  "time_total_2": 0.0023316669976338744,
  "time_start_3": 907249295637250,
  "time_end_3": 907249297968916,
  "time_total_3": 0.002331666,
  "num_pages": 2,
  "pages_per_second_1": 855.456659188252,
  "pages_per_second_2": 857.7554179175487,
  "pages_per_second_3": 857.7557849194525
}