{
    "function_method_name": "extract_tables_to_files_from_pdf_document",
    "time_start_1": 1765500351.3137841,
    "time_end_1": 1765500351.693459,
    "time_total_1": 0.37967491149902344,
    "time_start_2": 2409373.940052458,
    "time_end_2": 2409374.319726291,
    "time_total_2": 0.37967383302748203,
    "time_start_3": 2409373940052500,
    "time_end_3": 2409374319726375,
    "time_total_3": 0.379673875
}