{
    "function_method_name": "extract_text_to_file_from_any_document",
    "time_start_1": 1770392069.506297,
    "time_end_1": 1770392069.7256,
    "time_total_1": 0.21930289268493652,
    "time_start_2": 3991502.045026291,
    "time_end_2": 3991502.264330708,
    "time_total_2": 0.21930441679432988,
    "time_start_3": 3991502045026375,
    "time_end_3": 3991502264331000,
    "time_total_3": 0.219304625
}