{
    "function_method_name": "extract_text_to_file_from_pdf_document",
    "time_start_1": 1770415387.363925,
    "time_end_1": 1770415394.1562161,
    "time_total_1": 6.792291164398193,
    "time_start_2": 3998381.614573583,
    "time_end_2": 3998388.406890083,
    "time_total_2": 6.792316500097513,
    "time_start_3": 3998381614573750,
    "time_end_3": 3998388406890291,
    "time_total_3": 6.792316541
}