{
    "function_method_name": "api_parse_analyze_markdown_mistune",
    "time_start_1": 1772641567.626672,
    "time_end_1": 1772641567.649329,
    "time_total_1": 0.022656917572021484,
    "time_start_2": 829298.073811833,
    "time_end_2": 829298.096468416,
    "time_total_2": 0.022656582994386554,
    "time_start_3": 829298073811958,
    "time_end_3": 829298096468541,
    "time_total_3": 0.022656583
}