{
    "function_method_name": "extract_tables_to_files_from_pdf_document",
    "time_start_1": 1772684757.460456,
    "time_end_1": 1772684965.656887,
    "time_total_1": 208.19643115997314,
    "time_start_2": 872487.74495925,
    "time_end_2": 872695.940168416,
    "time_total_2": 208.19520916603506,
    "time_start_3": 872487744959291,
    "time_end_3": 872695940168625,
    "time_total_3": 208.195209334
}