{
    "function_method_name": "extract_text_to_file_from_any_document",
    "time_start_1": 1763119355.501329,
    "time_end_1": 1763119356.069879,
    "time_total_1": 0.5685501098632812,
    "time_start_2": 85565.938677541,
    "time_end_2": 85566.507221458,
    "time_total_2": 0.5685439170047175,
    "time_start_3": 85565938677583,
    "time_end_3": 85566507221666,
    "time_total_3": 0.568544083
}