{
    "function_method_name": "extract_images_from_pdf_to_files",
    "time_start_1": 1765462057.211006,
    "time_end_1": 1765462057.631937,
    "time_total_1": 0.4209311008453369,
    "time_start_2": 2371079.995449208,
    "time_end_2": 2371080.416380083,
    "time_total_2": 0.42093087499961257,
    "time_start_3": 2371079995449291,
    "time_end_3": 2371080416380458,
    "time_total_3": 0.420931167
}