{
    "function_method_name": "extract_images_from_pdf_to_files",
    "time_start_1": 1770304836.729166,
    "time_end_1": 1770304837.288647,
    "time_total_1": 0.5594809055328369,
    "time_start_2": 3904269.172573208,
    "time_end_2": 3904269.732054916,
    "time_total_2": 0.5594817083328962,
    "time_start_3": 3904269172573250,
    "time_end_3": 3904269732055125,
    "time_total_3": 0.559481875
}