{
    "function_method_name": "extract_images_from_pdf_to_files",
    "time_start_1": 1770301962.615128,
    "time_end_1": 1770301963.175613,
    "time_total_1": 0.5604848861694336,
    "time_start_2": 3901395.0576475,
    "time_end_2": 3901395.618132375,
    "time_total_2": 0.5604848749935627,
    "time_start_3": 3901395057647583,
    "time_end_3": 3901395618132458,
    "time_total_3": 0.560484875
}