{
    "function_method_name": "extract_images_from_pdf_to_files",
    "time_start_1": 1770516071.780629,
    "time_end_1": 1770516072.341844,
    "time_total_1": 0.5612151622772217,
    "time_start_2": 4099065.892955541,
    "time_end_2": 4099066.454169333,
    "time_total_2": 0.5612137918360531,
    "time_start_3": 4099065892955625,
    "time_end_3": 4099066454169541,
    "time_total_3": 0.561213916
}