{
    "function_method_name": "extract_images_from_pdf_to_files",
    "time_start_1": 1770304017.848215,
    "time_end_1": 1770304018.4101892,
    "time_total_1": 0.561974048614502,
    "time_start_2": 3903450.291404125,
    "time_end_2": 3903450.853378625,
    "time_total_2": 0.5619745003059506,
    "time_start_3": 3903450291404208,
    "time_end_3": 3903450853378958,
    "time_total_3": 0.56197475
}