{
    "function_method_name": "extract_images_from_pdf_to_files",
    "time_start_1": 1770566810.143219,
    "time_end_1": 1770566810.721031,
    "time_total_1": 0.5778119564056396,
    "time_start_2": 4149804.279396875,
    "time_end_2": 4149804.857207583,
    "time_total_2": 0.5778107079677284,
    "time_start_3": 4149804279396958,
    "time_end_3": 4149804857207916,
    "time_total_3": 0.577810958
}