{
    "function_method_name": "extract_images_from_pdf_to_files",
    "time_start_1": 1770515922.188401,
    "time_end_1": 1770515922.748631,
    "time_total_1": 0.560230016708374,
    "time_start_2": 4098916.300947083,
    "time_end_2": 4098916.861177333,
    "time_total_2": 0.560230250004679,
    "time_start_3": 4098916300947166,
    "time_end_3": 4098916861177791,
    "time_total_3": 0.560230625
}