{
    "function_method_name": "extract_images_from_pdf_to_files",
    "time_start_1": 1770303499.267615,
    "time_end_1": 1770303499.828146,
    "time_total_1": 0.5605309009552002,
    "time_start_2": 3902931.71036125,
    "time_end_2": 3902932.270892625,
    "time_total_2": 0.5605313749983907,
    "time_start_3": 3902931710361291,
    "time_end_3": 3902932270893166,
    "time_total_3": 0.560531875
}