{
    "function_method_name": "extract_images_from_pdf_to_files",
    "time_start_1": 1770567137.410978,
    "time_end_1": 1770567137.974066,
    "time_total_1": 0.5630879402160645,
    "time_start_2": 4150131.550312416,
    "time_end_2": 4150132.11340175,
    "time_total_2": 0.5630893339402974,
    "time_start_3": 4150131550312500,
    "time_end_3": 4150132113402083,
    "time_total_3": 0.563089583
}