{
    "function_method_name": "extract_images_from_pdf_to_files",
    "time_start_1": 1771755429.519816,
    "time_end_1": 1771755429.911006,
    "time_total_1": 0.3911900520324707,
    "time_start_2": 211901.403731583,
    "time_end_2": 211901.794921958,
    "time_total_2": 0.3911903749976773,
    "time_start_3": 211901403731625,
    "time_end_3": 211901794922166,
    "time_total_3": 0.391190541
}