{
    "function_method_name": "extract_images_from_pdf_to_files",
    "time_start_1": 1770301509.1826181,
    "time_end_1": 1770301509.742712,
    "time_total_1": 0.560093879699707,
    "time_start_2": 3900941.622228125,
    "time_end_2": 3900942.182323291,
    "time_total_2": 0.5600951658561826,
    "time_start_3": 3900941622228208,
    "time_end_3": 3900942182323708,
    "time_total_3": 0.5600955
}