{
    "function_method_name": "extract_images_from_pdf_to_files",
    "time_start_1": 1771004831.139158,
    "time_end_1": 1771004831.70384,
    "time_total_1": 0.5646820068359375,
    "time_start_2": 31184.652250333,
    "time_end_2": 31185.216931875,
    "time_total_2": 0.5646815419968334,
    "time_start_3": 31184652250416,
    "time_end_3": 31185216932583,
    "time_total_3": 0.564682167
}