{
    "function_method_name": "extract_images_from_pdf_to_files",
    "time_start_1": 1770513271.891561,
    "time_end_1": 1770513272.456107,
    "time_total_1": 0.5645458698272705,
    "time_start_2": 4096266.006467791,
    "time_end_2": 4096266.571012708,
    "time_total_2": 0.5645449170842767,
    "time_start_3": 4096266006467833,
    "time_end_3": 4096266571012750,
    "time_total_3": 0.564544917
}