{
    "function_method_name": "extract_images_from_pdf_to_files",
    "time_start_1": 1770571946.430318,
    "time_end_1": 1770571946.99221,
    "time_total_1": 0.5618917942047119,
    "time_start_2": 4154940.558579791,
    "time_end_2": 4154941.120470958,
    "time_total_2": 0.5618911669589579,
    "time_start_3": 4154940558579833,
    "time_end_3": 4154941120471375,
    "time_total_3": 0.561891542
}