{
    "function_method_name": "extract_images_from_pdf_to_files",
    "time_start_1": 1770306332.1390378,
    "time_end_1": 1770306332.699739,
    "time_total_1": 0.5607011318206787,
    "time_start_2": 3905764.582627625,
    "time_end_2": 3905765.1433255,
    "time_total_2": 0.5606978749856353,
    "time_start_3": 3905764582627708,
    "time_end_3": 3905765143325625,
    "time_total_3": 0.560697917
}