{
    "function_method_name": "extract_images_from_pdf_to_files",
    "time_start_1": 1770515259.260181,
    "time_end_1": 1770515259.8332338,
    "time_total_1": 0.5730528831481934,
    "time_start_2": 4098253.370370166,
    "time_end_2": 4098253.943422583,
    "time_total_2": 0.5730524170212448,
    "time_start_3": 4098253370370208,
    "time_end_3": 4098253943423125,
    "time_total_3": 0.573052917
}