{
    "function_method_name": "extract_images_from_pdf_to_files",
    "time_start_1": 1770302438.638934,
    "time_end_1": 1770302439.201946,
    "time_total_1": 0.5630121231079102,
    "time_start_2": 3901871.0815165,
    "time_end_2": 3901871.644527958,
    "time_total_2": 0.5630114576779306,
    "time_start_3": 3901871081516541,
    "time_end_3": 3901871644528000,
    "time_total_3": 0.563011459
}