{
    "function_method_name": "extract_images_from_pdf_to_files",
    "time_start_1": 1770305922.0464718,
    "time_end_1": 1770305922.610028,
    "time_total_1": 0.5635561943054199,
    "time_start_2": 3905354.490117,
    "time_end_2": 3905355.053673791,
    "time_total_2": 0.563556790817529,
    "time_start_3": 3905354490117083,
    "time_end_3": 3905355053674125,
    "time_total_3": 0.563557042
}