{
    "function_method_name": "extract_images_from_pdf_to_files",
    "time_start_1": 1770511797.516468,
    "time_end_1": 1770511798.0782342,
    "time_total_1": 0.5617661476135254,
    "time_start_2": 4094791.63545525,
    "time_end_2": 4094792.197220958,
    "time_total_2": 0.5617657080292702,
    "time_start_3": 4094791635455333,
    "time_end_3": 4094792197221375,
    "time_total_3": 0.561766042
}