{
    "function_method_name": "extract_images_from_pdf_to_files",
    "time_start_1": 1770568144.952638,
    "time_end_1": 1770568145.5140429,
    "time_total_1": 0.5614049434661865,
    "time_start_2": 4151139.089784458,
    "time_end_2": 4151139.651188708,
    "time_total_2": 0.5614042500965297,
    "time_start_3": 4151139089784500,
    "time_end_3": 4151139651189125,
    "time_total_3": 0.561404625
}