{
    "function_method_name": "extract_images_from_pdf_to_files",
    "time_start_1": 1770514318.954149,
    "time_end_1": 1770514319.52581,
    "time_total_1": 0.5716609954833984,
    "time_start_2": 4097313.066835625,
    "time_end_2": 4097313.638495625,
    "time_total_2": 0.5716599998995662,
    "time_start_3": 4097313066835708,
    "time_end_3": 4097313638496208,
    "time_total_3": 0.5716605
}