{
    "function_method_name": "extract_images_from_pdf_to_files",
    "time_start_1": 1770302373.205471,
    "time_end_1": 1770302373.7663748,
    "time_total_1": 0.560903787612915,
    "time_start_2": 3901805.648057875,
    "time_end_2": 3901806.208961916,
    "time_total_2": 0.5609040409326553,
    "time_start_3": 3901805648057916,
    "time_end_3": 3901806208962875,
    "time_total_3": 0.560904959
}