{
    "function_method_name": "extract_images_from_pdf_to_files",
    "time_start_1": 1770513656.522369,
    "time_end_1": 1770513657.083049,
    "time_total_1": 0.5606801509857178,
    "time_start_2": 4096650.63679,
    "time_end_2": 4096651.197469875,
    "time_total_2": 0.5606798753142357,
    "time_start_3": 4096650636790083,
    "time_end_3": 4096651197470208,
    "time_total_3": 0.560680125
}