{
    "function_method_name": "extract_images_from_pdf_to_files",
    "time_start_1": 1771004381.58922,
    "time_end_1": 1771004381.966397,
    "time_total_1": 0.37717700004577637,
    "time_start_2": 30735.100677958,
    "time_end_2": 30735.477854416,
    "time_total_2": 0.377176458001486,
    "time_start_3": 30735100678000,
    "time_end_3": 30735477854666,
    "time_total_3": 0.377176666
}