{
    "function_method_name": "extract_images_from_pdf_to_files",
    "time_start_1": 1771754657.33174,
    "time_end_1": 1771754657.706243,
    "time_total_1": 0.37450313568115234,
    "time_start_2": 211129.216143125,
    "time_end_2": 211129.590646791,
    "time_total_2": 0.3745036660111509,
    "time_start_3": 211129216143208,
    "time_end_3": 211129590646958,
    "time_total_3": 0.37450375
}