{
    "function_method_name": "extract_images_from_pdf_to_files",
    "time_start_1": 1770566744.603158,
    "time_end_1": 1770566745.1940448,
    "time_total_1": 0.5908868312835693,
    "time_start_2": 4149738.73953475,
    "time_end_2": 4149739.330420083,
    "time_total_2": 0.5908853327855468,
    "time_start_3": 4149738739534875,
    "time_end_3": 4149739330420291,
    "time_total_3": 0.590885416
}