{
    "function_method_name": "extract_images_from_pdf_to_files",
    "time_start_1": 1771004412.223426,
    "time_end_1": 1771004412.600178,
    "time_total_1": 0.3767518997192383,
    "time_start_2": 30765.734813875,
    "time_end_2": 30766.111564416,
    "time_total_2": 0.37675054100327543,
    "time_start_3": 30765734813958,
    "time_end_3": 30766111564541,
    "time_total_3": 0.376750583
}