{
    "function_method_name": "extract_images_from_pdf_to_files",
    "time_start_1": 1770566700.9100952,
    "time_end_1": 1770566701.473629,
    "time_total_1": 0.5635337829589844,
    "time_start_2": 4149695.046606458,
    "time_end_2": 4149695.610140083,
    "time_total_2": 0.563533625099808,
    "time_start_3": 4149695046606500,
    "time_end_3": 4149695610140166,
    "time_total_3": 0.563533666
}