{
    "function_method_name": "extract_images_from_pdf_to_files",
    "time_start_1": 1770569915.266689,
    "time_end_1": 1770569915.83092,
    "time_total_1": 0.5642309188842773,
    "time_start_2": 4152909.397565625,
    "time_end_2": 4152909.961795291,
    "time_total_2": 0.5642296657897532,
    "time_start_3": 4152909397565708,
    "time_end_3": 4152909961795541,
    "time_total_3": 0.564229833
}