{
    "function_method_name": "extract_images_from_pdf_to_files",
    "time_start_1": 1770516712.654103,
    "time_end_1": 1770516713.215673,
    "time_total_1": 0.5615699291229248,
    "time_start_2": 4099706.765272291,
    "time_end_2": 4099707.326841208,
    "time_total_2": 0.5615689172409475,
    "time_start_3": 4099706765272333,
    "time_end_3": 4099707326841458,
    "time_total_3": 0.561569125
}