{
    "function_method_name": "extract_images_from_pdf_to_files",
    "time_start_1": 1770302611.074292,
    "time_end_1": 1770302611.634363,
    "time_total_1": 0.5600709915161133,
    "time_start_2": 3902043.516901291,
    "time_end_2": 3902044.076972791,
    "time_total_2": 0.560071500018239,
    "time_start_3": 3902043516901375,
    "time_end_3": 3902044076972875,
    "time_total_3": 0.5600715
}