{
    "function_method_name": "extract_images_from_pdf_to_files",
    "time_start_1": 1770302049.36755,
    "time_end_1": 1770302049.928352,
    "time_total_1": 0.5608022212982178,
    "time_start_2": 3901481.810083916,
    "time_end_2": 3901482.370885458,
    "time_total_2": 0.5608015418983996,
    "time_start_3": 3901481810083958,
    "time_end_3": 3901482370885791,
    "time_total_3": 0.560801833
}