{
    "function_method_name": "extract_images_from_pdf_to_files",
    "time_start_1": 1770304556.2725592,
    "time_end_1": 1770304556.832892,
    "time_total_1": 0.5603327751159668,
    "time_start_2": 3903988.715877541,
    "time_end_2": 3903989.276209708,
    "time_total_2": 0.5603321669623256,
    "time_start_3": 3903988715877625,
    "time_end_3": 3903989276209875,
    "time_total_3": 0.56033225
}