{
    "function_method_name": "extract_images_from_pdf_to_files",
    "time_start_1": 1770515601.2963998,
    "time_end_1": 1770515601.855927,
    "time_total_1": 0.5595271587371826,
    "time_start_2": 4098595.405687666,
    "time_end_2": 4098595.96521475,
    "time_total_2": 0.5595270837657154,
    "time_start_3": 4098595405687708,
    "time_end_3": 4098595965215208,
    "time_total_3": 0.5595275
}