{
    "function_method_name": "extract_images_from_pdf_to_files",
    "time_start_1": 1771006198.2652318,
    "time_end_1": 1771006198.645836,
    "time_total_1": 0.38060426712036133,
    "time_start_2": 32551.760972541,
    "time_end_2": 32552.141574666,
    "time_total_2": 0.3806021249984042,
    "time_start_3": 32551760972583,
    "time_end_3": 32552141574958,
    "time_total_3": 0.380602375
}