{
    "function_method_name": "extract_images_from_pdf_to_files",
    "time_start_1": 1770512075.1005728,
    "time_end_1": 1770512075.663809,
    "time_total_1": 0.5632362365722656,
    "time_start_2": 4095069.218796208,
    "time_end_2": 4095069.782030666,
    "time_total_2": 0.5632344577461481,
    "time_start_3": 4095069218796250,
    "time_end_3": 4095069782031166,
    "time_total_3": 0.563234916
}