{
    "function_method_name": "extract_images_from_pdf_to_files",
    "time_start_1": 1770303391.53004,
    "time_end_1": 1770303392.0914361,
    "time_total_1": 0.5613961219787598,
    "time_start_2": 3902823.972768708,
    "time_end_2": 3902824.534164875,
    "time_total_2": 0.5613961666822433,
    "time_start_3": 3902823972768750,
    "time_end_3": 3902824534165083,
    "time_total_3": 0.561396333
}