{
    "function_method_name": "extract_images_from_pdf_to_files",
    "time_start_1": 1770516093.150114,
    "time_end_1": 1770516093.7109592,
    "time_total_1": 0.560845136642456,
    "time_start_2": 4099087.262402583,
    "time_end_2": 4099087.823247333,
    "time_total_2": 0.5608447501435876,
    "time_start_3": 4099087262402625,
    "time_end_3": 4099087823247625,
    "time_total_3": 0.560845
}