{
    "function_method_name": "extract_images_from_pdf_to_files",
    "time_start_1": 1770568013.996139,
    "time_end_1": 1770568014.559735,
    "time_total_1": 0.5635960102081299,
    "time_start_2": 4151008.133573958,
    "time_end_2": 4151008.697169291,
    "time_total_2": 0.5635953326709569,
    "time_start_3": 4151008133574000,
    "time_end_3": 4151008697169416,
    "time_total_3": 0.563595416
}