{
    "function_method_name": "extract_tables_to_files_from_pdf_document",
    "time_start_1": 1765495734.206623,
    "time_end_1": 1765495743.802389,
    "time_total_1": 9.595765829086304,
    "time_start_2": 2404756.850580666,
    "time_end_2": 2404766.446273791,
    "time_total_2": 9.595693124923855,
    "time_start_3": 2404756850580750,
    "time_end_3": 2404766446274083,
    "time_total_3": 9.595693333
}