{
    "function_method_name": "extract_tables_to_files_from_pdf_document",
    "time_start_1": 1765483055.3771331,
    "time_end_1": 1765483096.0029151,
    "time_total_1": 40.62578201293945,
    "time_start_2": 2392078.084905625,
    "time_end_2": 2392118.710502375,
    "time_total_2": 40.62559675006196,
    "time_start_3": 2392078084905750,
    "time_end_3": 2392118710502666,
    "time_total_3": 40.625596916
}