{
    "function_method_name": "extract_tables_to_files_from_pdf_document",
    "time_start_1": 1765500890.555546,
    "time_end_1": 1765500899.128491,
    "time_total_1": 8.57294487953186,
    "time_start_2": 2409913.178365958,
    "time_end_2": 2409921.751256625,
    "time_total_2": 8.572890667244792,
    "time_start_3": 2409913178366125,
    "time_end_3": 2409921751256833,
    "time_total_3": 8.572890708
}