{
    "function_method_name": "extract_text_to_file_from_pdf_document",
    "time_start_1": 1769693809.736176,
    "time_end_1": 1769693820.630189,
    "time_total_1": 10.894012928009033,
    "time_start_2": 3293241.687116208,
    "time_end_2": 3293252.5811165,
    "time_total_2": 10.89400029182434,
    "time_start_3": 3293241687116500,
    "time_end_3": 3293252581116791,
    "time_total_3": 10.894000291
}