{
    "function_method_name": "extract_text_to_file_from_any_document",
    "time_start_1": 1770993113.588017,
    "time_end_1": 1770993114.850115,
    "time_total_1": 1.2620980739593506,
    "time_start_2": 19467.131255708,
    "time_end_2": 19468.393349041,
    "time_total_2": 1.2620933330035768,
    "time_start_3": 19467131255750,
    "time_end_3": 19468393349125,
    "time_total_3": 1.262093375
}