{
    "function_method_name": "extract_text_to_file_from_any_document",
    "time_start_1": 1772789421.331687,
    "time_end_1": 1772789422.33494,
    "time_total_1": 1.0032529830932617,
    "time_start_2": 963391.288829583,
    "time_end_2": 963392.292095625,
    "time_total_2": 1.0032660419819877,
    "time_start_3": 963391288830041,
    "time_end_3": 963392292096083,
    "time_total_3": 1.003266042
}