{
    "function_method_name": "extract_images_from_pdf_to_files",
    "time_start_1": 1771005479.8590379,
    "time_end_1": 1771005481.5122292,
    "time_total_1": 1.653191328048706,
    "time_start_2": 31833.370943458,
    "time_end_2": 31835.024131875,
    "time_total_2": 1.6531884169999103,
    "time_start_3": 31833370943500,
    "time_end_3": 31835024131958,
    "time_total_3": 1.653188458
}