{
    "function_method_name": "extract_images_from_pdf_to_files",
    "time_start_1": 1770514927.698905,
    "time_end_1": 1770514929.407323,
    "time_total_1": 1.7084178924560547,
    "time_start_2": 4097921.809970083,
    "time_end_2": 4097923.518384541,
    "time_total_2": 1.7084144577383995,
    "time_start_3": 4097921809970125,
    "time_end_3": 4097923518384875,
    "time_total_3": 1.70841475
}