{
    "function_method_name": "extract_images_from_pdf_to_files",
    "time_start_1": 1770302535.2766342,
    "time_end_1": 1770302537.002233,
    "time_total_1": 1.7255988121032715,
    "time_start_2": 3901967.719230958,
    "time_end_2": 3901969.444831083,
    "time_total_2": 1.7256001252681017,
    "time_start_3": 3901967719231000,
    "time_end_3": 3901969444831416,
    "time_total_3": 1.725600416
}