{
    "function_method_name": "extract_images_from_pdf_to_files",
    "time_start_1": 1770304394.425515,
    "time_end_1": 1770304396.135513,
    "time_total_1": 1.7099981307983398,
    "time_start_2": 3903826.868794208,
    "time_end_2": 3903828.578793541,
    "time_total_2": 1.7099993331357837,
    "time_start_3": 3903826868794291,
    "time_end_3": 3903828578793875,
    "time_total_3": 1.709999584
}