{
    "function_method_name": "extract_images_from_pdf_to_files",
    "time_start_1": 1770568745.727495,
    "time_end_1": 1770568747.441782,
    "time_total_1": 1.7142870426177979,
    "time_start_2": 4151739.862887625,
    "time_end_2": 4151741.577173041,
    "time_total_2": 1.7142854160629213,
    "time_start_3": 4151739862887666,
    "time_end_3": 4151741577173458,
    "time_total_3": 1.714285792
}