{
    "function_method_name": "extract_images_from_pdf_to_files",
    "time_start_1": 1770512192.412336,
    "time_end_1": 1770512194.126199,
    "time_total_1": 1.7138628959655762,
    "time_start_2": 4095186.530235625,
    "time_end_2": 4095188.244095333,
    "time_total_2": 1.7138597080484033,
    "time_start_3": 4095186530235708,
    "time_end_3": 4095188244095625,
    "time_total_3": 1.713859917
}