{
    "function_method_name": "extract_images_from_pdf_to_files",
    "time_start_1": 1771006082.5494761,
    "time_end_1": 1771006083.748053,
    "time_total_1": 1.1985769271850586,
    "time_start_2": 32436.045772583,
    "time_end_2": 32437.244343583,
    "time_total_2": 1.1985710000008112,
    "time_start_3": 32436045772625,
    "time_end_3": 32437244348500,
    "time_total_3": 1.198575875
}