{
    "function_method_name": "extract_images_from_pdf_to_files",
    "time_start_1": 1770516103.5514219,
    "time_end_1": 1770516105.263938,
    "time_total_1": 1.7125160694122314,
    "time_start_2": 4099097.663692416,
    "time_end_2": 4099099.376206208,
    "time_total_2": 1.7125137918628752,
    "time_start_3": 4099097663692458,
    "time_end_3": 4099099376206541,
    "time_total_3": 1.712514083
}