{
    "function_method_name": "extract_images_from_pdf_to_files",
    "time_start_1": 1771005392.18324,
    "time_end_1": 1771005393.8907342,
    "time_total_1": 1.7074942588806152,
    "time_start_2": 31745.695301458,
    "time_end_2": 31747.402793083,
    "time_total_2": 1.7074916250021488,
    "time_start_3": 31745695301541,
    "time_end_3": 31747402793375,
    "time_total_3": 1.707491834
}