{
    "function_method_name": "extract_images_from_pdf_to_files",
    "time_start_1": 1770511893.5037,
    "time_end_1": 1770511895.2140648,
    "time_total_1": 1.710364818572998,
    "time_start_2": 4094887.622423083,
    "time_end_2": 4094889.332784875,
    "time_total_2": 1.7103617917746305,
    "time_start_3": 4094887622423208,
    "time_end_3": 4094889332785208,
    "time_total_3": 1.710362
}