{
    "function_method_name": "extract_images_from_pdf_to_files",
    "time_start_1": 1770304674.807919,
    "time_end_1": 1770304676.548117,
    "time_total_1": 1.7401978969573975,
    "time_start_2": 3904107.251265916,
    "time_end_2": 3904108.99146425,
    "time_total_2": 1.740198333747685,
    "time_start_3": 3904107251265958,
    "time_end_3": 3904108991464708,
    "time_total_3": 1.74019875
}