{
    "function_method_name": "extract_images_from_pdf_to_files",
    "time_start_1": 1770304459.286298,
    "time_end_1": 1770304460.997152,
    "time_total_1": 1.7108540534973145,
    "time_start_2": 3903891.729592375,
    "time_end_2": 3903893.440447708,
    "time_total_2": 1.710855333134532,
    "time_start_3": 3903891729592416,
    "time_end_3": 3903893440448041,
    "time_total_3": 1.710855625
}