{
    "function_method_name": "extract_images_from_pdf_to_files",
    "time_start_1": 1770515162.964175,
    "time_end_1": 1770515164.674999,
    "time_total_1": 1.7108240127563477,
    "time_start_2": 4098157.074618291,
    "time_end_2": 4098158.785438416,
    "time_total_2": 1.71082012495026,
    "time_start_3": 4098157074618375,
    "time_end_3": 4098158785438750,
    "time_total_3": 1.710820375
}