{
    "function_method_name": "extract_images_from_pdf_to_files",
    "time_start_1": 1771004996.4938,
    "time_end_1": 1771004998.209429,
    "time_total_1": 1.7156291007995605,
    "time_start_2": 31350.006597916,
    "time_end_2": 31351.722224666,
    "time_total_2": 1.715626749999501,
    "time_start_3": 31350006597958,
    "time_end_3": 31351722225000,
    "time_total_3": 1.715627042
}