{
    "function_method_name": "extract_images_from_pdf_to_files",
    "time_start_1": 1770514414.918539,
    "time_end_1": 1770514416.6285539,
    "time_total_1": 1.710014820098877,
    "time_start_2": 4097409.030971625,
    "time_end_2": 4097410.740983416,
    "time_total_2": 1.710011790972203,
    "time_start_3": 4097409030971708,
    "time_end_3": 4097410740983708,
    "time_total_3": 1.710012
}