{
    "function_method_name": "extract_images_from_pdf_to_files",
    "time_start_1": 1770304502.341473,
    "time_end_1": 1770304504.049542,
    "time_total_1": 1.70806884765625,
    "time_start_2": 3903934.784778125,
    "time_end_2": 3903936.49284825,
    "time_total_2": 1.708070124965161,
    "time_start_3": 3903934784778208,
    "time_end_3": 3903936492848375,
    "time_total_3": 1.708070167
}