{
    "function_method_name": "extract_images_from_pdf_to_files",
    "time_start_1": 1770571979.2143428,
    "time_end_1": 1770571980.927091,
    "time_total_1": 1.7127480506896973,
    "time_start_2": 4154973.343995333,
    "time_end_2": 4154975.056813375,
    "time_total_2": 1.712818041909486,
    "time_start_3": 4154973343995375,
    "time_end_3": 4154975056813583,
    "time_total_3": 1.712818208
}