{
    "function_method_name": "extract_images_from_pdf_to_files",
    "time_start_1": 1770516018.18333,
    "time_end_1": 1770516019.900247,
    "time_total_1": 1.7169170379638672,
    "time_start_2": 4099012.295749625,
    "time_end_2": 4099014.012665083,
    "time_total_2": 1.7169154579751194,
    "time_start_3": 4099012295749708,
    "time_end_3": 4099014012665416,
    "time_total_3": 1.716915708
}