{
    "function_method_name": "extract_images_from_pdf_to_files",
    "time_start_1": 1770568549.389236,
    "time_end_1": 1770568551.104432,
    "time_total_1": 1.715196132659912,
    "time_start_2": 4151543.525123041,
    "time_end_2": 4151545.24031175,
    "time_total_2": 1.7151887090876698,
    "time_start_3": 4151543525123083,
    "time_end_3": 4151545240312083,
    "time_total_3": 1.715189
}