{
    "function_method_name": "extract_images_from_pdf_to_files",
    "time_start_1": 1771005436.313931,
    "time_end_1": 1771005438.02593,
    "time_total_1": 1.7119989395141602,
    "time_start_2": 31789.825913916,
    "time_end_2": 31791.537910041,
    "time_total_2": 1.711996124999132,
    "time_start_3": 31789825914000,
    "time_end_3": 31791537910375,
    "time_total_3": 1.711996375
}