{
    "function_method_name": "extract_images_from_pdf_to_files",
    "time_start_1": 1770514372.26458,
    "time_end_1": 1770514373.972089,
    "time_total_1": 1.7075090408325195,
    "time_start_2": 4097366.377125958,
    "time_end_2": 4097368.084630708,
    "time_total_2": 1.7075047502294183,
    "time_start_3": 4097366377126041,
    "time_end_3": 4097368084630958,
    "time_total_3": 1.707504917
}