{
    "function_method_name": "extract_images_from_pdf_to_files",
    "time_start_1": 1770514350.664607,
    "time_end_1": 1770514352.373394,
    "time_total_1": 1.708786964416504,
    "time_start_2": 4097344.777209916,
    "time_end_2": 4097346.485992541,
    "time_total_2": 1.7087826249189675,
    "time_start_3": 4097344777209958,
    "time_end_3": 4097346485992791,
    "time_total_3": 1.708782833
}