{
    "function_method_name": "extract_images_from_pdf_to_files",
    "time_start_1": 1770302815.728478,
    "time_end_1": 1770302817.439101,
    "time_total_1": 1.710623025894165,
    "time_start_2": 3902248.17112075,
    "time_end_2": 3902249.881744583,
    "time_total_2": 1.7106238333508372,
    "time_start_3": 3902248171120791,
    "time_end_3": 3902249881744791,
    "time_total_3": 1.710624
}