{
    "function_method_name": "extract_images_from_pdf_to_files",
    "time_start_1": 1770515184.2563782,
    "time_end_1": 1770515185.9639192,
    "time_total_1": 1.7075409889221191,
    "time_start_2": 4098178.366765958,
    "time_end_2": 4098180.074302541,
    "time_total_2": 1.70753658330068,
    "time_start_3": 4098178366766041,
    "time_end_3": 4098180074302791,
    "time_total_3": 1.70753675
}