{
    "function_method_name": "extract_images_from_pdf_to_files",
    "time_start_1": 1770566952.0333812,
    "time_end_1": 1770566953.74207,
    "time_total_1": 1.708688735961914,
    "time_start_2": 4149946.169130291,
    "time_end_2": 4149947.877814666,
    "time_total_2": 1.7086843750439584,
    "time_start_3": 4149946169130291,
    "time_end_3": 4149947877815000,
    "time_total_3": 1.708684709
}