{
    "function_method_name": "extract_images_from_pdf_to_files",
    "time_start_1": 1770511551.620208,
    "time_end_1": 1770511553.333462,
    "time_total_1": 1.7132539749145508,
    "time_start_2": 4094545.7398585,
    "time_end_2": 4094547.453109041,
    "time_total_2": 1.7132505406625569,
    "time_start_3": 4094545739858583,
    "time_end_3": 4094547453109375,
    "time_total_3": 1.713250792
}