{
    "function_method_name": "extract_images_from_pdf_to_files",
    "time_start_1": 1770568046.703546,
    "time_end_1": 1770568048.420465,
    "time_total_1": 1.7169189453125,
    "time_start_2": 4151040.840908791,
    "time_end_2": 4151042.557823583,
    "time_total_2": 1.7169147920794785,
    "time_start_3": 4151040840908833,
    "time_end_3": 4151042557824041,
    "time_total_3": 1.716915208
}