{
    "function_method_name": "extract_images_from_pdf_to_files",
    "time_start_1": 1770516210.1187341,
    "time_end_1": 1770516211.828733,
    "time_total_1": 1.7099988460540771,
    "time_start_2": 4099204.23081725,
    "time_end_2": 4099205.940814416,
    "time_total_2": 1.7099971659481525,
    "time_start_3": 4099204230817291,
    "time_end_3": 4099205940814916,
    "time_total_3": 1.709997625
}