{
    "function_method_name": "extract_images_from_pdf_to_files",
    "time_start_1": 1770571499.153793,
    "time_end_1": 1770571500.864915,
    "time_total_1": 1.7111217975616455,
    "time_start_2": 4154493.283018041,
    "time_end_2": 4154494.994137291,
    "time_total_2": 1.7111192499287426,
    "time_start_3": 4154493283018041,
    "time_end_3": 4154494994137541,
    "time_total_3": 1.7111195
}