{
    "function_method_name": "extract_images_from_pdf_to_files",
    "time_start_1": 1771004730.8565319,
    "time_end_1": 1771004732.579048,
    "time_total_1": 1.7225160598754883,
    "time_start_2": 31084.36979725,
    "time_end_2": 31086.09231075,
    "time_total_2": 1.7225134999971488,
    "time_start_3": 31084369797333,
    "time_end_3": 31086092311041,
    "time_total_3": 1.722513708
}