{
    "function_method_name": "extract_images_from_pdf_to_files",
    "time_start_1": 1770512854.703226,
    "time_end_1": 1770512856.411635,
    "time_total_1": 1.7084088325500488,
    "time_start_2": 4095848.819322958,
    "time_end_2": 4095850.52772775,
    "time_total_2": 1.7084047920070589,
    "time_start_3": 4095848819323000,
    "time_end_3": 4095850527728083,
    "time_total_3": 1.708405083
}