{
    "function_method_name": "extract_images_from_pdf_to_files",
    "time_start_1": 1770570276.14694,
    "time_end_1": 1770570277.8617852,
    "time_total_1": 1.7148451805114746,
    "time_start_2": 4153270.276870791,
    "time_end_2": 4153271.991712458,
    "time_total_2": 1.7148416670970619,
    "time_start_3": 4153270276870833,
    "time_end_3": 4153271991712708,
    "time_total_3": 1.714841875
}