{
    "function_method_name": "extract_images_from_pdf_to_files",
    "time_start_1": 1770302729.218768,
    "time_end_1": 1770302730.928281,
    "time_total_1": 1.7095131874084473,
    "time_start_2": 3902161.661396125,
    "time_end_2": 3902163.370910166,
    "time_total_2": 1.709514040965587,
    "time_start_3": 3902161661396208,
    "time_end_3": 3902163370910416,
    "time_total_3": 1.709514208
}