{
    "function_method_name": "extract_images_from_pdf_to_files",
    "time_start_1": 1770513282.246572,
    "time_end_1": 1770513283.954856,
    "time_total_1": 1.7082839012145996,
    "time_start_2": 4096276.361450166,
    "time_end_2": 4096278.069730541,
    "time_total_2": 1.7082803752273321,
    "time_start_3": 4096276361450250,
    "time_end_3": 4096278069731166,
    "time_total_3": 1.708280916
}