{
    "function_method_name": "extract_images_from_pdf_to_files",
    "time_start_1": 1770301541.249686,
    "time_end_1": 1770301542.975947,
    "time_total_1": 1.7262609004974365,
    "time_start_2": 3900973.6892815,
    "time_end_2": 3900975.415542416,
    "time_total_2": 1.726260915864259,
    "time_start_3": 3900973689281541,
    "time_end_3": 3900975415542916,
    "time_total_3": 1.726261375
}