{
    "function_method_name": "extract_images_from_pdf_to_files",
    "time_start_1": 1770516487.939692,
    "time_end_1": 1770516489.6477041,
    "time_total_1": 1.7080121040344238,
    "time_start_2": 4099482.051254916,
    "time_end_2": 4099483.759266041,
    "time_total_2": 1.708011125214398,
    "time_start_3": 4099482051255000,
    "time_end_3": 4099483759266583,
    "time_total_3": 1.708011583
}