{
    "function_method_name": "extract_images_from_pdf_to_files",
    "time_start_1": 1770302232.757317,
    "time_end_1": 1770302234.4729202,
    "time_total_1": 1.7156031131744385,
    "time_start_2": 3901665.199880375,
    "time_end_2": 3901666.915484625,
    "time_total_2": 1.7156042498536408,
    "time_start_3": 3901665199880458,
    "time_end_3": 3901666915485125,
    "time_total_3": 1.715604667
}