{
    "function_method_name": "extract_images_from_pdf_to_files",
    "time_start_1": 1770305824.861066,
    "time_end_1": 1770305826.570453,
    "time_total_1": 1.7093868255615234,
    "time_start_2": 3905257.304695958,
    "time_end_2": 3905259.014084333,
    "time_total_2": 1.7093883752822876,
    "time_start_3": 3905257304696000,
    "time_end_3": 3905259014084541,
    "time_total_3": 1.709388541
}