{
    "function_method_name": "extract_images_from_pdf_to_files",
    "time_start_1": 1770567893.538989,
    "time_end_1": 1770567895.248666,
    "time_total_1": 1.70967698097229,
    "time_start_2": 4150887.676689958,
    "time_end_2": 4150889.386363916,
    "time_total_2": 1.7096739578992128,
    "time_start_3": 4150887676690041,
    "time_end_3": 4150889386364208,
    "time_total_3": 1.709674167
}