{
    "function_method_name": "extract_images_from_pdf_to_files",
    "time_start_1": 1770571847.977247,
    "time_end_1": 1770571849.68855,
    "time_total_1": 1.7113029956817627,
    "time_start_2": 4154842.105720708,
    "time_end_2": 4154843.817020541,
    "time_total_2": 1.7112998329102993,
    "time_start_3": 4154842105720750,
    "time_end_3": 4154843817020791,
    "time_total_3": 1.711300041
}