{
    "function_method_name": "extract_images_from_pdf_to_files",
    "time_start_1": 1770568876.995492,
    "time_end_1": 1770568878.713988,
    "time_total_1": 1.7184960842132568,
    "time_start_2": 4151871.130591375,
    "time_end_2": 4151872.849085083,
    "time_total_2": 1.718493708409369,
    "time_start_3": 4151871130591458,
    "time_end_3": 4151872849085416,
    "time_total_3": 1.718493958
}