{
    "function_method_name": "extract_images_from_pdf_to_files",
    "time_start_1": 1770304610.3505669,
    "time_end_1": 1770304612.058149,
    "time_total_1": 1.7075822353363037,
    "time_start_2": 3904042.793898166,
    "time_end_2": 3904044.501481583,
    "time_total_2": 1.7075834167189896,
    "time_start_3": 3904042793898166,
    "time_end_3": 3904044501481791,
    "time_total_3": 1.707583625
}