{
    "function_method_name": "extract_images_from_pdf_to_files",
    "time_start_1": 1770514500.180762,
    "time_end_1": 1770514501.8886359,
    "time_total_1": 1.707873821258545,
    "time_start_2": 4097494.292969625,
    "time_end_2": 4097496.000840166,
    "time_total_2": 1.7078705411404371,
    "time_start_3": 4097494292969666,
    "time_end_3": 4097496000840708,
    "time_total_3": 1.707871042
}