{
    "function_method_name": "extract_images_from_pdf_to_files",
    "time_start_1": 1770511743.931856,
    "time_end_1": 1770511745.642289,
    "time_total_1": 1.710433006286621,
    "time_start_2": 4094738.050991041,
    "time_end_2": 4094739.761419958,
    "time_total_2": 1.710428916849196,
    "time_start_3": 4094738050991125,
    "time_end_3": 4094739761420083,
    "time_total_3": 1.710428958
}