{
    "function_method_name": "extract_images_from_pdf_to_files",
    "time_start_1": 1771755484.009094,
    "time_end_1": 1771755485.206111,
    "time_total_1": 1.197016954421997,
    "time_start_2": 211955.893005333,
    "time_end_2": 211957.090022208,
    "time_total_2": 1.1970168749976438,
    "time_start_3": 211955893005416,
    "time_end_3": 211957090022416,
    "time_total_3": 1.197017
}