{
    "function_method_name": "extract_images_from_pdf_to_files",
    "time_start_1": 1770571869.815521,
    "time_end_1": 1770571871.530826,
    "time_total_1": 1.7153050899505615,
    "time_start_2": 4154863.943947958,
    "time_end_2": 4154865.659250083,
    "time_total_2": 1.7153021250851452,
    "time_start_3": 4154863943948083,
    "time_end_3": 4154865659250333,
    "time_total_3": 1.71530225
}