{
    "function_method_name": "extract_images_from_pdf_to_files",
    "time_start_1": 1770514307.944271,
    "time_end_1": 1770514309.674818,
    "time_total_1": 1.7305469512939453,
    "time_start_2": 4097302.056986416,
    "time_end_2": 4097303.787529125,
    "time_total_2": 1.7305427086539567,
    "time_start_3": 4097302056986458,
    "time_end_3": 4097303787529333,
    "time_total_3": 1.730542875
}