{
    "function_method_name": "extract_images_from_pdf_to_files",
    "time_start_1": 1771004974.3502479,
    "time_end_1": 1771004976.063704,
    "time_total_1": 1.713456153869629,
    "time_start_2": 31327.863085166,
    "time_end_2": 31329.576538833,
    "time_total_2": 1.713453667001886,
    "time_start_3": 31327863085208,
    "time_end_3": 31329576539458,
    "time_total_3": 1.71345425
}