{
    "function_method_name": "extract_images_from_pdf_to_files",
    "time_start_1": 1770516060.814982,
    "time_end_1": 1770516062.5278778,
    "time_total_1": 1.7128958702087402,
    "time_start_2": 4099054.927327708,
    "time_end_2": 4099056.640221125,
    "time_total_2": 1.7128934171050787,
    "time_start_3": 4099054927327791,
    "time_end_3": 4099056640221416,
    "time_total_3": 1.712893625
}