{
    "function_method_name": "extract_images_from_pdf_to_files",
    "time_start_1": 1771005926.919053,
    "time_end_1": 1771005928.143905,
    "time_total_1": 1.2248518466949463,
    "time_start_2": 32280.430146833,
    "time_end_2": 32281.654997958,
    "time_total_2": 1.2248511249999865,
    "time_start_3": 32280430146958,
    "time_end_3": 32281654998333,
    "time_total_3": 1.224851375
}