{
    "function_method_name": "extract_images_from_pdf_to_files",
    "time_start_1": 1770569664.048557,
    "time_end_1": 1770569665.756481,
    "time_total_1": 1.7079238891601562,
    "time_start_2": 4152658.18004475,
    "time_end_2": 4152659.887965083,
    "time_total_2": 1.707920332904905,
    "time_start_3": 4152658180044791,
    "time_end_3": 4152659887965375,
    "time_total_3": 1.707920584
}