{
    "function_method_name": "extract_images_from_pdf_to_files",
    "time_start_1": 1770305695.8742259,
    "time_end_1": 1770305697.5832052,
    "time_total_1": 1.7089793682098389,
    "time_start_2": 3905128.317824916,
    "time_end_2": 3905130.026805541,
    "time_total_2": 1.7089806250296533,
    "time_start_3": 3905128317824958,
    "time_end_3": 3905130026805750,
    "time_total_3": 1.708980792
}