{
    "function_method_name": "extract_images_from_pdf_to_files",
    "time_start_1": 1770305027.2538738,
    "time_end_1": 1770305028.9634528,
    "time_total_1": 1.7095789909362793,
    "time_start_2": 3904459.697326958,
    "time_end_2": 3904461.4069075,
    "time_total_2": 1.709580541588366,
    "time_start_3": 3904459697327041,
    "time_end_3": 3904461406907833,
    "time_total_3": 1.709580792
}