{
    "function_method_name": "extract_images_from_pdf_to_files",
    "time_start_1": 1770571913.534625,
    "time_end_1": 1770571915.248254,
    "time_total_1": 1.7136290073394775,
    "time_start_2": 4154907.662957666,
    "time_end_2": 4154909.376582541,
    "time_total_2": 1.713624875061214,
    "time_start_3": 4154907662957708,
    "time_end_3": 4154909376582958,
    "time_total_3": 1.71362525
}