{
  "function_method_name": "extract_text_to_file_from_any_document",
  "time_start_1": 1783969809.298112,
  "time_end_1": 1783969811.1414132,
  "time_total_1": 1.8433012962341309,
  "time_start_2": 1338.141518375,
  "time_end_2": 1339.984825333,
  "time_total_2": 1.8433069579998573,
  "time_start_3": 1338141518416,
  "time_end_3": 1339984825625,
  "time_total_3": 1.843307209,
  "num_pages": 11,
  "pages_per_second_1": 5.967553987225544,
  "pages_per_second_2": 5.967535657726764,
  "pages_per_second_3": 5.967534845137146
}