{
    "function_method_name": "extract_tables_to_files_from_pdf_document",
    "time_start_1": 1765490363.3255548,
    "time_end_1": 1765490369.99889,
    "time_total_1": 6.673335075378418,
    "time_start_2": 2399385.989889208,
    "time_end_2": 2399392.66319225,
    "time_total_2": 6.6733030416071415,
    "time_start_3": 2399385989889291,
    "time_end_3": 2399392663192458,
    "time_total_3": 6.673303167
}