{
    "function_method_name": "extract_tables_to_files_from_pdf_document",
    "time_start_1": 1765495446.679606,
    "time_end_1": 1765495453.315553,
    "time_total_1": 6.635946989059448,
    "time_start_2": 2404469.32577125,
    "time_end_2": 2404475.961667166,
    "time_total_2": 6.635895916260779,
    "time_start_3": 2404469325771291,
    "time_end_3": 2404475961667458,
    "time_total_3": 6.635896167
}