{
    "function_method_name": "extract_tables_to_files_from_pdf_document",
    "time_start_1": 1765523128.936108,
    "time_end_1": 1765523135.907579,
    "time_total_1": 6.971470832824707,
    "time_start_2": 2432151.555158375,
    "time_end_2": 2432158.526625875,
    "time_total_2": 6.971467500086874,
    "time_start_3": 2432151555158458,
    "time_end_3": 2432158526626125,
    "time_total_3": 6.971467667
}