{
    "function_method_name": "extract_tables_to_files_from_pdf_document",
    "time_start_1": 1765514442.492568,
    "time_end_1": 1765514449.471096,
    "time_total_1": 6.978528022766113,
    "time_start_2": 2423465.159027291,
    "time_end_2": 2423472.137556833,
    "time_total_2": 6.978529542218894,
    "time_start_3": 2423465159027375,
    "time_end_3": 2423472137557291,
    "time_total_3": 6.978529916
}