{
    "function_method_name": "extract_tables_to_files_from_pdf_document",
    "time_start_1": 1765565640.273758,
    "time_end_1": 1765565647.408416,
    "time_total_1": 7.134658098220825,
    "time_start_2": 2451162.79695475,
    "time_end_2": 2451169.931590958,
    "time_total_2": 7.13463620794937,
    "time_start_3": 2451162796954875,
    "time_end_3": 2451169931591125,
    "time_total_3": 7.13463625
}