{
    "function_method_name": "extract_tables_to_files_from_pdf_document",
    "time_start_1": 1769787057.008804,
    "time_end_1": 1769787063.659186,
    "time_total_1": 6.650381803512573,
    "time_start_2": 3386488.896585666,
    "time_end_2": 3386495.546960625,
    "time_total_2": 6.650374958757311,
    "time_start_3": 3386488896585791,
    "time_end_3": 3386495546960875,
    "time_total_3": 6.650375084
}