{
    "function_method_name": "extract_tables_to_files_from_pdf_document",
    "time_start_1": 1769685665.5084229,
    "time_end_1": 1769685673.023087,
    "time_total_1": 7.514664173126221,
    "time_start_2": 3285097.486861875,
    "time_end_2": 3285105.001530541,
    "time_total_2": 7.514668666291982,
    "time_start_3": 3285097486862000,
    "time_end_3": 3285105001530708,
    "time_total_3": 7.514668708
}