{
    "function_method_name": "extract_tables_to_files_from_pdf_document",
    "time_start_1": 1769611073.4162261,
    "time_end_1": 1769611079.900736,
    "time_total_1": 6.4845099449157715,
    "time_start_2": 3210505.402496958,
    "time_end_2": 3210511.886987291,
    "time_total_2": 6.484490332659334,
    "time_start_3": 3210505402497041,
    "time_end_3": 3210511886987458,
    "time_total_3": 6.484490417
}