{
    "function_method_name": "extract_tables_to_files_from_pdf_document",
    "time_start_1": 1765475244.601783,
    "time_end_1": 1765475254.875227,
    "time_total_1": 10.273443937301636,
    "time_start_2": 2384267.368349583,
    "time_end_2": 2384277.641782291,
    "time_total_2": 10.273432707879692,
    "time_start_3": 2384267368349708,
    "time_end_3": 2384277641782541,
    "time_total_3": 10.273432833
}