{
    "function_method_name": "extract_tables_to_files_from_pdf_document",
    "time_start_1": 1765523233.728466,
    "time_end_1": 1765523240.846967,
    "time_total_1": 7.1185009479522705,
    "time_start_2": 2432256.347461041,
    "time_end_2": 2432263.465958666,
    "time_total_2": 7.118497624993324,
    "time_start_3": 2432256347461083,
    "time_end_3": 2432263465958833,
    "time_total_3": 7.11849775
}