{
    "function_method_name": "extract_text_to_file_from_any_document",
    "time_start_1": 1771668963.9732869,
    "time_end_1": 1771668964.003566,
    "time_total_1": 0.030279159545898438,
    "time_start_2": 125435.906507458,
    "time_end_2": 125435.93678675,
    "time_total_2": 0.030279291997430846,
    "time_start_3": 125435906507500,
    "time_end_3": 125435936786958,
    "time_total_3": 0.030279458
}