{
    "function_method_name": "extract_text_to_file_from_any_document",
    "time_start_1": 1771447129.493682,
    "time_end_1": 1771447129.523469,
    "time_total_1": 0.029787063598632812,
    "time_start_2": 437137.999827541,
    "time_end_2": 437138.029614458,
    "time_total_2": 0.02978691697353497,
    "time_start_3": 437137999827583,
    "time_end_3": 437138029614666,
    "time_total_3": 0.029787083
}