{
    "function_method_name": "extract_text_to_file_from_any_document",
    "time_start_1": 1765467178.06096,
    "time_end_1": 1765467182.147923,
    "time_total_1": 4.086962938308716,
    "time_start_2": 2376200.840631541,
    "time_end_2": 2376204.9275975,
    "time_total_2": 4.086965959053487,
    "time_start_3": 2376200840631625,
    "time_end_3": 2376204927597666,
    "time_total_3": 4.086966041
}