{
    "function_method_name": "extract_text_to_file_from_any_document",
    "time_start_1": 1771940815.624575,
    "time_end_1": 1771940815.6979961,
    "time_total_1": 0.07342123985290527,
    "time_start_2": 149717.992930333,
    "time_end_2": 149718.066351291,
    "time_total_2": 0.0734209579823073,
    "time_start_3": 149717992930375,
    "time_end_3": 149718066351458,
    "time_total_3": 0.073421083
}