{
    "function_method_name": "extract_text_to_file_from_any_document",
    "time_start_1": 1770993055.320686,
    "time_end_1": 1770993055.45522,
    "time_total_1": 0.13453388214111328,
    "time_start_2": 19408.86417875,
    "time_end_2": 19408.998712833,
    "time_total_2": 0.13453408300119918,
    "time_start_3": 19408864178916,
    "time_end_3": 19408998713000,
    "time_total_3": 0.134534084
}