{
    "function_method_name": "extract_text_to_file_from_any_document",
    "time_start_1": 1771571975.54385,
    "time_end_1": 1771571997.704581,
    "time_total_1": 22.160731077194214,
    "time_start_2": 39035.222600708,
    "time_end_2": 39057.383326208,
    "time_total_2": 22.16072549999808,
    "time_start_3": 39035222600791,
    "time_end_3": 39057383326375,
    "time_total_3": 22.160725584
}