{
    "function_method_name": "extract_text_to_file_from_any_document",
    "time_start_1": 1763204070.992651,
    "time_end_1": 1763204107.6898649,
    "time_total_1": 36.697213888168335,
    "time_start_2": 170281.279329291,
    "time_end_2": 170317.976441666,
    "time_total_2": 36.69711237499723,
    "time_start_3": 170281279329333,
    "time_end_3": 170317976441958,
    "time_total_3": 36.697112625
}