{
    "function_method_name": "extract_text_to_file_from_any_document",
    "time_start_1": 1763210719.646963,
    "time_end_1": 1763210745.798024,
    "time_total_1": 26.151061058044434,
    "time_start_2": 176929.873548916,
    "time_end_2": 176956.024336291,
    "time_total_2": 26.150787375023356,
    "time_start_3": 176929873549000,
    "time_end_3": 176956024336500,
    "time_total_3": 26.1507875
}