{
    "function_method_name": "extract_text_to_file_from_any_document",
    "time_start_1": 1763095112.918688,
    "time_end_1": 1763095149.392013,
    "time_total_1": 36.47332501411438,
    "time_start_2": 61323.483785333,
    "time_end_2": 61359.956297041,
    "time_total_2": 36.47251170799427,
    "time_start_3": 61323483785416,
    "time_end_3": 61359956297458,
    "time_total_3": 36.472512042
}