{
    "function_method_name": "extract_text_to_file_from_any_document",
    "time_start_1": 1763151461.9897149,
    "time_end_1": 1763151498.27188,
    "time_total_1": 36.28216505050659,
    "time_start_2": 117672.433785708,
    "time_end_2": 117708.716335291,
    "time_total_2": 36.282549583003856,
    "time_start_3": 117672433785750,
    "time_end_3": 117708716335500,
    "time_total_3": 36.28254975
}