{
    "function_method_name": "extract_text_to_file_from_any_document",
    "time_start_1": 1763898961.859336,
    "time_end_1": 1763898988.197272,
    "time_total_1": 26.33793616294861,
    "time_start_2": 834443.354188833,
    "time_end_2": 834469.691956791,
    "time_total_2": 26.33776795794256,
    "time_start_3": 834443354188916,
    "time_end_3": 834469691956916,
    "time_total_3": 26.337768
}