{
    "function_method_name": "extract_text_to_file_from_any_document",
    "time_start_1": 1763111414.035478,
    "time_end_1": 1763111450.135624,
    "time_total_1": 36.10014581680298,
    "time_start_2": 77624.533221958,
    "time_end_2": 77660.633369708,
    "time_total_2": 36.10014774999581,
    "time_start_3": 77624533222041,
    "time_end_3": 77660633370000,
    "time_total_3": 36.100147959
}