{
    "function_method_name": "extract_text_to_file_from_any_document",
    "time_start_1": 1771403530.166498,
    "time_end_1": 1771403536.9374888,
    "time_total_1": 6.77099084854126,
    "time_start_2": 410518.9868455,
    "time_end_2": 410525.757814208,
    "time_total_2": 6.770968707976863,
    "time_start_3": 410518986845583,
    "time_end_3": 410525757814458,
    "time_total_3": 6.770968875
}