{
    "function_method_name": "extract_text_to_file_from_any_document",
    "time_start_1": 1763119356.37675,
    "time_end_1": 1763119356.766979,
    "time_total_1": 0.3902289867401123,
    "time_start_2": 85566.814088958,
    "time_end_2": 85567.204314333,
    "time_total_2": 0.39022537499840837,
    "time_start_3": 85566814089000,
    "time_end_3": 85567204314666,
    "time_total_3": 0.390225666
}