{
    "function_method_name": "extract_text_to_file_from_any_document",
    "time_start_1": 1769787690.2545369,
    "time_end_1": 1769787691.49009,
    "time_total_1": 1.2355530261993408,
    "time_start_2": 3387122.141594541,
    "time_end_2": 3387123.377147083,
    "time_total_2": 1.2355525423772633,
    "time_start_3": 3387122141594583,
    "time_end_3": 3387123377147416,
    "time_total_3": 1.235552833
}