{
    "function_method_name": "extract_text_to_file_from_any_document",
    "time_start_1": 1763091510.528699,
    "time_end_1": 1763091557.255213,
    "time_total_1": 46.72651410102844,
    "time_start_2": 57721.096454333,
    "time_end_2": 57767.82353175,
    "time_total_2": 46.727077417002874,
    "time_start_3": 57721096454333,
    "time_end_3": 57767823531875,
    "time_total_3": 46.727077542
}