{
    "function_method_name": "extract_markdown_to_file_from_any_document_complex",
    "num_pages": 232,
    "time_start_1": 1763190573.612732,
    "time_end_1": 1763190620.02753,
    "time_total_1": 46.41479802131653,
    "pages_per_second_1": 4.99840589403085,
    "time_start_2": 156783.930992166,
    "time_end_2": 156830.34579375,
    "time_total_2": 46.414801584003726,
    "pages_per_second_2": 4.99840551036538,
    "time_start_3": 156783930992208,
    "time_end_3": 156830345793916,
    "time_total_3": 46.414801708,
    "pages_per_second_3": 4.998405497012233
}