{
    "function_method_name": "extract_text_to_file_from_any_document",
    "time_start_1": 1763160416.507705,
    "time_end_1": 1763160464.505134,
    "time_total_1": 47.99742913246155,
    "time_start_2": 126626.911564166,
    "time_end_2": 126674.909017916,
    "time_total_2": 47.99745374999475,
    "time_start_3": 126626911564291,
    "time_end_3": 126674909018041,
    "time_total_3": 47.99745375
}