{
    "function_method_name": "extract_markdown_to_file_from_any_document",
    "num_pages": 232,
    "time_start_1": 1763079053.983352,
    "time_end_1": 1763079100.518427,
    "time_total_1": 46.535074949264526,
    "pages_per_second_1": 4.985486759244313,
    "time_start_2": 45264.491476875,
    "time_end_2": 45311.026531875,
    "time_total_2": 46.535055000000284,
    "pages_per_second_2": 4.985488896488864,
    "time_start_3": 45264491477000,
    "time_end_3": 45311026532083,
    "time_total_3": 46.535055083,
    "pages_per_second_3": 4.985488887596768
}