{
    "function_method_name": "extract_text_to_file_from_any_document",
    "time_start_1": 1765464110.941292,
    "time_end_1": 1765464179.492831,
    "time_total_1": 68.55153894424438,
    "time_start_2": 2373133.693305458,
    "time_end_2": 2373202.244328541,
    "time_total_2": 68.55102308327332,
    "time_start_3": 2373133693305500,
    "time_end_3": 2373202244328666,
    "time_total_3": 68.551023166
}