{
    "function_method_name": "extract_text_to_file_from_any_document",
    "time_start_1": 1763079007.704969,
    "time_end_1": 1763079053.963702,
    "time_total_1": 46.25873303413391,
    "time_start_2": 45218.213113041,
    "time_end_2": 45264.471826666,
    "time_total_2": 46.25871362500038,
    "time_start_3": 45218213113125,
    "time_end_3": 45264471826791,
    "time_total_3": 46.258713666
}