{
    "function_method_name": "extract_text_to_file_from_any_document",
    "time_start_1": 1763223673.64989,
    "time_end_1": 1763223712.251733,
    "time_total_1": 38.6018431186676,
    "time_start_2": 189883.837568416,
    "time_end_2": 189922.439295416,
    "time_total_2": 38.60172700000112,
    "time_start_3": 189883837568458,
    "time_end_3": 189922439295708,
    "time_total_3": 38.60172725
}