{
    "function_method_name": "extract_text_to_file_from_any_document",
    "time_start_1": 1763208006.716212,
    "time_end_1": 1763208056.942222,
    "time_total_1": 50.22601008415222,
    "time_start_2": 174216.967947791,
    "time_end_2": 174267.1935785,
    "time_total_2": 50.22563070899923,
    "time_start_3": 174216967947958,
    "time_end_3": 174267193578583,
    "time_total_3": 50.225630625
}