{
    "function_method_name": "extract_markdown_to_file_from_any_document",
    "num_pages": 232,
    "time_start_1": 1763155448.1937091,
    "time_end_1": 1763155494.9718752,
    "time_total_1": 46.77816605567932,
    "pages_per_second_1": 4.959578785620924,
    "time_start_2": 121658.584823,
    "time_end_2": 121705.367475916,
    "time_total_2": 46.782652916008374,
    "pages_per_second_2": 4.959103119195124,
    "time_start_3": 121658584823041,
    "time_end_3": 121705367475958,
    "time_total_3": 46.782652917,
    "pages_per_second_3": 4.959103119090009
}