{
    "function_method_name": "extract_markdown_to_file_from_any_document",
    "num_pages": 232,
    "time_start_1": 1763120362.6706219,
    "time_end_1": 1763120410.8054452,
    "time_total_1": 48.13482332229614,
    "pages_per_second_1": 4.8197953994055105,
    "time_start_2": 86573.097183875,
    "time_end_2": 86621.23149075,
    "time_total_2": 48.13430687499931,
    "pages_per_second_2": 4.819847112424081,
    "time_start_3": 86573097184041,
    "time_end_3": 86621231490916,
    "time_total_3": 48.134306875,
    "pages_per_second_3": 4.819847112424012
}