{
    "function_method_name": "extract_markdown_to_file_from_any_document",
    "num_pages": 232,
    "time_start_1": 1763089062.919091,
    "time_end_1": 1763089108.584333,
    "time_total_1": 45.665241956710815,
    "pages_per_second_1": 5.080450470840132,
    "time_start_2": 55273.463591125,
    "time_end_2": 55319.128499041,
    "time_total_2": 45.6649079159979,
    "pages_per_second_2": 5.080487634547991,
    "time_start_3": 55273463591250,
    "time_end_3": 55319128499125,
    "time_total_3": 45.664907875,
    "pages_per_second_3": 5.080487639109247
}