{
    "function_method_name": "extract_text_to_file_from_any_document",
    "time_start_1": 1772235345.627221,
    "time_end_1": 1772235669.7736561,
    "time_total_1": 324.1464350223541,
    "time_start_2": 423076.183340166,
    "time_end_2": 423400.328614833,
    "time_total_2": 324.1452746670111,
    "time_start_3": 423076183340583,
    "time_end_3": 423400328615000,
    "time_total_3": 324.145274417
}