{
    "function_method_name": "extract_text_to_file_from_any_document",
    "time_start_1": 1772663543.4643672,
    "time_end_1": 1772663795.79894,
    "time_total_1": 252.33457279205322,
    "time_start_2": 851273.846042125,
    "time_end_2": 851526.180255458,
    "time_total_2": 252.33421333297156,
    "time_start_3": 851273846042291,
    "time_end_3": 851526180255500,
    "time_total_3": 252.334213209
}