{
    "function_method_name": "extract_tables_to_files_from_pdf_document",
    "time_start_1": 1769626566.514606,
    "time_end_1": 1769626586.5124302,
    "time_total_1": 19.99782419204712,
    "time_start_2": 3225998.447154458,
    "time_end_2": 3226018.444903416,
    "time_total_2": 19.997748957946897,
    "time_start_3": 3225998447154625,
    "time_end_3": 3226018444903583,
    "time_total_3": 19.997748958
}