{
    "function_method_name": "extract_tables_to_files_from_pdf_document",
    "time_start_1": 1769635554.503113,
    "time_end_1": 1769635573.071985,
    "time_total_1": 18.56887197494507,
    "time_start_2": 3234986.409983333,
    "time_end_2": 3235004.978825875,
    "time_total_2": 18.56884254189208,
    "time_start_3": 3234986409983500,
    "time_end_3": 3235004978826083,
    "time_total_3": 18.568842583
}