{
    "function_method_name": "extract_tables_to_files_from_pdf_document",
    "time_start_1": 1769309923.633713,
    "time_end_1": 1769309942.4790242,
    "time_total_1": 18.845311164855957,
    "time_start_2": 2914152.6754855,
    "time_end_2": 2914171.520745375,
    "time_total_2": 18.845259875059128,
    "time_start_3": 2914152675485708,
    "time_end_3": 2914171520745458,
    "time_total_3": 18.84525975
}