{
    "function_method_name": "extract_tables_to_files_from_pdf_document",
    "time_start_1": 1769292061.6620128,
    "time_end_1": 1769292080.3320231,
    "time_total_1": 18.670010328292847,
    "time_start_2": 2896290.756538958,
    "time_end_2": 2896309.426467708,
    "time_total_2": 18.669928750023246,
    "time_start_3": 2896290756539166,
    "time_end_3": 2896309426467833,
    "time_total_3": 18.669928667
}