{
    "function_method_name": "extract_tables_to_files_from_pdf_document",
    "time_start_1": 1769408154.4981482,
    "time_end_1": 1769408174.3802938,
    "time_total_1": 19.882145643234253,
    "time_start_2": 3012383.388457208,
    "time_end_2": 3012403.27058575,
    "time_total_2": 19.882128542289138,
    "time_start_3": 3012383388457333,
    "time_end_3": 3012403270585916,
    "time_total_3": 19.882128583
}