{
    "function_method_name": "extract_tables_to_files_from_pdf_document",
    "time_start_1": 1769284636.0729961,
    "time_end_1": 1769284649.327606,
    "time_total_1": 13.254609823226929,
    "time_start_2": 2888865.202147958,
    "time_end_2": 2888878.456469458,
    "time_total_2": 13.254321500193328,
    "time_start_3": 2888865202148000,
    "time_end_3": 2888878456469625,
    "time_total_3": 13.254321625
}