{
    "function_method_name": "extract_tables_to_files_from_pdf_document",
    "time_start_1": 1769313454.850032,
    "time_end_1": 1769313455.2092538,
    "time_total_1": 0.3592216968536377,
    "time_start_2": 2917683.880176416,
    "time_end_2": 2917684.2393975,
    "time_total_2": 0.3592210840433836,
    "time_start_3": 2917683880176500,
    "time_end_3": 2917684239397625,
    "time_total_3": 0.359221125
}