{
    "function_method_name": "extract_tables_to_files_from_pdf_document",
    "time_start_1": 1769431652.6662982,
    "time_end_1": 1769431653.028237,
    "time_total_1": 0.3619389533996582,
    "time_start_2": 3035881.478058333,
    "time_end_2": 3035881.839996,
    "time_total_2": 0.36193766677752137,
    "time_start_3": 3035881478058375,
    "time_end_3": 3035881839996166,
    "time_total_3": 0.361937791
}