{
    "function_method_name": "extract_tables_to_files_from_pdf_document",
    "time_start_1": 1769622856.020446,
    "time_end_1": 1769622856.3806012,
    "time_total_1": 0.3601551055908203,
    "time_start_2": 3222287.970298125,
    "time_end_2": 3222288.330452291,
    "time_total_2": 0.3601541658863425,
    "time_start_3": 3222287970298166,
    "time_end_3": 3222288330452458,
    "time_total_3": 0.360154292
}