{
    "function_method_name": "extract_tables_to_files_from_pdf_document",
    "time_start_1": 1769286038.0316238,
    "time_end_1": 1769286038.2801359,
    "time_total_1": 0.24851202964782715,
    "time_start_2": 2890267.156884,
    "time_end_2": 2890267.405395166,
    "time_total_2": 0.2485111658461392,
    "time_start_3": 2890267156884041,
    "time_end_3": 2890267405395291,
    "time_total_3": 0.24851125
}