{
    "function_method_name": "extract_tables_to_files_from_pdf_document",
    "time_start_1": 1769428213.419522,
    "time_end_1": 1769428213.8338208,
    "time_total_1": 0.41429877281188965,
    "time_start_2": 3032442.246940583,
    "time_end_2": 3032442.66123825,
    "time_total_2": 0.4142976668663323,
    "time_start_3": 3032442246940708,
    "time_end_3": 3032442661238375,
    "time_total_3": 0.414297667
}