{
    "function_method_name": "extract_tables_to_files_from_pdf_document",
    "time_start_1": 1769338218.44346,
    "time_end_1": 1769338218.804447,
    "time_total_1": 0.36098694801330566,
    "time_start_2": 2942447.412841875,
    "time_end_2": 2942447.773829041,
    "time_total_2": 0.3609871659427881,
    "time_start_3": 2942447412841958,
    "time_end_3": 2942447773829208,
    "time_total_3": 0.36098725
}