{
    "function_method_name": "extract_text_to_file_from_any_document",
    "time_start_1": 1769680559.3749352,
    "time_end_1": 1769680562.028768,
    "time_total_1": 2.6538329124450684,
    "time_start_2": 3279991.357254041,
    "time_end_2": 3279994.011092625,
    "time_total_2": 2.6538385841995478,
    "time_start_3": 3279991357254083,
    "time_end_3": 3279994011092791,
    "time_total_3": 2.653838708
}