{
    "function_method_name": "extract_images_from_pdf_to_files",
    "time_start_1": 1769716996.343434,
    "time_end_1": 1769717002.234685,
    "time_total_1": 5.891250848770142,
    "time_start_2": 3316428.225989875,
    "time_end_2": 3316434.117235041,
    "time_total_2": 5.891245166305453,
    "time_start_3": 3316428225990000,
    "time_end_3": 3316434117235250,
    "time_total_3": 5.89124525
}