{
    "function_method_name": "extract_images_from_pdf_to_files",
    "time_start_1": 1769405430.8155992,
    "time_end_1": 1769405433.792588,
    "time_total_1": 2.9769887924194336,
    "time_start_2": 3009659.709319041,
    "time_end_2": 3009662.686306375,
    "time_total_2": 2.9769873339682817,
    "time_start_3": 3009659709319083,
    "time_end_3": 3009662686306666,
    "time_total_3": 2.976987583
}