{
    "function_method_name": "extract_text_to_file_from_any_document",
    "time_start_1": 1770550189.714643,
    "time_end_1": 1770550191.722513,
    "time_total_1": 2.0078699588775635,
    "time_start_2": 4133183.9067375,
    "time_end_2": 4133185.914614458,
    "time_total_2": 2.007876958232373,
    "time_start_3": 4133183906737541,
    "time_end_3": 4133185914614541,
    "time_total_3": 2.007877
}