{
    "function_method_name": "extract_tables_to_files_from_pdf_document",
    "time_start_1": 1769310584.1071591,
    "time_end_1": 1769310584.936491,
    "time_total_1": 0.8293318748474121,
    "time_start_2": 2914813.146333458,
    "time_end_2": 2914813.975655666,
    "time_total_2": 0.8293222081847489,
    "time_start_3": 2914813146333541,
    "time_end_3": 2914813975655791,
    "time_total_3": 0.82932225
}