{
    "function_method_name": "extract_tables_to_files_from_pdf_document",
    "time_start_1": 1769300818.458092,
    "time_end_1": 1769300819.285337,
    "time_total_1": 0.8272449970245361,
    "time_start_2": 2905047.52289975,
    "time_end_2": 2905048.350141916,
    "time_total_2": 0.8272421658039093,
    "time_start_3": 2905047522899916,
    "time_end_3": 2905048350142000,
    "time_total_3": 0.827242084
}