{
    "function_method_name": "extract_images_from_pdf_to_files",
    "time_start_1": 1770567136.639107,
    "time_end_1": 1770567136.7300858,
    "time_total_1": 0.09097886085510254,
    "time_start_2": 4150130.7784405,
    "time_end_2": 4150130.869421208,
    "time_total_2": 0.090980707667768,
    "time_start_3": 4150130778440583,
    "time_end_3": 4150130869421541,
    "time_total_3": 0.090980958
}