{
    "function_method_name": "extract_images_from_pdf_to_files",
    "time_start_1": 1770569194.617959,
    "time_end_1": 1770569194.7094898,
    "time_total_1": 0.09153079986572266,
    "time_start_2": 4152188.752337833,
    "time_end_2": 4152188.843869291,
    "time_total_2": 0.09153145784512162,
    "time_start_3": 4152188752337875,
    "time_end_3": 4152188843869583,
    "time_total_3": 0.091531708
}