{
    "function_method_name": "extract_images_from_pdf_to_files",
    "time_start_1": 1770304275.546638,
    "time_end_1": 1770304275.6370099,
    "time_total_1": 0.09037184715270996,
    "time_start_2": 3903707.989888375,
    "time_end_2": 3903708.080260708,
    "time_total_2": 0.09037233283743262,
    "time_start_3": 3903707989888458,
    "time_end_3": 3903708080260750,
    "time_total_3": 0.090372292
}