{
    "function_method_name": "extract_images_from_pdf_to_files",
    "time_start_1": 1770515686.137474,
    "time_end_1": 1770515686.228823,
    "time_total_1": 0.09134888648986816,
    "time_start_2": 4098680.246538375,
    "time_end_2": 4098680.337886833,
    "time_total_2": 0.09134845808148384,
    "time_start_3": 4098680246538458,
    "time_end_3": 4098680337887125,
    "time_total_3": 0.091348667
}