{
    "function_method_name": "extract_images_from_pdf_to_files",
    "time_start_1": 1770569478.218247,
    "time_end_1": 1770569478.310082,
    "time_total_1": 0.09183502197265625,
    "time_start_2": 4152472.351651208,
    "time_end_2": 4152472.443477458,
    "time_total_2": 0.09182624984532595,
    "time_start_3": 4152472351651250,
    "time_end_3": 4152472443477541,
    "time_total_3": 0.091826291
}