{
    "function_method_name": "extract_images_from_pdf_to_files",
    "time_start_1": 1770305187.905864,
    "time_end_1": 1770305187.9977338,
    "time_total_1": 0.09186983108520508,
    "time_start_2": 3904620.349355583,
    "time_end_2": 3904620.441226541,
    "time_total_2": 0.09187095798552036,
    "time_start_3": 3904620349355666,
    "time_end_3": 3904620441226708,
    "time_total_3": 0.091871042
}