{
    "function_method_name": "extract_images_from_pdf_to_files",
    "time_start_1": 1770567530.7129679,
    "time_end_1": 1770567530.8044128,
    "time_total_1": 0.0914449691772461,
    "time_start_2": 4150524.851494083,
    "time_end_2": 4150524.94293925,
    "time_total_2": 0.09144516661763191,
    "time_start_3": 4150524851494166,
    "time_end_3": 4150524942939416,
    "time_total_3": 0.09144525
}