{
    "function_method_name": "extract_images_from_pdf_to_files",
    "time_start_1": 1770512287.83776,
    "time_end_1": 1770512287.92896,
    "time_total_1": 0.09120011329650879,
    "time_start_2": 4095281.955416958,
    "time_end_2": 4095282.046617375,
    "time_total_2": 0.0912004173733294,
    "time_start_3": 4095281955417000,
    "time_end_3": 4095282046617833,
    "time_total_3": 0.091200833
}