{
    "function_method_name": "extract_images_from_pdf_to_files",
    "time_start_1": 1770569914.505035,
    "time_end_1": 1770569914.596956,
    "time_total_1": 0.09192109107971191,
    "time_start_2": 4152908.635912916,
    "time_end_2": 4152908.727835208,
    "time_total_2": 0.09192229202017188,
    "time_start_3": 4152908635912958,
    "time_end_3": 4152908727835708,
    "time_total_3": 0.09192275
}