{
    "function_method_name": "extract_images_from_pdf_to_files",
    "time_start_1": 1770571531.3125288,
    "time_end_1": 1770571531.403618,
    "time_total_1": 0.09108924865722656,
    "time_start_2": 4154525.441684583,
    "time_end_2": 4154525.532774125,
    "time_total_2": 0.09108954202383757,
    "time_start_3": 4154525441684666,
    "time_end_3": 4154525532774208,
    "time_total_3": 0.091089542
}