{
    "function_method_name": "extract_images_from_pdf_to_files",
    "time_start_1": 1770301508.4245608,
    "time_end_1": 1770301508.5151622,
    "time_total_1": 0.09060144424438477,
    "time_start_2": 3900940.864171708,
    "time_end_2": 3900940.954773125,
    "time_total_2": 0.09060141677036881,
    "time_start_3": 3900940864171750,
    "time_end_3": 3900940954773166,
    "time_total_3": 0.090601416
}