{
    "function_method_name": "extract_images_from_pdf_to_files",
    "time_start_1": 1770512928.932068,
    "time_end_1": 1770512929.025394,
    "time_total_1": 0.09332585334777832,
    "time_start_2": 4095923.047960083,
    "time_end_2": 4095923.1412865,
    "time_total_2": 0.09332641679793596,
    "time_start_3": 4095923047960125,
    "time_end_3": 4095923141286583,
    "time_total_3": 0.093326458
}