{
    "function_method_name": "extract_images_from_pdf_to_files",
    "time_start_1": 1771005980.616828,
    "time_end_1": 1771005980.683483,
    "time_total_1": 0.06665492057800293,
    "time_start_2": 32334.125725458,
    "time_end_2": 32334.192328875,
    "time_total_2": 0.06660341699898709,
    "time_start_3": 32334125725541,
    "time_end_3": 32334192329166,
    "time_total_3": 0.066603625
}