{
    "function_method_name": "extract_images_from_pdf_to_files",
    "time_start_1": 1770514916.436952,
    "time_end_1": 1770514916.5289412,
    "time_total_1": 0.09198904037475586,
    "time_start_2": 4097910.548047041,
    "time_end_2": 4097910.640036458,
    "time_total_2": 0.09198941709473729,
    "time_start_3": 4097910548047125,
    "time_end_3": 4097910640036583,
    "time_total_3": 0.091989458
}