{
    "function_method_name": "extract_images_from_pdf_to_files",
    "time_start_1": 1770571749.3428,
    "time_end_1": 1770571749.43403,
    "time_total_1": 0.09123015403747559,
    "time_start_2": 4154743.471485791,
    "time_end_2": 4154743.562716208,
    "time_total_2": 0.09123041713610291,
    "time_start_3": 4154743471485875,
    "time_end_3": 4154743562716416,
    "time_total_3": 0.091230541
}