{
    "function_method_name": "extract_images_from_pdf_to_files",
    "time_start_1": 1770514959.30041,
    "time_end_1": 1770514959.392166,
    "time_total_1": 0.09175586700439453,
    "time_start_2": 4097953.411391791,
    "time_end_2": 4097953.503147833,
    "time_total_2": 0.09175604209303856,
    "time_start_3": 4097953411391833,
    "time_end_3": 4097953503147916,
    "time_total_3": 0.091756083
}