{
    "function_method_name": "extract_images_from_pdf_to_files",
    "time_start_1": 1770302199.756046,
    "time_end_1": 1770302199.846914,
    "time_total_1": 0.09086799621582031,
    "time_start_2": 3901632.198604041,
    "time_end_2": 3901632.289471958,
    "time_total_2": 0.09086791705340147,
    "time_start_3": 3901632198604125,
    "time_end_3": 3901632289472041,
    "time_total_3": 0.090867916
}