{
    "function_method_name": "extract_images_from_pdf_to_files",
    "time_start_1": 1770515472.294146,
    "time_end_1": 1770515472.385032,
    "time_total_1": 0.09088587760925293,
    "time_start_2": 4098466.403774666,
    "time_end_2": 4098466.494660125,
    "time_total_2": 0.09088545897975564,
    "time_start_3": 4098466403774708,
    "time_end_3": 4098466494660416,
    "time_total_3": 0.090885708
}