{
    "function_method_name": "extract_images_from_pdf_to_files",
    "time_start_1": 1770515707.430254,
    "time_end_1": 1770515707.521884,
    "time_total_1": 0.0916299819946289,
    "time_start_2": 4098701.539261541,
    "time_end_2": 4098701.630891833,
    "time_total_2": 0.09163029212504625,
    "time_start_3": 4098701539261625,
    "time_end_3": 4098701630892250,
    "time_total_3": 0.091630625
}