{
    "function_method_name": "extract_images_from_pdf_to_files",
    "time_start_1": 1770512223.886235,
    "time_end_1": 1770512223.977806,
    "time_total_1": 0.09157109260559082,
    "time_start_2": 4095218.004048583,
    "time_end_2": 4095218.095619583,
    "time_total_2": 0.09157099993899465,
    "time_start_3": 4095218004048625,
    "time_end_3": 4095218095619833,
    "time_total_3": 0.091571208
}