{
    "function_method_name": "extract_images_from_pdf_to_files",
    "time_start_1": 1770305921.2891111,
    "time_end_1": 1770305921.380864,
    "time_total_1": 0.09175276756286621,
    "time_start_2": 3905353.732755791,
    "time_end_2": 3905353.824509041,
    "time_total_2": 0.09175324998795986,
    "time_start_3": 3905353732755916,
    "time_end_3": 3905353824509458,
    "time_total_3": 0.091753542
}