{
    "function_method_name": "extract_images_from_pdf_to_files",
    "time_start_1": 1771004365.618569,
    "time_end_1": 1771004365.6790771,
    "time_total_1": 0.06050825119018555,
    "time_start_2": 30719.130063083,
    "time_end_2": 30719.190571083,
    "time_total_2": 0.060507999998662854,
    "time_start_3": 30719130063125,
    "time_end_3": 30719190571166,
    "time_total_3": 0.060508041
}