{
    "function_method_name": "extract_images_from_pdf_to_files",
    "time_start_1": 1771004918.6880739,
    "time_end_1": 1771004918.779236,
    "time_total_1": 0.09116220474243164,
    "time_start_2": 31272.201010416,
    "time_end_2": 31272.292172666,
    "time_total_2": 0.091162249998888,
    "time_start_3": 31272201010500,
    "time_end_3": 31272292172958,
    "time_total_3": 0.091162458
}