{
    "function_method_name": "extract_images_from_pdf_to_files",
    "time_start_1": 1770304907.523337,
    "time_end_1": 1770304907.6140249,
    "time_total_1": 0.09068799018859863,
    "time_start_2": 3904339.966761083,
    "time_end_2": 3904340.057449958,
    "time_total_2": 0.09068887494504452,
    "time_start_3": 3904339966761125,
    "time_end_3": 3904340057450000,
    "time_total_3": 0.090688875
}