{
    "function_method_name": "extract_images_from_pdf_to_files",
    "time_start_1": 1770304771.500075,
    "time_end_1": 1770304771.590889,
    "time_total_1": 0.09081387519836426,
    "time_start_2": 3904203.943445166,
    "time_end_2": 3904204.034258541,
    "time_total_2": 0.09081337507814169,
    "time_start_3": 3904203943445250,
    "time_end_3": 3904204034258625,
    "time_total_3": 0.090813375
}