{
    "function_method_name": "extract_images_from_pdf_to_files",
    "time_start_1": 1770516626.485742,
    "time_end_1": 1770516626.579703,
    "time_total_1": 0.09396100044250488,
    "time_start_2": 4099620.59706175,
    "time_end_2": 4099620.691023583,
    "time_total_2": 0.09396183304488659,
    "time_start_3": 4099620597061833,
    "time_end_3": 4099620691023708,
    "time_total_3": 0.093961875
}