{
    "function_method_name": "extract_images_from_pdf_to_files",
    "time_start_1": 1770571814.4570408,
    "time_end_1": 1770571814.548182,
    "time_total_1": 0.0911412239074707,
    "time_start_2": 4154808.585586333,
    "time_end_2": 4154808.676728833,
    "time_total_2": 0.09114249981939793,
    "time_start_3": 4154808585586416,
    "time_end_3": 4154808676729000,
    "time_total_3": 0.091142584
}