{
    "function_method_name": "extract_images_from_pdf_to_files",
    "time_start_1": 1770512565.739327,
    "time_end_1": 1770512565.831637,
    "time_total_1": 0.09230995178222656,
    "time_start_2": 4095559.856219416,
    "time_end_2": 4095559.948530208,
    "time_total_2": 0.09231079183518887,
    "time_start_3": 4095559856219500,
    "time_end_3": 4095559948530625,
    "time_total_3": 0.092311125
}