{
    "function_method_name": "extract_images_from_pdf_to_files",
    "time_start_1": 1770303628.058342,
    "time_end_1": 1770303628.1501582,
    "time_total_1": 0.09181618690490723,
    "time_start_2": 3903060.501109291,
    "time_end_2": 3903060.592926166,
    "time_total_2": 0.09181687515228987,
    "time_start_3": 3903060501109375,
    "time_end_3": 3903060592926375,
    "time_total_3": 0.091817
}