{
    "function_method_name": "extract_images_from_pdf_to_files",
    "time_start_1": 1770567640.51208,
    "time_end_1": 1770567640.604185,
    "time_total_1": 0.09210515022277832,
    "time_start_2": 4150634.650364958,
    "time_end_2": 4150634.742469416,
    "time_total_2": 0.0921044577844441,
    "time_start_3": 4150634650365041,
    "time_end_3": 4150634742469500,
    "time_total_3": 0.092104459
}