{
    "function_method_name": "extract_images_from_pdf_to_files",
    "time_start_1": 1770569979.809242,
    "time_end_1": 1770569979.900238,
    "time_total_1": 0.09099602699279785,
    "time_start_2": 4152973.939949458,
    "time_end_2": 4152974.030945708,
    "time_total_2": 0.09099625004455447,
    "time_start_3": 4152973939949541,
    "time_end_3": 4152974030946041,
    "time_total_3": 0.0909965
}