{
    "function_method_name": "extract_images_from_pdf_to_files",
    "time_start_1": 1770516049.701667,
    "time_end_1": 1770516049.792922,
    "time_total_1": 0.09125494956970215,
    "time_start_2": 4099043.81403175,
    "time_end_2": 4099043.905287583,
    "time_total_2": 0.09125583292916417,
    "time_start_3": 4099043814031833,
    "time_end_3": 4099043905287833,
    "time_total_3": 0.091256
}