{
    "function_method_name": "extract_images_from_pdf_to_files",
    "time_start_1": 1770304404.589712,
    "time_end_1": 1770304404.680588,
    "time_total_1": 0.09087610244750977,
    "time_start_2": 3903837.032994,
    "time_end_2": 3903837.123870416,
    "time_total_2": 0.09087641630321741,
    "time_start_3": 3903837032994041,
    "time_end_3": 3903837123870583,
    "time_total_3": 0.090876542
}