{
    "function_method_name": "extract_images_from_pdf_to_files",
    "time_start_1": 1770303887.526711,
    "time_end_1": 1770303887.6169689,
    "time_total_1": 0.09025788307189941,
    "time_start_2": 3903319.969868125,
    "time_end_2": 3903320.06012575,
    "time_total_2": 0.09025762509554625,
    "time_start_3": 3903319969868166,
    "time_end_3": 3903320060125791,
    "time_total_3": 0.090257625
}