{
    "function_method_name": "extract_images_from_pdf_to_files",
    "time_start_1": 1770567443.486423,
    "time_end_1": 1770567443.5776992,
    "time_total_1": 0.09127616882324219,
    "time_start_2": 4150437.625141208,
    "time_end_2": 4150437.716417958,
    "time_total_2": 0.09127674996852875,
    "time_start_3": 4150437625141250,
    "time_end_3": 4150437716418166,
    "time_total_3": 0.091276916
}