{
    "function_method_name": "extract_images_from_pdf_to_files",
    "time_start_1": 1770304577.046834,
    "time_end_1": 1770304577.138974,
    "time_total_1": 0.09213995933532715,
    "time_start_2": 3904009.49015725,
    "time_end_2": 3904009.582297458,
    "time_total_2": 0.09214020799845457,
    "time_start_3": 3904009490157291,
    "time_end_3": 3904009582297666,
    "time_total_3": 0.092140375
}