{
    "function_method_name": "extract_images_from_pdf_to_files",
    "time_start_1": 1771004303.912163,
    "time_end_1": 1771004303.973221,
    "time_total_1": 0.06105804443359375,
    "time_start_2": 30657.42379875,
    "time_end_2": 30657.484856166,
    "time_total_2": 0.061057416001858655,
    "time_start_3": 30657423798833,
    "time_end_3": 30657484856333,
    "time_total_3": 0.0610575
}