{
    "function_method_name": "extract_images_from_pdf_to_files",
    "time_start_1": 1770512800.924293,
    "time_end_1": 1770512801.016356,
    "time_total_1": 0.09206295013427734,
    "time_start_2": 4095795.040538333,
    "time_end_2": 4095795.132601708,
    "time_total_2": 0.09206337528303266,
    "time_start_3": 4095795040538375,
    "time_end_3": 4095795132602250,
    "time_total_3": 0.092063875
}