{
    "function_method_name": "extract_images_from_pdf_to_files",
    "time_start_1": 1770514980.621535,
    "time_end_1": 1770514980.7128341,
    "time_total_1": 0.09129905700683594,
    "time_start_2": 4097974.73246025,
    "time_end_2": 4097974.823760041,
    "time_total_2": 0.09129979088902473,
    "time_start_3": 4097974732460375,
    "time_end_3": 4097974823760541,
    "time_total_3": 0.091300166
}