{
    "function_method_name": "extract_images_from_pdf_to_files",
    "time_start_1": 1770301832.806165,
    "time_end_1": 1770301832.897685,
    "time_total_1": 0.09152007102966309,
    "time_start_2": 3901265.248663125,
    "time_end_2": 3901265.340183833,
    "time_total_2": 0.09152070805430412,
    "time_start_3": 3901265248663166,
    "time_end_3": 3901265340183958,
    "time_total_3": 0.091520792
}