{
    "function_method_name": "extract_images_from_pdf_to_files",
    "time_start_1": 1770513228.241708,
    "time_end_1": 1770513228.3332229,
    "time_total_1": 0.09151482582092285,
    "time_start_2": 4096222.356735125,
    "time_end_2": 4096222.448250875,
    "time_total_2": 0.09151574969291687,
    "time_start_3": 4096222356735208,
    "time_end_3": 4096222448251208,
    "time_total_3": 0.091516
}