{
    "function_method_name": "extract_images_from_pdf_to_files",
    "time_start_1": 1770304426.280189,
    "time_end_1": 1770304426.3726761,
    "time_total_1": 0.09248709678649902,
    "time_start_2": 3903858.723476291,
    "time_end_2": 3903858.815963166,
    "time_total_2": 0.09248687466606498,
    "time_start_3": 3903858723476375,
    "time_end_3": 3903858815963208,
    "time_total_3": 0.092486833
}