{
    "function_method_name": "extract_images_from_pdf_to_files",
    "time_start_1": 1770569434.432087,
    "time_end_1": 1770569434.5231109,
    "time_total_1": 0.09102392196655273,
    "time_start_2": 4152428.565918083,
    "time_end_2": 4152428.656942875,
    "time_total_2": 0.09102479228749871,
    "time_start_3": 4152428565918125,
    "time_end_3": 4152428656943250,
    "time_total_3": 0.091025125
}