{
    "function_method_name": "extract_images_from_pdf_to_files",
    "time_start_1": 1770305597.741764,
    "time_end_1": 1770305597.8328042,
    "time_total_1": 0.09104013442993164,
    "time_start_2": 3905030.185340083,
    "time_end_2": 3905030.276379833,
    "time_total_2": 0.09103974979370832,
    "time_start_3": 3905030185340166,
    "time_end_3": 3905030276380000,
    "time_total_3": 0.091039834
}