{
    "function_method_name": "extract_images_from_pdf_to_files",
    "time_start_1": 1770568363.213454,
    "time_end_1": 1770568363.3047922,
    "time_total_1": 0.0913381576538086,
    "time_start_2": 4151357.350128708,
    "time_end_2": 4151357.441467041,
    "time_total_2": 0.09133833320811391,
    "time_start_3": 4151357350128833,
    "time_end_3": 4151357441467666,
    "time_total_3": 0.091338833
}