{
    "function_method_name": "extract_images_from_pdf_to_files",
    "time_start_1": 1770514595.898776,
    "time_end_1": 1770514595.990849,
    "time_total_1": 0.09207296371459961,
    "time_start_2": 4097590.010731208,
    "time_end_2": 4097590.102805291,
    "time_total_2": 0.09207408269867301,
    "time_start_3": 4097590010731291,
    "time_end_3": 4097590102805583,
    "time_total_3": 0.092074292
}