{
    "function_method_name": "extract_images_from_pdf_to_files",
    "time_start_1": 1771005446.644541,
    "time_end_1": 1771005446.7374122,
    "time_total_1": 0.09287118911743164,
    "time_start_2": 31800.156505541,
    "time_end_2": 31800.249376583,
    "time_total_2": 0.09287104200120666,
    "time_start_3": 31800156505625,
    "time_end_3": 31800249376750,
    "time_total_3": 0.092871125
}