{
    "function_method_name": "extract_text_to_file_from_any_document",
    "time_start_1": 1772215405.541255,
    "time_end_1": 1772215409.451391,
    "time_total_1": 3.9101359844207764,
    "time_start_2": 403136.188565,
    "time_end_2": 403140.098686291,
    "time_total_2": 3.9101212910027243,
    "time_start_3": 403136188565041,
    "time_end_3": 403140098686458,
    "time_total_3": 3.910121417
}