{
    "function_method_name": "extract_text_to_file_from_any_document",
    "time_start_1": 1772652561.759997,
    "time_end_1": 1772652565.6612532,
    "time_total_1": 3.9012563228607178,
    "time_start_2": 840292.169837291,
    "time_end_2": 840296.071078916,
    "time_total_2": 3.901241624960676,
    "time_start_3": 840292169837375,
    "time_end_3": 840296071079083,
    "time_total_3": 3.901241708
}