{
    "function_method_name": "extract_tables_to_files_from_pdf_document",
    "time_start_1": 1765563700.2775092,
    "time_end_1": 1765563700.685344,
    "time_total_1": 0.4078347682952881,
    "time_start_2": 2449222.804943208,
    "time_end_2": 2449223.213033333,
    "time_total_2": 0.4080901248380542,
    "time_start_3": 2449222804943291,
    "time_end_3": 2449223213033833,
    "time_total_3": 0.408090542
}