{
    "function_method_name": "extract_tables_to_files_from_pdf_document",
    "time_start_1": 1765491859.736984,
    "time_end_1": 1765491860.1381419,
    "time_total_1": 0.40115785598754883,
    "time_start_2": 2400882.439010166,
    "time_end_2": 2400882.840170208,
    "time_total_2": 0.40116004180163145,
    "time_start_3": 2400882439010208,
    "time_end_3": 2400882840170375,
    "time_total_3": 0.401160167
}