{
    "function_method_name": "extract_tables_to_files_from_pdf_document",
    "time_start_1": 1765495254.2627342,
    "time_end_1": 1765495254.663938,
    "time_total_1": 0.40120387077331543,
    "time_start_2": 2404276.910372166,
    "time_end_2": 2404277.311573958,
    "time_total_2": 0.4012017920613289,
    "time_start_3": 2404276910372250,
    "time_end_3": 2404277311574125,
    "time_total_3": 0.401201875
}