{
    "function_method_name": "extract_tables_to_files_from_pdf_document",
    "time_start_1": 1765508993.252599,
    "time_end_1": 1765508993.655776,
    "time_total_1": 0.40317702293395996,
    "time_start_2": 2418015.916255708,
    "time_end_2": 2418016.319434791,
    "time_total_2": 0.403179083019495,
    "time_start_3": 2418015916255750,
    "time_end_3": 2418016319435083,
    "time_total_3": 0.403179333
}