{
    "function_method_name": "extract_tables_to_files_from_pdf_document",
    "time_start_1": 1765529822.683177,
    "time_end_1": 1765529823.085689,
    "time_total_1": 0.4025120735168457,
    "time_start_2": 2438845.2590315,
    "time_end_2": 2438845.661542208,
    "time_total_2": 0.40251070773229003,
    "time_start_3": 2438845259031541,
    "time_end_3": 2438845661542416,
    "time_total_3": 0.402510875
}