{
    "function_method_name": "extract_tables_to_files_from_pdf_document",
    "time_start_1": 1765500591.490783,
    "time_end_1": 1765500591.920437,
    "time_total_1": 0.4296541213989258,
    "time_start_2": 2409614.115514708,
    "time_end_2": 2409614.545166458,
    "time_total_2": 0.4296517497859895,
    "time_start_3": 2409614115514791,
    "time_end_3": 2409614545166750,
    "time_total_3": 0.429651959
}