{
    "function_method_name": "extract_tables_to_files_from_pdf_document",
    "time_start_1": 1765490362.772651,
    "time_end_1": 1765490363.155054,
    "time_total_1": 0.3824031352996826,
    "time_start_2": 2399385.436988083,
    "time_end_2": 2399385.81939,
    "time_total_2": 0.38240191666409373,
    "time_start_3": 2399385436988166,
    "time_end_3": 2399385819390333,
    "time_total_3": 0.382402167
}