{
    "function_method_name": "extract_tables_to_files_from_pdf_document",
    "time_start_1": 1765497133.589802,
    "time_end_1": 1765497133.934737,
    "time_total_1": 0.34493494033813477,
    "time_start_2": 2406156.246407625,
    "time_end_2": 2406156.591342541,
    "time_total_2": 0.3449349161237478,
    "time_start_3": 2406156246407750,
    "time_end_3": 2406156591342750,
    "time_total_3": 0.344935
}