{
    "function_method_name": "extract_tables_to_files_from_pdf_document",
    "time_start_1": 1763233854.709676,
    "time_end_1": 1763233854.979935,
    "time_total_1": 0.27025890350341797,
    "time_start_2": 200064.949336083,
    "time_end_2": 200065.219597208,
    "time_total_2": 0.27026112499879673,
    "time_start_3": 200064949336125,
    "time_end_3": 200065219597291,
    "time_total_3": 0.270261166
}