{
    "function_method_name": "extract_tables_to_files_from_pdf_document",
    "time_start_1": 1765493752.3223271,
    "time_end_1": 1765493752.676517,
    "time_total_1": 0.3541898727416992,
    "time_start_2": 2402775.023583708,
    "time_end_2": 2402775.377774625,
    "time_total_2": 0.35419091721996665,
    "time_start_3": 2402775023583791,
    "time_end_3": 2402775377774708,
    "time_total_3": 0.354190917
}