{
    "function_method_name": "extract_tables_to_files_from_pdf_document",
    "time_start_1": 1765467587.758754,
    "time_end_1": 1765467588.5842838,
    "time_total_1": 0.8255298137664795,
    "time_start_2": 2376610.533744041,
    "time_end_2": 2376611.359267708,
    "time_total_2": 0.825523667037487,
    "time_start_3": 2376610533744083,
    "time_end_3": 2376611359267875,
    "time_total_3": 0.825523792
}