{
    "function_method_name": "extract_text_to_file_from_pdf_document",
    "time_start_1": 1770470851.78822,
    "time_end_1": 1770470857.165756,
    "time_total_1": 5.377536058425903,
    "time_start_2": 4053845.985321791,
    "time_end_2": 4053851.36284625,
    "time_total_2": 5.377524459268898,
    "time_start_3": 4053845985322083,
    "time_end_3": 4053851362846458,
    "time_total_3": 5.377524375
}