{
    "function_method_name": "extract_text_to_file_from_pdf_document",
    "time_start_1": 1770394702.936919,
    "time_end_1": 1770394708.403955,
    "time_total_1": 5.467036008834839,
    "time_start_2": 3994135.480374708,
    "time_end_2": 3994140.947413458,
    "time_total_2": 5.467038750182837,
    "time_start_3": 3994135480375000,
    "time_end_3": 3994140947413708,
    "time_total_3": 5.467038708
}