{
    "function_method_name": "extract_tables_to_files_from_pdf_document",
    "time_start_1": 1765489178.644091,
    "time_end_1": 1765489181.524747,
    "time_total_1": 2.8806560039520264,
    "time_start_2": 2398201.314542416,
    "time_end_2": 2398204.19518525,
    "time_total_2": 2.8806428341194987,
    "time_start_3": 2398201314542500,
    "time_end_3": 2398204195185500,
    "time_total_3": 2.880643
}