{
  "function_method_name": "extract_text_to_file_from_any_document",
  "num_pages": 99,
  "time_start_1": 1773176920.093765,
  "time_end_1": 1773176924.729269,
  "time_total_1": 4.6355040073394775,
  "pages_per_second_1": 21.356900963358353,
  "time_start_2": 1317911.060599458,
  "time_end_2": 1317915.696089666,
  "time_total_2": 4.63549020816572,
  "pages_per_second_2": 21.35696453971686,
  "time_start_3": 1317911060599500,
  "time_end_3": 1317915696089916,
  "time_total_3": 4.635490416,
  "pages_per_second_3": 21.35696358216783
}