{
    "function_method_name": "extract_tables_to_files_from_pdf_document",
    "time_start_1": 1769619917.516997,
    "time_end_1": 1769619917.991573,
    "time_total_1": 0.4745759963989258,
    "time_start_2": 3219349.470685291,
    "time_end_2": 3219349.945259375,
    "time_total_2": 0.4745740839280188,
    "time_start_3": 3219349470685333,
    "time_end_3": 3219349945259666,
    "time_total_3": 0.474574333
}