{
    "function_method_name": "extract_tables_to_files_from_pdf_document",
    "time_start_1": 1769318327.857229,
    "time_end_1": 1769318328.333444,
    "time_total_1": 0.476215124130249,
    "time_start_2": 2922556.874357958,
    "time_end_2": 2922557.350572666,
    "time_total_2": 0.47621470829471946,
    "time_start_3": 2922556874358041,
    "time_end_3": 2922557350572791,
    "time_total_3": 0.47621475
}