{
    "function_method_name": "extract_tables_to_files_from_pdf_document",
    "time_start_1": 1769334867.0178618,
    "time_end_1": 1769334867.494178,
    "time_total_1": 0.4763162136077881,
    "time_start_2": 2939095.991478541,
    "time_end_2": 2939096.467792916,
    "time_total_2": 0.4763143751770258,
    "time_start_3": 2939095991478583,
    "time_end_3": 2939096467793208,
    "time_total_3": 0.476314625
}