{
    "function_method_name": "extract_text_to_file_from_any_document",
    "time_start_1": 1772652594.9394188,
    "time_end_1": 1772652596.62643,
    "time_total_1": 1.6870112419128418,
    "time_start_2": 840325.349135125,
    "time_end_2": 840327.036141791,
    "time_total_2": 1.6870066659757867,
    "time_start_3": 840325349135208,
    "time_end_3": 840327036142000,
    "time_total_3": 1.687006792
}