{
    "function_method_name": "extract_text_to_file_from_any_document",
    "time_start_1": 1769720729.908986,
    "time_end_1": 1769720732.165653,
    "time_total_1": 2.256666898727417,
    "time_start_2": 3320161.780458958,
    "time_end_2": 3320164.037121583,
    "time_total_2": 2.256662624888122,
    "time_start_3": 3320161780459000,
    "time_end_3": 3320164037122000,
    "time_total_3": 2.256663
}