{
    "function_method_name": "extract_images_from_pdf_to_files",
    "time_start_1": 1770304082.9212759,
    "time_end_1": 1770304083.46079,
    "time_total_1": 0.5395140647888184,
    "time_start_2": 3903515.364480541,
    "time_end_2": 3903515.903994666,
    "time_total_2": 0.5395141248591244,
    "time_start_3": 3903515364480583,
    "time_end_3": 3903515903994708,
    "time_total_3": 0.539514125
}