{
    "function_method_name": "extract_images_from_pdf_to_files",
    "time_start_1": 1771004986.099946,
    "time_end_1": 1771004986.642987,
    "time_total_1": 0.5430409908294678,
    "time_start_2": 31339.61276275,
    "time_end_2": 31340.15580275,
    "time_total_2": 0.5430400000004738,
    "time_start_3": 31339612762833,
    "time_end_3": 31340155803333,
    "time_total_3": 0.5430405
}