{
    "function_method_name": "extract_images_from_pdf_to_files",
    "time_start_1": 1770303845.6475708,
    "time_end_1": 1770303846.190515,
    "time_total_1": 0.5429441928863525,
    "time_start_2": 3903278.090711333,
    "time_end_2": 3903278.633657041,
    "time_total_2": 0.5429457081481814,
    "time_start_3": 3903278090711375,
    "time_end_3": 3903278633657291,
    "time_total_3": 0.542945916
}