{
    "function_method_name": "extract_images_from_pdf_to_files",
    "time_start_1": 1771005810.345282,
    "time_end_1": 1771005810.712461,
    "time_total_1": 0.36717891693115234,
    "time_start_2": 32163.85658325,
    "time_end_2": 32164.223761833,
    "time_total_2": 0.36717858300107764,
    "time_start_3": 32163856583291,
    "time_end_3": 32164223762166,
    "time_total_3": 0.367178875
}