{
    "function_method_name": "extract_images_from_pdf_to_files",
    "time_start_1": 1770302611.634594,
    "time_end_1": 1770302612.172896,
    "time_total_1": 0.538301944732666,
    "time_start_2": 3902044.077202625,
    "time_end_2": 3902044.615505583,
    "time_total_2": 0.5383029580116272,
    "time_start_3": 3902044077202708,
    "time_end_3": 3902044615505875,
    "time_total_3": 0.538303167
}