{
    "function_method_name": "extract_images_from_pdf_to_files",
    "time_start_1": 1770512823.528001,
    "time_end_1": 1770512824.069858,
    "time_total_1": 0.5418570041656494,
    "time_start_2": 4095817.644183166,
    "time_end_2": 4095818.186039916,
    "time_total_2": 0.5418567499145865,
    "time_start_3": 4095817644183208,
    "time_end_3": 4095818186040291,
    "time_total_3": 0.541857083
}