{
    "function_method_name": "extract_images_from_pdf_to_files",
    "time_start_1": 1770514490.3632388,
    "time_end_1": 1770514490.90265,
    "time_total_1": 0.5394113063812256,
    "time_start_2": 4097484.47547275,
    "time_end_2": 4097485.014884166,
    "time_total_2": 0.5394114158116281,
    "time_start_3": 4097484475472791,
    "time_end_3": 4097485014884458,
    "time_total_3": 0.539411667
}