{
    "function_method_name": "extract_images_from_pdf_to_files",
    "time_start_1": 1771004304.799733,
    "time_end_1": 1771004305.166153,
    "time_total_1": 0.36642003059387207,
    "time_start_2": 30658.311366125,
    "time_end_2": 30658.677786625,
    "time_total_2": 0.36642050000227755,
    "time_start_3": 30658311366208,
    "time_end_3": 30658677787041,
    "time_total_3": 0.366420833
}