{
    "function_method_name": "extract_images_from_pdf_to_files",
    "time_start_1": 1770567401.1063108,
    "time_end_1": 1770567401.648524,
    "time_total_1": 0.5422132015228271,
    "time_start_2": 4150395.245123125,
    "time_end_2": 4150395.787334958,
    "time_total_2": 0.5422118329443038,
    "time_start_3": 4150395245123208,
    "time_end_3": 4150395787335458,
    "time_total_3": 0.54221225
}