{
    "function_method_name": "extract_images_from_pdf_to_files",
    "time_start_1": 1770302287.228846,
    "time_end_1": 1770302287.767309,
    "time_total_1": 0.5384628772735596,
    "time_start_2": 3901719.671418708,
    "time_end_2": 3901720.209882416,
    "time_total_2": 0.5384637080132961,
    "time_start_3": 3901719671418791,
    "time_end_3": 3901720209883125,
    "time_total_3": 0.538464334
}