{
    "function_method_name": "extract_images_from_pdf_to_files",
    "time_start_1": 1770570855.719678,
    "time_end_1": 1770570856.265772,
    "time_total_1": 0.5460941791534424,
    "time_start_2": 4153849.848104916,
    "time_end_2": 4153850.394197583,
    "time_total_2": 0.5460926671512425,
    "time_start_3": 4153849848105000,
    "time_end_3": 4153850394197833,
    "time_total_3": 0.546092833
}