{
    "function_method_name": "extract_images_from_pdf_to_files",
    "time_start_1": 1770568145.5142632,
    "time_end_1": 1770568146.059219,
    "time_total_1": 0.5449557304382324,
    "time_start_2": 4151139.651408125,
    "time_end_2": 4151140.19636375,
    "time_total_2": 0.5449556247331202,
    "time_start_3": 4151139651408166,
    "time_end_3": 4151140196364000,
    "time_total_3": 0.544955834
}