{
    "function_method_name": "extract_images_from_pdf_to_files",
    "time_start_1": 1770567532.064878,
    "time_end_1": 1770567532.60561,
    "time_total_1": 0.5407319068908691,
    "time_start_2": 4150526.203401208,
    "time_end_2": 4150526.744132583,
    "time_total_2": 0.540731375105679,
    "time_start_3": 4150526203401250,
    "time_end_3": 4150526744132708,
    "time_total_3": 0.540731458
}