{
    "function_method_name": "extract_images_from_pdf_to_files",
    "time_start_1": 1770567181.6570728,
    "time_end_1": 1770567182.220764,
    "time_total_1": 0.5636911392211914,
    "time_start_2": 4150175.796352,
    "time_end_2": 4150176.360041583,
    "time_total_2": 0.5636895829811692,
    "time_start_3": 4150175796352083,
    "time_end_3": 4150176360041791,
    "time_total_3": 0.563689708
}