{
    "function_method_name": "extract_images_from_pdf_to_files",
    "time_start_1": 1770513037.354802,
    "time_end_1": 1770513037.895925,
    "time_total_1": 0.5411231517791748,
    "time_start_2": 4096031.470355416,
    "time_end_2": 4096032.011477666,
    "time_total_2": 0.5411222497932613,
    "time_start_3": 4096031470355500,
    "time_end_3": 4096032011477958,
    "time_total_3": 0.541122458
}