{
    "function_method_name": "extract_images_from_pdf_to_files",
    "time_start_1": 1770569195.9487638,
    "time_end_1": 1770569196.521954,
    "time_total_1": 0.5731902122497559,
    "time_start_2": 4152190.08314,
    "time_end_2": 4152190.656330083,
    "time_total_2": 0.5731900832615793,
    "time_start_3": 4152190083140041,
    "time_end_3": 4152190656330416,
    "time_total_3": 0.573190375
}