{
    "function_method_name": "extract_images_from_pdf_to_files",
    "time_start_1": 1770306418.8169038,
    "time_end_1": 1770306419.35582,
    "time_total_1": 0.5389161109924316,
    "time_start_2": 3905851.260393958,
    "time_end_2": 3905851.799310958,
    "time_total_2": 0.5389169999398291,
    "time_start_3": 3905851260394041,
    "time_end_3": 3905851799311000,
    "time_total_3": 0.538916959
}