{
    "function_method_name": "extract_images_from_pdf_to_files",
    "time_start_1": 1770302006.655861,
    "time_end_1": 1770302007.19353,
    "time_total_1": 0.5376691818237305,
    "time_start_2": 3901439.098387416,
    "time_end_2": 3901439.636058041,
    "time_total_2": 0.5376706249080598,
    "time_start_3": 3901439098387458,
    "time_end_3": 3901439636058541,
    "time_total_3": 0.537671083
}