{
    "function_method_name": "extract_images_from_pdf_to_files",
    "time_start_1": 1770572056.081318,
    "time_end_1": 1770572056.619929,
    "time_total_1": 0.5386111736297607,
    "time_start_2": 4155050.211529333,
    "time_end_2": 4155050.750139583,
    "time_total_2": 0.5386102497577667,
    "time_start_3": 4155050211529416,
    "time_end_3": 4155050750139833,
    "time_total_3": 0.538610417
}