{
    "function_method_name": "extract_images_from_pdf_to_files",
    "time_start_1": 1770569151.985759,
    "time_end_1": 1770569152.527659,
    "time_total_1": 0.5418999195098877,
    "time_start_2": 4152146.120235791,
    "time_end_2": 4152146.662134833,
    "time_total_2": 0.5418990422040224,
    "time_start_3": 4152146120235875,
    "time_end_3": 4152146662135041,
    "time_total_3": 0.541899166
}