{
    "function_method_name": "extract_images_from_pdf_to_files",
    "time_start_1": 1770515046.125835,
    "time_end_1": 1770515046.668303,
    "time_total_1": 0.5424680709838867,
    "time_start_2": 4098040.236587125,
    "time_end_2": 4098040.77905425,
    "time_total_2": 0.5424671252258122,
    "time_start_3": 4098040236587208,
    "time_end_3": 4098040779054583,
    "time_total_3": 0.542467375
}