{
    "function_method_name": "extract_images_from_pdf_to_files",
    "time_start_1": 1770303152.6528409,
    "time_end_1": 1770303153.1998432,
    "time_total_1": 0.5470023155212402,
    "time_start_2": 3902585.09553025,
    "time_end_2": 3902585.642533916,
    "time_total_2": 0.5470036659389734,
    "time_start_3": 3902585095530333,
    "time_end_3": 3902585642534333,
    "time_total_3": 0.547004
}