{
    "function_method_name": "extract_images_from_pdf_to_files",
    "time_start_1": 1770513080.101393,
    "time_end_1": 1770513080.6394591,
    "time_total_1": 0.5380661487579346,
    "time_start_2": 4096074.216828208,
    "time_end_2": 4096074.754892416,
    "time_total_2": 0.5380642078816891,
    "time_start_3": 4096074216828291,
    "time_end_3": 4096074754892958,
    "time_total_3": 0.538064667
}