{
    "function_method_name": "extract_images_from_pdf_to_files",
    "time_start_1": 1770570156.371229,
    "time_end_1": 1770570156.918101,
    "time_total_1": 0.5468721389770508,
    "time_start_2": 4153150.501473958,
    "time_end_2": 4153151.048344458,
    "time_total_2": 0.5468704998493195,
    "time_start_3": 4153150501474000,
    "time_end_3": 4153151048344791,
    "time_total_3": 0.546870791
}