{
    "function_method_name": "extract_images_from_pdf_to_files",
    "time_start_1": 1770305405.1108952,
    "time_end_1": 1770305405.6501498,
    "time_total_1": 0.5392546653747559,
    "time_start_2": 3904837.554424791,
    "time_end_2": 3904838.093680333,
    "time_total_2": 0.5392555417492986,
    "time_start_3": 3904837554424875,
    "time_end_3": 3904838093680458,
    "time_total_3": 0.539255583
}