{
    "function_method_name": "extract_images_from_pdf_to_files",
    "time_start_1": 1770304794.381044,
    "time_end_1": 1770304794.919919,
    "time_total_1": 0.5388751029968262,
    "time_start_2": 3904226.824435625,
    "time_end_2": 3904227.363313,
    "time_total_2": 0.538877374958247,
    "time_start_3": 3904226824435666,
    "time_end_3": 3904227363313541,
    "time_total_3": 0.538877875
}