{
    "function_method_name": "extract_images_from_pdf_to_files",
    "time_start_1": 1770303931.86755,
    "time_end_1": 1770303932.4050019,
    "time_total_1": 0.537451982498169,
    "time_start_2": 3903364.310717541,
    "time_end_2": 3903364.848170416,
    "time_total_2": 0.5374528751708567,
    "time_start_3": 3903364310717583,
    "time_end_3": 3903364848170541,
    "time_total_3": 0.537452958
}