{
    "function_method_name": "extract_images_from_pdf_to_files",
    "time_start_1": 1770571467.0757031,
    "time_end_1": 1770571467.616011,
    "time_total_1": 0.5403077602386475,
    "time_start_2": 4154461.204996458,
    "time_end_2": 4154461.745304083,
    "time_total_2": 0.5403076251968741,
    "time_start_3": 4154461204996541,
    "time_end_3": 4154461745304416,
    "time_total_3": 0.540307875
}