{
    "function_method_name": "extract_images_from_pdf_to_files",
    "time_start_1": 1771005360.417002,
    "time_end_1": 1771005360.958117,
    "time_total_1": 0.5411150455474854,
    "time_start_2": 31713.929119416,
    "time_end_2": 31714.470234333,
    "time_total_2": 0.5411149169995042,
    "time_start_3": 31713929119500,
    "time_end_3": 31714470234833,
    "time_total_3": 0.541115333
}