{
    "function_method_name": "extract_images_from_pdf_to_files",
    "time_start_1": 1770302956.9749272,
    "time_end_1": 1770302957.513382,
    "time_total_1": 0.5384547710418701,
    "time_start_2": 3902389.417592458,
    "time_end_2": 3902389.956047666,
    "time_total_2": 0.5384552078321576,
    "time_start_3": 3902389417592541,
    "time_end_3": 3902389956048083,
    "time_total_3": 0.538455542
}