{
    "function_method_name": "extract_images_from_pdf_to_files",
    "time_start_1": 1770305599.081873,
    "time_end_1": 1770305599.622153,
    "time_total_1": 0.5402801036834717,
    "time_start_2": 3905031.525448958,
    "time_end_2": 3905032.065731041,
    "time_total_2": 0.540282083209604,
    "time_start_3": 3905031525449000,
    "time_end_3": 3905032065731458,
    "time_total_3": 0.540282458
}