{
    "function_method_name": "extract_images_from_pdf_to_files",
    "time_start_1": 1770511648.5316648,
    "time_end_1": 1770511649.072342,
    "time_total_1": 0.5406770706176758,
    "time_start_2": 4094642.651060083,
    "time_end_2": 4094643.19173725,
    "time_total_2": 0.5406771670095623,
    "time_start_3": 4094642651060166,
    "time_end_3": 4094643191737458,
    "time_total_3": 0.540677292
}