{
    "function_method_name": "extract_images_from_pdf_to_files",
    "time_start_1": 1770567510.2056708,
    "time_end_1": 1770567510.756982,
    "time_total_1": 0.5513112545013428,
    "time_start_2": 4150504.344243083,
    "time_end_2": 4150504.89555325,
    "time_total_2": 0.5513101667165756,
    "time_start_3": 4150504344243125,
    "time_end_3": 4150504895553583,
    "time_total_3": 0.551310458
}