{
    "function_method_name": "extract_images_from_pdf_to_files",
    "time_start_1": 1770567203.672374,
    "time_end_1": 1770567204.2142441,
    "time_total_1": 0.5418701171875,
    "time_start_2": 4150197.811606458,
    "time_end_2": 4150198.353475958,
    "time_total_2": 0.5418695001862943,
    "time_start_3": 4150197811606541,
    "time_end_3": 4150198353476375,
    "time_total_3": 0.541869834
}