{
    "function_method_name": "extract_images_from_pdf_to_files",
    "time_start_1": 1770515409.591514,
    "time_end_1": 1770515410.131764,
    "time_total_1": 0.5402498245239258,
    "time_start_2": 4098403.7013075,
    "time_end_2": 4098404.24155675,
    "time_total_2": 0.5402492503635585,
    "time_start_3": 4098403701307541,
    "time_end_3": 4098404241557458,
    "time_total_3": 0.540249917
}