{
    "function_method_name": "extract_images_from_pdf_to_files",
    "time_start_1": 1771004412.6002991,
    "time_end_1": 1771004412.993684,
    "time_total_1": 0.3933849334716797,
    "time_start_2": 30766.111685833,
    "time_end_2": 30766.50507,
    "time_total_2": 0.39338416700047674,
    "time_start_3": 30766111685875,
    "time_end_3": 30766505070416,
    "time_total_3": 0.393384541
}