{
    "function_method_name": "extract_images_from_pdf_to_files",
    "time_start_1": 1771004720.42044,
    "time_end_1": 1771004720.9659588,
    "time_total_1": 0.5455188751220703,
    "time_start_2": 31073.933719083,
    "time_end_2": 31074.479238,
    "time_total_2": 0.5455189169988444,
    "time_start_3": 31073933719125,
    "time_end_3": 31074479238416,
    "time_total_3": 0.545519291
}