{
    "function_method_name": "extract_images_from_pdf_to_files",
    "time_start_1": 1770571030.981531,
    "time_end_1": 1770571031.5341702,
    "time_total_1": 0.5526392459869385,
    "time_start_2": 4154025.111438,
    "time_end_2": 4154025.664088166,
    "time_total_2": 0.5526501657441258,
    "time_start_3": 4154025111438041,
    "time_end_3": 4154025664088416,
    "time_total_3": 0.552650375
}