{
    "function_method_name": "extract_images_from_pdf_to_files",
    "time_start_1": 1770305146.1177359,
    "time_end_1": 1770305146.656728,
    "time_total_1": 0.538992166519165,
    "time_start_2": 3904578.5612175,
    "time_end_2": 3904579.100209416,
    "time_total_2": 0.5389919159933925,
    "time_start_3": 3904578561217541,
    "time_end_3": 3904579100209458,
    "time_total_3": 0.538991917
}