{
    "function_method_name": "extract_images_from_pdf_to_files",
    "time_start_1": 1770512438.920437,
    "time_end_1": 1770512439.4643168,
    "time_total_1": 0.5438797473907471,
    "time_start_2": 4095433.037678166,
    "time_end_2": 4095433.581557958,
    "time_total_2": 0.5438797920942307,
    "time_start_3": 4095433037678208,
    "time_end_3": 4095433581558333,
    "time_total_3": 0.543880125
}