{
    "function_method_name": "extract_images_from_pdf_to_files",
    "time_start_1": 1771004212.885729,
    "time_end_1": 1771004213.245179,
    "time_total_1": 0.3594498634338379,
    "time_start_2": 30566.3975725,
    "time_end_2": 30566.757022208,
    "time_total_2": 0.35944970800119336,
    "time_start_3": 30566397572541,
    "time_end_3": 30566757022500,
    "time_total_3": 0.359449959
}