{
    "function_method_name": "extract_images_from_pdf_to_files",
    "time_start_1": 1770571096.287838,
    "time_end_1": 1770571096.827573,
    "time_total_1": 0.5397350788116455,
    "time_start_2": 4154090.417941958,
    "time_end_2": 4154090.957675833,
    "time_total_2": 0.5397338746115565,
    "time_start_3": 4154090417942000,
    "time_end_3": 4154090957676291,
    "time_total_3": 0.539734291
}