{
    "function_method_name": "extract_images_from_pdf_to_files",
    "time_start_1": 1771004676.370443,
    "time_end_1": 1771004676.918602,
    "time_total_1": 0.5481588840484619,
    "time_start_2": 31029.883744541,
    "time_end_2": 31030.431904833,
    "time_total_2": 0.5481602920008299,
    "time_start_3": 31029883744625,
    "time_end_3": 31030431905333,
    "time_total_3": 0.548160708
}