{
    "function_method_name": "extract_images_from_pdf_to_files",
    "time_start_1": 1770515751.45135,
    "time_end_1": 1770515751.9927528,
    "time_total_1": 0.5414028167724609,
    "time_start_2": 4098745.560241583,
    "time_end_2": 4098746.101644333,
    "time_total_2": 0.5414027501828969,
    "time_start_3": 4098745560241666,
    "time_end_3": 4098746101644666,
    "time_total_3": 0.541403
}