{
    "function_method_name": "extract_images_from_pdf_to_files",
    "time_start_1": 1770512567.052305,
    "time_end_1": 1770512567.591821,
    "time_total_1": 0.5395159721374512,
    "time_start_2": 4095561.169193333,
    "time_end_2": 4095561.708709708,
    "time_total_2": 0.5395163749344647,
    "time_start_3": 4095561169193416,
    "time_end_3": 4095561708710041,
    "time_total_3": 0.539516625
}