{
    "function_method_name": "extract_images_from_pdf_to_files",
    "time_start_1": 1770301402.035171,
    "time_end_1": 1770301402.585668,
    "time_total_1": 0.5504970550537109,
    "time_start_2": 3900834.474831833,
    "time_end_2": 3900835.025329666,
    "time_total_2": 0.550497833173722,
    "time_start_3": 3900834474832000,
    "time_end_3": 3900835025329750,
    "time_total_3": 0.55049775
}