{
    "function_method_name": "extract_images_from_pdf_to_files",
    "time_start_1": 1770304995.4185028,
    "time_end_1": 1770304995.961032,
    "time_total_1": 0.5425291061401367,
    "time_start_2": 3904427.861948916,
    "time_end_2": 3904428.404477375,
    "time_total_2": 0.5425284588709474,
    "time_start_3": 3904427861949000,
    "time_end_3": 3904428404477416,
    "time_total_3": 0.542528416
}