{
    "function_method_name": "extract_images_from_pdf_to_files",
    "time_start_1": 1770302978.463569,
    "time_end_1": 1770302979.002335,
    "time_total_1": 0.5387661457061768,
    "time_start_2": 3902410.906238166,
    "time_end_2": 3902411.445005125,
    "time_total_2": 0.5387669587507844,
    "time_start_3": 3902410906238250,
    "time_end_3": 3902411445005333,
    "time_total_3": 0.538767083
}