{
    "function_method_name": "extract_images_from_pdf_to_files",
    "time_start_1": 1770304233.9111109,
    "time_end_1": 1770304234.451694,
    "time_total_1": 0.5405831336975098,
    "time_start_2": 3903666.3543515,
    "time_end_2": 3903666.894935083,
    "time_total_2": 0.540583583060652,
    "time_start_3": 3903666354351541,
    "time_end_3": 3903666894935125,
    "time_total_3": 0.540583584
}