{
    "function_method_name": "extract_images_from_pdf_to_files",
    "time_start_1": 1770305901.0225868,
    "time_end_1": 1770305901.562558,
    "time_total_1": 0.539971113204956,
    "time_start_2": 3905333.466228416,
    "time_end_2": 3905334.006199708,
    "time_total_2": 0.5399712920188904,
    "time_start_3": 3905333466228500,
    "time_end_3": 3905334006199958,
    "time_total_3": 0.539971458
}