{
    "function_method_name": "extract_images_from_pdf_to_files",
    "time_start_1": 1770301617.614979,
    "time_end_1": 1770301618.152802,
    "time_total_1": 0.537822961807251,
    "time_start_2": 3901050.054537708,
    "time_end_2": 3901050.592361041,
    "time_total_2": 0.537823332939297,
    "time_start_3": 3901050054537791,
    "time_end_3": 3901050592361416,
    "time_total_3": 0.537823625
}