{
    "function_method_name": "extract_images_from_pdf_to_files",
    "time_start_1": 1771004742.484658,
    "time_end_1": 1771004743.027485,
    "time_total_1": 0.5428268909454346,
    "time_start_2": 31095.997905166,
    "time_end_2": 31096.540732541,
    "time_total_2": 0.5428273750003427,
    "time_start_3": 31095997905250,
    "time_end_3": 31096540732916,
    "time_total_3": 0.542827666
}