{
    "function_method_name": "extract_images_from_pdf_to_files",
    "time_start_1": 1770515238.5283682,
    "time_end_1": 1770515239.068361,
    "time_total_1": 0.5399928092956543,
    "time_start_2": 4098232.638612333,
    "time_end_2": 4098233.178605375,
    "time_total_2": 0.5399930416606367,
    "time_start_3": 4098232638612375,
    "time_end_3": 4098233178605750,
    "time_total_3": 0.539993375
}