{
    "function_method_name": "extract_images_from_pdf_to_files",
    "time_start_1": 1771004831.704077,
    "time_end_1": 1771004832.24451,
    "time_total_1": 0.5404329299926758,
    "time_start_2": 31185.21716775,
    "time_end_2": 31185.757600833,
    "time_total_2": 0.5404330829987884,
    "time_start_3": 31185217167916,
    "time_end_3": 31185757601583,
    "time_total_3": 0.540433667
}