{
    "function_method_name": "extract_images_from_pdf_to_files",
    "time_start_1": 1770568997.652632,
    "time_end_1": 1770568998.502051,
    "time_total_1": 0.849419116973877,
    "time_start_2": 4151991.787461583,
    "time_end_2": 4151992.636880041,
    "time_total_2": 0.8494184580631554,
    "time_start_3": 4151991787461625,
    "time_end_3": 4151992636880416,
    "time_total_3": 0.849418791
}