{
    "function_method_name": "extract_images_from_pdf_to_files",
    "time_start_1": 1771004182.145371,
    "time_end_1": 1771004182.510564,
    "time_total_1": 0.36519312858581543,
    "time_start_2": 30535.65728525,
    "time_end_2": 30536.022478208,
    "time_total_2": 0.36519295800098917,
    "time_start_3": 30535657285291,
    "time_end_3": 30536022478541,
    "time_total_3": 0.36519325
}