{
    "function_method_name": "extract_images_from_pdf_to_files",
    "time_start_1": 1770304751.336287,
    "time_end_1": 1770304751.877547,
    "time_total_1": 0.5412600040435791,
    "time_start_2": 3904183.779652333,
    "time_end_2": 3904184.320912458,
    "time_total_2": 0.5412601251155138,
    "time_start_3": 3904183779652458,
    "time_end_3": 3904184320912791,
    "time_total_3": 0.541260333
}