{
    "function_method_name": "extract_images_from_pdf_to_files",
    "time_start_1": 1769604872.2208178,
    "time_end_1": 1769604872.767353,
    "time_total_1": 0.5465352535247803,
    "time_start_2": 3204304.227110333,
    "time_end_2": 3204304.773644333,
    "time_total_2": 0.5465339999645948,
    "time_start_3": 3204304227110416,
    "time_end_3": 3204304773644541,
    "time_total_3": 0.546534125
}