{
    "function_method_name": "extract_images_from_pdf_to_files",
    "time_start_1": 1770570112.77919,
    "time_end_1": 1770570113.323318,
    "time_total_1": 0.5441279411315918,
    "time_start_2": 4153106.909548916,
    "time_end_2": 4153107.453675375,
    "time_total_2": 0.5441264589317143,
    "time_start_3": 4153106909549041,
    "time_end_3": 4153107453675666,
    "time_total_3": 0.544126625
}