{
    "function_method_name": "api_parse_analyze_markdown_mistune",
    "time_start_1": 1772789847.467385,
    "time_end_1": 1772789847.604266,
    "time_total_1": 0.13688087463378906,
    "time_start_2": 963817.4246995,
    "time_end_2": 963817.561582041,
    "time_total_2": 0.1368825410027057,
    "time_start_3": 963817424699583,
    "time_end_3": 963817561582500,
    "time_total_3": 0.136882917
}