{
    "function_method_name": "extract_images_from_pdf_to_files",
    "time_start_1": 1769405393.9406972,
    "time_end_1": 1769405396.1993952,
    "time_total_1": 2.258697986602783,
    "time_start_2": 3009622.834435125,
    "time_end_2": 3009625.093131666,
    "time_total_2": 2.2586965411901474,
    "time_start_3": 3009622834435208,
    "time_end_3": 3009625093131875,
    "time_total_3": 2.258696667
}