{
    "function_method_name": "extract_tables_to_files_from_pdf_document",
    "time_start_1": 1769430244.144068,
    "time_end_1": 1769430268.35424,
    "time_total_1": 24.210171937942505,
    "time_start_2": 3034472.962095708,
    "time_end_2": 3034497.172168666,
    "time_total_2": 24.210072957910597,
    "time_start_3": 3034472962095750,
    "time_end_3": 3034497172169083,
    "time_total_3": 24.210073333
}