{
    "function_method_name": "extract_tables_to_files_from_pdf_document",
    "time_start_1": 1769428428.437634,
    "time_end_1": 1769428455.617611,
    "time_total_1": 27.17997694015503,
    "time_start_2": 3032657.264246583,
    "time_end_2": 3032684.444121583,
    "time_total_2": 27.17987499991432,
    "time_start_3": 3032657264246708,
    "time_end_3": 3032684444121666,
    "time_total_3": 27.179874958
}