{
    "function_method_name": "extract_text_to_file_from_any_document",
    "time_start_1": 1762982741.637033,
    "time_end_1": 1762982741.654816,
    "time_total_1": 0.017782926559448242,
    "time_start_2": 2183695.530463166,
    "time_end_2": 2183695.548247291,
    "time_total_2": 0.017784124705940485,
    "time_start_3": 2183695530463291,
    "time_end_3": 2183695548247625,
    "time_total_3": 0.017784334
}