{
    "function_method_name": "extract_text_to_file_from_any_document",
    "time_start_1": 1763232195.521881,
    "time_end_1": 1763232195.5276952,
    "time_total_1": 0.005814075469970703,
    "time_start_2": 198405.722823125,
    "time_end_2": 198405.7286375,
    "time_total_2": 0.005814375006593764,
    "time_start_3": 198405722823208,
    "time_end_3": 198405728637583,
    "time_total_3": 0.005814375
}