{
    "function_method_name": "extract_text_to_file_from_any_document",
    "time_start_1": 1763146508.270273,
    "time_end_1": 1763146508.2783139,
    "time_total_1": 0.008040904998779297,
    "time_start_2": 112718.634699791,
    "time_end_2": 112718.642740166,
    "time_total_2": 0.008040375003474765,
    "time_start_3": 112718634699875,
    "time_end_3": 112718642740250,
    "time_total_3": 0.008040375
}