{
    "function_method_name": "extract_text_to_file_from_any_document",
    "time_start_1": 1763113952.951273,
    "time_end_1": 1763113952.959479,
    "time_total_1": 0.00820612907409668,
    "time_start_2": 80163.463633208,
    "time_end_2": 80163.471839208,
    "time_total_2": 0.008205999998608604,
    "time_start_3": 80163463633333,
    "time_end_3": 80163471839291,
    "time_total_3": 0.008205958
}