{
    "function_method_name": "extract_text_to_file_from_pdf_document",
    "time_start_1": 1772223913.5206962,
    "time_end_1": 1772223968.2604742,
    "time_total_1": 54.7397780418396,
    "time_start_2": 411644.129804291,
    "time_end_2": 411698.869417625,
    "time_total_2": 54.73961333400803,
    "time_start_3": 411644129804291,
    "time_end_3": 411698869417833,
    "time_total_3": 54.739613542
}