{
    "function_method_name": "extract_text_to_file_from_any_document",
    "time_start_1": 1771940662.3507452,
    "time_end_1": 1771940662.357872,
    "time_total_1": 0.007126808166503906,
    "time_start_2": 149564.719077833,
    "time_end_2": 149564.726204958,
    "time_total_2": 0.007127124990802258,
    "time_start_3": 149564719077833,
    "time_end_3": 149564726205000,
    "time_total_3": 0.007127167
}