{
    "function_method_name": "extract_text_to_file_from_any_document",
    "time_start_1": 1772217169.516279,
    "time_end_1": 1772217171.016542,
    "time_total_1": 1.500262975692749,
    "time_start_2": 404900.149417833,
    "time_end_2": 404901.649672833,
    "time_total_2": 1.5002549999626353,
    "time_start_3": 404900149417875,
    "time_end_3": 404901649673125,
    "time_total_3": 1.50025525
}