{
  "function_method_name": "extract_markdown_to_file_from_any_document",
  "num_pages": 43,
  "time_start_1": 1773175408.765435,
  "time_end_1": 1773175418.4298282,
  "time_total_1": 9.664393186569214,
  "pages_per_second_1": 4.44932228748287,
  "time_start_2": 1316399.739326875,
  "time_end_2": 1316409.403699125,
  "time_total_2": 9.664372249972075,
  "pages_per_second_2": 4.449331926357063,
  "time_start_3": 1316399739326958,
  "time_end_3": 1316409403699333,
  "time_total_3": 9.664372375,
  "pages_per_second_3": 4.449331868796085
}