{
    "function_method_name": "extract_text_to_file_from_any_document",
    "time_start_1": 1763119370.598887,
    "time_end_1": 1763119371.615284,
    "time_total_1": 1.0163969993591309,
    "time_start_2": 85581.036073625,
    "time_end_2": 85582.052460416,
    "time_total_2": 1.0163867910014233,
    "time_start_3": 85581036073750,
    "time_end_3": 85582052460625,
    "time_total_3": 1.016386875
}