{
    "function_method_name": "extract_text_to_file_from_any_document",
    "time_start_1": 1765465826.5676858,
    "time_end_1": 1765465826.6441731,
    "time_total_1": 0.07648730278015137,
    "time_start_2": 2374849.346576916,
    "time_end_2": 2374849.423064708,
    "time_total_2": 0.07648779172450304,
    "time_start_3": 2374849346576958,
    "time_end_3": 2374849423064875,
    "time_total_3": 0.076487917
}