{
    "function_method_name": "extract_tables_to_files_from_pdf_document",
    "time_start_1": 1769287518.523297,
    "time_end_1": 1769287520.525855,
    "time_total_1": 2.0025579929351807,
    "time_start_2": 2891747.6391075,
    "time_end_2": 2891749.641650583,
    "time_total_2": 2.0025430829264224,
    "time_start_3": 2891747639107541,
    "time_end_3": 2891749641650708,
    "time_total_3": 2.002543167
}