{
    "function_method_name": "extract_tables_to_files_from_pdf_document",
    "time_start_1": 1769785688.1923761,
    "time_end_1": 1769785693.518719,
    "time_total_1": 5.326342821121216,
    "time_start_2": 3385120.081811625,
    "time_end_2": 3385125.40814875,
    "time_total_2": 5.3263371251523495,
    "time_start_3": 3385120081811708,
    "time_end_3": 3385125408148916,
    "time_total_3": 5.326337208
}