{
    "function_method_name": "extract_tables_to_files_from_pdf_document",
    "time_start_1": 1769310611.935533,
    "time_end_1": 1769310614.532843,
    "time_total_1": 2.5973100662231445,
    "time_start_2": 2914840.974499125,
    "time_end_2": 2914843.571798625,
    "time_total_2": 2.5972994999028742,
    "time_start_3": 2914840974499250,
    "time_end_3": 2914843571798791,
    "time_total_3": 2.597299541
}