{
  "function_method_name": "extract_text_to_file_from_any_document",
  "num_pages": 74,
  "time_start_1": 1772975596.299941,
  "time_end_1": 1772975827.67105,
  "time_total_1": 231.37110900878906,
  "pages_per_second_1": 0.31983249904027117,
  "time_start_2": 1135248.890582666,
  "time_end_2": 1135480.261170083,
  "time_total_2": 231.37058741692454,
  "pages_per_second_2": 0.31983322005685055,
  "time_start_3": 1135248890582791,
  "time_end_3": 1135480261170250,
  "time_total_3": 231.370587459,
  "pages_per_second_3": 0.31983321999868786
}