{
    "function_method_name": "extract_text_to_file_from_any_document",
    "time_start_1": 1772789367.550601,
    "time_end_1": 1772789367.748428,
    "time_total_1": 0.19782710075378418,
    "time_start_2": 963337.507721125,
    "time_end_2": 963337.705548958,
    "time_total_2": 0.19782783300615847,
    "time_start_3": 963337507721375,
    "time_end_3": 963337705549541,
    "time_total_3": 0.197828166
}