{
    "function_method_name": "api_parse_analyze_markdown_mistletoe",
    "time_start_1": 1772789801.278997,
    "time_end_1": 1772789801.330648,
    "time_total_1": 0.0516510009765625,
    "time_start_2": 963771.236293125,
    "time_end_2": 963771.287944375,
    "time_total_2": 0.05165124998893589,
    "time_start_3": 963771236293250,
    "time_end_3": 963771287944500,
    "time_total_3": 0.05165125
}