{
    "function_method_name": "extract_tables_to_files_from_pdf_document",
    "time_start_1": 1765509045.84279,
    "time_end_1": 1765509048.121751,
    "time_total_1": 2.278961181640625,
    "time_start_2": 2418068.506654583,
    "time_end_2": 2418070.785625041,
    "time_total_2": 2.2789704580791295,
    "time_start_3": 2418068506654625,
    "time_end_3": 2418070785625166,
    "time_total_3": 2.278970541
}