{
    "function_method_name": "extract_tables_to_files_from_pdf_document",
    "time_start_1": 1765485454.6629992,
    "time_end_1": 1765485458.642868,
    "time_total_1": 3.9798688888549805,
    "time_start_2": 2394477.361177416,
    "time_end_2": 2394481.341029666,
    "time_total_2": 3.9798522498458624,
    "time_start_3": 2394477361177500,
    "time_end_3": 2394481341030000,
    "time_total_3": 3.9798525
}