{
    "function_method_name": "extract_tables_to_files_from_pdf_document",
    "time_start_1": 1765471206.896907,
    "time_end_1": 1765471210.49783,
    "time_total_1": 3.6009228229522705,
    "time_start_2": 2380229.659676083,
    "time_end_2": 2380233.260584291,
    "time_total_2": 3.6009082081727684,
    "time_start_3": 2380229659676250,
    "time_end_3": 2380233260584500,
    "time_total_3": 3.60090825
}