{
    "function_method_name": "extract_text_to_file_from_any_document",
    "time_start_1": 1772215192.297332,
    "time_end_1": 1772215192.40528,
    "time_total_1": 0.10794806480407715,
    "time_start_2": 402922.945494125,
    "time_end_2": 402923.053442833,
    "time_total_2": 0.10794870799873024,
    "time_start_3": 402922945494166,
    "time_end_3": 402923053443041,
    "time_total_3": 0.107948875
}