{
  "function_method_name": "extract_text_to_file_from_any_document",
  "time_start_1": 1780747177.979757,
  "time_end_1": 1780747180.271165,
  "time_total_1": 2.291407823562622,
  "time_start_2": 26.165976625,
  "time_end_2": 28.457400291,
  "time_total_2": 2.291423666,
  "time_start_3": 26165976833,
  "time_end_3": 28457400500,
  "time_total_3": 2.291423667
}