{
  "function_method_name": "extract_text_to_file_from_any_document",
  "time_start_1": 1780747311.537322,
  "time_end_1": 1780747322.761686,
  "time_total_1": 11.224364042282104,
  "time_start_2": 159.724377,
  "time_end_2": 170.948813333,
  "time_total_2": 11.224436333,
  "time_start_3": 159724377125,
  "time_end_3": 170948813458,
  "time_total_3": 11.224436333
}