{
    "function_method_name": "extract_tables_to_files_from_pdf_document",
    "time_start_1": 1765517065.412962,
    "time_end_1": 1765517071.4435358,
    "time_total_1": 6.030573844909668,
    "time_start_2": 2426088.014035875,
    "time_end_2": 2426094.044551041,
    "time_total_2": 6.030515165999532,
    "time_start_3": 2426088014035916,
    "time_end_3": 2426094044551125,
    "time_total_3": 6.030515209
}