{
    "function_method_name": "extract_tables_to_files_from_pdf_document",
    "time_start_1": 1765525743.9580522,
    "time_end_1": 1765525749.6499789,
    "time_total_1": 5.691926717758179,
    "time_start_2": 2434766.54420775,
    "time_end_2": 2434772.236099291,
    "time_total_2": 5.691891541238874,
    "time_start_3": 2434766544207958,
    "time_end_3": 2434772236099375,
    "time_total_3": 5.691891417
}