{
    "function_method_name": "extract_tables_to_files_from_pdf_document",
    "time_start_1": 1765469983.6956348,
    "time_end_1": 1765469992.791632,
    "time_total_1": 9.095997095108032,
    "time_start_2": 2379006.491510041,
    "time_end_2": 2379015.587535625,
    "time_total_2": 9.096025583799928,
    "time_start_3": 2379006491510208,
    "time_end_3": 2379015587535708,
    "time_total_3": 9.0960255
}