{
    "function_method_name": "extract_tables_to_files_from_pdf_document",
    "time_start_1": 1765515326.094574,
    "time_end_1": 1765515332.3168168,
    "time_total_1": 6.222242832183838,
    "time_start_2": 2424348.718154666,
    "time_end_2": 2424354.940346291,
    "time_total_2": 6.2221916248090565,
    "time_start_3": 2424348718154791,
    "time_end_3": 2424354940346375,
    "time_total_3": 6.222191584
}