{
    "function_method_name": "extract_text_to_file_from_any_document",
    "time_start_1": 1772654376.656262,
    "time_end_1": 1772654418.102803,
    "time_total_1": 41.44654107093811,
    "time_start_2": 842107.068946958,
    "time_end_2": 842148.515420666,
    "time_total_2": 41.44647370791063,
    "time_start_3": 842107068947000,
    "time_end_3": 842148515420958,
    "time_total_3": 41.446473958
}