{
    "function_method_name": "extract_text_to_file_from_any_document",
    "time_start_1": 1772217239.282489,
    "time_end_1": 1772217299.475965,
    "time_total_1": 60.19347596168518,
    "time_start_2": 404969.915259791,
    "time_end_2": 405030.10842,
    "time_total_2": 60.193160208989866,
    "time_start_3": 404969915259875,
    "time_end_3": 405030108420333,
    "time_total_3": 60.193160458
}