{
  "function_method_name": "extract_images_from_pdf_to_files",
  "time_start_1": 1775491132.5868,
  "time_end_1": 1775491132.593291,
  "time_total_1": 0.006490945816040039,
  "time_start_2": 907249.264488625,
  "time_end_2": 907249.270962208,
  "time_total_2": 0.006473583052866161,
  "time_start_3": 907249264488708,
  "time_end_3": 907249270962333,
  "time_total_3": 0.006473625,
  "num_pages": 1,
  "pages_per_second_1": 154.06075298438935,
  "pages_per_second_2": 154.47395852243724,
  "pages_per_second_3": 154.472957577864
}