{
  "function_method_name": "extract_text_to_file_from_any_document",
  "num_pages": 112,
  "time_start_1": 1773175337.096788,
  "time_end_1": 1773175399.7757812,
  "time_total_1": 62.678993225097656,
  "pages_per_second_1": 1.786882562037602,
  "time_start_2": 1316328.070837208,
  "time_end_2": 1316390.74969375,
  "time_total_2": 62.6788565418683,
  "pages_per_second_2": 1.7868864586766369,
  "time_start_3": 1316328070837291,
  "time_end_3": 1316390749693958,
  "time_total_3": 62.678856667,
  "pages_per_second_3": 1.7868864551093073
}