{
    "function_method_name": "extract_text_to_file_from_any_document",
    "time_start_1": 1764510346.819347,
    "time_end_1": 1764510374.755251,
    "time_total_1": 27.935904026031494,
    "time_start_2": 1445828.812996958,
    "time_end_2": 1445856.748813958,
    "time_total_2": 27.935816999990493,
    "time_start_3": 1445828812997000,
    "time_end_3": 1445856748814083,
    "time_total_3": 27.935817083
}