{
  "function_method_name": "extract_text_to_file_from_any_document",
  "time_start_1": 1774225768.041922,
  "time_end_1": 1774225768.069768,
  "time_total_1": 0.02784585952758789,
  "time_start_2": 985723.714690291,
  "time_end_2": 985723.742537208,
  "time_total_2": 0.027846917044371367,
  "time_start_3": 985723714690375,
  "time_end_3": 985723742537333,
  "time_total_3": 0.027846958,
  "num_pages": 0,
  "pages_per_second_1": 0.0,
  "pages_per_second_2": 0.0,
  "pages_per_second_3": 0.0
}