{
    "function_method_name": "extract_text_to_file_from_any_document",
    "time_start_1": 1772631479.962055,
    "time_end_1": 1772631479.9654999,
    "time_total_1": 0.0034449100494384766,
    "time_start_2": 819210.374332208,
    "time_end_2": 819210.377777041,
    "time_total_2": 0.003444833098910749,
    "time_start_3": 819210374332250,
    "time_end_3": 819210377777125,
    "time_total_3": 0.003444875
}