{
    "function_method_name": "extract_tables_to_files_from_pdf_document",
    "time_start_1": 1769408860.565158,
    "time_end_1": 1769408862.998087,
    "time_total_1": 2.432929039001465,
    "time_start_2": 3013089.452672083,
    "time_end_2": 3013091.885598625,
    "time_total_2": 2.4329265421256423,
    "time_start_3": 3013089452672166,
    "time_end_3": 3013091885598750,
    "time_total_3": 2.432926584
}