{
    "function_method_name": "extract_tables_to_files_from_pdf_document",
    "time_start_1": 1769317103.7143512,
    "time_end_1": 1769317106.0615969,
    "time_total_1": 2.347245693206787,
    "time_start_2": 2921332.735171916,
    "time_end_2": 2921335.082411625,
    "time_total_2": 2.347239708993584,
    "time_start_3": 2921332735171958,
    "time_end_3": 2921335082411708,
    "time_total_3": 2.34723975
}