{
    "function_method_name": "extract_tables_to_files_from_pdf_document",
    "time_start_1": 1771628484.877407,
    "time_end_1": 1771628487.201461,
    "time_total_1": 2.324054002761841,
    "time_start_2": 84956.917063375,
    "time_end_2": 84959.241112958,
    "time_total_2": 2.32404958299594,
    "time_start_3": 84956917063416,
    "time_end_3": 84959241113083,
    "time_total_3": 2.324049667
}