{
    "function_method_name": "extract_tables_to_files_from_pdf_document",
    "time_start_1": 1769323596.602069,
    "time_end_1": 1769323599.3594618,
    "time_total_1": 2.7573928833007812,
    "time_start_2": 2927825.60639075,
    "time_end_2": 2927828.363777416,
    "time_total_2": 2.757386665791273,
    "time_start_3": 2927825606390833,
    "time_end_3": 2927828363777625,
    "time_total_3": 2.757386792
}