{
    "function_method_name": "api_parse_analyze_markdown_mistune",
    "time_start_1": 1772641571.5191581,
    "time_end_1": 1772641571.616566,
    "time_total_1": 0.09740781784057617,
    "time_start_2": 829301.966353708,
    "time_end_2": 829302.06376375,
    "time_total_2": 0.097410042071715,
    "time_start_3": 829301966353791,
    "time_end_3": 829302063763833,
    "time_total_3": 0.097410042
}