{
    "function_method_name": "extract_markdown_to_file_from_any_document_complex",
    "num_pages": 155,
    "time_start_1": 1769379794.768013,
    "time_end_1": 1769379817.959031,
    "time_total_1": 23.191018104553223,
    "pages_per_second_1": 6.683622051485871,
    "time_start_2": 2984023.721853583,
    "time_end_2": 2984046.912870708,
    "time_total_2": 23.191017124801874,
    "pages_per_second_2": 6.683622333848982,
    "time_start_3": 2984023721853708,
    "time_end_3": 2984046912870833,
    "time_total_3": 23.191017125,
    "pages_per_second_3": 6.683622333791883
}