{
    "function_method_name": "extract_text_to_file_from_any_document",
    "time_start_1": 1769785065.676992,
    "time_end_1": 1769785102.03181,
    "time_total_1": 36.35481810569763,
    "time_start_2": 3384497.572187541,
    "time_end_2": 3384533.927005083,
    "time_total_2": 36.35481754178181,
    "time_start_3": 3384497572187708,
    "time_end_3": 3384533927005708,
    "time_total_3": 36.354818
}