{
    "function_method_name": "extract_tables_to_files_from_pdf_document",
    "time_start_1": 1769286036.84551,
    "time_end_1": 1769286037.097358,
    "time_total_1": 0.2518479824066162,
    "time_start_2": 2890265.97077225,
    "time_end_2": 2890266.222620375,
    "time_total_2": 0.2518481248989701,
    "time_start_3": 2890265970772291,
    "time_end_3": 2890266222620541,
    "time_total_3": 0.25184825
}