{
    "function_method_name": "extract_tables_to_files_from_pdf_document",
    "time_start_1": 1769308573.37829,
    "time_end_1": 1769308573.7404742,
    "time_total_1": 0.3621842861175537,
    "time_start_2": 2912802.424377875,
    "time_end_2": 2912802.78656125,
    "time_total_2": 0.36218337528407574,
    "time_start_3": 2912802424377958,
    "time_end_3": 2912802786561875,
    "time_total_3": 0.362183917
}