{
    "function_method_name": "extract_tables_to_files_from_pdf_document",
    "time_start_1": 1769419661.342009,
    "time_end_1": 1769419661.707757,
    "time_total_1": 0.36574792861938477,
    "time_start_2": 3023890.199076041,
    "time_end_2": 3023890.564823791,
    "time_total_2": 0.36574774980545044,
    "time_start_3": 3023890199076125,
    "time_end_3": 3023890564824083,
    "time_total_3": 0.365747958
}