{
    "function_method_name": "extract_tables_to_files_from_pdf_document",
    "time_start_1": 1769428211.34586,
    "time_end_1": 1769428211.7211971,
    "time_total_1": 0.3753371238708496,
    "time_start_2": 3032440.173286291,
    "time_end_2": 3032440.548622416,
    "time_total_2": 0.37533612502738833,
    "time_start_3": 3032440173286375,
    "time_end_3": 3032440548622875,
    "time_total_3": 0.3753365
}