{
    "function_method_name": "extract_tables_to_files_from_pdf_document",
    "time_start_1": 1769784361.242857,
    "time_end_1": 1769784361.6039171,
    "time_total_1": 0.36106014251708984,
    "time_start_2": 3383793.138094666,
    "time_end_2": 3383793.499154875,
    "time_total_2": 0.36106020910665393,
    "time_start_3": 3383793138094708,
    "time_end_3": 3383793499155083,
    "time_total_3": 0.361060375
}