{
    "function_method_name": "extract_tables_to_files_from_pdf_document",
    "time_start_1": 1769329848.911938,
    "time_end_1": 1769329849.2772071,
    "time_total_1": 0.36526918411254883,
    "time_start_2": 2934077.899063375,
    "time_end_2": 2934078.264331875,
    "time_total_2": 0.3652685000561178,
    "time_start_3": 2934077899063416,
    "time_end_3": 2934078264332166,
    "time_total_3": 0.36526875
}