{
    "function_method_name": "extract_tables_to_files_from_pdf_document",
    "time_start_1": 1765522888.423787,
    "time_end_1": 1765522888.785961,
    "time_total_1": 0.36217379570007324,
    "time_start_2": 2431911.042955,
    "time_end_2": 2431911.405129333,
    "time_total_2": 0.3621743330731988,
    "time_start_3": 2431911042955125,
    "time_end_3": 2431911405129416,
    "time_total_3": 0.362174291
}