{
    "function_method_name": "extract_tables_to_files_from_pdf_document",
    "time_start_1": 1765488851.136251,
    "time_end_1": 1765488851.4973629,
    "time_total_1": 0.3611118793487549,
    "time_start_2": 2397873.80829875,
    "time_end_2": 2397874.169409666,
    "time_total_2": 0.36111091636121273,
    "time_start_3": 2397873808298833,
    "time_end_3": 2397874169409833,
    "time_total_3": 0.361111
}