{
    "function_method_name": "extract_tables_to_files_from_pdf_document",
    "time_start_1": 1765500357.777139,
    "time_end_1": 1765500358.243668,
    "time_total_1": 0.46652913093566895,
    "time_start_2": 2409380.403366166,
    "time_end_2": 2409380.869892958,
    "time_total_2": 0.4665267919190228,
    "time_start_3": 2409380403366166,
    "time_end_3": 2409380869893166,
    "time_total_3": 0.466527
}