{
    "function_method_name": "extract_text_to_file_from_any_document",
    "time_start_1": 1770412405.460989,
    "time_end_1": 1770412406.044659,
    "time_total_1": 0.583669900894165,
    "time_start_2": 3995399.692294708,
    "time_end_2": 3995400.275965958,
    "time_total_2": 0.5836712499149144,
    "time_start_3": 3995399692294750,
    "time_end_3": 3995400275966000,
    "time_total_3": 0.58367125
}