{
    "function_method_name": "extract_tables_to_files_from_pdf_document",
    "time_start_1": 1765392482.075797,
    "time_end_1": 1765392490.3643131,
    "time_total_1": 8.2885160446167,
    "time_start_2": 2301504.78597825,
    "time_end_2": 2301513.074502208,
    "time_total_2": 8.288523957598954,
    "time_start_3": 2301504785978375,
    "time_end_3": 2301513074502416,
    "time_total_3": 8.288524041
}