{
    "function_method_name": "extract_text_to_file_from_any_document",
    "time_start_1": 1772652132.1841211,
    "time_end_1": 1772652134.3761249,
    "time_total_1": 2.1920037269592285,
    "time_start_2": 839862.595580416,
    "time_end_2": 839864.787576666,
    "time_total_2": 2.1919962499523535,
    "time_start_3": 839862595580458,
    "time_end_3": 839864787576833,
    "time_total_3": 2.191996375
}