{
    "function_method_name": "extract_text_to_file_from_any_document",
    "time_start_1": 1769379014.8564138,
    "time_end_1": 1769379015.783731,
    "time_total_1": 0.9273171424865723,
    "time_start_2": 2983243.810299125,
    "time_end_2": 2983244.737616,
    "time_total_2": 0.9273168751969934,
    "time_start_3": 2983243810299166,
    "time_end_3": 2983244737616250,
    "time_total_3": 0.927317084
}