{
    "function_method_name": "extract_tables_to_files_from_pdf_document",
    "time_start_1": 1765566540.257269,
    "time_end_1": 1765566541.6160982,
    "time_total_1": 1.3588292598724365,
    "time_start_2": 2452062.777558833,
    "time_end_2": 2452064.136383,
    "time_total_2": 1.3588241669349372,
    "time_start_3": 2452062777558916,
    "time_end_3": 2452064136383208,
    "time_total_3": 1.358824292
}