{
    "function_method_name": "extract_text_to_file_from_any_document",
    "time_start_1": 1763216315.896831,
    "time_end_1": 1763216339.42493,
    "time_total_1": 23.528099060058594,
    "time_start_2": 182526.121821375,
    "time_end_2": 182549.649822375,
    "time_total_2": 23.528000999998767,
    "time_start_3": 182526121821416,
    "time_end_3": 182549649822500,
    "time_total_3": 23.528001084
}