{
    "function_method_name": "extract_text_to_file_from_any_document",
    "time_start_1": 1763068880.7594612,
    "time_end_1": 1763068904.484246,
    "time_total_1": 23.72478485107422,
    "time_start_2": 35091.301409833,
    "time_end_2": 35115.026047041,
    "time_total_2": 23.724637207997148,
    "time_start_3": 35091301409875,
    "time_end_3": 35115026047208,
    "time_total_3": 23.724637333
}