{
    "function_method_name": "extract_markdown_to_file_from_any_document",
    "num_pages": 94,
    "time_start_1": 1763112756.3773499,
    "time_end_1": 1763112780.413635,
    "time_total_1": 24.036285161972046,
    "pages_per_second_1": 3.9107540689656144,
    "time_start_2": 78966.862485958,
    "time_end_2": 78990.898718666,
    "time_total_2": 24.036232707992895,
    "pages_per_second_2": 3.9107626033567935,
    "time_start_3": 78966862486125,
    "time_end_3": 78990898718875,
    "time_total_3": 24.03623275,
    "pages_per_second_3": 3.9107625965221193
}