{
    "function_method_name": "extract_markdown_to_file_from_any_document_complex",
    "num_pages": 94,
    "time_start_1": 1763165380.013078,
    "time_end_1": 1763165403.1230059,
    "time_total_1": 23.109927892684937,
    "pages_per_second_1": 4.0675159367223355,
    "time_start_2": 131590.347760833,
    "time_end_2": 131613.457522958,
    "time_total_2": 23.10976212497917,
    "pages_per_second_2": 4.067545113257402,
    "time_start_3": 131590347760916,
    "time_end_3": 131613457523125,
    "time_total_3": 23.109762209,
    "pages_per_second_3": 4.06754509846891
}