{
    "function_method_name": "extract_text_to_file_from_any_document",
    "time_start_1": 1763117719.9070988,
    "time_end_1": 1763117743.5736551,
    "time_total_1": 23.666556358337402,
    "time_start_2": 83930.393474625,
    "time_end_2": 83954.059983041,
    "time_total_2": 23.666508416004945,
    "time_start_3": 83930393474625,
    "time_end_3": 83954059983125,
    "time_total_3": 23.6665085
}