{
    "function_method_name": "extract_markdown_to_file_from_any_document_complex",
    "num_pages": 94,
    "time_start_1": 1763061393.040386,
    "time_end_1": 1763061416.0242682,
    "time_total_1": 22.983882188796997,
    "pages_per_second_1": 4.089822564693544,
    "time_start_2": 27603.6435805,
    "time_end_2": 27626.627557583,
    "time_total_2": 22.983977083000354,
    "pages_per_second_2": 4.089805678997359,
    "time_start_3": 27603643580625,
    "time_end_3": 27626627557750,
    "time_total_3": 22.983977125,
    "pages_per_second_3": 4.089805671523875
}