{
    "function_method_name": "extract_markdown_to_file_from_any_document_complex",
    "num_pages": 94,
    "time_start_1": 1762963698.560022,
    "time_end_1": 1762963721.123772,
    "time_total_1": 22.56374979019165,
    "pages_per_second_1": 4.165974222992905,
    "time_start_2": 2164652.560432583,
    "time_end_2": 2164675.124350166,
    "time_total_2": 22.56391758285463,
    "pages_per_second_2": 4.165943243447523,
    "time_start_3": 2164652560432750,
    "time_end_3": 2164675124350625,
    "time_total_3": 22.563917875,
    "pages_per_second_3": 4.165943189509148
}