{
    "function_method_name": "extract_text_to_file_from_any_document",
    "time_start_1": 1771882022.019922,
    "time_end_1": 1771882022.032555,
    "time_total_1": 0.012633085250854492,
    "time_start_2": 90924.439737416,
    "time_end_2": 90924.452370875,
    "time_total_2": 0.012633459002245218,
    "time_start_3": 90924439737500,
    "time_end_3": 90924452371000,
    "time_total_3": 0.0126335
}