{
  "function_method_name": "extract_text_to_file_from_any_document",
  "num_pages": 111,
  "time_start_1": 1773005709.0299819,
  "time_end_1": 1773005713.770504,
  "time_total_1": 4.740522146224976,
  "pages_per_second_1": 23.41514216706966,
  "time_start_2": 1165361.541408291,
  "time_end_2": 1165366.281916916,
  "time_total_2": 4.740508624818176,
  "pages_per_second_2": 23.41520895434663,
  "time_start_3": 1165361541408333,
  "time_end_3": 1165366281917125,
  "time_total_3": 4.740508792,
  "pages_per_second_3": 23.415208128570853
}