{
    "function_method_name": "extract_text_to_file_from_any_document",
    "time_start_1": 1770412623.696073,
    "time_end_1": 1770412623.7967172,
    "time_total_1": 0.10064411163330078,
    "time_start_2": 3995617.927693166,
    "time_end_2": 3995618.028337333,
    "time_total_2": 0.10064416704699397,
    "time_start_3": 3995617927693250,
    "time_end_3": 3995618028337458,
    "time_total_3": 0.100644208
}