{
    "function_method_name": "extract_tables_to_files_from_pdf_document",
    "time_start_1": 1765498871.319253,
    "time_end_1": 1765498879.220479,
    "time_total_1": 7.901226043701172,
    "time_start_2": 2407893.955388625,
    "time_end_2": 2407901.85640425,
    "time_total_2": 7.901015624869615,
    "time_start_3": 2407893955388708,
    "time_end_3": 2407901856404416,
    "time_total_3": 7.901015708
}