{
  "function_method_name": "extract_text_to_file_from_docx_document",
  "time_start_1": 1776797699.511916,
  "time_end_1": 1776797700.497417,
  "time_total_1": 0.9855010509490967,
  "time_start_2": 786086.773163458,
  "time_end_2": 786087.75866625,
  "time_total_2": 0.9855027920566499,
  "time_start_3": 786086773163458,
  "time_end_3": 786087758666333,
  "time_total_3": 0.985502875,
  "num_pages": 0,
  "pages_per_second_1": 0.0,
  "pages_per_second_2": 0.0,
  "pages_per_second_3": 0.0
}