{
    "function_method_name": "extract_text_to_file_from_any_document",
    "time_start_1": 1771446916.389054,
    "time_end_1": 1771446916.4191911,
    "time_total_1": 0.030137062072753906,
    "time_start_2": 436924.895274708,
    "time_end_2": 436924.925412083,
    "time_total_2": 0.030137374997138977,
    "time_start_3": 436924895274791,
    "time_end_3": 436924925412250,
    "time_total_3": 0.030137459
}