{
    "function_method_name": "extract_text_to_file_from_any_document",
    "time_start_1": 1770418246.355155,
    "time_end_1": 1770418608.119031,
    "time_total_1": 361.7638759613037,
    "time_start_2": 4001240.597820958,
    "time_end_2": 4001602.361856833,
    "time_total_2": 361.7640358749777,
    "time_start_3": 4001240597821166,
    "time_end_3": 4001602361857250,
    "time_total_3": 361.764036084
}