{
    "function_method_name": "extract_text_to_file_from_any_document",
    "time_start_1": 1771592297.6524339,
    "time_end_1": 1771592510.16022,
    "time_total_1": 212.50778603553772,
    "time_start_2": 59357.233422583,
    "time_end_2": 59569.74090775,
    "time_total_2": 212.5074851669997,
    "time_start_3": 59357233422666,
    "time_end_3": 59569740908083,
    "time_total_3": 212.507485417
}