{
    "function_method_name": "extract_text_to_file_from_any_document",
    "time_start_1": 1770468267.470617,
    "time_end_1": 1770468267.4996989,
    "time_total_1": 0.02908182144165039,
    "time_start_2": 4051261.675055958,
    "time_end_2": 4051261.704138041,
    "time_total_2": 0.029082083143293858,
    "time_start_3": 4051261675056041,
    "time_end_3": 4051261704138125,
    "time_total_3": 0.029082084
}