{
    "function_method_name": "extract_text_to_file_from_any_document",
    "time_start_1": 1772216492.525465,
    "time_end_1": 1772216494.440254,
    "time_total_1": 1.9147889614105225,
    "time_start_2": 404223.162202333,
    "time_end_2": 404225.07698175,
    "time_total_2": 1.9147794170421548,
    "time_start_3": 404223162202458,
    "time_end_3": 404225076982041,
    "time_total_3": 1.914779583
}