{
    "function_method_name": "extract_text_to_file_from_any_document",
    "time_start_1": 1770415776.591659,
    "time_end_1": 1770415781.5356522,
    "time_total_1": 4.943993091583252,
    "time_start_2": 3998770.841247166,
    "time_end_2": 3998775.785256041,
    "time_total_2": 4.944008875172585,
    "time_start_3": 3998770841247208,
    "time_end_3": 3998775785256458,
    "time_total_3": 4.94400925
}