{
    "function_method_name": "extract_text_to_file_from_epub_document",
    "time_start_1": 1771002323.0827122,
    "time_end_1": 1771002323.186662,
    "time_total_1": 0.10394978523254395,
    "time_start_2": 28676.597765625,
    "time_end_2": 28676.701717208,
    "time_total_2": 0.10395158300161711,
    "time_start_3": 28676597765666,
    "time_end_3": 28676701717333,
    "time_total_3": 0.103951667
}