{
    "function_method_name": "extract_tables_to_files_from_pdf_document",
    "time_start_1": 1769413255.9178371,
    "time_end_1": 1769413255.975961,
    "time_total_1": 0.05812382698059082,
    "time_start_2": 3017484.793464708,
    "time_end_2": 3017484.851588375,
    "time_total_2": 0.058123666793107986,
    "time_start_3": 3017484793464791,
    "time_end_3": 3017484851588583,
    "time_total_3": 0.058123792
}