{
    "function_method_name": "extract_tables_to_files_from_pdf_document",
    "time_start_1": 1769323179.815149,
    "time_end_1": 1769323179.8688471,
    "time_total_1": 0.053698062896728516,
    "time_start_2": 2927408.820514708,
    "time_end_2": 2927408.874211916,
    "time_total_2": 0.05369720794260502,
    "time_start_3": 2927408820514833,
    "time_end_3": 2927408874212083,
    "time_total_3": 0.05369725
}