{
  "function_method_name": "extract_text_to_file_from_any_document",
  "num_pages": 193,
  "time_start_1": 1773176958.2205582,
  "time_end_1": 1773176965.224051,
  "time_total_1": 7.003492832183838,
  "pages_per_second_1": 27.55767795079166,
  "time_start_2": 1317949.187273875,
  "time_end_2": 1317956.19074575,
  "time_total_2": 7.003471874864772,
  "pages_per_second_2": 27.557760414898016,
  "time_start_3": 1317949187274000,
  "time_end_3": 1317956190746208,
  "time_total_3": 7.003472208,
  "pages_per_second_3": 27.557759104053833
}