{
  "function_method_name": "extract_text_to_file_from_any_document",
  "num_pages": 193,
  "time_start_1": 1773005702.410948,
  "time_end_1": 1773005709.029867,
  "time_total_1": 6.6189188957214355,
  "pages_per_second_1": 29.158840445190826,
  "time_start_2": 1165354.922394125,
  "time_end_2": 1165361.541294541,
  "time_total_2": 6.618900415953249,
  "pages_per_second_2": 29.158921855784453,
  "time_start_3": 1165354922394208,
  "time_end_3": 1165361541294750,
  "time_total_3": 6.618900542,
  "pages_per_second_3": 29.158921300497763
}