{
  "function_method_name": "extract_text_to_file_from_any_document",
  "time_start_1": 1783970952.6634,
  "time_end_1": 1783970964.4538188,
  "time_total_1": 11.790418863296509,
  "time_start_2": 2481.510202958,
  "time_end_2": 2493.300659333,
  "time_total_2": 11.790456375000304,
  "time_start_3": 2481510203000,
  "time_end_3": 2493300659416,
  "time_total_3": 11.790456416,
  "num_pages": 40,
  "pages_per_second_1": 3.3925851544188745,
  "pages_per_second_2": 3.392574360803652,
  "pages_per_second_3": 3.39257434900644
}