{
  "function_method_name": "extract_text_to_file_from_any_document",
  "time_start_1": 1780747764.410069,
  "time_end_1": 1780747766.49182,
  "time_total_1": 2.0817511081695557,
  "time_start_2": 612.599959083,
  "time_end_2": 614.681725791,
  "time_total_2": 2.0817667079999183,
  "time_start_3": 612599959250,
  "time_end_3": 614681726166,
  "time_total_3": 2.081766916
}