{
    "function_method_name": "extract_text_to_file_from_any_document",
    "time_start_1": 1770993047.673602,
    "time_end_1": 1770993048.685507,
    "time_total_1": 1.0119049549102783,
    "time_start_2": 19401.217128708,
    "time_end_2": 19402.229029125,
    "time_total_2": 1.0119004170010157,
    "time_start_3": 19401217128833,
    "time_end_3": 19402229029291,
    "time_total_3": 1.011900458
}