{
    "function_method_name": "extract_text_to_file_from_any_document",
    "time_start_1": 1771882019.441225,
    "time_end_1": 1771882019.45394,
    "time_total_1": 0.012714862823486328,
    "time_start_2": 90921.86104175,
    "time_end_2": 90921.873756291,
    "time_total_2": 0.012714540993329138,
    "time_start_3": 90921861041833,
    "time_end_3": 90921873756375,
    "time_total_3": 0.012714542
}