{
    "function_method_name": "extract_text_to_file_from_any_document",
    "time_start_1": 1772014626.6564338,
    "time_end_1": 1772014626.693077,
    "time_total_1": 0.036643266677856445,
    "time_start_2": 223529.062655958,
    "time_end_2": 223529.09929825,
    "time_total_2": 0.03664229199057445,
    "time_start_3": 223529062656041,
    "time_end_3": 223529099298291,
    "time_total_3": 0.03664225
}