{
    "function_method_name": "extract_text_to_file_from_any_document",
    "time_start_1": 1769396285.233589,
    "time_end_1": 1769396478.080961,
    "time_total_1": 192.8473720550537,
    "time_start_2": 3000514.127555958,
    "time_end_2": 3000706.977784458,
    "time_total_2": 192.8502285000868,
    "time_start_3": 3000514127556375,
    "time_end_3": 3000706977784875,
    "time_total_3": 192.8502285
}