{
    "function_method_name": "api_parse_analyze_markdown_mistletoe",
    "time_start_1": 1772789799.022453,
    "time_end_1": 1772789799.198394,
    "time_total_1": 0.17594099044799805,
    "time_start_2": 963768.979748625,
    "time_end_2": 963769.155689583,
    "time_total_2": 0.17594095808453858,
    "time_start_3": 963768979748750,
    "time_end_3": 963769155689791,
    "time_total_3": 0.175941041
}