{
    "function_method_name": "extract_text_to_file_from_any_document",
    "time_start_1": 1770550609.681352,
    "time_end_1": 1770550610.2737029,
    "time_total_1": 0.592350959777832,
    "time_start_2": 4133603.874879666,
    "time_end_2": 4133604.467233125,
    "time_total_2": 0.592353458981961,
    "time_start_3": 4133603874879750,
    "time_end_3": 4133604467233166,
    "time_total_3": 0.592353416
}