{
    "function_method_name": "extract_images_from_pdf_to_files",
    "time_start_1": 1763892227.393884,
    "time_end_1": 1763892227.5378509,
    "time_total_1": 0.1439669132232666,
    "time_start_2": 827708.945096875,
    "time_end_2": 827709.08906525,
    "time_total_2": 0.14396837505046278,
    "time_start_3": 827708945096916,
    "time_end_3": 827709089065291,
    "time_total_3": 0.143968375
}