{
    "function_method_name": "extract_text_to_file_from_any_document",
    "time_start_1": 1763111461.203862,
    "time_end_1": 1763111464.330805,
    "time_total_1": 3.1269431114196777,
    "time_start_2": 77671.701607708,
    "time_end_2": 77674.828551125,
    "time_total_2": 3.1269434169953456,
    "time_start_3": 77671701607750,
    "time_end_3": 77674828551333,
    "time_total_3": 3.126943583
}