{
    "function_method_name": "extract_text_to_file_from_any_document",
    "time_start_1": 1763899404.152722,
    "time_end_1": 1763899406.371943,
    "time_total_1": 2.2192211151123047,
    "time_start_2": 834885.644823291,
    "time_end_2": 834887.86403175,
    "time_total_2": 2.2192084590205923,
    "time_start_3": 834885644823333,
    "time_end_3": 834887864031958,
    "time_total_3": 2.219208625
}