{
    "function_method_name": "extract_text_to_file_from_any_document",
    "time_start_1": 1763103860.538659,
    "time_end_1": 1763103863.659588,
    "time_total_1": 3.120929002761841,
    "time_start_2": 70071.117405083,
    "time_end_2": 70074.238359916,
    "time_total_2": 3.120954832993448,
    "time_start_3": 70071117405166,
    "time_end_3": 70074238360208,
    "time_total_3": 3.120955042
}