{
    "function_method_name": "extract_text_to_file_from_any_document",
    "time_start_1": 1764498766.630771,
    "time_end_1": 1764498768.783972,
    "time_total_1": 2.153201103210449,
    "time_start_2": 1434248.633037833,
    "time_end_2": 1434250.786233,
    "time_total_2": 2.1531951669603586,
    "time_start_3": 1434248633037875,
    "time_end_3": 1434250786233291,
    "time_total_3": 2.153195416
}