{
    "function_method_name": "extract_text_to_file_from_any_document",
    "time_start_1": 1763159072.08865,
    "time_end_1": 1763159075.2014961,
    "time_total_1": 3.1128461360931396,
    "time_start_2": 125282.490778541,
    "time_end_2": 125285.603626583,
    "time_total_2": 3.112848042001133,
    "time_start_3": 125282490778583,
    "time_end_3": 125285603626750,
    "time_total_3": 3.112848167
}