{
    "function_method_name": "extract_text_to_file_from_any_document",
    "time_start_1": 1763134001.5686011,
    "time_end_1": 1763134004.7535412,
    "time_total_1": 3.1849400997161865,
    "time_start_2": 100212.038198458,
    "time_end_2": 100215.223163583,
    "time_total_2": 3.1849651249940507,
    "time_start_3": 100212038198500,
    "time_end_3": 100215223163875,
    "time_total_3": 3.184965375
}