{
    "function_method_name": "extract_text_to_file_from_any_document",
    "time_start_1": 1763070117.8400939,
    "time_end_1": 1763070120.974335,
    "time_total_1": 3.1342411041259766,
    "time_start_2": 36328.374313041,
    "time_end_2": 36331.508534958,
    "time_total_2": 3.1342219169964665,
    "time_start_3": 36328374313083,
    "time_end_3": 36331508535125,
    "time_total_3": 3.134222042
}