{
    "function_method_name": "extract_text_to_file_from_any_document",
    "time_start_1": 1763082669.1561751,
    "time_end_1": 1763082672.2689128,
    "time_total_1": 3.1127376556396484,
    "time_start_2": 48879.709588625,
    "time_end_2": 48882.822346,
    "time_total_2": 3.112757374998182,
    "time_start_3": 48879709588708,
    "time_end_3": 48882822346333,
    "time_total_3": 3.112757625
}