{
    "function_method_name": "extract_text_to_file_from_any_document",
    "time_start_1": 1763136549.950173,
    "time_end_1": 1763136553.057468,
    "time_total_1": 3.107295036315918,
    "time_start_2": 102760.380040375,
    "time_end_2": 102763.487330458,
    "time_total_2": 3.1072900829894934,
    "time_start_3": 102760380040500,
    "time_end_3": 102763487330583,
    "time_total_3": 3.107290083
}