{
    "function_method_name": "extract_tables_to_files_from_pdf_document",
    "time_start_1": 1769636955.796891,
    "time_end_1": 1769636979.814095,
    "time_total_1": 24.01720404624939,
    "time_start_2": 3236387.701536,
    "time_end_2": 3236411.718702208,
    "time_total_2": 24.017166208010167,
    "time_start_3": 3236387701536083,
    "time_end_3": 3236411718702333,
    "time_total_3": 24.01716625
}