{
    "function_method_name": "extract_tables_to_files_from_pdf_document",
    "time_start_1": 1769317595.088991,
    "time_end_1": 1769317619.1567092,
    "time_total_1": 24.067718267440796,
    "time_start_2": 2921824.108166916,
    "time_end_2": 2921848.175818041,
    "time_total_2": 24.067651125136763,
    "time_start_3": 2921824108167000,
    "time_end_3": 2921848175818166,
    "time_total_3": 24.067651166
}