{
    "function_method_name": "extract_tables_to_files_from_pdf_document",
    "time_start_1": 1769427267.333036,
    "time_end_1": 1769427300.00647,
    "time_total_1": 32.673434019088745,
    "time_start_2": 3031496.164648083,
    "time_end_2": 3031528.837966416,
    "time_total_2": 32.673318332992494,
    "time_start_3": 3031496164648166,
    "time_end_3": 3031528837966500,
    "time_total_3": 32.673318334
}