{
    "function_method_name": "extract_tables_to_files_from_pdf_document",
    "time_start_1": 1769285513.578537,
    "time_end_1": 1769285530.2342348,
    "time_total_1": 16.6556978225708,
    "time_start_2": 2889742.705085958,
    "time_end_2": 2889759.360743791,
    "time_total_2": 16.65565783297643,
    "time_start_3": 2889742705086041,
    "time_end_3": 2889759360743875,
    "time_total_3": 16.655657834
}