{
    "function_method_name": "extract_tables_to_files_from_pdf_document",
    "time_start_1": 1769298092.1778681,
    "time_end_1": 1769298116.0054002,
    "time_total_1": 23.827532052993774,
    "time_start_2": 2902321.249551166,
    "time_end_2": 2902345.07699775,
    "time_total_2": 23.827446584124118,
    "time_start_3": 2902321249551208,
    "time_end_3": 2902345076997916,
    "time_total_3": 23.827446708
}