{
    "function_method_name": "extract_tables_to_files_from_pdf_document",
    "time_start_1": 1769293228.974067,
    "time_end_1": 1769293252.489799,
    "time_total_1": 23.515732049942017,
    "time_start_2": 2897458.062951791,
    "time_end_2": 2897481.578563541,
    "time_total_2": 23.51561175007373,
    "time_start_3": 2897458062951875,
    "time_end_3": 2897481578563791,
    "time_total_3": 23.515611916
}