{
    "function_method_name": "extract_tables_to_files_from_pdf_document",
    "time_start_1": 1769311106.506309,
    "time_end_1": 1769311131.180665,
    "time_total_1": 24.67435598373413,
    "time_start_2": 2915335.543784375,
    "time_end_2": 2915360.218066833,
    "time_total_2": 24.67428245814517,
    "time_start_3": 2915335543784458,
    "time_end_3": 2915360218066916,
    "time_total_3": 24.674282458
}