{
    "function_method_name": "extract_text_to_file_from_any_document",
    "time_start_1": 1772631428.727421,
    "time_end_1": 1772631429.2725859,
    "time_total_1": 0.5451648235321045,
    "time_start_2": 819159.139980958,
    "time_end_2": 819159.685144583,
    "time_total_2": 0.5451636250363663,
    "time_start_3": 819159139981083,
    "time_end_3": 819159685145000,
    "time_total_3": 0.545163917
}