{
    "function_method_name": "extract_text_to_file_from_any_document",
    "time_start_1": 1772016277.35303,
    "time_end_1": 1772016277.571171,
    "time_total_1": 0.2181410789489746,
    "time_start_2": 225179.757110625,
    "time_end_2": 225179.97525125,
    "time_total_2": 0.21814062498742715,
    "time_start_3": 225179757110666,
    "time_end_3": 225179975251500,
    "time_total_3": 0.218140834
}