{
    "function_method_name": "extract_tables_to_files_from_pdf_document",
    "time_start_1": 1769298963.732828,
    "time_end_1": 1769298963.879015,
    "time_total_1": 0.14618706703186035,
    "time_start_2": 2903192.801364541,
    "time_end_2": 2903192.947551333,
    "time_total_2": 0.14618679182603955,
    "time_start_3": 2903192801364625,
    "time_end_3": 2903192947551541,
    "time_total_3": 0.146186916
}