{
    "function_method_name": "extract_tables_to_files_from_pdf_document",
    "time_start_1": 1769321702.9599922,
    "time_end_1": 1769321703.1051,
    "time_total_1": 0.14510774612426758,
    "time_start_2": 2925931.968868541,
    "time_end_2": 2925932.113977375,
    "time_total_2": 0.14510883390903473,
    "time_start_3": 2925931968868625,
    "time_end_3": 2925932113977458,
    "time_total_3": 0.145108833
}