{
    "function_method_name": "extract_tables_to_files_from_pdf_document",
    "time_start_1": 1769577118.1649148,
    "time_end_1": 1769577118.312008,
    "time_total_1": 0.1470930576324463,
    "time_start_2": 3176550.198011208,
    "time_end_2": 3176550.345104166,
    "time_total_2": 0.1470929579809308,
    "time_start_3": 3176550198011291,
    "time_end_3": 3176550345104333,
    "time_total_3": 0.147093042
}