{
    "function_method_name": "extract_tables_to_files_from_pdf_document",
    "time_start_1": 1769295739.174382,
    "time_end_1": 1769295739.320816,
    "time_total_1": 0.14643406867980957,
    "time_start_2": 2899968.252156875,
    "time_end_2": 2899968.398591375,
    "time_total_2": 0.14643449988216162,
    "time_start_3": 2899968252156916,
    "time_end_3": 2899968398591583,
    "time_total_3": 0.146434667
}