{
    "function_method_name": "extract_text_to_file_from_any_document",
    "time_start_1": 1772016236.9696262,
    "time_end_1": 1772016237.250255,
    "time_total_1": 0.28062891960144043,
    "time_start_2": 225139.373716416,
    "time_end_2": 225139.654345416,
    "time_total_2": 0.28062899998622015,
    "time_start_3": 225139373716500,
    "time_end_3": 225139654345500,
    "time_total_3": 0.280629
}