{
    "function_method_name": "extract_text_to_file_from_any_document",
    "time_start_1": 1763090161.4502678,
    "time_end_1": 1763090171.569163,
    "time_total_1": 10.118895292282104,
    "time_start_2": 56371.986728583,
    "time_end_2": 56382.105550083,
    "time_total_2": 10.118821500000195,
    "time_start_3": 56371986728625,
    "time_end_3": 56382105550291,
    "time_total_3": 10.118821666
}