{
    "function_method_name": "extract_text_to_file_from_any_document",
    "time_start_1": 1763111465.23051,
    "time_end_1": 1763111475.33329,
    "time_total_1": 10.102780103683472,
    "time_start_2": 77675.728255541,
    "time_end_2": 77685.831036291,
    "time_total_2": 10.102780749992235,
    "time_start_3": 77675728255625,
    "time_end_3": 77685831036583,
    "time_total_3": 10.102780958
}