{
    "function_method_name": "extract_text_to_file_from_any_document",
    "time_start_1": 1763065117.494457,
    "time_end_1": 1763065127.608932,
    "time_total_1": 10.114475011825562,
    "time_start_2": 31328.078652333,
    "time_end_2": 31338.193143791,
    "time_total_2": 10.114491457999975,
    "time_start_3": 31328078652375,
    "time_end_3": 31338193144041,
    "time_total_3": 10.114491666
}