{
    "function_method_name": "extract_text_to_file_from_any_document",
    "time_start_1": 1763139075.8834481,
    "time_end_1": 1763139085.948205,
    "time_total_1": 10.064756870269775,
    "time_start_2": 105286.309920333,
    "time_end_2": 105296.374666,
    "time_total_2": 10.064745666997624,
    "time_start_3": 105286309920375,
    "time_end_3": 105296374666125,
    "time_total_3": 10.06474575
}