{
    "function_method_name": "extract_text_to_file_from_any_document",
    "time_start_1": 1763174030.6399648,
    "time_end_1": 1763174040.7367759,
    "time_total_1": 10.096811056137085,
    "time_start_2": 140241.077630458,
    "time_end_2": 140251.174544833,
    "time_total_2": 10.09691437499714,
    "time_start_3": 140241077630500,
    "time_end_3": 140251174544916,
    "time_total_3": 10.096914416
}