{
  "function_method_name": "extract_text_to_file_from_any_document",
  "num_pages": 0,
  "time_start_1": 1773177596.872747,
  "time_end_1": 1773177596.961714,
  "time_total_1": 0.08896708488464355,
  "pages_per_second_1": 0.0,
  "time_start_2": 1318587.837480125,
  "time_end_2": 1318587.926450958,
  "time_total_2": 0.0889708329923451,
  "pages_per_second_2": 0.0,
  "time_start_3": 1318587837480208,
  "time_end_3": 1318587926451208,
  "time_total_3": 0.088971,
  "pages_per_second_3": 0.0
}