{
  "function_method_name": "extract_text_to_file_from_any_document",
  "num_pages": 0,
  "time_start_1": 1775164079.4819388,
  "time_end_1": 1775164079.5561202,
  "time_total_1": 0.07418131828308105,
  "pages_per_second_1": 0.0,
  "time_start_2": 580196.893843708,
  "time_end_2": 580196.968031458,
  "time_total_2": 0.07418774999678135,
  "pages_per_second_2": 0.0,
  "time_start_3": 580196893843750,
  "time_end_3": 580196968031708,
  "time_total_3": 0.074187958,
  "pages_per_second_3": 0.0
}