{
  "function_method_name": "extract_text_to_file_from_any_document",
  "num_pages": 0,
  "time_start_1": 1773045177.525768,
  "time_end_1": 1773045177.6052558,
  "time_total_1": 0.07948780059814453,
  "pages_per_second_1": 0.0,
  "time_start_2": 1204829.938991375,
  "time_end_2": 1204830.018483666,
  "time_total_2": 0.07949229096993804,
  "pages_per_second_2": 0.0,
  "time_start_3": 1204829938991416,
  "time_end_3": 1204830018483833,
  "time_total_3": 0.079492417,
  "pages_per_second_3": 0.0
}