{
    "function_method_name": "extract_tables_to_files_from_pdf_document",
    "time_start_1": 1769627278.844096,
    "time_end_1": 1769627283.285474,
    "time_total_1": 4.441378116607666,
    "time_start_2": 3226710.773994541,
    "time_end_2": 3226715.215355875,
    "time_total_2": 4.4413613341748714,
    "time_start_3": 3226710773994583,
    "time_end_3": 3226715215356166,
    "time_total_3": 4.441361583
}