{
    "function_method_name": "extract_tables_to_files_from_pdf_document",
    "time_start_1": 1769320353.0076811,
    "time_end_1": 1769320357.747669,
    "time_total_1": 4.739987850189209,
    "time_start_2": 2924582.019834,
    "time_end_2": 2924586.759809666,
    "time_total_2": 4.739975665695965,
    "time_start_3": 2924582019834083,
    "time_end_3": 2924586759809916,
    "time_total_3": 4.739975833
}