{
    "function_method_name": "extract_tables_to_files_from_pdf_document",
    "time_start_1": 1769294372.843908,
    "time_end_1": 1769294377.645062,
    "time_total_1": 4.801153898239136,
    "time_start_2": 2898601.927602666,
    "time_end_2": 2898606.728735916,
    "time_total_2": 4.801133249886334,
    "time_start_3": 2898601927602708,
    "time_end_3": 2898606728736125,
    "time_total_3": 4.801133417
}