{
    "function_method_name": "extract_tables_to_files_from_pdf_document",
    "time_start_1": 1769683064.644383,
    "time_end_1": 1769683069.746187,
    "time_total_1": 5.10180401802063,
    "time_start_2": 3282496.619174708,
    "time_end_2": 3282501.720977083,
    "time_total_2": 5.101802374701947,
    "time_start_3": 3282496619174791,
    "time_end_3": 3282501720977458,
    "time_total_3": 5.101802667
}