{
    "function_method_name": "extract_text_to_file_from_any_document",
    "time_start_1": 1764501796.028633,
    "time_end_1": 1764501796.3085241,
    "time_total_1": 0.2798910140991211,
    "time_start_2": 1437278.015860833,
    "time_end_2": 1437278.295750583,
    "time_total_2": 0.2798897500615567,
    "time_start_3": 1437278015860875,
    "time_end_3": 1437278295750833,
    "time_total_3": 0.279889958
}