{
    "function_method_name": "extract_text_to_file_from_any_document",
    "time_start_1": 1771654575.3260632,
    "time_end_1": 1771654579.401703,
    "time_total_1": 4.075639724731445,
    "time_start_2": 111047.289624958,
    "time_end_2": 111051.365259375,
    "time_total_2": 4.075634417007677,
    "time_start_3": 111047289625041,
    "time_end_3": 111051365259625,
    "time_total_3": 4.075634584
}