{
    "function_method_name": "extract_text_to_file_from_any_document",
    "time_start_1": 1772789505.015234,
    "time_end_1": 1772789505.549057,
    "time_total_1": 0.5338230133056641,
    "time_start_2": 963474.97240975,
    "time_end_2": 963475.506234416,
    "time_total_2": 0.533824666053988,
    "time_start_3": 963474972409958,
    "time_end_3": 963475506234750,
    "time_total_3": 0.533824792
}