{
    "function_method_name": "extract_text_to_file_from_any_document",
    "time_start_1": 1772016221.726845,
    "time_end_1": 1772016221.9095838,
    "time_total_1": 0.1827387809753418,
    "time_start_2": 225124.130939,
    "time_end_2": 225124.313678708,
    "time_total_2": 0.1827397079905495,
    "time_start_3": 225124130939166,
    "time_end_3": 225124313679000,
    "time_total_3": 0.182739834
}