{
    "function_method_name": "extract_text_to_file_from_any_document",
    "time_start_1": 1769721759.853615,
    "time_end_1": 1769721759.975132,
    "time_total_1": 0.12151694297790527,
    "time_start_2": 3321191.722665375,
    "time_end_2": 3321191.844182583,
    "time_total_2": 0.12151720793917775,
    "time_start_3": 3321191722665416,
    "time_end_3": 3321191844183000,
    "time_total_3": 0.121517584
}