{
    "function_method_name": "extract_text_to_file_from_any_document",
    "time_start_1": 1769383344.2675579,
    "time_end_1": 1769383344.3516018,
    "time_total_1": 0.08404397964477539,
    "time_start_2": 2987573.214092208,
    "time_end_2": 2987573.298136791,
    "time_total_2": 0.08404458314180374,
    "time_start_3": 2987573214092291,
    "time_end_3": 2987573298136958,
    "time_total_3": 0.084044667
}