{
    "function_method_name": "extract_images_from_pdf_to_files",
    "time_start_1": 1770305735.672655,
    "time_end_1": 1770305735.676297,
    "time_total_1": 0.003641843795776367,
    "time_start_2": 3905168.116264166,
    "time_end_2": 3905168.119906375,
    "time_total_2": 0.0036422093398869038,
    "time_start_3": 3905168116264166,
    "time_end_3": 3905168119906458,
    "time_total_3": 0.003642292
}