{
    "function_method_name": "extract_images_from_pdf_to_files",
    "time_start_1": 1771004279.408591,
    "time_end_1": 1771004279.410963,
    "time_total_1": 0.0023720264434814453,
    "time_start_2": 30632.920282416,
    "time_end_2": 30632.922654416,
    "time_total_2": 0.0023720000026514754,
    "time_start_3": 30632920282458,
    "time_end_3": 30632922654458,
    "time_total_3": 0.002372
}