{
    "function_method_name": "extract_images_from_pdf_to_files",
    "time_start_1": 1770306425.65788,
    "time_end_1": 1770306425.661504,
    "time_total_1": 0.00362396240234375,
    "time_start_2": 3905858.101371375,
    "time_end_2": 3905858.104995041,
    "time_total_2": 0.0036236662417650223,
    "time_start_3": 3905858101371458,
    "time_end_3": 3905858104995041,
    "time_total_3": 0.003623583
}