{
    "function_method_name": "extract_images_from_pdf_to_files",
    "time_start_1": 1770306317.972312,
    "time_end_1": 1770306317.9759219,
    "time_total_1": 0.003609895706176758,
    "time_start_2": 3905750.416052083,
    "time_end_2": 3905750.419662166,
    "time_total_2": 0.0036100829020142555,
    "time_start_3": 3905750416052125,
    "time_end_3": 3905750419662208,
    "time_total_3": 0.003610083
}