{
    "function_method_name": "extract_images_from_pdf_to_files",
    "time_start_1": 1770514475.657987,
    "time_end_1": 1770514475.661609,
    "time_total_1": 0.003621816635131836,
    "time_start_2": 4097469.770260166,
    "time_end_2": 4097469.773881791,
    "time_total_2": 0.0036216252483427525,
    "time_start_3": 4097469770260208,
    "time_end_3": 4097469773881875,
    "time_total_3": 0.003621667
}