{
    "function_method_name": "extract_images_from_pdf_to_files",
    "time_start_1": 1770306727.380414,
    "time_end_1": 1770306727.384088,
    "time_total_1": 0.003674030303955078,
    "time_start_2": 3906159.823955333,
    "time_end_2": 3906159.8276295,
    "time_total_2": 0.0036741672083735466,
    "time_start_3": 3906159823955416,
    "time_end_3": 3906159827629583,
    "time_total_3": 0.003674167
}