{
    "function_method_name": "extract_images_from_pdf_to_files",
    "time_start_1": 1769716837.596229,
    "time_end_1": 1769716837.60055,
    "time_total_1": 0.004320859909057617,
    "time_start_2": 3316269.478946583,
    "time_end_2": 3316269.483268375,
    "time_total_2": 0.004321792162954807,
    "time_start_3": 3316269478946666,
    "time_end_3": 3316269483268541,
    "time_total_3": 0.004321875
}