{
    "function_method_name": "extract_images_from_pdf_to_files",
    "time_start_1": 1770568152.826022,
    "time_end_1": 1770568152.829709,
    "time_total_1": 0.003687143325805664,
    "time_start_2": 4151146.963151291,
    "time_end_2": 4151146.966838166,
    "time_total_2": 0.003686875104904175,
    "time_start_3": 4151146963151333,
    "time_end_3": 4151146966838250,
    "time_total_3": 0.003686917
}