{
    "function_method_name": "extract_images_from_pdf_to_files",
    "time_start_1": 1770304219.2297971,
    "time_end_1": 1770304219.233451,
    "time_total_1": 0.0036537647247314453,
    "time_start_2": 3903651.673033583,
    "time_end_2": 3903651.676688083,
    "time_total_2": 0.0036545000039041042,
    "time_start_3": 3903651673033625,
    "time_end_3": 3903651676688125,
    "time_total_3": 0.0036545
}