{
    "function_method_name": "extract_images_from_pdf_to_files",
    "time_start_1": 1770513578.3337002,
    "time_end_1": 1770513578.337331,
    "time_total_1": 0.0036308765411376953,
    "time_start_2": 4096572.448350625,
    "time_end_2": 4096572.451980875,
    "time_total_2": 0.003630249761044979,
    "time_start_3": 4096572448350708,
    "time_end_3": 4096572451980916,
    "time_total_3": 0.003630208
}