{
    "function_method_name": "extract_images_from_pdf_to_files",
    "time_start_1": 1770512103.6153889,
    "time_end_1": 1770512103.61902,
    "time_total_1": 0.003631114959716797,
    "time_start_2": 4095097.733533125,
    "time_end_2": 4095097.73716425,
    "time_total_2": 0.0036311252042651176,
    "time_start_3": 4095097733533208,
    "time_end_3": 4095097737164291,
    "time_total_3": 0.003631083
}