{
    "function_method_name": "extract_images_from_pdf_to_files",
    "time_start_1": 1770513535.4577742,
    "time_end_1": 1770513535.46147,
    "time_total_1": 0.0036957263946533203,
    "time_start_2": 4096529.572536875,
    "time_end_2": 4096529.576233083,
    "time_total_2": 0.0036962078884243965,
    "time_start_3": 4096529572536958,
    "time_end_3": 4096529576233166,
    "time_total_3": 0.003696208
}