{
    "function_method_name": "extract_images_from_pdf_to_files",
    "time_start_1": 1770305864.8179042,
    "time_end_1": 1770305864.82153,
    "time_total_1": 0.0036258697509765625,
    "time_start_2": 3905297.261544416,
    "time_end_2": 3905297.265170291,
    "time_total_2": 0.003625874873250723,
    "time_start_3": 3905297261544500,
    "time_end_3": 3905297265170333,
    "time_total_3": 0.003625833
}