{
    "function_method_name": "extract_images_from_pdf_to_files",
    "time_start_1": 1770303312.702646,
    "time_end_1": 1770303312.706246,
    "time_total_1": 0.003599882125854492,
    "time_start_2": 3902745.145362291,
    "time_end_2": 3902745.148961583,
    "time_total_2": 0.0035992921330034733,
    "time_start_3": 3902745145362291,
    "time_end_3": 3902745148961666,
    "time_total_3": 0.003599375
}