{
    "function_method_name": "extract_images_from_pdf_to_files",
    "time_start_1": 1770514048.286719,
    "time_end_1": 1770514048.290304,
    "time_total_1": 0.0035848617553710938,
    "time_start_2": 4097042.400105833,
    "time_end_2": 4097042.403690875,
    "time_total_2": 0.003585041966289282,
    "time_start_3": 4097042400105875,
    "time_end_3": 4097042403690958,
    "time_total_3": 0.003585083
}