{
    "function_method_name": "extract_images_from_pdf_to_files",
    "time_start_1": 1770305671.191637,
    "time_end_1": 1770305671.195284,
    "time_total_1": 0.0036468505859375,
    "time_start_2": 3905103.635230208,
    "time_end_2": 3905103.638877625,
    "time_total_2": 0.0036474172957241535,
    "time_start_3": 3905103635230291,
    "time_end_3": 3905103638877666,
    "time_total_3": 0.003647375
}