{
    "function_method_name": "extract_images_from_pdf_to_files",
    "time_start_1": 1770304650.0515578,
    "time_end_1": 1770304650.0551639,
    "time_total_1": 0.003606081008911133,
    "time_start_2": 3904082.494898125,
    "time_end_2": 3904082.498504458,
    "time_total_2": 0.0036063329316675663,
    "time_start_3": 3904082494898166,
    "time_end_3": 3904082498504541,
    "time_total_3": 0.003606375
}