{
    "function_method_name": "extract_images_from_pdf_to_files",
    "time_start_1": 1770303982.200822,
    "time_end_1": 1770303982.2044601,
    "time_total_1": 0.003638029098510742,
    "time_start_2": 3903414.644002458,
    "time_end_2": 3903414.647639875,
    "time_total_2": 0.0036374167539179325,
    "time_start_3": 3903414644002500,
    "time_end_3": 3903414647639958,
    "time_total_3": 0.003637458
}