{
    "function_method_name": "extract_images_from_pdf_to_files",
    "time_start_1": 1770513962.61643,
    "time_end_1": 1770513962.620128,
    "time_total_1": 0.0036978721618652344,
    "time_start_2": 4096956.730043333,
    "time_end_2": 4096956.733740791,
    "time_total_2": 0.003697458188980818,
    "time_start_3": 4096956730043375,
    "time_end_3": 4096956733740833,
    "time_total_3": 0.003697458
}