{
    "function_method_name": "extract_images_from_pdf_to_files",
    "time_start_1": 1770570163.601741,
    "time_end_1": 1770570163.605403,
    "time_total_1": 0.0036618709564208984,
    "time_start_2": 4153157.731966375,
    "time_end_2": 4153157.735628458,
    "time_total_2": 0.0036620832979679108,
    "time_start_3": 4153157731966458,
    "time_end_3": 4153157735628500,
    "time_total_3": 0.003662042
}