{
    "function_method_name": "extract_images_from_pdf_to_files",
    "time_start_1": 1770571474.1243038,
    "time_end_1": 1770571474.127935,
    "time_total_1": 0.003631114959716797,
    "time_start_2": 4154468.253582416,
    "time_end_2": 4154468.257213916,
    "time_total_2": 0.0036315000616014004,
    "time_start_3": 4154468253582458,
    "time_end_3": 4154468257213958,
    "time_total_3": 0.0036315
}