{
    "function_method_name": "extract_images_from_pdf_to_files",
    "time_start_1": 1770305972.910026,
    "time_end_1": 1770305972.9136362,
    "time_total_1": 0.0036101341247558594,
    "time_start_2": 3905405.353683291,
    "time_end_2": 3905405.357292791,
    "time_total_2": 0.0036094998940825462,
    "time_start_3": 3905405353683375,
    "time_end_3": 3905405357292791,
    "time_total_3": 0.003609416
}