{
    "function_method_name": "extract_images_from_pdf_to_files",
    "time_start_1": 1770516698.511372,
    "time_end_1": 1770516698.5150862,
    "time_total_1": 0.0037140846252441406,
    "time_start_2": 4099692.622565333,
    "time_end_2": 4099692.626279875,
    "time_total_2": 0.003714542370289564,
    "time_start_3": 4099692622565416,
    "time_end_3": 4099692626279916,
    "time_total_3": 0.0037145
}