{
    "function_method_name": "extract_images_from_pdf_to_files",
    "time_start_1": 1770572041.367011,
    "time_end_1": 1770572041.37074,
    "time_total_1": 0.0037288665771484375,
    "time_start_2": 4155035.497239583,
    "time_end_2": 4155035.500969041,
    "time_total_2": 0.0037294579669833183,
    "time_start_3": 4155035497239625,
    "time_end_3": 4155035500969083,
    "time_total_3": 0.003729458
}