{
    "function_method_name": "extract_images_from_pdf_to_files",
    "time_start_1": 1770570709.962573,
    "time_end_1": 1770570709.9662101,
    "time_total_1": 0.003637075424194336,
    "time_start_2": 4153704.091381875,
    "time_end_2": 4153704.09501875,
    "time_total_2": 0.0036368751898407936,
    "time_start_3": 4153704091381916,
    "time_end_3": 4153704095018833,
    "time_total_3": 0.003636917
}