{
    "function_method_name": "extract_images_from_pdf_to_files",
    "time_start_1": 1770304068.1693308,
    "time_end_1": 1770304068.172956,
    "time_total_1": 0.003625154495239258,
    "time_start_2": 3903500.612531625,
    "time_end_2": 3903500.616156708,
    "time_total_2": 0.0036250827834010124,
    "time_start_3": 3903500612531666,
    "time_end_3": 3903500616156750,
    "time_total_3": 0.003625084
}