{
    "function_method_name": "extract_images_from_pdf_to_files",
    "time_start_1": 1771754801.1310458,
    "time_end_1": 1771754801.133715,
    "time_total_1": 0.002669095993041992,
    "time_start_2": 211273.015453166,
    "time_end_2": 211273.018123,
    "time_total_2": 0.0026698339788708836,
    "time_start_3": 211273015453208,
    "time_end_3": 211273018123083,
    "time_total_3": 0.002669875
}