{
    "function_method_name": "extract_images_from_pdf_to_files",
    "time_start_1": 1770305066.981335,
    "time_end_1": 1770305066.984892,
    "time_total_1": 0.003556966781616211,
    "time_start_2": 3904499.424797458,
    "time_end_2": 3904499.428354666,
    "time_total_2": 0.0035572079941630363,
    "time_start_3": 3904499424797500,
    "time_end_3": 3904499428354708,
    "time_total_3": 0.003557208
}