{
    "function_method_name": "extract_images_from_pdf_to_files",
    "time_start_1": 1770568327.955188,
    "time_end_1": 1770568327.958842,
    "time_total_1": 0.003654003143310547,
    "time_start_2": 4151322.091939541,
    "time_end_2": 4151322.095593708,
    "time_total_2": 0.003654167056083679,
    "time_start_3": 4151322091939583,
    "time_end_3": 4151322095593791,
    "time_total_3": 0.003654208
}