{
    "function_method_name": "extract_images_from_pdf_to_files",
    "time_start_1": 1771005081.621655,
    "time_end_1": 1771005081.6253529,
    "time_total_1": 0.0036978721618652344,
    "time_start_2": 31435.134301291,
    "time_end_2": 31435.13799925,
    "time_total_2": 0.0036979590004193597,
    "time_start_3": 31435134301375,
    "time_end_3": 31435137999333,
    "time_total_3": 0.003697958
}