{
    "function_method_name": "extract_images_from_pdf_to_files",
    "time_start_1": 1770516185.593289,
    "time_end_1": 1770516185.5969129,
    "time_total_1": 0.00362396240234375,
    "time_start_2": 4099179.705414958,
    "time_end_2": 4099179.709039291,
    "time_total_2": 0.003624333068728447,
    "time_start_3": 4099179705415000,
    "time_end_3": 4099179709039333,
    "time_total_3": 0.003624333
}