{
    "function_method_name": "extract_images_from_pdf_to_files",
    "time_start_1": 1770513236.131505,
    "time_end_1": 1770513236.1351411,
    "time_total_1": 0.0036361217498779297,
    "time_start_2": 4096230.246510666,
    "time_end_2": 4096230.250146541,
    "time_total_2": 0.0036358749493956566,
    "time_start_3": 4096230246510708,
    "time_end_3": 4096230250146625,
    "time_total_3": 0.003635917
}