{
    "function_method_name": "extract_images_from_pdf_to_files",
    "time_start_1": 1771755109.951904,
    "time_end_1": 1771755109.9546182,
    "time_total_1": 0.0027141571044921875,
    "time_start_2": 211581.836320833,
    "time_end_2": 211581.839034416,
    "time_total_2": 0.002713583002332598,
    "time_start_3": 211581836320833,
    "time_end_3": 211581839034458,
    "time_total_3": 0.002713625
}