{
    "function_method_name": "extract_images_from_pdf_to_files",
    "time_start_1": 1770567693.048585,
    "time_end_1": 1770567693.052178,
    "time_total_1": 0.003592967987060547,
    "time_start_2": 4150687.186754208,
    "time_end_2": 4150687.190346666,
    "time_total_2": 0.003592458087950945,
    "time_start_3": 4150687186754250,
    "time_end_3": 4150687190346708,
    "time_total_3": 0.003592458
}