{
    "function_method_name": "extract_images_from_pdf_to_files",
    "time_start_1": 1771756655.003244,
    "time_end_1": 1771756655.0062668,
    "time_total_1": 0.003022909164428711,
    "time_start_2": 213126.884168333,
    "time_end_2": 213126.887191625,
    "time_total_2": 0.003023291996214539,
    "time_start_3": 213126884168416,
    "time_end_3": 213126887191708,
    "time_total_3": 0.003023292
}