{
    "function_method_name": "extract_images_from_pdf_to_files",
    "time_start_1": 1770513450.0612779,
    "time_end_1": 1770513450.064917,
    "time_total_1": 0.00363922119140625,
    "time_start_2": 4096444.176262541,
    "time_end_2": 4096444.179901166,
    "time_total_2": 0.003638624679297209,
    "time_start_3": 4096444176262583,
    "time_end_3": 4096444179901250,
    "time_total_3": 0.003638667
}