{
    "function_method_name": "extract_images_from_pdf_to_files",
    "time_start_1": 1770570054.19134,
    "time_end_1": 1770570054.1949172,
    "time_total_1": 0.0035772323608398438,
    "time_start_2": 4153048.321852083,
    "time_end_2": 4153048.325429083,
    "time_total_2": 0.003576999995857477,
    "time_start_3": 4153048321852125,
    "time_end_3": 4153048325429125,
    "time_total_3": 0.003577
}