{
    "function_method_name": "extract_images_from_pdf_to_files",
    "time_start_1": 1770567846.590518,
    "time_end_1": 1770567846.5941582,
    "time_total_1": 0.0036401748657226562,
    "time_start_2": 4150840.728341125,
    "time_end_2": 4150840.731980833,
    "time_total_2": 0.003639708273112774,
    "time_start_3": 4150840728341166,
    "time_end_3": 4150840731980916,
    "time_total_3": 0.00363975
}