{
    "function_method_name": "extract_images_from_pdf_to_files",
    "time_start_1": 1770513471.403247,
    "time_end_1": 1770513471.406857,
    "time_total_1": 0.003609895706176758,
    "time_start_2": 4096465.518177916,
    "time_end_2": 4096465.521787958,
    "time_total_2": 0.0036100423894822598,
    "time_start_3": 4096465518177958,
    "time_end_3": 4096465521788041,
    "time_total_3": 0.003610083
}