{
    "function_method_name": "extract_images_from_pdf_to_files",
    "time_start_1": 1770513193.541335,
    "time_end_1": 1770513193.544964,
    "time_total_1": 0.003628969192504883,
    "time_start_2": 4096187.656457958,
    "time_end_2": 4096187.660086833,
    "time_total_2": 0.0036288751289248466,
    "time_start_3": 4096187656458000,
    "time_end_3": 4096187660086875,
    "time_total_3": 0.003628875
}