{
    "function_method_name": "extract_images_from_pdf_to_files",
    "time_start_1": 1770513514.045568,
    "time_end_1": 1770513514.0491729,
    "time_total_1": 0.003604888916015625,
    "time_start_2": 4096508.160387875,
    "time_end_2": 4096508.1639925,
    "time_total_2": 0.0036046248860657215,
    "time_start_3": 4096508160387958,
    "time_end_3": 4096508163992583,
    "time_total_3": 0.003604625
}