{
    "function_method_name": "extract_images_from_pdf_to_files",
    "time_start_1": 1770513343.049814,
    "time_end_1": 1770513343.053447,
    "time_total_1": 0.0036330223083496094,
    "time_start_2": 4096337.164525166,
    "time_end_2": 4096337.168157916,
    "time_total_2": 0.0036327498964965343,
    "time_start_3": 4096337164525250,
    "time_end_3": 4096337168158000,
    "time_total_3": 0.00363275
}