{
    "function_method_name": "extract_images_from_pdf_to_files",
    "time_start_1": 1770513364.3602612,
    "time_end_1": 1770513364.363911,
    "time_total_1": 0.0036497116088867188,
    "time_start_2": 4096358.47491325,
    "time_end_2": 4096358.478563083,
    "time_total_2": 0.0036498326808214188,
    "time_start_3": 4096358474913291,
    "time_end_3": 4096358478563125,
    "time_total_3": 0.003649834
}