{
    "function_method_name": "extract_images_from_pdf_to_files",
    "time_start_1": 1770513642.390377,
    "time_end_1": 1770513642.394015,
    "time_total_1": 0.003638029098510742,
    "time_start_2": 4096636.504835708,
    "time_end_2": 4096636.508473958,
    "time_total_2": 0.003638249821960926,
    "time_start_3": 4096636504835750,
    "time_end_3": 4096636508474000,
    "time_total_3": 0.00363825
}