{
    "function_method_name": "extract_images_from_pdf_to_files",
    "time_start_1": 1770567232.772474,
    "time_end_1": 1770567232.7761002,
    "time_total_1": 0.003626108169555664,
    "time_start_2": 4150226.9116515,
    "time_end_2": 4150226.915277083,
    "time_total_2": 0.003625582903623581,
    "time_start_3": 4150226911651583,
    "time_end_3": 4150226915277166,
    "time_total_3": 0.003625583
}