{
    "function_method_name": "extract_images_from_pdf_to_files",
    "time_start_1": 1771004794.627855,
    "time_end_1": 1771004794.631586,
    "time_total_1": 0.0037310123443603516,
    "time_start_2": 31148.141011291,
    "time_end_2": 31148.144742791,
    "time_total_2": 0.003731499997229548,
    "time_start_3": 31148141011333,
    "time_end_3": 31148144742833,
    "time_total_3": 0.0037315
}