{
    "function_method_name": "extract_images_from_pdf_to_files",
    "time_start_1": 1770305951.4553201,
    "time_end_1": 1770305951.459004,
    "time_total_1": 0.003683805465698242,
    "time_start_2": 3905383.89897225,
    "time_end_2": 3905383.902656125,
    "time_total_2": 0.003683874849230051,
    "time_start_3": 3905383898972333,
    "time_end_3": 3905383902656208,
    "time_total_3": 0.003683875
}