{
    "function_method_name": "extract_text_to_file_from_any_document",
    "time_start_1": 1771002316.407039,
    "time_end_1": 1771002316.669517,
    "time_total_1": 0.2624781131744385,
    "time_start_2": 28669.922027083,
    "time_end_2": 28670.184508583,
    "time_total_2": 0.26248149999810266,
    "time_start_3": 28669922027125,
    "time_end_3": 28670184508708,
    "time_total_3": 0.262481583
}