{
    "function_method_name": "extract_text_to_file_from_any_document",
    "time_start_1": 1771569489.085357,
    "time_end_1": 1771569489.358015,
    "time_total_1": 0.272658109664917,
    "time_start_2": 36548.773088083,
    "time_end_2": 36549.04574725,
    "time_total_2": 0.2726591669998015,
    "time_start_3": 36548773088125,
    "time_end_3": 36549045747541,
    "time_total_3": 0.272659416
}