{
    "function_method_name": "extract_text_to_file_from_any_document",
    "time_start_1": 1770508988.387661,
    "time_end_1": 1770508988.756623,
    "time_total_1": 0.36896204948425293,
    "time_start_2": 4091982.515319416,
    "time_end_2": 4091982.884281041,
    "time_total_2": 0.3689616252668202,
    "time_start_3": 4091982515319458,
    "time_end_3": 4091982884281125,
    "time_total_3": 0.368961667
}