{
  "function_method_name": "extract_text_to_file_from_any_document",
  "num_pages": 79,
  "time_start_1": 1773063757.608042,
  "time_end_1": 1773064058.936887,
  "time_total_1": 301.3288450241089,
  "pages_per_second_1": 0.2621720466013777,
  "time_start_2": 1223409.942099541,
  "time_end_2": 1223711.270071583,
  "time_total_2": 301.3279720421415,
  "pages_per_second_2": 0.2621728061441028,
  "time_start_3": 1223409942099791,
  "time_end_3": 1223711270072000,
  "time_total_3": 301.327972209,
  "pages_per_second_3": 0.2621728059989263
}