{
    "function_method_name": "api_parse_analyze_markdown_mistune",
    "time_start_1": 1772789847.606178,
    "time_end_1": 1772789847.733155,
    "time_total_1": 0.12697696685791016,
    "time_start_2": 963817.563493208,
    "time_end_2": 963817.690470166,
    "time_total_2": 0.1269769580103457,
    "time_start_3": 963817563493333,
    "time_end_3": 963817690470625,
    "time_total_3": 0.126977292
}