{
    "function_method_name": "extract_text_to_file_from_any_document",
    "time_start_1": 1770468111.8265421,
    "time_end_1": 1770468111.887174,
    "time_total_1": 0.060631752014160156,
    "time_start_2": 4051106.031182,
    "time_end_2": 4051106.09181475,
    "time_total_2": 0.06063274992629886,
    "time_start_3": 4051106031182041,
    "time_end_3": 4051106091815000,
    "time_total_3": 0.060632959
}