{
    "function_method_name": "extract_text_to_file_from_any_document",
    "time_start_1": 1771444463.619036,
    "time_end_1": 1771444463.642973,
    "time_total_1": 0.023936986923217773,
    "time_start_2": 434472.123519583,
    "time_end_2": 434472.147457666,
    "time_total_2": 0.023938082973472774,
    "time_start_3": 434472123519625,
    "time_end_3": 434472147457875,
    "time_total_3": 0.02393825
}