{
    "function_method_name": "extract_text_to_file_from_any_document",
    "time_start_1": 1771447128.300179,
    "time_end_1": 1771447128.328992,
    "time_total_1": 0.028812885284423828,
    "time_start_2": 437136.806324208,
    "time_end_2": 437136.835137625,
    "time_total_2": 0.028813417011406273,
    "time_start_3": 437136806324250,
    "time_end_3": 437136835137875,
    "time_total_3": 0.028813625
}