{
    "function_method_name": "extract_images_from_pdf_to_files",
    "time_start_1": 1772686301.400739,
    "time_end_1": 1772686301.513952,
    "time_total_1": 0.11321306228637695,
    "time_start_2": 874031.667357041,
    "time_end_2": 874031.780569875,
    "time_total_2": 0.11321283399593085,
    "time_start_3": 874031667357083,
    "time_end_3": 874031780570041,
    "time_total_3": 0.113212958
}