{
    "function_method_name": "extract_tables_to_files_from_pdf_document",
    "time_start_1": 1765496406.1730509,
    "time_end_1": 1765496427.5532732,
    "time_total_1": 21.38022232055664,
    "time_start_2": 2405428.811865208,
    "time_end_2": 2405450.191924,
    "time_total_2": 21.38005879195407,
    "time_start_3": 2405428811865375,
    "time_end_3": 2405450191924125,
    "time_total_3": 21.38005875
}