{
    "function_method_name": "extract_tables_to_files_from_pdf_document",
    "time_start_1": 1765522335.143618,
    "time_end_1": 1765522357.474696,
    "time_total_1": 22.331077814102173,
    "time_start_2": 2431357.750069166,
    "time_end_2": 2431380.08107125,
    "time_total_2": 22.33100208407268,
    "time_start_3": 2431357750069250,
    "time_end_3": 2431380081071333,
    "time_total_3": 22.331002083
}