{
    "function_method_name": "extract_images_from_pdf_to_files",
    "time_start_1": 1763892187.535979,
    "time_end_1": 1763892187.714026,
    "time_total_1": 0.17804694175720215,
    "time_start_2": 827669.08680175,
    "time_end_2": 827669.264851333,
    "time_total_2": 0.17804958298802376,
    "time_start_3": 827669086801833,
    "time_end_3": 827669264851791,
    "time_total_3": 0.178049958
}