{
    "function_method_name": "extract_images_from_pdf_to_files",
    "time_start_1": 1769283724.230232,
    "time_end_1": 1769283724.346903,
    "time_total_1": 0.11667108535766602,
    "time_start_2": 2887953.362697625,
    "time_end_2": 2887953.479368875,
    "time_total_2": 0.11667124973610044,
    "time_start_3": 2887953362697708,
    "time_end_3": 2887953479369000,
    "time_total_3": 0.116671292
}