{
    "function_method_name": "api_parse_analyze_markdown_mistletoe",
    "time_start_1": 1772634560.47843,
    "time_end_1": 1772634560.586571,
    "time_total_1": 0.10814094543457031,
    "time_start_2": 822290.901982083,
    "time_end_2": 822291.01012375,
    "time_total_2": 0.108141666976735,
    "time_start_3": 822290901982125,
    "time_end_3": 822291010123916,
    "time_total_3": 0.108141791
}