{
    "function_method_name": "extract_text_to_file_from_any_document",
    "time_start_1": 1769688239.68311,
    "time_end_1": 1769688242.9990022,
    "time_total_1": 3.315892219543457,
    "time_start_2": 3287671.644561208,
    "time_end_2": 3287674.960444833,
    "time_total_2": 3.3158836252987385,
    "time_start_3": 3287671644561250,
    "time_end_3": 3287674960445041,
    "time_total_3": 3.315883791
}