{
    "function_method_name": "extract_text_to_file_from_any_document",
    "time_start_1": 1769720514.3970869,
    "time_end_1": 1769720517.7147279,
    "time_total_1": 3.317641019821167,
    "time_start_2": 3319946.269067416,
    "time_end_2": 3319949.586701,
    "time_total_2": 3.3176335841417313,
    "time_start_3": 3319946269067500,
    "time_end_3": 3319949586701291,
    "time_total_3": 3.317633791
}