{
    "function_method_name": "extract_text_to_file_from_pdf_document",
    "time_start_1": 1769791432.398137,
    "time_end_1": 1769793355.879854,
    "time_total_1": 1923.4817168712616,
    "time_start_2": 3390864.2671015,
    "time_end_2": 3392787.73755475,
    "time_total_2": 1923.4704532497562,
    "time_start_3": 3390864267101791,
    "time_end_3": 3392787737554958,
    "time_total_3": 1923.470453167
}