{
    "function_method_name": "extract_tables_to_files_from_pdf_document",
    "time_start_1": 1765512709.489726,
    "time_end_1": 1765512715.678878,
    "time_total_1": 6.189152002334595,
    "time_start_2": 2421732.163297541,
    "time_end_2": 2421738.350038125,
    "time_total_2": 6.186740584205836,
    "time_start_3": 2421732163297583,
    "time_end_3": 2421738350038208,
    "time_total_3": 6.186740625
}