{
    "function_method_name": "extract_tables_to_files_from_pdf_document",
    "time_start_1": 1765521368.1715589,
    "time_end_1": 1765521374.3982248,
    "time_total_1": 6.22666597366333,
    "time_start_2": 2430390.781289791,
    "time_end_2": 2430397.007935375,
    "time_total_2": 6.226645583752543,
    "time_start_3": 2430390781289875,
    "time_end_3": 2430397007935500,
    "time_total_3": 6.226645625
}