{
    "function_method_name": "api_parse_analyze_markdown_mistune",
    "time_start_1": 1772789841.226412,
    "time_end_1": 1772789841.587528,
    "time_total_1": 0.3611159324645996,
    "time_start_2": 963811.183726625,
    "time_end_2": 963811.544841875,
    "time_total_2": 0.36111524992156774,
    "time_start_3": 963811183727250,
    "time_end_3": 963811544842375,
    "time_total_3": 0.361115125
}