{
    "function_method_name": "api_parse_analyze_markdown_mistune",
    "time_start_1": 1772641561.332661,
    "time_end_1": 1772641561.496711,
    "time_total_1": 0.16405010223388672,
    "time_start_2": 829291.779682333,
    "time_end_2": 829291.943736208,
    "time_total_2": 0.16405387502163649,
    "time_start_3": 829291779682458,
    "time_end_3": 829291943736291,
    "time_total_3": 0.164053833
}