{
    "function_method_name": "extract_text_to_file_from_any_document",
    "time_start_1": 1770392158.6659992,
    "time_end_1": 1770392158.7111602,
    "time_total_1": 0.04516100883483887,
    "time_start_2": 3991591.204684833,
    "time_end_2": 3991591.249846458,
    "time_total_2": 0.045161624904721975,
    "time_start_3": 3991591204684875,
    "time_end_3": 3991591249846625,
    "time_total_3": 0.04516175
}