{
    "function_method_name": "extract_text_to_file_from_any_document",
    "time_start_1": 1772016203.983493,
    "time_end_1": 1772016204.160012,
    "time_total_1": 0.17651891708374023,
    "time_start_2": 225106.387591833,
    "time_end_2": 225106.564110625,
    "time_total_2": 0.17651879202458076,
    "time_start_3": 225106387591958,
    "time_end_3": 225106564110791,
    "time_total_3": 0.176518833
}