{
  "function_method_name": "extract_markdown_to_file_from_any_document",
  "num_pages": 13,
  "time_start_1": 1775160030.442037,
  "time_end_1": 1775160032.910652,
  "time_total_1": 2.4686148166656494,
  "pages_per_second_1": 5.266111145504287,
  "time_start_2": 576149.925199291,
  "time_end_2": 576152.393936541,
  "time_total_2": 2.468737250077538,
  "pages_per_second_2": 5.265849980426915,
  "time_start_3": 576149925199291,
  "time_end_3": 576152393936791,
  "time_total_3": 2.4687375,
  "pages_per_second_3": 5.265849447338974
}