{
  "function_method_name": "extract_text_to_file_from_any_document",
  "time_start_1": 1783968731.733719,
  "time_end_1": 1783968734.886901,
  "time_total_1": 3.153181791305542,
  "time_start_2": 260.547230041,
  "time_end_2": 263.700404916,
  "time_total_2": 3.1531748750000475,
  "time_start_3": 260547230083,
  "time_end_3": 263700405208,
  "time_total_3": 3.153175125,
  "num_pages": 13,
  "pages_per_second_1": 4.122819697819416,
  "pages_per_second_2": 4.122828740984372,
  "pages_per_second_3": 4.12282841410529
}