{
  "function_method_name": "extract_text_to_file_from_any_document",
  "num_pages": 31,
  "time_start_1": 1774215747.8119621,
  "time_end_1": 1774215749.497057,
  "time_total_1": 1.6850948333740234,
  "pages_per_second_1": 18.39659073544809,
  "time_start_2": 975703.530574875,
  "time_end_2": 975705.215661666,
  "time_total_2": 1.6850867910543457,
  "pages_per_second_2": 18.39667853582992,
  "time_start_3": 975703530575000,
  "time_end_3": 975705215661875,
  "time_total_3": 1.685086875,
  "pages_per_second_3": 18.396677619366063
}