{
    "function_method_name": "extract_text_to_file_from_any_document",
    "time_start_1": 1764501707.45909,
    "time_end_1": 1764501707.5225751,
    "time_total_1": 0.06348514556884766,
    "time_start_2": 1437189.446685,
    "time_end_2": 1437189.510169291,
    "time_total_2": 0.0634842908475548,
    "time_start_3": 1437189446685041,
    "time_end_3": 1437189510169416,
    "time_total_3": 0.063484375
}