{
    "function_method_name": "extract_text_to_file_from_any_document",
    "time_start_1": 1772631205.2990239,
    "time_end_1": 1772631205.8737369,
    "time_total_1": 0.5747129917144775,
    "time_start_2": 818935.712697416,
    "time_end_2": 818936.287410166,
    "time_total_2": 0.5747127500362694,
    "time_start_3": 818935712697500,
    "time_end_3": 818936287410833,
    "time_total_3": 0.574713333
}