{
    "function_method_name": "extract_text_to_file_from_any_document",
    "time_start_1": 1770550464.941993,
    "time_end_1": 1770550464.965048,
    "time_total_1": 0.023055076599121094,
    "time_start_2": 4133459.135026958,
    "time_end_2": 4133459.158082458,
    "time_total_2": 0.023055500350892544,
    "time_start_3": 4133459135027000,
    "time_end_3": 4133459158082541,
    "time_total_3": 0.023055541
}