{
    "function_method_name": "extract_text_to_file_from_any_document",
    "time_start_1": 1769688145.421144,
    "time_end_1": 1769688145.636086,
    "time_total_1": 0.21494197845458984,
    "time_start_2": 3287577.382836958,
    "time_end_2": 3287577.597778458,
    "time_total_2": 0.21494150022044778,
    "time_start_3": 3287577382837000,
    "time_end_3": 3287577597778500,
    "time_total_3": 0.2149415
}