{
    "function_method_name": "extract_text_to_file_from_any_document",
    "time_start_1": 1769689480.7754712,
    "time_end_1": 1769689480.946479,
    "time_total_1": 0.17100787162780762,
    "time_start_2": 3288912.725777125,
    "time_end_2": 3288912.896785583,
    "time_total_2": 0.17100845789536834,
    "time_start_3": 3288912725777208,
    "time_end_3": 3288912896785666,
    "time_total_3": 0.171008458
}