{
    "function_method_name": "extract_text_to_file_from_any_document",
    "time_start_1": 1769383342.326166,
    "time_end_1": 1769383342.499081,
    "time_total_1": 0.17291498184204102,
    "time_start_2": 2987571.272702916,
    "time_end_2": 2987571.445618041,
    "time_total_2": 0.17291512480005622,
    "time_start_3": 2987571272702958,
    "time_end_3": 2987571445618250,
    "time_total_3": 0.172915292
}