{
    "function_method_name": "extract_text_to_file_from_any_document",
    "time_start_1": 1772652670.075209,
    "time_end_1": 1772652670.081567,
    "time_total_1": 0.006358146667480469,
    "time_start_2": 840400.484652958,
    "time_end_2": 840400.491010833,
    "time_total_2": 0.006357874954119325,
    "time_start_3": 840400484653041,
    "time_end_3": 840400491010875,
    "time_total_3": 0.006357834
}