{
    "function_method_name": "extract_tables_to_files_from_pdf_document",
    "time_start_1": 1765519410.900241,
    "time_end_1": 1765519411.38063,
    "time_total_1": 0.4803891181945801,
    "time_start_2": 2428433.553387875,
    "time_end_2": 2428434.033780208,
    "time_total_2": 0.48039233265444636,
    "time_start_3": 2428433553387958,
    "time_end_3": 2428434033780291,
    "time_total_3": 0.480392333
}