{
    "function_method_name": "extract_tables_to_files_from_pdf_document",
    "time_start_1": 1765471139.410688,
    "time_end_1": 1765471140.1762502,
    "time_total_1": 0.7655622959136963,
    "time_start_2": 2380162.173744333,
    "time_end_2": 2380162.939303625,
    "time_total_2": 0.7655592919327319,
    "time_start_3": 2380162173744458,
    "time_end_3": 2380162939303875,
    "time_total_3": 0.765559417
}