{
    "function_method_name": "extract_tables_to_files_from_pdf_document",
    "time_start_1": 1765488856.964125,
    "time_end_1": 1765488857.440206,
    "time_total_1": 0.47608113288879395,
    "time_start_2": 2397879.63614375,
    "time_end_2": 2397880.112222791,
    "time_total_2": 0.47607904113829136,
    "time_start_3": 2397879636143833,
    "time_end_3": 2397880112222958,
    "time_total_3": 0.476079125
}