{
    "function_method_name": "extract_tables_to_files_from_pdf_document",
    "time_start_1": 1769421485.391063,
    "time_end_1": 1769421491.1464052,
    "time_total_1": 5.755342245101929,
    "time_start_2": 3025714.243487833,
    "time_end_2": 3025719.998814916,
    "time_total_2": 5.755327082704753,
    "time_start_3": 3025714243487875,
    "time_end_3": 3025719998815125,
    "time_total_3": 5.75532725
}