{
    "function_method_name": "extract_tables_to_files_from_pdf_document",
    "time_start_1": 1769630923.850611,
    "time_end_1": 1769630929.732575,
    "time_total_1": 5.8819639682769775,
    "time_start_2": 3230355.761567833,
    "time_end_2": 3230361.643655166,
    "time_total_2": 5.882087333127856,
    "time_start_3": 3230355761567875,
    "time_end_3": 3230361643655291,
    "time_total_3": 5.882087416
}