{
    "function_method_name": "extract_tables_to_files_from_pdf_document",
    "time_start_1": 1769330039.23233,
    "time_end_1": 1769330044.9795341,
    "time_total_1": 5.747204065322876,
    "time_start_2": 2934268.218936,
    "time_end_2": 2934273.966124125,
    "time_total_2": 5.747188124805689,
    "time_start_3": 2934268218936083,
    "time_end_3": 2934273966124333,
    "time_total_3": 5.74718825
}