{
    "function_method_name": "extract_tables_to_files_from_pdf_document",
    "time_start_1": 1769338407.4668841,
    "time_end_1": 1769338413.281187,
    "time_total_1": 5.814302921295166,
    "time_start_2": 2942636.435955541,
    "time_end_2": 2942642.250249625,
    "time_total_2": 5.8142940839752555,
    "time_start_3": 2942636435955583,
    "time_end_3": 2942642250249833,
    "time_total_3": 5.81429425
}