{
    "function_method_name": "extract_text_to_file_from_any_document",
    "time_start_1": 1764090852.828251,
    "time_end_1": 1764090852.957824,
    "time_total_1": 0.12957310676574707,
    "time_start_2": 1026334.491711375,
    "time_end_2": 1026334.621284166,
    "time_total_2": 0.12957279104739428,
    "time_start_3": 1026334491711416,
    "time_end_3": 1026334621284333,
    "time_total_3": 0.129572917
}