{
    "function_method_name": "api_parse_analyze_markdown_mistune",
    "time_start_1": 1772641563.404263,
    "time_end_1": 1772641563.497949,
    "time_total_1": 0.09368586540222168,
    "time_start_2": 829293.851327875,
    "time_end_2": 829293.945016041,
    "time_total_2": 0.09368816600181162,
    "time_start_3": 829293851327958,
    "time_end_3": 829293945016250,
    "time_total_3": 0.093688292
}