{
    "function_method_name": "extract_markdown_to_file_from_any_document_complex",
    "num_pages": 104,
    "time_start_1": 1763118298.7202728,
    "time_end_1": 1763118331.754376,
    "time_total_1": 33.03410315513611,
    "pages_per_second_1": 3.1482616468075717,
    "time_start_2": 84509.2054395,
    "time_end_2": 84542.239472708,
    "time_total_2": 33.03403320799407,
    "pages_per_second_2": 3.1482683130206612,
    "time_start_3": 84509205439583,
    "time_end_3": 84542239472875,
    "time_total_3": 33.034033292,
    "pages_per_second_3": 3.1482683050145788
}