{
    "function_method_name": "extract_text_to_file_from_any_document",
    "time_start_1": 1763125760.620086,
    "time_end_1": 1763125794.345432,
    "time_total_1": 33.725346088409424,
    "time_start_2": 91971.04049325,
    "time_end_2": 92004.765557083,
    "time_total_2": 33.725063833000604,
    "time_start_3": 91971040493333,
    "time_end_3": 92004765557166,
    "time_total_3": 33.725063833
}