{
    "function_method_name": "extract_text_to_file_from_any_document",
    "time_start_1": 1763221786.2769558,
    "time_end_1": 1763221819.7136261,
    "time_total_1": 33.43667030334473,
    "time_start_2": 187996.47029975,
    "time_end_2": 188029.906869791,
    "time_total_2": 33.43657004099805,
    "time_start_3": 187996470299875,
    "time_end_3": 188029906870000,
    "time_total_3": 33.436570125
}