{
    "function_method_name": "extract_markdown_to_file_from_any_document_complex",
    "num_pages": 104,
    "time_start_1": 1763173359.368452,
    "time_end_1": 1763173393.62783,
    "time_total_1": 34.25937795639038,
    "pages_per_second_1": 3.0356651580885154,
    "time_start_2": 139569.799236916,
    "time_end_2": 139604.05896575,
    "time_total_2": 34.25972883400391,
    "pages_per_second_2": 3.03563406773893,
    "time_start_3": 139569799236958,
    "time_end_3": 139604058966000,
    "time_total_3": 34.259729042,
    "pages_per_second_3": 3.0356340493091287
}