{
    "function_method_name": "extract_markdown_to_file_from_any_document_complex",
    "num_pages": 104,
    "time_start_1": 1763130811.70683,
    "time_end_1": 1763130844.9861279,
    "time_total_1": 33.279297828674316,
    "pages_per_second_1": 3.125065935447438,
    "time_start_2": 97022.119187333,
    "time_end_2": 97055.3984425,
    "time_total_2": 33.279255166999064,
    "pages_per_second_2": 3.1250699415631824,
    "time_start_3": 97022119187458,
    "time_end_3": 97055398442666,
    "time_total_3": 33.279255208,
    "pages_per_second_3": 3.125069937713012
}