{
    "function_method_name": "extract_text_to_file_from_any_document",
    "time_start_1": 1763120738.5013602,
    "time_end_1": 1763120772.207461,
    "time_total_1": 33.706100940704346,
    "time_start_2": 86948.923872875,
    "time_end_2": 86982.629613,
    "time_total_2": 33.70574012499128,
    "time_start_3": 86948923872958,
    "time_end_3": 86982629613083,
    "time_total_3": 33.705740125
}