{
    "function_method_name": "extract_text_to_file_from_any_document",
    "time_start_1": 1763210210.029768,
    "time_end_1": 1763210235.442233,
    "time_total_1": 25.41246509552002,
    "time_start_2": 176420.261712125,
    "time_end_2": 176445.673911416,
    "time_total_2": 25.412199290993158,
    "time_start_3": 176420261712166,
    "time_end_3": 176445673911500,
    "time_total_3": 25.412199334
}