{
    "function_method_name": "extract_markdown_to_file_from_any_document_complex",
    "num_pages": 104,
    "time_start_1": 1763108232.8787909,
    "time_end_1": 1763108265.657342,
    "time_total_1": 32.77855110168457,
    "pages_per_second_1": 3.1728065001218186,
    "time_start_2": 74443.339972916,
    "time_end_2": 74476.118112916,
    "time_total_2": 32.77813999999489,
    "pages_per_second_2": 3.172846293292304,
    "time_start_3": 74443339973000,
    "time_end_3": 74476118113041,
    "time_total_3": 32.778140041,
    "pages_per_second_3": 3.1728462893231066
}