{
    "function_method_name": "extract_text_to_file_from_any_document",
    "time_start_1": 1763100654.645841,
    "time_end_1": 1763100688.205487,
    "time_total_1": 33.559646129608154,
    "time_start_2": 66865.172009083,
    "time_end_2": 66898.731590208,
    "time_total_2": 33.55958112499502,
    "time_start_3": 66865172009208,
    "time_end_3": 66898731590250,
    "time_total_3": 33.559581042
}