{
    "function_method_name": "extract_markdown_to_file_from_any_document",
    "num_pages": 104,
    "time_start_1": 1763208408.857928,
    "time_end_1": 1763208433.3769221,
    "time_total_1": 24.518994092941284,
    "pages_per_second_1": 4.241609570351025,
    "time_start_2": 174619.154962375,
    "time_end_2": 174643.674009375,
    "time_total_2": 24.519047000008868,
    "pages_per_second_2": 4.241600417828734,
    "time_start_3": 174619154962458,
    "time_end_3": 174643674009500,
    "time_total_3": 24.519047042,
    "pages_per_second_3": 4.241600410564602
}