{
    "function_method_name": "api_parse_analyze_markdown_mistune",
    "time_start_1": 1772641568.879533,
    "time_end_1": 1772641568.993838,
    "time_total_1": 0.11430501937866211,
    "time_start_2": 829299.326692125,
    "time_end_2": 829299.440998458,
    "time_total_2": 0.1143063330091536,
    "time_start_3": 829299326692208,
    "time_end_3": 829299440998583,
    "time_total_3": 0.114306375
}