{
    "function_method_name": "extract_text_to_file_from_any_document",
    "time_start_1": 1772789763.022101,
    "time_end_1": 1772789763.031242,
    "time_total_1": 0.009140968322753906,
    "time_start_2": 963732.979381625,
    "time_end_2": 963732.988523416,
    "time_total_2": 0.009141791029833257,
    "time_start_3": 963732979381875,
    "time_end_3": 963732988523833,
    "time_total_3": 0.009141958
}