{
    "function_method_name": "extract_tables_to_files_from_pdf_document",
    "time_start_1": 1763232457.944366,
    "time_end_1": 1763232459.4470558,
    "time_total_1": 1.5026898384094238,
    "time_start_2": 198668.144923458,
    "time_end_2": 198669.647611541,
    "time_total_2": 1.5026880830118898,
    "time_start_3": 198668144923500,
    "time_end_3": 198669647611791,
    "time_total_3": 1.502688291
}