{
    "function_method_name": "extract_tables_to_files_from_pdf_document",
    "time_start_1": 1765490640.076567,
    "time_end_1": 1765490641.8725429,
    "time_total_1": 1.795975923538208,
    "time_start_2": 2399662.739546416,
    "time_end_2": 2399664.535516375,
    "time_total_2": 1.7959699593484402,
    "time_start_3": 2399662739546541,
    "time_end_3": 2399664535516583,
    "time_total_3": 1.795970042
}