{
    "function_method_name": "extract_tables_to_files_from_pdf_document",
    "time_start_1": 1765511261.723001,
    "time_end_1": 1765511263.516394,
    "time_total_1": 1.7933928966522217,
    "time_start_2": 2420284.408480916,
    "time_end_2": 2420286.201884916,
    "time_total_2": 1.7934039998799562,
    "time_start_3": 2420284408481000,
    "time_end_3": 2420286201885291,
    "time_total_3": 1.793404291
}