{
    "function_method_name": "extract_text_to_file_from_any_document",
    "time_start_1": 1769607896.5886998,
    "time_end_1": 1769607896.816588,
    "time_total_1": 0.2278881072998047,
    "time_start_2": 3207328.586968666,
    "time_end_2": 3207328.814860458,
    "time_total_2": 0.22789179207757115,
    "time_start_3": 3207328586968791,
    "time_end_3": 3207328814860500,
    "time_total_3": 0.227891709
}