{
    "function_method_name": "extract_tables_to_files_from_pdf_document",
    "time_start_1": 1765528086.8896918,
    "time_end_1": 1765528087.25889,
    "time_total_1": 0.3691980838775635,
    "time_start_2": 2437109.48768725,
    "time_end_2": 2437109.856885166,
    "time_total_2": 0.36919791577383876,
    "time_start_3": 2437109487687291,
    "time_end_3": 2437109856885416,
    "time_total_3": 0.369198125
}