{
    "function_method_name": "extract_tables_to_files_from_pdf_document",
    "time_start_1": 1769324475.2426748,
    "time_end_1": 1769324529.7880042,
    "time_total_1": 54.545329332351685,
    "time_start_2": 2928704.244797208,
    "time_end_2": 2928758.78978625,
    "time_total_2": 54.54498904198408,
    "time_start_3": 2928704244797250,
    "time_end_3": 2928758789786500,
    "time_total_3": 54.54498925
}