{
    "function_method_name": "extract_tables_to_files_from_pdf_document",
    "time_start_1": 1769296842.351466,
    "time_end_1": 1769296894.8860621,
    "time_total_1": 52.53459620475769,
    "time_start_2": 2901071.426612625,
    "time_end_2": 2901123.960999958,
    "time_total_2": 52.53438733331859,
    "time_start_3": 2901071426612791,
    "time_end_3": 2901123961000208,
    "time_total_3": 52.534387417
}