{
    "function_method_name": "extract_tables_to_files_from_pdf_document",
    "time_start_1": 1769289350.697707,
    "time_end_1": 1769289389.126513,
    "time_total_1": 38.42880606651306,
    "time_start_2": 2893579.804769291,
    "time_end_2": 2893618.233414958,
    "time_total_2": 38.42864566715434,
    "time_start_3": 2893579804769333,
    "time_end_3": 2893618233415041,
    "time_total_3": 38.428645708
}