{
    "function_method_name": "extract_tables_to_files_from_pdf_document",
    "time_start_1": 1769298462.042464,
    "time_end_1": 1769298514.765861,
    "time_total_1": 52.72339701652527,
    "time_start_2": 2902691.112811708,
    "time_end_2": 2902743.836018833,
    "time_total_2": 52.72320712497458,
    "time_start_3": 2902691112811750,
    "time_end_3": 2902743836019083,
    "time_total_3": 52.723207333
}