{
    "function_method_name": "extract_tables_to_files_from_pdf_document",
    "time_start_1": 1769615655.443085,
    "time_end_1": 1769615708.3441348,
    "time_total_1": 52.901049852371216,
    "time_start_2": 3215087.421351916,
    "time_end_2": 3215140.323685583,
    "time_total_2": 52.902333667036146,
    "time_start_3": 3215087421352125,
    "time_end_3": 3215140323685708,
    "time_total_3": 52.902333583
}