{
    "function_method_name": "extract_tables_to_files_from_pdf_document",
    "time_start_1": 1769285776.2684789,
    "time_end_1": 1769285814.275869,
    "time_total_1": 38.00739002227783,
    "time_start_2": 2890005.394382125,
    "time_end_2": 2890043.4016795,
    "time_total_2": 38.00729737477377,
    "time_start_3": 2890005394382125,
    "time_end_3": 2890043401679583,
    "time_total_3": 38.007297458
}