{
    "function_method_name": "extract_text_to_file_from_any_document",
    "time_start_1": 1770993299.9073348,
    "time_end_1": 1770993300.008595,
    "time_total_1": 0.10126018524169922,
    "time_start_2": 19653.449773041,
    "time_end_2": 19653.551032833,
    "time_total_2": 0.10125979199801804,
    "time_start_3": 19653449773125,
    "time_end_3": 19653551033208,
    "time_total_3": 0.101260083
}