{
    "function_method_name": "extract_tables_to_files_from_pdf_document",
    "time_start_1": 1765519142.010674,
    "time_end_1": 1765519175.3680298,
    "time_total_1": 33.35735583305359,
    "time_start_2": 2428164.662336833,
    "time_end_2": 2428198.0198745,
    "time_total_2": 33.357537667267025,
    "time_start_3": 2428164662336958,
    "time_end_3": 2428198019874625,
    "time_total_3": 33.357537667
}