{
    "function_method_name": "extract_tables_to_files_from_pdf_document",
    "time_start_1": 1765566860.2991118,
    "time_end_1": 1765566894.0606961,
    "time_total_1": 33.76158428192139,
    "time_start_2": 2452382.832698416,
    "time_end_2": 2452416.594322125,
    "time_total_2": 33.76162370899692,
    "time_start_3": 2452382832698583,
    "time_end_3": 2452416594322250,
    "time_total_3": 33.761623667
}