{
    "function_method_name": "extract_tables_to_files_from_pdf_document",
    "time_start_1": 1765465529.498729,
    "time_end_1": 1765465562.986515,
    "time_total_1": 33.487786054611206,
    "time_start_2": 2374552.240067458,
    "time_end_2": 2374585.727601,
    "time_total_2": 33.48753354232758,
    "time_start_3": 2374552240067666,
    "time_end_3": 2374585727601250,
    "time_total_3": 33.487533584
}