{
    "function_method_name": "extract_tables_to_files_from_pdf_document",
    "time_start_1": 1765500093.201206,
    "time_end_1": 1765500126.367213,
    "time_total_1": 33.16600704193115,
    "time_start_2": 2409115.829124833,
    "time_end_2": 2409148.994920166,
    "time_total_2": 33.16579533321783,
    "time_start_3": 2409115829124958,
    "time_end_3": 2409148994920291,
    "time_total_3": 33.165795333
}