{
    "function_method_name": "extract_tables_to_files_from_pdf_document",
    "time_start_1": 1769630730.823147,
    "time_end_1": 1769630731.205606,
    "time_total_1": 0.3824589252471924,
    "time_start_2": 3230162.734045083,
    "time_end_2": 3230163.116502666,
    "time_total_2": 0.3824575827457011,
    "time_start_3": 3230162734045208,
    "time_end_3": 3230163116503083,
    "time_total_3": 0.382457875
}