{
    "function_method_name": "extract_tables_to_files_from_pdf_document",
    "time_start_1": 1769339890.267875,
    "time_end_1": 1769339890.646741,
    "time_total_1": 0.37886595726013184,
    "time_start_2": 2944119.229865708,
    "time_end_2": 2944119.608731333,
    "time_total_2": 0.378865625243634,
    "time_start_3": 2944119229865791,
    "time_end_3": 2944119608731625,
    "time_total_3": 0.378865834
}