{
    "function_method_name": "extract_tables_to_files_from_pdf_document",
    "time_start_1": 1769419660.310144,
    "time_end_1": 1769419660.690638,
    "time_total_1": 0.3804941177368164,
    "time_start_2": 3023889.167213708,
    "time_end_2": 3023889.547708458,
    "time_total_2": 0.3804947496391833,
    "time_start_3": 3023889167213833,
    "time_end_3": 3023889547708791,
    "time_total_3": 0.380494958
}