{
    "function_method_name": "extract_text_to_file_from_pdf_document",
    "time_start_1": 1770393950.1994,
    "time_end_1": 1770394007.348779,
    "time_total_1": 57.14937901496887,
    "time_start_2": 3993382.742457791,
    "time_end_2": 3993439.891867958,
    "time_total_2": 57.14941016677767,
    "time_start_3": 3993382742457916,
    "time_end_3": 3993439891868250,
    "time_total_3": 57.149410334
}