{
    "function_method_name": "extract_text_to_file_from_any_document",
    "time_start_1": 1771404044.238824,
    "time_end_1": 1771404046.309797,
    "time_total_1": 2.0709731578826904,
    "time_start_2": 411033.057448166,
    "time_end_2": 411035.1284145,
    "time_total_2": 2.070966333965771,
    "time_start_3": 411033057448250,
    "time_end_3": 411035128414750,
    "time_total_3": 2.0709665
}