{
    "function_method_name": "extract_tables_to_files_from_pdf_document",
    "time_start_1": 1769611033.859929,
    "time_end_1": 1769611036.687625,
    "time_total_1": 2.827695846557617,
    "time_start_2": 3210465.846316208,
    "time_end_2": 3210468.674005125,
    "time_total_2": 2.8276889170520008,
    "time_start_3": 3210465846316250,
    "time_end_3": 3210468674005375,
    "time_total_3": 2.827689125
}