{
    "function_method_name": "extract_tables_to_files_from_pdf_document",
    "time_start_1": 1769720633.086348,
    "time_end_1": 1769720635.717261,
    "time_total_1": 2.630913019180298,
    "time_start_2": 3320064.958049583,
    "time_end_2": 3320067.588956333,
    "time_total_2": 2.630906750448048,
    "time_start_3": 3320064958049666,
    "time_end_3": 3320067588956666,
    "time_total_3": 2.630907
}