{
  "function_method_name": "extract_text_to_file_from_any_document",
  "num_pages": 2,
  "time_start_1": 1773189862.089765,
  "time_end_1": 1773189871.8024461,
  "time_total_1": 9.71268105506897,
  "pages_per_second_1": 0.20591636734084007,
  "time_start_2": 1330852.995484833,
  "time_end_2": 1330862.708131041,
  "time_total_2": 9.712646208005026,
  "pages_per_second_2": 0.20591710612825867,
  "time_start_3": 1330852995485000,
  "time_end_3": 1330862708131166,
  "time_total_3": 9.712646166,
  "pages_per_second_3": 0.20591710701880414
}