{
  "function_method_name": "extract_text_to_file_from_any_document",
  "time_start_1": 1773198150.663648,
  "time_end_1": 1773198150.9225001,
  "time_total_1": 0.2588522434234619,
  "time_start_2": 1339141.519073791,
  "time_end_2": 1339141.777927041,
  "time_total_2": 0.25885324995033443,
  "time_start_3": 1339141519073833,
  "time_end_3": 1339141777927250,
  "time_total_3": 0.258853417,
  "num_pages": 30,
  "pages_per_second_1": 115.89623332304816,
  "pages_per_second_2": 115.89578267128587,
  "pages_per_second_3": 115.89570787856357
}