{
    "function_method_name": "extract_tables_to_files_from_pdf_document",
    "time_start_1": 1769289556.822401,
    "time_end_1": 1769289576.738032,
    "time_total_1": 19.91563105583191,
    "time_start_2": 2893785.928601125,
    "time_end_2": 2893805.844148166,
    "time_total_2": 19.915547041222453,
    "time_start_3": 2893785928601250,
    "time_end_3": 2893805844148250,
    "time_total_3": 19.915547
}