{
    "function_method_name": "extract_tables_to_files_from_pdf_document",
    "time_start_1": 1769605616.9426959,
    "time_end_1": 1769605644.701487,
    "time_total_1": 27.758791208267212,
    "time_start_2": 3205048.948374541,
    "time_end_2": 3205076.70714275,
    "time_total_2": 27.75876820879057,
    "time_start_3": 3205048948374625,
    "time_end_3": 3205076707142875,
    "time_total_3": 27.75876825
}