{
    "function_method_name": "extract_tables_to_files_from_pdf_document",
    "time_start_1": 1769306857.306109,
    "time_end_1": 1769306883.872122,
    "time_total_1": 26.56601309776306,
    "time_start_2": 2911086.35664025,
    "time_end_2": 2911112.9225875,
    "time_total_2": 26.565947249997407,
    "time_start_3": 2911086356640291,
    "time_end_3": 2911112922587625,
    "time_total_3": 26.565947334
}