{
    "function_method_name": "extract_tables_to_files_from_pdf_document",
    "time_start_1": 1769284783.012424,
    "time_end_1": 1769284802.441024,
    "time_total_1": 19.428600072860718,
    "time_start_2": 2889012.14076975,
    "time_end_2": 2889031.569322041,
    "time_total_2": 19.428552290890366,
    "time_start_3": 2889012140769916,
    "time_end_3": 2889031569322166,
    "time_total_3": 19.42855225
}