{
    "function_method_name": "extract_tables_to_files_from_pdf_document",
    "time_start_1": 1769408361.960889,
    "time_end_1": 1769408388.880401,
    "time_total_1": 26.919511795043945,
    "time_start_2": 3012590.849316083,
    "time_end_2": 3012617.768609208,
    "time_total_2": 26.91929312516004,
    "time_start_3": 3012590849316208,
    "time_end_3": 3012617768609333,
    "time_total_3": 26.919293125
}