{
    "function_method_name": "extract_text_to_file_from_any_document",
    "time_start_1": 1771940814.6009889,
    "time_end_1": 1771940814.8014982,
    "time_total_1": 0.20050930976867676,
    "time_start_2": 149716.969343416,
    "time_end_2": 149717.169853458,
    "time_total_2": 0.20051004199194722,
    "time_start_3": 149716969343500,
    "time_end_3": 149717169853750,
    "time_total_3": 0.20051025
}