{
    "function_method_name": "extract_images_from_pdf_to_files",
    "time_start_1": 1772686287.640976,
    "time_end_1": 1772686287.7842822,
    "time_total_1": 0.14330625534057617,
    "time_start_2": 874017.907696041,
    "time_end_2": 874018.051002083,
    "time_total_2": 0.14330604195129126,
    "time_start_3": 874017907696083,
    "time_end_3": 874018051002125,
    "time_total_3": 0.143306042
}