{
  "function_method_name": "extract_images_from_pdf_to_files",
  "time_start_1": 1775491106.170089,
  "time_end_1": 1775491106.170878,
  "time_total_1": 0.0007889270782470703,
  "time_start_2": 907222.853938041,
  "time_end_2": 907222.854726666,
  "time_total_2": 0.0007886249804869294,
  "time_start_3": 907222853938083,
  "time_end_3": 907222854726750,
  "time_total_3": 0.000788667,
  "num_pages": 2,
  "pages_per_second_1": 2535.088546388637,
  "pages_per_second_2": 2536.059660150656,
  "pages_per_second_3": 2535.9245410293574
}