{
    "function_method_name": "extract_tables_to_files_from_pdf_document",
    "time_start_1": 1771002696.280281,
    "time_end_1": 1771002697.4749088,
    "time_total_1": 1.1946277618408203,
    "time_start_2": 29049.794535333,
    "time_end_2": 29050.989160541,
    "time_total_2": 1.1946252080015256,
    "time_start_3": 29049794535375,
    "time_end_3": 29050989160625,
    "time_total_3": 1.19462525
}