{
    "function_method_name": "extract_text_to_file_from_any_document",
    "time_start_1": 1771942043.891978,
    "time_end_1": 1771942043.951894,
    "time_total_1": 0.059916019439697266,
    "time_start_2": 150946.259258458,
    "time_end_2": 150946.319175541,
    "time_total_2": 0.059917082980973646,
    "time_start_3": 150946259258541,
    "time_end_3": 150946319175708,
    "time_total_3": 0.059917167
}