{
    "function_method_name": "extract_text_to_file_from_any_document",
    "time_start_1": 1771403049.7253509,
    "time_end_1": 1771403049.783552,
    "time_total_1": 0.05820107460021973,
    "time_start_2": 410038.548598583,
    "time_end_2": 410038.60680025,
    "time_total_2": 0.058201667037792504,
    "time_start_3": 410038548598625,
    "time_end_3": 410038606800541,
    "time_total_3": 0.058201916
}