{
    "function_method_name": "extract_text_to_file_from_any_document",
    "time_start_1": 1770392211.4376209,
    "time_end_1": 1770392211.4431748,
    "time_total_1": 0.0055539608001708984,
    "time_start_2": 3991643.976281791,
    "time_end_2": 3991643.981835541,
    "time_total_2": 0.005553749855607748,
    "time_start_3": 3991643976281833,
    "time_end_3": 3991643981835666,
    "time_total_3": 0.005553833
}