{
    "function_method_name": "extract_text_to_file_from_any_document",
    "time_start_1": 1771942044.0905569,
    "time_end_1": 1771942044.123213,
    "time_total_1": 0.032656192779541016,
    "time_start_2": 150946.457837416,
    "time_end_2": 150946.4904935,
    "time_total_2": 0.03265608398942277,
    "time_start_3": 150946457837458,
    "time_end_3": 150946490493666,
    "time_total_3": 0.032656208
}