{
    "function_method_name": "extract_images_from_pdf_to_files",
    "time_start_1": 1769716885.359384,
    "time_end_1": 1769716885.635401,
    "time_total_1": 0.2760169506072998,
    "time_start_2": 3316317.24205325,
    "time_end_2": 3316317.518070041,
    "time_total_2": 0.27601679135113955,
    "time_start_3": 3316317242053333,
    "time_end_3": 3316317518070375,
    "time_total_3": 0.276017042
}