{
    "function_method_name": "extract_tables_to_files_from_pdf_document",
    "time_start_1": 1765467935.924562,
    "time_end_1": 1765467969.8124359,
    "time_total_1": 33.88787388801575,
    "time_start_2": 2376958.699270916,
    "time_end_2": 2376992.587128083,
    "time_total_2": 33.88785716705024,
    "time_start_3": 2376958699271041,
    "time_end_3": 2376992587128291,
    "time_total_3": 33.88785725
}