{
    "function_method_name": "extract_tables_to_files_from_pdf_document",
    "time_start_1": 1765507551.683892,
    "time_end_1": 1765507577.963182,
    "time_total_1": 26.279289960861206,
    "time_start_2": 2416574.336687416,
    "time_end_2": 2416600.616051541,
    "time_total_2": 26.27936412533745,
    "time_start_3": 2416574336687500,
    "time_end_3": 2416600616051750,
    "time_total_3": 26.27936425
}