{
    "function_method_name": "extract_tables_to_files_from_pdf_document",
    "time_start_1": 1765506510.927079,
    "time_end_1": 1765506518.443537,
    "time_total_1": 7.516458034515381,
    "time_start_2": 2415533.576935375,
    "time_end_2": 2415541.093412916,
    "time_total_2": 7.516477541066706,
    "time_start_3": 2415533576935458,
    "time_end_3": 2415541093413041,
    "time_total_3": 7.516477583
}