{
    "function_method_name": "extract_tables_to_files_from_pdf_document",
    "time_start_1": 1765484296.3125172,
    "time_end_1": 1765484310.35731,
    "time_total_1": 14.044792890548706,
    "time_start_2": 2393319.014578583,
    "time_end_2": 2393333.059306583,
    "time_total_2": 14.044727999716997,
    "time_start_3": 2393319014578583,
    "time_end_3": 2393333059306708,
    "time_total_3": 14.044728125
}