{
    "function_method_name": "extract_tables_to_files_from_pdf_document",
    "time_start_1": 1765489805.3527832,
    "time_end_1": 1765489812.545098,
    "time_total_1": 7.192314863204956,
    "time_start_2": 2398828.019836083,
    "time_end_2": 2398835.212116208,
    "time_total_2": 7.192280124872923,
    "time_start_3": 2398828019836166,
    "time_end_3": 2398835212116291,
    "time_total_3": 7.192280125
}