{
    "function_method_name": "extract_text_to_file_from_any_document",
    "time_start_1": 1770412288.6288111,
    "time_end_1": 1770412288.6958332,
    "time_total_1": 0.06702208518981934,
    "time_start_2": 3995282.859948708,
    "time_end_2": 3995282.926971458,
    "time_total_2": 0.06702274968847632,
    "time_start_3": 3995282859948750,
    "time_end_3": 3995282926971666,
    "time_total_3": 0.067022916
}