{
    "function_method_name": "extract_text_to_file_from_pdf_document",
    "time_start_1": 1769801839.379151,
    "time_end_1": 1769801974.91858,
    "time_total_1": 135.53942894935608,
    "time_start_2": 3401271.210997875,
    "time_end_2": 3401406.749966583,
    "time_total_2": 135.53896870836616,
    "time_start_3": 3401271210998000,
    "time_end_3": 3401406749966916,
    "time_total_3": 135.538968916
}