{
    "function_method_name": "api_parse_analyze_markdown_mistletoe",
    "time_start_1": 1772634568.02009,
    "time_end_1": 1772634568.1538382,
    "time_total_1": 0.13374805450439453,
    "time_start_2": 822298.443637458,
    "time_end_2": 822298.577385958,
    "time_total_2": 0.13374850002583116,
    "time_start_3": 822298443637500,
    "time_end_3": 822298577386125,
    "time_total_3": 0.133748625
}