{
    "function_method_name": "extract_text_to_file_from_any_document",
    "time_start_1": 1764500762.27856,
    "time_end_1": 1764500762.294218,
    "time_total_1": 0.015658140182495117,
    "time_start_2": 1436244.270012208,
    "time_end_2": 1436244.285670375,
    "time_total_2": 0.015658166958019137,
    "time_start_3": 1436244270012291,
    "time_end_3": 1436244285670500,
    "time_total_3": 0.015658209
}