{
    "function_method_name": "extract_text_to_file_from_any_document",
    "time_start_1": 1764501379.315433,
    "time_end_1": 1764501379.896807,
    "time_total_1": 0.581373929977417,
    "time_start_2": 1436861.304401791,
    "time_end_2": 1436861.885773083,
    "time_total_2": 0.5813712920062244,
    "time_start_3": 1436861304401875,
    "time_end_3": 1436861885773208,
    "time_total_3": 0.581371333
}