{
    "function_method_name": "extract_tables_to_files_from_pdf_document",
    "time_start_1": 1769629708.418849,
    "time_end_1": 1769629716.7366772,
    "time_total_1": 8.317828178405762,
    "time_start_2": 3229140.334415375,
    "time_end_2": 3229148.652205916,
    "time_total_2": 8.317790541332215,
    "time_start_3": 3229140334415500,
    "time_end_3": 3229148652206041,
    "time_total_3": 8.317790541
}