{
    "function_method_name": "extract_text_to_file_from_any_document",
    "time_start_1": 1769608713.087488,
    "time_end_1": 1769608713.6937668,
    "time_total_1": 0.6062788963317871,
    "time_start_2": 3208145.091929083,
    "time_end_2": 3208145.6982075,
    "time_total_2": 0.6062784167006612,
    "time_start_3": 3208145091929166,
    "time_end_3": 3208145698207916,
    "time_total_3": 0.60627875
}