{
    "function_method_name": "extract_text_to_file_from_any_document",
    "time_start_1": 1771404701.819875,
    "time_end_1": 1771404702.236348,
    "time_total_1": 0.4164729118347168,
    "time_start_2": 411690.636294083,
    "time_end_2": 411691.052765833,
    "time_total_2": 0.41647175000980496,
    "time_start_3": 411690636294166,
    "time_end_3": 411691052766208,
    "time_total_3": 0.416472042
}