{
    "function_method_name": "extract_text_to_file_from_any_document",
    "time_start_1": 1769270666.858089,
    "time_end_1": 1769270667.2751591,
    "time_total_1": 0.4170701503753662,
    "time_start_2": 2874896.019159083,
    "time_end_2": 2874896.43622825,
    "time_total_2": 0.4170691673643887,
    "time_start_3": 2874896019159166,
    "time_end_3": 2874896436228333,
    "time_total_3": 0.417069167
}