{
    "function_method_name": "extract_tables_to_files_from_pdf_document",
    "time_start_1": 1769287500.3671591,
    "time_end_1": 1769287503.886373,
    "time_total_1": 3.519213914871216,
    "time_start_2": 2891729.483183291,
    "time_end_2": 2891733.002341541,
    "time_total_2": 3.5191582501865923,
    "time_start_3": 2891729483183333,
    "time_end_3": 2891733002341708,
    "time_total_3": 3.519158375
}