{
    "function_method_name": "extract_tables_to_files_from_pdf_document",
    "time_start_1": 1769335265.834977,
    "time_end_1": 1769335270.457247,
    "time_total_1": 4.622270107269287,
    "time_start_2": 2939494.807406583,
    "time_end_2": 2939499.429663291,
    "time_total_2": 4.622256708331406,
    "time_start_3": 2939494807406625,
    "time_end_3": 2939499429663541,
    "time_total_3": 4.622256916
}