{
    "function_method_name": "extract_tables_to_files_from_pdf_document",
    "time_start_1": 1769614394.6372101,
    "time_end_1": 1769614400.128371,
    "time_total_1": 5.491160869598389,
    "time_start_2": 3213826.604924166,
    "time_end_2": 3213832.096062333,
    "time_total_2": 5.491138166747987,
    "time_start_3": 3213826604924208,
    "time_end_3": 3213832096062500,
    "time_total_3": 5.491138292
}