{
    "function_method_name": "extract_tables_to_files_from_pdf_document",
    "time_start_1": 1769608500.93217,
    "time_end_1": 1769608505.708483,
    "time_total_1": 4.776313066482544,
    "time_start_2": 3207932.936648458,
    "time_end_2": 3207937.712961208,
    "time_total_2": 4.77631275029853,
    "time_start_3": 3207932936648541,
    "time_end_3": 3207937712961375,
    "time_total_3": 4.776312834
}