{
    "function_method_name": "extract_text_to_file_from_any_document",
    "time_start_1": 1769266872.273875,
    "time_end_1": 1769266881.29723,
    "time_total_1": 9.02335500717163,
    "time_start_2": 2871101.444157541,
    "time_end_2": 2871110.467512333,
    "time_total_2": 9.023354792036116,
    "time_start_3": 2871101444157625,
    "time_end_3": 2871110467512541,
    "time_total_3": 9.023354916
}