{
    "function_method_name": "extract_text_to_file_from_any_document",
    "time_start_1": 1769381962.807948,
    "time_end_1": 1769381965.259191,
    "time_total_1": 2.4512429237365723,
    "time_start_2": 2986191.756579208,
    "time_end_2": 2986194.207819041,
    "time_total_2": 2.451239832676947,
    "time_start_3": 2986191756579250,
    "time_end_3": 2986194207819291,
    "time_total_3": 2.451240041
}