{
    "function_method_name": "extract_text_to_file_from_any_document",
    "time_start_1": 1771538632.350641,
    "time_end_1": 1771538634.211618,
    "time_total_1": 1.8609769344329834,
    "time_start_2": 5691.968331291,
    "time_end_2": 5693.829299625,
    "time_total_2": 1.860968334000063,
    "time_start_3": 5691968331333,
    "time_end_3": 5693829299833,
    "time_total_3": 1.8609685
}