{
    "function_method_name": "extract_tables_to_files_from_pdf_document",
    "time_start_1": 1769406821.304045,
    "time_end_1": 1769406821.7055008,
    "time_total_1": 0.4014558792114258,
    "time_start_2": 3011050.197139416,
    "time_end_2": 3011050.598596625,
    "time_total_2": 0.40145720914006233,
    "time_start_3": 3011050197139500,
    "time_end_3": 3011050598596750,
    "time_total_3": 0.40145725
}