{
    "function_method_name": "extract_tables_to_files_from_pdf_document",
    "time_start_1": 1769328182.773046,
    "time_end_1": 1769328183.169596,
    "time_total_1": 0.39654994010925293,
    "time_start_2": 2932411.764844166,
    "time_end_2": 2932412.161393708,
    "time_total_2": 0.3965495419688523,
    "time_start_3": 2932411764844208,
    "time_end_3": 2932412161393791,
    "time_total_3": 0.396549583
}