{
    "function_method_name": "extract_tables_to_files_from_pdf_document",
    "time_start_1": 1769614010.276352,
    "time_end_1": 1769614010.671597,
    "time_total_1": 0.3952450752258301,
    "time_start_2": 3213442.245673875,
    "time_end_2": 3213442.640917958,
    "time_total_2": 0.3952440833672881,
    "time_start_3": 3213442245673916,
    "time_end_3": 3213442640918375,
    "time_total_3": 0.395244459
}