{
    "function_method_name": "extract_tables_to_files_from_pdf_document",
    "time_start_1": 1769558614.8848279,
    "time_end_1": 1769558615.2849002,
    "time_total_1": 0.4000723361968994,
    "time_start_2": 3158046.968393625,
    "time_end_2": 3158047.368467041,
    "time_total_2": 0.4000734155997634,
    "time_start_3": 3158046968393750,
    "time_end_3": 3158047368467458,
    "time_total_3": 0.400073708
}