{
    "function_method_name": "extract_tables_to_files_from_pdf_document",
    "time_start_1": 1769579987.614729,
    "time_end_1": 1769579988.013419,
    "time_total_1": 0.39868998527526855,
    "time_start_2": 3179419.657737958,
    "time_end_2": 3179420.056429708,
    "time_total_2": 0.39869175013154745,
    "time_start_3": 3179419657738000,
    "time_end_3": 3179420056430083,
    "time_total_3": 0.398692083
}