{
    "function_method_name": "extract_tables_to_files_from_pdf_document",
    "time_start_1": 1769326511.873187,
    "time_end_1": 1769326512.270196,
    "time_total_1": 0.39700889587402344,
    "time_start_2": 2930740.869927916,
    "time_end_2": 2930741.266935583,
    "time_total_2": 0.39700766699388623,
    "time_start_3": 2930740869927958,
    "time_end_3": 2930741266935791,
    "time_total_3": 0.397007833
}