{
    "function_method_name": "extract_tables_to_files_from_pdf_document",
    "time_start_1": 1769292344.90104,
    "time_end_1": 1769292345.303508,
    "time_total_1": 0.4024679660797119,
    "time_start_2": 2896573.994325625,
    "time_end_2": 2896574.396792833,
    "time_total_2": 0.40246720844879746,
    "time_start_3": 2896573994325708,
    "time_end_3": 2896574396793166,
    "time_total_3": 0.402467458
}