{
    "function_method_name": "extract_tables_to_files_from_pdf_document",
    "time_start_1": 1769339891.6483681,
    "time_end_1": 1769339892.0461671,
    "time_total_1": 0.397799015045166,
    "time_start_2": 2944120.610355291,
    "time_end_2": 2944121.008154375,
    "time_total_2": 0.39779908396303654,
    "time_start_3": 2944120610355375,
    "time_end_3": 2944121008154666,
    "time_total_3": 0.397799291
}