{
    "function_method_name": "extract_tables_to_files_from_pdf_document",
    "time_start_1": 1769576967.9480839,
    "time_end_1": 1769576968.348688,
    "time_total_1": 0.4006040096282959,
    "time_start_2": 3176399.981394458,
    "time_end_2": 3176400.3819985,
    "time_total_2": 0.4006040417589247,
    "time_start_3": 3176399981394500,
    "time_end_3": 3176400381998916,
    "time_total_3": 0.400604416
}