{
    "function_method_name": "extract_text_to_file_from_any_document",
    "time_start_1": 1771570546.432317,
    "time_end_1": 1771570547.208695,
    "time_total_1": 0.7763779163360596,
    "time_start_2": 37606.117829333,
    "time_end_2": 37606.894209291,
    "time_total_2": 0.7763799579988699,
    "time_start_3": 37606117829375,
    "time_end_3": 37606894209416,
    "time_total_3": 0.776380041
}