{
    "function_method_name": "extract_tables_to_files_from_pdf_document",
    "time_start_1": 1769289301.744742,
    "time_end_1": 1769289318.4597352,
    "time_total_1": 16.714993238449097,
    "time_start_2": 2893530.852008708,
    "time_end_2": 2893547.566932041,
    "time_total_2": 16.714923333376646,
    "time_start_3": 2893530852008750,
    "time_end_3": 2893547566932166,
    "time_total_3": 16.714923416
}