{
    "function_method_name": "extract_tables_to_files_from_pdf_document",
    "time_start_1": 1769609697.648864,
    "time_end_1": 1769609721.463735,
    "time_total_1": 23.814871072769165,
    "time_start_2": 3209129.639199166,
    "time_end_2": 3209153.453997791,
    "time_total_2": 23.814798624720424,
    "time_start_3": 3209129639199333,
    "time_end_3": 3209153453998000,
    "time_total_3": 23.814798667
}