{
    "function_method_name": "extract_tables_to_files_from_pdf_document",
    "time_start_1": 1769292343.899402,
    "time_end_1": 1769292344.1633291,
    "time_total_1": 0.2639272212982178,
    "time_start_2": 2896572.992692291,
    "time_end_2": 2896573.25661925,
    "time_total_2": 0.263926959130913,
    "time_start_3": 2896572992692375,
    "time_end_3": 2896573256619750,
    "time_total_3": 0.263927375
}