{
    "function_method_name": "extract_tables_to_files_from_pdf_document",
    "time_start_1": 1769411652.053282,
    "time_end_1": 1769411652.335086,
    "time_total_1": 0.28180408477783203,
    "time_start_2": 3015880.93365325,
    "time_end_2": 3015881.215457583,
    "time_total_2": 0.28180433297529817,
    "time_start_3": 3015880933653291,
    "time_end_3": 3015881215457833,
    "time_total_3": 0.281804542
}