{
    "function_method_name": "extract_tables_to_files_from_pdf_document",
    "time_start_1": 1769421292.988527,
    "time_end_1": 1769421293.268608,
    "time_total_1": 0.28008103370666504,
    "time_start_2": 3025521.841463875,
    "time_end_2": 3025522.121545333,
    "time_total_2": 0.2800814579240978,
    "time_start_3": 3025521841463958,
    "time_end_3": 3025522121545750,
    "time_total_3": 0.280081792
}