{
    "function_method_name": "extract_tables_to_files_from_pdf_document",
    "time_start_1": 1769406820.287201,
    "time_end_1": 1769406820.569418,
    "time_total_1": 0.28221702575683594,
    "time_start_2": 3011049.180296583,
    "time_end_2": 3011049.462514375,
    "time_total_2": 0.28221779176965356,
    "time_start_3": 3011049180296666,
    "time_end_3": 3011049462514750,
    "time_total_3": 0.282218084
}