{
    "function_method_name": "extract_tables_to_files_from_pdf_document",
    "time_start_1": 1769326510.865807,
    "time_end_1": 1769326511.14147,
    "time_total_1": 0.275662899017334,
    "time_start_2": 2930739.862550583,
    "time_end_2": 2930740.13821325,
    "time_total_2": 0.2756626666523516,
    "time_start_3": 2930739862550625,
    "time_end_3": 2930740138213583,
    "time_total_3": 0.275662958
}