{
    "function_method_name": "extract_text_to_file_from_any_document",
    "time_start_1": 1772631198.013716,
    "time_end_1": 1772631198.164795,
    "time_total_1": 0.1510789394378662,
    "time_start_2": 818928.42742625,
    "time_end_2": 818928.578505875,
    "time_total_2": 0.15107962500769645,
    "time_start_3": 818928427426416,
    "time_end_3": 818928578506291,
    "time_total_3": 0.151079875
}