{
    "function_method_name": "extract_text_to_file_from_any_document",
    "time_start_1": 1770475295.179008,
    "time_end_1": 1770475295.208766,
    "time_total_1": 0.029757976531982422,
    "time_start_2": 4058289.363123583,
    "time_end_2": 4058289.392881458,
    "time_total_2": 0.02975787501782179,
    "time_start_3": 4058289363123625,
    "time_end_3": 4058289392881791,
    "time_total_3": 0.029758166
}