{
    "function_method_name": "extract_text_to_file_from_any_document",
    "time_start_1": 1770475701.0357382,
    "time_end_1": 1770475701.0710552,
    "time_total_1": 0.03531694412231445,
    "time_start_2": 4058695.218622958,
    "time_end_2": 4058695.253940791,
    "time_total_2": 0.035317833069711924,
    "time_start_3": 4058695218623041,
    "time_end_3": 4058695253941541,
    "time_total_3": 0.0353185
}