{
    "function_method_name": "extract_text_to_file_from_epub_document",
    "time_start_1": 1771002323.542497,
    "time_end_1": 1771002323.5551958,
    "time_total_1": 0.012698888778686523,
    "time_start_2": 28677.057553791,
    "time_end_2": 28677.070253791,
    "time_total_2": 0.01269999999931315,
    "time_start_3": 28677057553875,
    "time_end_3": 28677070253833,
    "time_total_3": 0.012699958
}