{
    "function_method_name": "extract_text_to_file_from_any_document",
    "time_start_1": 1771573380.702893,
    "time_end_1": 1771573385.4624739,
    "time_total_1": 4.759580850601196,
    "time_start_2": 40440.357948458,
    "time_end_2": 40445.117509666,
    "time_total_2": 4.7595612080040155,
    "time_start_3": 40440357948458,
    "time_end_3": 40445117509875,
    "time_total_3": 4.759561417
}