{
    "function_method_name": "extract_text_to_file_from_any_document",
    "time_start_1": 1765466648.929429,
    "time_end_1": 1765466650.9274151,
    "time_total_1": 1.997986078262329,
    "time_start_2": 2375671.708785791,
    "time_end_2": 2375673.706774375,
    "time_total_2": 1.997988583985716,
    "time_start_3": 2375671708785833,
    "time_end_3": 2375673706774625,
    "time_total_3": 1.997988792
}