{
    "function_method_name": "extract_tables_to_files_from_pdf_document",
    "time_start_1": 1769625751.448402,
    "time_end_1": 1769625765.596479,
    "time_total_1": 14.148077011108398,
    "time_start_2": 3225183.38075975,
    "time_end_2": 3225197.528773666,
    "time_total_2": 14.148013915866613,
    "time_start_3": 3225183380759833,
    "time_end_3": 3225197528773916,
    "time_total_3": 14.148014083
}