{
    "function_method_name": "extract_tables_to_files_from_pdf_document",
    "time_start_1": 1769616937.493119,
    "time_end_1": 1769616951.6987169,
    "time_total_1": 14.205597877502441,
    "time_start_2": 3216369.471334666,
    "time_end_2": 3216383.676917125,
    "time_total_2": 14.205582458991557,
    "time_start_3": 3216369471334708,
    "time_end_3": 3216383676917375,
    "time_total_3": 14.205582667
}