{
    "function_method_name": "extract_tables_to_files_from_pdf_document",
    "time_start_1": 1769612772.6534872,
    "time_end_1": 1769612778.786449,
    "time_total_1": 6.132961750030518,
    "time_start_2": 3212204.628022666,
    "time_end_2": 3212210.760961041,
    "time_total_2": 6.132938374765217,
    "time_start_3": 3212204628022750,
    "time_end_3": 3212210760961291,
    "time_total_3": 6.132938541
}