{
    "function_method_name": "extract_tables_to_files_from_pdf_document",
    "time_start_1": 1769314388.807578,
    "time_end_1": 1769314421.932775,
    "time_total_1": 33.12519693374634,
    "time_start_2": 2918617.835100166,
    "time_end_2": 2918650.960198333,
    "time_total_2": 33.1250981669873,
    "time_start_3": 2918617835100291,
    "time_end_3": 2918650960198458,
    "time_total_3": 33.125098167
}