{
    "function_method_name": "extract_tables_to_files_from_pdf_document",
    "time_start_1": 1769319261.505733,
    "time_end_1": 1769319295.197781,
    "time_total_1": 33.69204807281494,
    "time_start_2": 2923490.520650416,
    "time_end_2": 2923524.212607166,
    "time_total_2": 33.69195674965158,
    "time_start_3": 2923490520650541,
    "time_end_3": 2923524212607250,
    "time_total_3": 33.691956709
}