{
    "function_method_name": "extract_tables_to_files_from_pdf_document",
    "time_start_1": 1769630046.78652,
    "time_end_1": 1769630080.523535,
    "time_total_1": 33.73701500892639,
    "time_start_2": 3229478.70054075,
    "time_end_2": 3229512.437402458,
    "time_total_2": 33.736861708108336,
    "time_start_3": 3229478700540958,
    "time_end_3": 3229512437402541,
    "time_total_3": 33.736861583
}