{
    "function_method_name": "extract_tables_to_files_from_pdf_document",
    "time_start_1": 1769619212.780992,
    "time_end_1": 1769619245.6916769,
    "time_total_1": 32.91068482398987,
    "time_start_2": 3218644.737984125,
    "time_end_2": 3218677.648515041,
    "time_total_2": 32.910530915949494,
    "time_start_3": 3218644737984208,
    "time_end_3": 3218677648515166,
    "time_total_3": 32.910530958
}