{
    "function_method_name": "extract_text_to_file_from_any_document",
    "time_start_1": 1771914897.520433,
    "time_end_1": 1771914897.5331929,
    "time_total_1": 0.012759923934936523,
    "time_start_2": 123799.882199625,
    "time_end_2": 123799.894960458,
    "time_total_2": 0.01276083299308084,
    "time_start_3": 123799882199750,
    "time_end_3": 123799894960583,
    "time_total_3": 0.012760833
}