{
    "function_method_name": "extract_text_to_file_from_any_document",
    "time_start_1": 1763070840.945962,
    "time_end_1": 1763070842.344272,
    "time_total_1": 1.3983099460601807,
    "time_start_2": 37051.465821083,
    "time_end_2": 37052.864120875,
    "time_total_2": 1.3982997919956688,
    "time_start_3": 37051465821208,
    "time_end_3": 37052864121208,
    "time_total_3": 1.3983
}