{
    "function_method_name": "extract_text_to_file_from_any_document",
    "time_start_1": 1763136542.260698,
    "time_end_1": 1763136544.708715,
    "time_total_1": 2.448016881942749,
    "time_start_2": 102752.690581,
    "time_end_2": 102755.138593541,
    "time_total_2": 2.448012541004573,
    "time_start_3": 102752690581041,
    "time_end_3": 102755138593708,
    "time_total_3": 2.448012667
}