{
    "function_method_name": "extract_text_to_file_from_any_document",
    "time_start_1": 1763108892.4718552,
    "time_end_1": 1763108894.922899,
    "time_total_1": 2.4510438442230225,
    "time_start_2": 75102.92478225,
    "time_end_2": 75105.375796291,
    "time_total_2": 2.451014040998416,
    "time_start_3": 75102924782291,
    "time_end_3": 75105375796375,
    "time_total_3": 2.451014084
}