{
    "function_method_name": "extract_text_to_file_from_any_document",
    "time_start_1": 1763103852.786056,
    "time_end_1": 1763103855.251572,
    "time_total_1": 2.4655158519744873,
    "time_start_2": 70063.364737875,
    "time_end_2": 70065.830274833,
    "time_total_2": 2.465536957999575,
    "time_start_3": 70063364737916,
    "time_end_3": 70065830275041,
    "time_total_3": 2.465537125
}