{
    "function_method_name": "extract_text_to_file_from_any_document",
    "time_start_1": 1763116437.365812,
    "time_end_1": 1763116439.8153758,
    "time_total_1": 2.44956374168396,
    "time_start_2": 82647.857312833,
    "time_end_2": 82650.306871666,
    "time_total_2": 2.4495588330028113,
    "time_start_3": 82647857312916,
    "time_end_3": 82650306871875,
    "time_total_3": 2.449558959
}