{
    "function_method_name": "extract_text_to_file_from_any_document",
    "time_start_1": 1763121459.027088,
    "time_end_1": 1763121461.498014,
    "time_total_1": 2.47092604637146,
    "time_start_2": 87669.441854958,
    "time_end_2": 87671.912754916,
    "time_total_2": 2.4708999580034288,
    "time_start_3": 87669441855000,
    "time_end_3": 87671912755041,
    "time_total_3": 2.470900041
}