{
    "function_method_name": "extract_text_to_file_from_any_document",
    "time_start_1": 1763899297.083897,
    "time_end_1": 1763899298.840553,
    "time_total_1": 1.7566559314727783,
    "time_start_2": 834778.576658291,
    "time_end_2": 834780.333303958,
    "time_total_2": 1.7566456669010222,
    "time_start_3": 834778576658333,
    "time_end_3": 834780333304125,
    "time_total_3": 1.756645792
}