{
    "function_method_name": "extract_tables_to_files_from_pdf_document",
    "time_start_1": 1769329226.373527,
    "time_end_1": 1769329231.908407,
    "time_total_1": 5.534879922866821,
    "time_start_2": 2933455.362351166,
    "time_end_2": 2933460.897216666,
    "time_total_2": 5.5348654999397695,
    "time_start_3": 2933455362351208,
    "time_end_3": 2933460897216750,
    "time_total_3": 5.534865542
}