{
    "function_method_name": "extract_tables_to_files_from_pdf_document",
    "time_start_1": 1769412650.2914162,
    "time_end_1": 1769412655.918188,
    "time_total_1": 5.626771926879883,
    "time_start_2": 3016879.169795,
    "time_end_2": 3016884.796555833,
    "time_total_2": 5.626760832965374,
    "time_start_3": 3016879169795083,
    "time_end_3": 3016884796556000,
    "time_total_3": 5.626760917
}