{
    "function_method_name": "extract_tables_to_files_from_pdf_document",
    "time_start_1": 1769314468.7281651,
    "time_end_1": 1769314474.249126,
    "time_total_1": 5.520960807800293,
    "time_start_2": 2918697.755448833,
    "time_end_2": 2918703.276393166,
    "time_total_2": 5.520944332703948,
    "time_start_3": 2918697755449000,
    "time_end_3": 2918703276393375,
    "time_total_3": 5.520944375
}