{
    "function_method_name": "extract_tables_to_files_from_pdf_document",
    "time_start_1": 1769628198.947387,
    "time_end_1": 1769628204.4002,
    "time_total_1": 5.452812910079956,
    "time_start_2": 3227630.86948975,
    "time_end_2": 3227636.322269833,
    "time_total_2": 5.452780083287507,
    "time_start_3": 3227630869489833,
    "time_end_3": 3227636322269916,
    "time_total_3": 5.452780083
}