{
    "function_method_name": "extract_tables_to_files_from_pdf_document",
    "time_start_1": 1769306335.807861,
    "time_end_1": 1769306341.292188,
    "time_total_1": 5.4843268394470215,
    "time_start_2": 2910564.859683,
    "time_end_2": 2910570.343996916,
    "time_total_2": 5.484313915949315,
    "time_start_3": 2910564859683208,
    "time_end_3": 2910570343997000,
    "time_total_3": 5.484313792
}