{
    "function_method_name": "extract_tables_to_files_from_pdf_document",
    "time_start_1": 1769307971.1872509,
    "time_end_1": 1769307976.7608871,
    "time_total_1": 5.573636293411255,
    "time_start_2": 2912200.234856625,
    "time_end_2": 2912205.808478666,
    "time_total_2": 5.573622040916234,
    "time_start_3": 2912200234856708,
    "time_end_3": 2912205808478791,
    "time_total_3": 5.573622083
}