{
    "function_method_name": "extract_tables_to_files_from_pdf_document",
    "time_start_1": 1769411054.3114638,
    "time_end_1": 1769411059.769106,
    "time_total_1": 5.457642078399658,
    "time_start_2": 3015283.193354625,
    "time_end_2": 3015288.650985791,
    "time_total_2": 5.457631166093051,
    "time_start_3": 3015283193354708,
    "time_end_3": 3015288650985875,
    "time_total_3": 5.457631167
}