{
    "function_method_name": "extract_text_to_file_from_any_document",
    "time_start_1": 1770422103.6583638,
    "time_end_1": 1770422559.484848,
    "time_total_1": 455.8264842033386,
    "time_start_2": 4005097.863750125,
    "time_end_2": 4005553.687802,
    "time_total_2": 455.8240518751554,
    "time_start_3": 4005097863750333,
    "time_end_3": 4005553687802333,
    "time_total_3": 455.824052
}