{
    "function_method_name": "extract_text_to_file_from_any_document",
    "time_start_1": 1769382740.2673202,
    "time_end_1": 1769382740.271521,
    "time_total_1": 0.004200935363769531,
    "time_start_2": 2986969.215025458,
    "time_end_2": 2986969.219226625,
    "time_total_2": 0.004201166797429323,
    "time_start_3": 2986969215025541,
    "time_end_3": 2986969219226708,
    "time_total_3": 0.004201167
}