{
    "function_method_name": "extract_images_from_pdf_to_files",
    "time_start_1": 1770512001.723967,
    "time_end_1": 1770512001.724555,
    "time_total_1": 0.0005879402160644531,
    "time_start_2": 4094995.842391833,
    "time_end_2": 4094995.842980083,
    "time_total_2": 0.0005882498808205128,
    "time_start_3": 4094995842391875,
    "time_end_3": 4094995842980166,
    "time_total_3": 0.000588291
}