{
    "function_method_name": "extract_images_from_pdf_to_files",
    "time_start_1": 1770513283.95513,
    "time_end_1": 1770513283.955752,
    "time_total_1": 0.000621795654296875,
    "time_start_2": 4096278.070003958,
    "time_end_2": 4096278.070625458,
    "time_total_2": 0.0006214999593794346,
    "time_start_3": 4096278070004000,
    "time_end_3": 4096278070625500,
    "time_total_3": 0.0006215
}