{
    "function_method_name": "extract_images_from_pdf_to_files",
    "time_start_1": 1771004821.8216882,
    "time_end_1": 1771004821.822282,
    "time_total_1": 0.0005939006805419922,
    "time_start_2": 31175.33479625,
    "time_end_2": 31175.335390583,
    "time_total_2": 0.0005943329997535329,
    "time_start_3": 31175334796291,
    "time_end_3": 31175335390708,
    "time_total_3": 0.000594417
}