{
    "function_method_name": "extract_images_from_pdf_to_files",
    "time_start_1": 1771005803.447032,
    "time_end_1": 1771005803.4496791,
    "time_total_1": 0.0026471614837646484,
    "time_start_2": 32156.958345166,
    "time_end_2": 32156.960992833,
    "time_total_2": 0.002647666999109788,
    "time_start_3": 32156958345208,
    "time_end_3": 32156960992875,
    "time_total_3": 0.002647667
}