{
    "function_method_name": "extract_images_from_pdf_to_files",
    "time_start_1": 1770303446.845359,
    "time_end_1": 1770303446.845922,
    "time_total_1": 0.0005629062652587891,
    "time_start_2": 3902879.288096333,
    "time_end_2": 3902879.288660083,
    "time_total_2": 0.0005637500435113907,
    "time_start_3": 3902879288096375,
    "time_end_3": 3902879288660166,
    "time_total_3": 0.000563791
}