{
    "function_method_name": "extract_images_from_pdf_to_files",
    "time_start_1": 1770304439.457131,
    "time_end_1": 1770304439.4577138,
    "time_total_1": 0.0005829334259033203,
    "time_start_2": 3903871.90042075,
    "time_end_2": 3903871.901003666,
    "time_total_2": 0.0005829161964356899,
    "time_start_3": 3903871900420791,
    "time_end_3": 3903871901003708,
    "time_total_3": 0.000582917
}