{
    "function_method_name": "extract_images_from_pdf_to_files",
    "time_start_1": 1770512899.07785,
    "time_end_1": 1770512899.078445,
    "time_total_1": 0.0005948543548583984,
    "time_start_2": 4095893.193824833,
    "time_end_2": 4095893.194419875,
    "time_total_2": 0.0005950420163571835,
    "time_start_3": 4095893193824875,
    "time_end_3": 4095893194419916,
    "time_total_3": 0.000595041
}