{
    "function_method_name": "extract_images_from_pdf_to_files",
    "time_start_1": 1770568987.813386,
    "time_end_1": 1770568987.813969,
    "time_total_1": 0.0005829334259033203,
    "time_start_2": 4151981.948237708,
    "time_end_2": 4151981.948820958,
    "time_total_2": 0.0005832500755786896,
    "time_start_3": 4151981948237750,
    "time_end_3": 4151981948821041,
    "time_total_3": 0.000583291
}