{
    "function_method_name": "extract_images_from_pdf_to_files",
    "time_start_1": 1770303792.143075,
    "time_end_1": 1770303792.143643,
    "time_total_1": 0.0005679130554199219,
    "time_start_2": 3903224.585994458,
    "time_end_2": 3903224.586562583,
    "time_total_2": 0.0005681253969669342,
    "time_start_3": 3903224585994500,
    "time_end_3": 3903224586562666,
    "time_total_3": 0.000568166
}