{
    "function_method_name": "extract_images_from_pdf_to_files",
    "time_start_1": 1770303425.3298402,
    "time_end_1": 1770303425.330386,
    "time_total_1": 0.0005457401275634766,
    "time_start_2": 3902857.772573916,
    "time_end_2": 3902857.7731205,
    "time_total_2": 0.0005465843714773655,
    "time_start_3": 3902857772573958,
    "time_end_3": 3902857773120583,
    "time_total_3": 0.000546625
}