{
    "function_method_name": "extract_images_from_pdf_to_files",
    "time_start_1": 1770511617.391605,
    "time_end_1": 1770511617.3921869,
    "time_total_1": 0.0005819797515869141,
    "time_start_2": 4094611.511075125,
    "time_end_2": 4094611.511656791,
    "time_total_2": 0.0005816658958792686,
    "time_start_3": 4094611511075166,
    "time_end_3": 4094611511656833,
    "time_total_3": 0.000581667
}