{
    "function_method_name": "extract_images_from_pdf_to_files",
    "time_start_1": 1771004954.040545,
    "time_end_1": 1771004954.041162,
    "time_total_1": 0.0006170272827148438,
    "time_start_2": 31307.553418,
    "time_end_2": 31307.554035291,
    "time_total_2": 0.0006172909997985698,
    "time_start_3": 31307553418083,
    "time_end_3": 31307554035375,
    "time_total_3": 0.000617292
}