{
    "function_method_name": "extract_images_from_pdf_to_files",
    "time_start_1": 1770570431.0209532,
    "time_end_1": 1770570431.021489,
    "time_total_1": 0.0005357265472412109,
    "time_start_2": 4153425.150491666,
    "time_end_2": 4153425.15102725,
    "time_total_2": 0.0005355840548872948,
    "time_start_3": 4153425150491708,
    "time_end_3": 4153425151027333,
    "time_total_3": 0.000535625
}