{
    "function_method_name": "extract_images_from_pdf_to_files",
    "time_start_1": 1770566932.067116,
    "time_end_1": 1770566932.0676858,
    "time_total_1": 0.0005698204040527344,
    "time_start_2": 4149926.202926291,
    "time_end_2": 4149926.2034955,
    "time_total_2": 0.0005692089907824993,
    "time_start_3": 4149926202926291,
    "time_end_3": 4149926203495583,
    "time_total_3": 0.000569292
}