{
    "function_method_name": "extract_images_from_pdf_to_files",
    "time_start_1": 1770303813.973492,
    "time_end_1": 1770303813.974071,
    "time_total_1": 0.0005791187286376953,
    "time_start_2": 3903246.416578791,
    "time_end_2": 3903246.417157958,
    "time_total_2": 0.000579166691750288,
    "time_start_3": 3903246416578833,
    "time_end_3": 3903246417158041,
    "time_total_3": 0.000579208
}