{
    "function_method_name": "extract_images_from_pdf_to_files",
    "time_start_1": 1770571304.742152,
    "time_end_1": 1770571304.7426932,
    "time_total_1": 0.0005412101745605469,
    "time_start_2": 4154298.871795041,
    "time_end_2": 4154298.872336166,
    "time_total_2": 0.0005411249585449696,
    "time_start_3": 4154298871795083,
    "time_end_3": 4154298872336208,
    "time_total_3": 0.000541125
}