{
    "function_method_name": "extract_images_from_pdf_to_files",
    "time_start_1": 1770568812.84239,
    "time_end_1": 1770568812.843055,
    "time_total_1": 0.0006649494171142578,
    "time_start_2": 4151806.977629541,
    "time_end_2": 4151806.978294833,
    "time_total_2": 0.0006652921438217163,
    "time_start_3": 4151806977629583,
    "time_end_3": 4151806978294916,
    "time_total_3": 0.000665333
}