{
    "function_method_name": "extract_images_from_pdf_to_files",
    "time_start_1": 1770514266.915574,
    "time_end_1": 1770514266.9161532,
    "time_total_1": 0.0005791187286376953,
    "time_start_2": 4097261.028397916,
    "time_end_2": 4097261.028977208,
    "time_total_2": 0.0005792919546365738,
    "time_start_3": 4097261028397958,
    "time_end_3": 4097261028977375,
    "time_total_3": 0.000579417
}