{
    "function_method_name": "extract_images_from_pdf_to_files",
    "time_start_1": 1770515827.21212,
    "time_end_1": 1770515827.2127051,
    "time_total_1": 0.0005850791931152344,
    "time_start_2": 4098821.32081125,
    "time_end_2": 4098821.321396666,
    "time_total_2": 0.0005854163318872452,
    "time_start_3": 4098821320811291,
    "time_end_3": 4098821321396708,
    "time_total_3": 0.000585417
}