{
    "function_method_name": "extract_images_from_pdf_to_files",
    "time_start_1": 1770512364.914709,
    "time_end_1": 1770512364.915255,
    "time_total_1": 0.0005459785461425781,
    "time_start_2": 4095359.032154791,
    "time_end_2": 4095359.032700041,
    "time_total_2": 0.0005452497862279415,
    "time_start_3": 4095359032154833,
    "time_end_3": 4095359032700125,
    "time_total_3": 0.000545292
}