{
    "function_method_name": "extract_images_from_pdf_to_files",
    "time_start_1": 1770567084.608361,
    "time_end_1": 1770567084.608958,
    "time_total_1": 0.0005970001220703125,
    "time_start_2": 4150078.746513833,
    "time_end_2": 4150078.747111333,
    "time_total_2": 0.000597500242292881,
    "time_start_3": 4150078746513875,
    "time_end_3": 4150078747111375,
    "time_total_3": 0.0005975
}