{
    "function_method_name": "extract_images_from_pdf_to_files",
    "time_start_1": 1770512621.492515,
    "time_end_1": 1770512621.493067,
    "time_total_1": 0.0005519390106201172,
    "time_start_2": 4095615.609253625,
    "time_end_2": 4095615.609806416,
    "time_total_2": 0.0005527911707758904,
    "time_start_3": 4095615609253666,
    "time_end_3": 4095615609806458,
    "time_total_3": 0.000552792
}