{
    "function_method_name": "extract_images_from_pdf_to_files",
    "time_start_1": 1770304181.16725,
    "time_end_1": 1770304181.167826,
    "time_total_1": 0.000576019287109375,
    "time_start_2": 3903613.610477791,
    "time_end_2": 3903613.611053583,
    "time_total_2": 0.0005757920444011688,
    "time_start_3": 3903613610477833,
    "time_end_3": 3903613611053666,
    "time_total_3": 0.000575833
}