{
    "function_method_name": "extract_images_from_pdf_to_files",
    "time_start_1": 1770569927.731012,
    "time_end_1": 1770569927.731613,
    "time_total_1": 0.0006008148193359375,
    "time_start_2": 4152921.861855208,
    "time_end_2": 4152921.86245725,
    "time_total_2": 0.0006020418368279934,
    "time_start_3": 4152921861855250,
    "time_end_3": 4152921862457333,
    "time_total_3": 0.000602083
}