{
    "function_method_name": "extract_images_from_pdf_to_files",
    "time_start_1": 1770568201.393387,
    "time_end_1": 1770568201.3939369,
    "time_total_1": 0.0005497932434082031,
    "time_start_2": 4151195.530408708,
    "time_end_2": 4151195.53095925,
    "time_total_2": 0.000550542026758194,
    "time_start_3": 4151195530408750,
    "time_end_3": 4151195530959333,
    "time_total_3": 0.000550583
}