{
    "function_method_name": "extract_images_from_pdf_to_files",
    "time_start_1": 1770515613.402304,
    "time_end_1": 1770515613.40282,
    "time_total_1": 0.0005161762237548828,
    "time_start_2": 4098607.51156025,
    "time_end_2": 4098607.512076416,
    "time_total_2": 0.000516165979206562,
    "time_start_3": 4098607511560291,
    "time_end_3": 4098607512076541,
    "time_total_3": 0.00051625
}