{
    "function_method_name": "extract_images_from_pdf_to_files",
    "time_start_1": 1770569009.9628632,
    "time_end_1": 1770569009.9634519,
    "time_total_1": 0.0005886554718017578,
    "time_start_2": 4152004.097664375,
    "time_end_2": 4152004.098252833,
    "time_total_2": 0.0005884580314159393,
    "time_start_3": 4152004097664416,
    "time_end_3": 4152004098252916,
    "time_total_3": 0.0005885
}