{
    "function_method_name": "extract_images_from_pdf_to_files",
    "time_start_1": 1770515527.961828,
    "time_end_1": 1770515527.962413,
    "time_total_1": 0.0005850791931152344,
    "time_start_2": 4098522.071309083,
    "time_end_2": 4098522.071894666,
    "time_total_2": 0.0005855830386281013,
    "time_start_3": 4098522071309125,
    "time_end_3": 4098522071894708,
    "time_total_3": 0.000585583
}