{
    "function_method_name": "extract_images_from_pdf_to_files",
    "time_start_1": 1771005263.72445,
    "time_end_1": 1771005263.7250109,
    "time_total_1": 0.000560760498046875,
    "time_start_2": 31617.2367395,
    "time_end_2": 31617.237301,
    "time_total_2": 0.000561500000912929,
    "time_start_3": 31617236739541,
    "time_end_3": 31617237301041,
    "time_total_3": 0.0005615
}