{
    "function_method_name": "extract_images_from_pdf_to_files",
    "time_start_1": 1770305567.808861,
    "time_end_1": 1770305567.809485,
    "time_total_1": 0.0006239414215087891,
    "time_start_2": 3905000.252429625,
    "time_end_2": 3905000.253053125,
    "time_total_2": 0.0006234999746084213,
    "time_start_3": 3905000252429666,
    "time_end_3": 3905000253053208,
    "time_total_3": 0.000623542
}