{
    "function_method_name": "extract_images_from_pdf_to_files",
    "time_start_1": 1771006099.015708,
    "time_end_1": 1771006099.0160809,
    "time_total_1": 0.00037288665771484375,
    "time_start_2": 32452.511917541,
    "time_end_2": 32452.512290041,
    "time_total_2": 0.0003724999987753108,
    "time_start_3": 32452511917541,
    "time_end_3": 32452512290083,
    "time_total_3": 0.000372542
}