{
    "function_method_name": "extract_images_from_pdf_to_files",
    "time_start_1": 1770567303.503254,
    "time_end_1": 1770567303.503839,
    "time_total_1": 0.0005850791931152344,
    "time_start_2": 4150297.642280833,
    "time_end_2": 4150297.642865791,
    "time_total_2": 0.0005849581211805344,
    "time_start_3": 4150297642280875,
    "time_end_3": 4150297642865875,
    "time_total_3": 0.000585
}