{
    "function_method_name": "extract_images_from_pdf_to_files",
    "time_start_1": 1770569535.341556,
    "time_end_1": 1770569535.342149,
    "time_total_1": 0.0005929470062255859,
    "time_start_2": 4152529.473417583,
    "time_end_2": 4152529.474011375,
    "time_total_2": 0.0005937921814620495,
    "time_start_3": 4152529473417666,
    "time_end_3": 4152529474011458,
    "time_total_3": 0.000593792
}