{
    "function_method_name": "extract_images_from_pdf_to_files",
    "time_start_1": 1770513882.020711,
    "time_end_1": 1770513882.021236,
    "time_total_1": 0.0005249977111816406,
    "time_start_2": 4096876.134537,
    "time_end_2": 4096876.1350615,
    "time_total_2": 0.0005244999192655087,
    "time_start_3": 4096876134537041,
    "time_end_3": 4096876135061625,
    "time_total_3": 0.000524584
}