{
    "function_method_name": "extract_images_from_pdf_to_files",
    "time_start_1": 1770569229.7344818,
    "time_end_1": 1770569229.735017,
    "time_total_1": 0.0005352497100830078,
    "time_start_2": 4152223.868780875,
    "time_end_2": 4152223.869315416,
    "time_total_2": 0.0005345409736037254,
    "time_start_3": 4152223868780916,
    "time_end_3": 4152223869315500,
    "time_total_3": 0.000534584
}