{
    "function_method_name": "extract_images_from_pdf_to_files",
    "time_start_1": 1770305934.753348,
    "time_end_1": 1770305934.753918,
    "time_total_1": 0.0005698204040527344,
    "time_start_2": 3905367.196996,
    "time_end_2": 3905367.197565708,
    "time_total_2": 0.0005697077140212059,
    "time_start_3": 3905367196996041,
    "time_end_3": 3905367197565791,
    "time_total_3": 0.00056975
}