{
    "function_method_name": "extract_images_from_pdf_to_files",
    "time_start_1": 1770514373.972291,
    "time_end_1": 1770514373.972884,
    "time_total_1": 0.0005929470062255859,
    "time_start_2": 4097368.084831958,
    "time_end_2": 4097368.085425375,
    "time_total_2": 0.0005934168584644794,
    "time_start_3": 4097368084832000,
    "time_end_3": 4097368085425458,
    "time_total_3": 0.000593458
}