{
    "function_method_name": "extract_images_from_pdf_to_files",
    "time_start_1": 1770302601.8857229,
    "time_end_1": 1770302601.886244,
    "time_total_1": 0.0005211830139160156,
    "time_start_2": 3902034.328330708,
    "time_end_2": 3902034.328851833,
    "time_total_2": 0.0005211248062551022,
    "time_start_3": 3902034328330750,
    "time_end_3": 3902034328851916,
    "time_total_3": 0.000521166
}