{
    "function_method_name": "extract_images_from_pdf_to_files",
    "time_start_1": 1770514544.67935,
    "time_end_1": 1770514544.679874,
    "time_total_1": 0.0005240440368652344,
    "time_start_2": 4097538.791440791,
    "time_end_2": 4097538.791964333,
    "time_total_2": 0.0005235420539975166,
    "time_start_3": 4097538791440791,
    "time_end_3": 4097538791964416,
    "time_total_3": 0.000523625
}