{
  "function_method_name": "extract_text_to_file_from_any_document",
  "num_pages": 54,
  "time_start_1": 1773071323.038054,
  "time_end_1": 1773071422.33511,
  "time_total_1": 99.29705595970154,
  "pages_per_second_1": 0.5438227697497419,
  "time_start_2": 1230975.352844041,
  "time_end_2": 1231074.649566916,
  "time_total_2": 99.2967228749767,
  "pages_per_second_2": 0.5438245939696393,
  "time_start_3": 1230975352844208,
  "time_end_3": 1231074649567166,
  "time_total_3": 99.296722958,
  "pages_per_second_3": 0.5438245935149404
}