{
    "function_method_name": "extract_text_to_file_from_any_document",
    "time_start_1": 1771940654.86546,
    "time_end_1": 1771940655.442137,
    "time_total_1": 0.5766770839691162,
    "time_start_2": 149557.2337915,
    "time_end_2": 149557.810469041,
    "time_total_2": 0.5766775409865659,
    "time_start_3": 149557233791583,
    "time_end_3": 149557810469208,
    "time_total_3": 0.576677625
}