{
    "function_method_name": "extract_text_to_file_from_any_document",
    "time_start_1": 1769811591.711227,
    "time_end_1": 1769812008.987838,
    "time_total_1": 417.2766110897064,
    "time_start_2": 3411023.506585541,
    "time_end_2": 3411440.781950041,
    "time_total_2": 417.2753645000048,
    "time_start_3": 3411023506586083,
    "time_end_3": 3411440781950416,
    "time_total_3": 417.275364333
}