{
    "function_method_name": "extract_text_to_file_from_any_document",
    "time_start_1": 1769402340.263687,
    "time_end_1": 1769402750.184591,
    "time_total_1": 409.9209041595459,
    "time_start_2": 3006569.157421791,
    "time_end_2": 3006979.078969625,
    "time_total_2": 409.9215478338301,
    "time_start_3": 3006569157422291,
    "time_end_3": 3006979078970125,
    "time_total_3": 409.921547834
}