{
    "function_method_name": "extract_markdown_to_file_from_any_document_complex",
    "num_pages": 31,
    "time_start_1": 1763211416.783919,
    "time_end_1": 1763211420.99414,
    "time_total_1": 4.210220813751221,
    "pages_per_second_1": 7.363034237717246,
    "time_start_2": 177627.003195291,
    "time_end_2": 177631.213372083,
    "time_total_2": 4.210176791995764,
    "pages_per_second_2": 7.363111225860178,
    "time_start_3": 177627003195375,
    "time_end_3": 177631213372166,
    "time_total_3": 4.210176791,
    "pages_per_second_3": 7.363111227601653
}