{
    "function_method_name": "extract_text_to_file_from_any_document",
    "time_start_1": 1763179846.0459058,
    "time_end_1": 1763179851.679821,
    "time_total_1": 5.633915185928345,
    "time_start_2": 146056.410307708,
    "time_end_2": 146062.044204083,
    "time_total_2": 5.633896375016775,
    "time_start_3": 146056410307750,
    "time_end_3": 146062044204250,
    "time_total_3": 5.6338965
}