{
    "function_method_name": "extract_markdown_to_file_from_any_document_complex",
    "num_pages": 31,
    "time_start_1": 1763172260.7607539,
    "time_end_1": 1763172266.96637,
    "time_total_1": 6.205616235733032,
    "pages_per_second_1": 4.995474876692589,
    "time_start_2": 138471.175444541,
    "time_end_2": 138477.381117708,
    "time_total_2": 6.205673166987253,
    "pages_per_second_2": 4.995429047877164,
    "time_start_3": 138471175444583,
    "time_end_3": 138477381117833,
    "time_total_3": 6.20567325,
    "pages_per_second_3": 4.995428981053748
}