{
    "function_method_name": "extract_markdown_to_file_from_any_document",
    "num_pages": 31,
    "time_start_1": 1765463459.457525,
    "time_end_1": 1765463466.3540852,
    "time_total_1": 6.896560192108154,
    "pages_per_second_1": 4.4949944807954845,
    "time_start_2": 2372482.239404666,
    "time_end_2": 2372489.135952666,
    "time_total_2": 6.89654800016433,
    "pages_per_second_2": 4.495002427194205,
    "time_start_3": 2372482239404708,
    "time_end_3": 2372489135952791,
    "time_total_3": 6.896548083,
    "pages_per_second_3": 4.495002373203928
}