{
    "function_method_name": "extract_text_to_file_from_any_document",
    "time_start_1": 1763223057.65505,
    "time_end_1": 1763223063.393379,
    "time_total_1": 5.73832893371582,
    "time_start_2": 189267.844573625,
    "time_end_2": 189273.58288675,
    "time_total_2": 5.7383131249807775,
    "time_start_3": 189267844573666,
    "time_end_3": 189273582886833,
    "time_total_3": 5.738313167
}