{
    "function_method_name": "extract_text_to_file_from_any_document",
    "time_start_1": 1763065834.8453062,
    "time_end_1": 1763065840.876014,
    "time_total_1": 6.030707836151123,
    "time_start_2": 32045.442454916,
    "time_end_2": 32051.473186791,
    "time_total_2": 6.030731875001948,
    "time_start_3": 32045442454958,
    "time_end_3": 32051473186875,
    "time_total_3": 6.030731917
}