{
    "function_method_name": "extract_markdown_to_file_from_any_document",
    "num_pages": 31,
    "time_start_1": 1763189873.07066,
    "time_end_1": 1763189878.8491561,
    "time_total_1": 5.778496026992798,
    "pages_per_second_1": 5.364717714642575,
    "time_start_2": 156083.388895666,
    "time_end_2": 156089.167392708,
    "time_total_2": 5.778497042017989,
    "pages_per_second_2": 5.364716772300027,
    "time_start_3": 156083388895750,
    "time_end_3": 156089167392791,
    "time_total_3": 5.778497041,
    "pages_per_second_3": 5.364716773245122
}