{
    "function_method_name": "extract_text_to_file_from_any_document",
    "time_start_1": 1763226889.142486,
    "time_end_1": 1763226893.4902139,
    "time_total_1": 4.3477277755737305,
    "time_start_2": 193099.371560583,
    "time_end_2": 193103.719299875,
    "time_total_2": 4.347739291988546,
    "time_start_3": 193099371560625,
    "time_end_3": 193103719299958,
    "time_total_3": 4.347739333
}