{
    "function_method_name": "extract_text_to_file_from_any_document",
    "time_start_1": 1763114674.305147,
    "time_end_1": 1763114680.027335,
    "time_total_1": 5.7221879959106445,
    "time_start_2": 80884.819579541,
    "time_end_2": 80890.541784666,
    "time_total_2": 5.722205124999164,
    "time_start_3": 80884819579625,
    "time_end_3": 80890541784750,
    "time_total_3": 5.722205125
}