{
    "function_method_name": "extract_markdown_to_file_from_any_document",
    "num_pages": 31,
    "time_start_1": 1763122215.7071779,
    "time_end_1": 1763122221.427845,
    "time_total_1": 5.720667123794556,
    "pages_per_second_1": 5.418948407443343,
    "time_start_2": 88426.153571833,
    "time_end_2": 88431.874222541,
    "time_total_2": 5.720650707997265,
    "pages_per_second_2": 5.4189639574853095,
    "time_start_3": 88426153571875,
    "time_end_3": 88431874222625,
    "time_total_3": 5.72065075,
    "pages_per_second_3": 5.41896391769765
}