{
    "function_method_name": "extract_text_to_file_from_any_document",
    "time_start_1": 1763070845.338818,
    "time_end_1": 1763070850.9554691,
    "time_total_1": 5.6166510581970215,
    "time_start_2": 37055.858641791,
    "time_end_2": 37061.475246625,
    "time_total_2": 5.616604834001919,
    "time_start_3": 37055858641833,
    "time_end_3": 37061475246708,
    "time_total_3": 5.616604875
}