{
    "function_method_name": "extract_text_to_file_from_any_document",
    "time_start_1": 1763063332.920821,
    "time_end_1": 1763063338.6007528,
    "time_total_1": 5.679931879043579,
    "time_start_2": 29543.480322291,
    "time_end_2": 29549.16022925,
    "time_total_2": 5.67990695899789,
    "time_start_3": 29543480322375,
    "time_end_3": 29549160229416,
    "time_total_3": 5.679907041
}