{
    "function_method_name": "extract_text_to_file_from_any_document",
    "time_start_1": 1763127225.084524,
    "time_end_1": 1763127230.550496,
    "time_total_1": 5.465972185134888,
    "time_start_2": 93435.492668291,
    "time_end_2": 93440.958594208,
    "time_total_2": 5.465925917000277,
    "time_start_3": 93435492668333,
    "time_end_3": 93440958594333,
    "time_total_3": 5.465926
}