{
    "function_method_name": "extract_text_to_file_from_any_document",
    "time_start_1": 1763182315.647253,
    "time_end_1": 1763182321.304157,
    "time_total_1": 5.656903982162476,
    "time_start_2": 148525.934960958,
    "time_end_2": 148531.591771625,
    "time_total_2": 5.6568106670165434,
    "time_start_3": 148525934961041,
    "time_end_3": 148531591771708,
    "time_total_3": 5.656810667
}