{
    "function_method_name": "extract_markdown_to_file_from_any_document",
    "num_pages": 31,
    "time_start_1": 1763068337.434089,
    "time_end_1": 1763068343.177603,
    "time_total_1": 5.743514060974121,
    "pages_per_second_1": 5.397392549386792,
    "time_start_2": 34547.977673666,
    "time_end_2": 34553.72114975,
    "time_total_2": 5.7434760840042145,
    "pages_per_second_2": 5.3974282379857215,
    "time_start_3": 34547977673750,
    "time_end_3": 34553721149791,
    "time_total_3": 5.743476041,
    "pages_per_second_3": 5.397428278398907
}