{
  "function_method_name": "extract_text_to_file_from_any_document",
  "num_pages": 118,
  "time_start_1": 1773173503.046278,
  "time_end_1": 1773173509.262557,
  "time_total_1": 6.216279029846191,
  "pages_per_second_1": 18.982416882100555,
  "time_start_2": 1314494.026533333,
  "time_end_2": 1314500.242771458,
  "time_total_2": 6.216238125227392,
  "pages_per_second_2": 18.98254179181457,
  "time_start_3": 1314494026533416,
  "time_end_3": 1314500242772000,
  "time_total_3": 6.216238584,
  "pages_per_second_3": 18.98254039085962
}