{
    "function_method_name": "extract_images_from_pdf_to_files",
    "time_start_1": 1769784427.074273,
    "time_end_1": 1769784431.757853,
    "time_total_1": 4.683579921722412,
    "time_start_2": 3383858.969507625,
    "time_end_2": 3383863.65308975,
    "time_total_2": 4.683582125231624,
    "time_start_3": 3383858969507708,
    "time_end_3": 3383863653090041,
    "time_total_3": 4.683582333
}