{
    "function_method_name": "extract_text_to_file_from_any_document",
    "time_start_1": 1771445266.8985631,
    "time_end_1": 1771445266.927807,
    "time_total_1": 0.029243946075439453,
    "time_start_2": 435275.411886541,
    "time_end_2": 435275.441131041,
    "time_total_2": 0.029244499979540706,
    "time_start_3": 435275411886583,
    "time_end_3": 435275441131291,
    "time_total_3": 0.029244708
}