{
    "function_method_name": "extract_text_to_file_from_any_document",
    "time_start_1": 1763188537.025423,
    "time_end_1": 1763188546.274088,
    "time_total_1": 9.248664855957031,
    "time_start_2": 154747.356955916,
    "time_end_2": 154756.605654625,
    "time_total_2": 9.248698708979646,
    "time_start_3": 154747356955958,
    "time_end_3": 154756605654750,
    "time_total_3": 9.248698792
}