{
    "function_method_name": "extract_markdown_to_file_from_any_document_complex",
    "num_pages": 43,
    "time_start_1": 1763173455.370569,
    "time_end_1": 1763173464.548485,
    "time_total_1": 9.177916049957275,
    "pages_per_second_1": 4.68515943771355,
    "time_start_2": 139665.802335875,
    "time_end_2": 139674.980346583,
    "time_total_2": 9.178010708012152,
    "pages_per_second_2": 4.68511111699425,
    "time_start_3": 139665802336000,
    "time_end_3": 139674980346666,
    "time_total_3": 9.178010666,
    "pages_per_second_3": 4.685111138440248
}