{
    "function_method_name": "extract_markdown_to_file_from_any_document",
    "num_pages": 43,
    "time_start_1": 1763214460.486809,
    "time_end_1": 1763214469.944205,
    "time_total_1": 9.457396030426025,
    "pages_per_second_1": 4.546706076562915,
    "time_start_2": 180670.728095333,
    "time_end_2": 180680.185476583,
    "time_total_2": 9.45738124998752,
    "pages_per_second_2": 4.546713182368189,
    "time_start_3": 180670728095375,
    "time_end_3": 180680185476708,
    "time_total_3": 9.457381333,
    "pages_per_second_3": 4.546713142459263
}