{
    "function_method_name": "extract_text_to_file_from_any_document",
    "time_start_1": 1763153432.3342211,
    "time_end_1": 1763153441.6148732,
    "time_total_1": 9.280652046203613,
    "time_start_2": 119642.745579416,
    "time_end_2": 119652.026240541,
    "time_total_2": 9.280661124998005,
    "time_start_3": 119642745579458,
    "time_end_3": 119652026240625,
    "time_total_3": 9.280661167
}