{
    "function_method_name": "extract_markdown_to_file_from_any_document",
    "num_pages": 43,
    "time_start_1": 1763061996.9008799,
    "time_end_1": 1763062005.995024,
    "time_total_1": 9.094144105911255,
    "pages_per_second_1": 4.728317420443086,
    "time_start_2": 28207.466358083,
    "time_end_2": 28216.560460583,
    "time_total_2": 9.094102500002919,
    "pages_per_second_2": 4.728339052697746,
    "time_start_3": 28207466358208,
    "time_end_3": 28216560460708,
    "time_total_3": 9.0941025,
    "pages_per_second_3": 4.728339052699263
}