{
    "function_method_name": "extract_text_to_file_from_any_document",
    "time_start_1": 1763185998.373714,
    "time_end_1": 1763186010.232933,
    "time_total_1": 11.859219074249268,
    "time_start_2": 152208.652727791,
    "time_end_2": 152220.511858625,
    "time_total_2": 11.85913083399646,
    "time_start_3": 152208652727875,
    "time_end_3": 152220511858791,
    "time_total_3": 11.859130916
}