{
    "function_method_name": "extract_markdown_to_file_from_any_document",
    "num_pages": 43,
    "time_start_1": 1763143455.238671,
    "time_end_1": 1763143464.083542,
    "time_total_1": 8.844871044158936,
    "pages_per_second_1": 4.861574553808421,
    "time_start_2": 109665.624251458,
    "time_end_2": 109674.469066958,
    "time_total_2": 8.844815500007826,
    "pages_per_second_2": 4.861605083787441,
    "time_start_3": 109665624251541,
    "time_end_3": 109674469067000,
    "time_total_3": 8.844815459,
    "pages_per_second_3": 4.861605106327635
}