{
    "function_method_name": "extract_text_to_file_from_any_document",
    "time_start_1": 1763158482.6187541,
    "time_end_1": 1763158491.795891,
    "time_total_1": 9.177136898040771,
    "time_start_2": 124693.02072325,
    "time_end_2": 124702.197862,
    "time_total_2": 9.177138750004815,
    "time_start_3": 124693020723291,
    "time_end_3": 124702197862083,
    "time_total_3": 9.177138792
}