{
    "function_method_name": "extract_markdown_to_file_from_any_document_complex",
    "num_pages": 43,
    "time_start_1": 1763221947.347994,
    "time_end_1": 1763221956.3474119,
    "time_total_1": 8.999417781829834,
    "pages_per_second_1": 4.778086876555351,
    "time_start_2": 188157.540853833,
    "time_end_2": 188166.540244833,
    "time_total_2": 8.999391000019386,
    "pages_per_second_2": 4.778101095941644,
    "time_start_3": 188157540853916,
    "time_end_3": 188166540244916,
    "time_total_3": 8.999391,
    "pages_per_second_3": 4.778101095951937
}