{
    "function_method_name": "extract_markdown_to_file_from_any_document_complex",
    "num_pages": 43,
    "time_start_1": 1763092092.570656,
    "time_end_1": 1763092101.6244822,
    "time_total_1": 9.053826093673706,
    "pages_per_second_1": 4.749373309704494,
    "time_start_2": 58303.139816125,
    "time_end_2": 58312.19365725,
    "time_total_2": 9.053841124994506,
    "pages_per_second_2": 4.749365424724757,
    "time_start_3": 58303139816166,
    "time_end_3": 58312193657375,
    "time_total_3": 9.053841209,
    "pages_per_second_3": 4.74936538065807
}