{
    "function_method_name": "extract_text_to_file_from_any_document",
    "time_start_1": 1763089572.6857421,
    "time_end_1": 1763089581.607306,
    "time_total_1": 8.921563863754272,
    "time_start_2": 55783.226507375,
    "time_end_2": 55792.148007083,
    "time_total_2": 8.92149970799801,
    "time_start_3": 55783226507458,
    "time_end_3": 55792148007208,
    "time_total_3": 8.92149975
}