{
    "function_method_name": "extract_markdown_to_file_from_any_document",
    "num_pages": 43,
    "time_start_1": 1763105787.967356,
    "time_end_1": 1763105797.4259598,
    "time_total_1": 9.458603858947754,
    "pages_per_second_1": 4.546125479113114,
    "time_start_2": 71998.485113708,
    "time_end_2": 72007.943655708,
    "time_total_2": 9.458542000007583,
    "pages_per_second_2": 4.5461552108100305,
    "time_start_3": 71998485113750,
    "time_end_3": 72007943655791,
    "time_total_3": 9.458542041,
    "pages_per_second_3": 4.546155191107428
}