{
    "function_method_name": "extract_markdown_to_file_from_any_document",
    "num_pages": 43,
    "time_start_1": 1763094582.81218,
    "time_end_1": 1763094591.988471,
    "time_total_1": 9.17629098892212,
    "pages_per_second_1": 4.685989148765098,
    "time_start_2": 60793.3780665,
    "time_end_2": 60802.554360958,
    "time_total_2": 9.176294457996846,
    "pages_per_second_2": 4.685987377238846,
    "time_start_3": 60793378066541,
    "time_end_3": 60802554361166,
    "time_total_3": 9.176294625,
    "pages_per_second_3": 4.685987291956637
}