{
    "function_method_name": "extract_markdown_to_file_from_any_document",
    "num_pages": 43,
    "time_start_1": 1763087106.076134,
    "time_end_1": 1763087114.9208791,
    "time_total_1": 8.84474515914917,
    "pages_per_second_1": 4.86164374736337,
    "time_start_2": 53316.663495041,
    "time_end_2": 53325.508266625,
    "time_total_2": 8.844771584001137,
    "pages_per_second_2": 4.861629222599772,
    "time_start_3": 53316663495083,
    "time_end_3": 53325508266708,
    "time_total_3": 8.844771625,
    "pages_per_second_3": 4.861629200064281
}