{
    "function_method_name": "extract_text_to_file_from_any_document",
    "time_start_1": 1770475348.815736,
    "time_end_1": 1770475348.8402822,
    "time_total_1": 0.024546146392822266,
    "time_start_2": 4058342.999689,
    "time_end_2": 4058343.024235791,
    "time_total_2": 0.0245467908680439,
    "time_start_3": 4058342999689083,
    "time_end_3": 4058343024235958,
    "time_total_3": 0.024546875
}