{
    "function_method_name": "extract_text_to_file_from_epub_document",
    "time_start_1": 1770561253.1100988,
    "time_end_1": 1770561253.125633,
    "time_total_1": 0.015534162521362305,
    "time_start_2": 4144247.262991916,
    "time_end_2": 4144247.278525625,
    "time_total_2": 0.015533708967268467,
    "time_start_3": 4144247262991958,
    "time_end_3": 4144247278526125,
    "time_total_3": 0.015534167
}