{
    "function_method_name": "extract_text_to_file_from_any_document",
    "time_start_1": 1770412307.126886,
    "time_end_1": 1770412307.7571578,
    "time_total_1": 0.6302719116210938,
    "time_start_2": 3995301.358050333,
    "time_end_2": 3995301.988323666,
    "time_total_2": 0.6302733332850039,
    "time_start_3": 3995301358050375,
    "time_end_3": 3995301988323750,
    "time_total_3": 0.630273375
}