{
    "function_method_name": "extract_text_to_file_from_any_document",
    "time_start_1": 1772215438.769415,
    "time_end_1": 1772215487.279814,
    "time_total_1": 48.51039910316467,
    "time_start_2": 403169.416592041,
    "time_end_2": 403217.92678025,
    "time_total_2": 48.51018820900936,
    "time_start_3": 403169416592125,
    "time_end_3": 403217926780333,
    "time_total_3": 48.510188208
}