{
    "function_method_name": "extract_text_to_file_from_any_document",
    "time_start_1": 1769682971.443872,
    "time_end_1": 1769683049.221188,
    "time_total_1": 77.77731609344482,
    "time_start_2": 3282403.418710958,
    "time_end_2": 3282481.195988666,
    "time_total_2": 77.77727770758793,
    "time_start_3": 3282403418711000,
    "time_end_3": 3282481195988916,
    "time_total_3": 77.777277916
}