{
    "function_method_name": "extract_text_to_file_from_any_document",
    "time_start_1": 1769787856.1866162,
    "time_end_1": 1769787924.394304,
    "time_total_1": 68.20768785476685,
    "time_start_2": 3387288.07770725,
    "time_end_2": 3387356.285559875,
    "time_total_2": 68.20785262482241,
    "time_start_3": 3387288077707375,
    "time_end_3": 3387356285560125,
    "time_total_3": 68.20785275
}