{
    "function_method_name": "extract_text_to_file_from_any_document",
    "time_start_1": 1772014659.244765,
    "time_end_1": 1772014659.374141,
    "time_total_1": 0.12937593460083008,
    "time_start_2": 223561.650994208,
    "time_end_2": 223561.780371041,
    "time_total_2": 0.12937683300697245,
    "time_start_3": 223561650994250,
    "time_end_3": 223561780371333,
    "time_total_3": 0.129377083
}