{
    "function_method_name": "extract_text_to_file_from_pdf_document",
    "time_start_1": 1765479044.5691369,
    "time_end_1": 1765479646.201787,
    "time_total_1": 601.6326501369476,
    "time_start_2": 2388067.301844458,
    "time_end_2": 2388668.93291025,
    "time_total_2": 601.6310657919385,
    "time_start_3": 2388067301844625,
    "time_end_3": 2388668932910375,
    "time_total_3": 601.63106575
}