{
    "function_method_name": "extract_text_to_file_from_any_document",
    "time_start_1": 1772216543.9647691,
    "time_end_1": 1772216544.0165582,
    "time_total_1": 0.051789045333862305,
    "time_start_2": 404274.601235666,
    "time_end_2": 404274.653024666,
    "time_total_2": 0.05178899999009445,
    "time_start_3": 404274601235750,
    "time_end_3": 404274653024916,
    "time_total_3": 0.051789166
}