{
    "function_method_name": "extract_text_to_file_from_any_document",
    "time_start_1": 1769788885.257408,
    "time_end_1": 1769788885.3092291,
    "time_total_1": 0.051821231842041016,
    "time_start_2": 3388317.140672083,
    "time_end_2": 3388317.192493875,
    "time_total_2": 0.05182179203256965,
    "time_start_3": 3388317140672166,
    "time_end_3": 3388317192494083,
    "time_total_3": 0.051821917
}