{
    "function_method_name": "extract_text_to_file_from_pdf_document",
    "time_start_1": 1765488200.05515,
    "time_end_1": 1765488530.43238,
    "time_total_1": 330.37722992897034,
    "time_start_2": 2397222.71170025,
    "time_end_2": 2397553.085816875,
    "time_total_2": 330.37411662517115,
    "time_start_3": 2397222711700333,
    "time_end_3": 2397553085817208,
    "time_total_3": 330.374116875
}