{
    "function_method_name": "api_parse_analyze_markdown_mistune",
    "time_start_1": 1772641557.845162,
    "time_end_1": 1772641558.0364668,
    "time_total_1": 0.19130492210388184,
    "time_start_2": 829288.292099375,
    "time_end_2": 829288.483409166,
    "time_total_2": 0.1913097909418866,
    "time_start_3": 829288292099416,
    "time_end_3": 829288483409250,
    "time_total_3": 0.191309834
}