{
    "function_method_name": "extract_tables_to_files_from_pdf_document",
    "time_start_1": 1770509846.054162,
    "time_end_1": 1770509850.701013,
    "time_total_1": 4.646851062774658,
    "time_start_2": 4092840.1797435,
    "time_end_2": 4092844.826583458,
    "time_total_2": 4.64683995814994,
    "time_start_3": 4092840179743583,
    "time_end_3": 4092844826583666,
    "time_total_3": 4.646840083
}