{
    "function_method_name": "extract_tables_to_files_from_pdf_document",
    "time_start_1": 1765463201.413495,
    "time_end_1": 1765463225.8704839,
    "time_total_1": 24.45698881149292,
    "time_start_2": 2372224.195797833,
    "time_end_2": 2372248.652741333,
    "time_total_2": 24.456943499855697,
    "time_start_3": 2372224195797916,
    "time_end_3": 2372248652741541,
    "time_total_3": 24.456943625
}