{
    "function_method_name": "extract_tables_to_files_from_pdf_document",
    "time_start_1": 1765508565.166424,
    "time_end_1": 1765508588.317791,
    "time_total_1": 23.15136694908142,
    "time_start_2": 2417587.828329791,
    "time_end_2": 2417610.9797885,
    "time_total_2": 23.15145870903507,
    "time_start_3": 2417587828329875,
    "time_end_3": 2417610979788625,
    "time_total_3": 23.15145875
}