{
    "function_method_name": "extract_tables_to_files_from_pdf_document",
    "time_start_1": 1769308828.7381551,
    "time_end_1": 1769308833.0141282,
    "time_total_1": 4.275973081588745,
    "time_start_2": 2913057.783598375,
    "time_end_2": 2913062.05956125,
    "time_total_2": 4.275962874758989,
    "time_start_3": 2913057783598458,
    "time_end_3": 2913062059561500,
    "time_total_3": 4.275963042
}