{
    "function_method_name": "extract_tables_to_files_from_pdf_document",
    "time_start_1": 1769310459.662275,
    "time_end_1": 1769310464.0620632,
    "time_total_1": 4.39978814125061,
    "time_start_2": 2914688.702593541,
    "time_end_2": 2914693.102370625,
    "time_total_2": 4.399777084123343,
    "time_start_3": 2914688702593625,
    "time_end_3": 2914693102370916,
    "time_total_3": 4.399777291
}