{
    "function_method_name": "extract_tables_to_files_from_pdf_document",
    "time_start_1": 1769331780.58505,
    "time_end_1": 1769331785.171674,
    "time_total_1": 4.586623907089233,
    "time_start_2": 2936009.56736225,
    "time_end_2": 2936014.153974875,
    "time_total_2": 4.5866126250475645,
    "time_start_3": 2936009567362333,
    "time_end_3": 2936014153975166,
    "time_total_3": 4.586612833
}