{
    "function_method_name": "extract_tables_to_files_from_pdf_document",
    "time_start_1": 1772685876.564244,
    "time_end_1": 1772685879.451974,
    "time_total_1": 2.8877298831939697,
    "time_start_2": 873606.833652125,
    "time_end_2": 873609.721361041,
    "time_total_2": 2.8877089159796014,
    "time_start_3": 873606833652166,
    "time_end_3": 873609721361208,
    "time_total_3": 2.887709042
}