{
    "function_method_name": "extract_text_to_file_from_any_document",
    "time_start_1": 1770412339.360817,
    "time_end_1": 1770412339.397985,
    "time_total_1": 0.037168025970458984,
    "time_start_2": 3995333.592028458,
    "time_end_2": 3995333.629196291,
    "time_total_2": 0.03716783272102475,
    "time_start_3": 3995333592028541,
    "time_end_3": 3995333629196375,
    "time_total_3": 0.037167834
}