{
    "function_method_name": "extract_tables_to_files_from_pdf_document",
    "time_start_1": 1769290922.558196,
    "time_end_1": 1769290922.618894,
    "time_total_1": 0.06069803237915039,
    "time_start_2": 2895151.657537791,
    "time_end_2": 2895151.718236291,
    "time_total_2": 0.06069849990308285,
    "time_start_3": 2895151657537875,
    "time_end_3": 2895151718236458,
    "time_total_3": 0.060698583
}