{
    "function_method_name": "extract_tables_to_files_from_pdf_document",
    "time_start_1": 1769311980.6381938,
    "time_end_1": 1769311980.723815,
    "time_total_1": 0.08562111854553223,
    "time_start_2": 2916209.6730455,
    "time_end_2": 2916209.758667416,
    "time_total_2": 0.0856219157576561,
    "time_start_3": 2916209673045583,
    "time_end_3": 2916209758667625,
    "time_total_3": 0.085622042
}