{
    "function_method_name": "extract_tables_to_files_from_pdf_document",
    "time_start_1": 1769323317.036864,
    "time_end_1": 1769323317.120372,
    "time_total_1": 0.08350801467895508,
    "time_start_2": 2927546.041885375,
    "time_end_2": 2927546.125394083,
    "time_total_2": 0.08350870804861188,
    "time_start_3": 2927546041885458,
    "time_end_3": 2927546125394375,
    "time_total_3": 0.083508917
}