{
    "function_method_name": "extract_images_from_pdf_to_files",
    "time_start_1": 1770512970.503901,
    "time_end_1": 1770512970.646967,
    "time_total_1": 0.1430659294128418,
    "time_start_2": 4095964.619655166,
    "time_end_2": 4095964.762721583,
    "time_total_2": 0.1430664169602096,
    "time_start_3": 4095964619655250,
    "time_end_3": 4095964762721833,
    "time_total_3": 0.143066583
}