{
    "function_method_name": "extract_images_from_pdf_to_files",
    "time_start_1": 1771005917.4032772,
    "time_end_1": 1771005917.504312,
    "time_total_1": 0.10103487968444824,
    "time_start_2": 32270.914388208,
    "time_end_2": 32271.015422416,
    "time_total_2": 0.10103420800078311,
    "time_start_3": 32270914388250,
    "time_end_3": 32271015422666,
    "time_total_3": 0.101034416
}