{
    "function_method_name": "extract_images_from_pdf_to_files",
    "time_start_1": 1770571006.131582,
    "time_end_1": 1770571006.275223,
    "time_total_1": 0.14364099502563477,
    "time_start_2": 4154000.260183666,
    "time_end_2": 4154000.40384025,
    "time_total_2": 0.14365658396854997,
    "time_start_3": 4154000260183708,
    "time_end_3": 4154000403840416,
    "time_total_3": 0.143656708
}