{
    "function_method_name": "extract_images_from_pdf_to_files",
    "time_start_1": 1770570568.9613461,
    "time_end_1": 1770570569.101669,
    "time_total_1": 0.14032292366027832,
    "time_start_2": 4153563.090524125,
    "time_end_2": 4153563.230846583,
    "time_total_2": 0.140322457998991,
    "time_start_3": 4153563090524208,
    "time_end_3": 4153563230847083,
    "time_total_3": 0.140322875
}