{
    "function_method_name": "extract_images_from_pdf_to_files",
    "time_start_1": 1770512884.774067,
    "time_end_1": 1770512884.914067,
    "time_total_1": 0.1400001049041748,
    "time_start_2": 4095878.890080625,
    "time_end_2": 4095879.030082208,
    "time_total_2": 0.14000158291310072,
    "time_start_3": 4095878890080708,
    "time_end_3": 4095879030082541,
    "time_total_3": 0.140001833
}