{
    "function_method_name": "extract_images_from_pdf_to_files",
    "time_start_1": 1771006243.276317,
    "time_end_1": 1771006243.3743622,
    "time_total_1": 0.09804534912109375,
    "time_start_2": 32596.771846708,
    "time_end_2": 32596.869891458,
    "time_total_2": 0.0980447500005539,
    "time_start_3": 32596771846791,
    "time_end_3": 32596869891708,
    "time_total_3": 0.098044917
}