{
    "function_method_name": "extract_images_from_pdf_to_files",
    "time_start_1": 1770303562.062901,
    "time_end_1": 1770303562.205048,
    "time_total_1": 0.14214706420898438,
    "time_start_2": 3902994.505657416,
    "time_end_2": 3902994.647805083,
    "time_total_2": 0.14214766724035144,
    "time_start_3": 3902994505657500,
    "time_end_3": 3902994647805541,
    "time_total_3": 0.142148041
}