{
    "function_method_name": "extract_images_from_pdf_to_files",
    "time_start_1": 1770305100.3669991,
    "time_end_1": 1770305100.509614,
    "time_total_1": 0.14261484146118164,
    "time_start_2": 3904532.810469625,
    "time_end_2": 3904532.953084958,
    "time_total_2": 0.14261533273383975,
    "time_start_3": 3904532810469666,
    "time_end_3": 3904532953085041,
    "time_total_3": 0.142615375
}