{
    "function_method_name": "extract_images_from_pdf_to_files",
    "time_start_1": 1770515192.999157,
    "time_end_1": 1770515193.140212,
    "time_total_1": 0.14105510711669922,
    "time_start_2": 4098187.10952125,
    "time_end_2": 4098187.250577666,
    "time_total_2": 0.14105641609057784,
    "time_start_3": 4098187109521375,
    "time_end_3": 4098187250578041,
    "time_total_3": 0.141056666
}