{
    "function_method_name": "extract_images_from_pdf_to_files",
    "time_start_1": 1770513846.470931,
    "time_end_1": 1770513846.613655,
    "time_total_1": 0.14272403717041016,
    "time_start_2": 4096840.584850458,
    "time_end_2": 4096840.727575708,
    "time_total_2": 0.1427252502180636,
    "time_start_3": 4096840584850583,
    "time_end_3": 4096840727575833,
    "time_total_3": 0.14272525
}