{
    "function_method_name": "extract_images_from_pdf_to_files",
    "time_start_1": 1770303303.145229,
    "time_end_1": 1770303303.288468,
    "time_total_1": 0.14323878288269043,
    "time_start_2": 3902735.587943166,
    "time_end_2": 3902735.731182791,
    "time_total_2": 0.14323962479829788,
    "time_start_3": 3902735587943208,
    "time_end_3": 3902735731182916,
    "time_total_3": 0.143239708
}