{
    "function_method_name": "extract_images_from_pdf_to_files",
    "time_start_1": 1771004961.180438,
    "time_end_1": 1771004961.324831,
    "time_total_1": 0.1443929672241211,
    "time_start_2": 31314.69329825,
    "time_end_2": 31314.837691833,
    "time_total_2": 0.14439358299932792,
    "time_start_3": 31314693298375,
    "time_end_3": 31314837692166,
    "time_total_3": 0.144393791
}