{
    "function_method_name": "extract_images_from_pdf_to_files",
    "time_start_1": 1770514231.111722,
    "time_end_1": 1770514231.254055,
    "time_total_1": 0.1423330307006836,
    "time_start_2": 4097225.224638875,
    "time_end_2": 4097225.366971541,
    "time_total_2": 0.14233266608789563,
    "time_start_3": 4097225224638958,
    "time_end_3": 4097225366971833,
    "time_total_3": 0.142332875
}