{
    "function_method_name": "extract_images_from_pdf_to_files",
    "time_start_1": 1770570525.4188118,
    "time_end_1": 1770570525.562484,
    "time_total_1": 0.14367222785949707,
    "time_start_2": 4153519.548104416,
    "time_end_2": 4153519.691777,
    "time_total_2": 0.14367258409038186,
    "time_start_3": 4153519548104458,
    "time_end_3": 4153519691777166,
    "time_total_3": 0.143672708
}