{
    "function_method_name": "extract_images_from_pdf_to_files",
    "time_start_1": 1770513290.968297,
    "time_end_1": 1770513291.117431,
    "time_total_1": 0.14913392066955566,
    "time_start_2": 4096285.083151291,
    "time_end_2": 4096285.232285458,
    "time_total_2": 0.14913416700437665,
    "time_start_3": 4096285083151375,
    "time_end_3": 4096285232285708,
    "time_total_3": 0.149134333
}