{
    "function_method_name": "extract_images_from_pdf_to_files",
    "time_start_1": 1770302975.705493,
    "time_end_1": 1770302975.8461812,
    "time_total_1": 0.14068818092346191,
    "time_start_2": 3902408.14816175,
    "time_end_2": 3902408.288850958,
    "time_total_2": 0.14068920817226171,
    "time_start_3": 3902408148161791,
    "time_end_3": 3902408288851333,
    "time_total_3": 0.140689542
}