{
    "function_method_name": "extract_images_from_pdf_to_files",
    "time_start_1": 1770302954.198601,
    "time_end_1": 1770302954.341457,
    "time_total_1": 0.14285588264465332,
    "time_start_2": 3902386.641266041,
    "time_end_2": 3902386.784122791,
    "time_total_2": 0.14285675017163157,
    "time_start_3": 3902386641266083,
    "time_end_3": 3902386784123208,
    "time_total_3": 0.142857125
}