{
    "function_method_name": "extract_images_from_pdf_to_files",
    "time_start_1": 1770571856.7320828,
    "time_end_1": 1770571856.879887,
    "time_total_1": 0.14780426025390625,
    "time_start_2": 4154850.860537791,
    "time_end_2": 4154851.008341416,
    "time_total_2": 0.14780362462624907,
    "time_start_3": 4154850860537875,
    "time_end_3": 4154851008341833,
    "time_total_3": 0.147803958
}