{
    "function_method_name": "extract_images_from_pdf_to_files",
    "time_start_1": 1770513120.26955,
    "time_end_1": 1770513120.410822,
    "time_total_1": 0.14127182960510254,
    "time_start_2": 4096114.384874625,
    "time_end_2": 4096114.526146541,
    "time_total_2": 0.1412719157524407,
    "time_start_3": 4096114384874708,
    "time_end_3": 4096114526146666,
    "time_total_3": 0.141271958
}