{
    "function_method_name": "extract_images_from_pdf_to_files",
    "time_start_1": 1770303389.3330429,
    "time_end_1": 1770303389.47559,
    "time_total_1": 0.1425471305847168,
    "time_start_2": 3902821.775771875,
    "time_end_2": 3902821.918318708,
    "time_total_2": 0.1425468330271542,
    "time_start_3": 3902821775771958,
    "time_end_3": 3902821918318875,
    "time_total_3": 0.142546917
}