{
    "function_method_name": "extract_images_from_pdf_to_files",
    "time_start_1": 1770570874.971319,
    "time_end_1": 1770570875.114486,
    "time_total_1": 0.14316701889038086,
    "time_start_2": 4153869.099695208,
    "time_end_2": 4153869.2428635,
    "time_total_2": 0.14316829200834036,
    "time_start_3": 4153869099695250,
    "time_end_3": 4153869242863750,
    "time_total_3": 0.1431685
}