{
    "function_method_name": "extract_images_from_pdf_to_files",
    "time_start_1": 1770515235.773616,
    "time_end_1": 1770515235.914082,
    "time_total_1": 0.14046597480773926,
    "time_start_2": 4098229.883867916,
    "time_end_2": 4098230.024334166,
    "time_total_2": 0.14046625001356006,
    "time_start_3": 4098229883867958,
    "time_end_3": 4098230024334625,
    "time_total_3": 0.140466667
}