{
    "function_method_name": "extract_images_from_pdf_to_files",
    "time_start_1": 1770571442.6630552,
    "time_end_1": 1770571442.804514,
    "time_total_1": 0.14145874977111816,
    "time_start_2": 4154436.792401791,
    "time_end_2": 4154436.933860208,
    "time_total_2": 0.14145841682329774,
    "time_start_3": 4154436792401916,
    "time_end_3": 4154436933860416,
    "time_total_3": 0.1414585
}