{
    "function_method_name": "extract_images_from_pdf_to_files",
    "time_start_1": 1770571791.279943,
    "time_end_1": 1770571791.422356,
    "time_total_1": 0.14241290092468262,
    "time_start_2": 4154785.408538625,
    "time_end_2": 4154785.550951583,
    "time_total_2": 0.14241295773535967,
    "time_start_3": 4154785408538708,
    "time_end_3": 4154785550951833,
    "time_total_3": 0.142413125
}