{
    "function_method_name": "extract_images_from_pdf_to_files",
    "time_start_1": 1770514444.9783092,
    "time_end_1": 1770514445.1201549,
    "time_total_1": 0.141845703125,
    "time_start_2": 4097439.090662416,
    "time_end_2": 4097439.23250975,
    "time_total_2": 0.14184733387082815,
    "time_start_3": 4097439090662458,
    "time_end_3": 4097439232510000,
    "time_total_3": 0.141847542
}