{
    "function_method_name": "extract_images_from_pdf_to_files",
    "time_start_1": 1770569694.9649248,
    "time_end_1": 1770569695.106936,
    "time_total_1": 0.14201116561889648,
    "time_start_2": 4152689.096331833,
    "time_end_2": 4152689.238342333,
    "time_total_2": 0.14201050018891692,
    "time_start_3": 4152689096331916,
    "time_end_3": 4152689238342666,
    "time_total_3": 0.14201075
}