{
    "function_method_name": "extract_images_from_pdf_to_files",
    "time_start_1": 1771004674.152523,
    "time_end_1": 1771004674.2514591,
    "time_total_1": 0.09893608093261719,
    "time_start_2": 31027.665824666,
    "time_end_2": 31027.764760791,
    "time_total_2": 0.09893612499945448,
    "time_start_3": 31027665824750,
    "time_end_3": 31027764760958,
    "time_total_3": 0.098936208
}