{
    "function_method_name": "extract_images_from_pdf_to_files",
    "time_start_1": 1770567529.2666519,
    "time_end_1": 1770567529.40945,
    "time_total_1": 0.14279818534851074,
    "time_start_2": 4150523.405181291,
    "time_end_2": 4150523.547979666,
    "time_total_2": 0.14279837487265468,
    "time_start_3": 4150523405181333,
    "time_end_3": 4150523547979750,
    "time_total_3": 0.142798417
}