{
    "function_method_name": "extract_images_from_pdf_to_files",
    "time_start_1": 1770301938.9457521,
    "time_end_1": 1770301939.088458,
    "time_total_1": 0.14270591735839844,
    "time_start_2": 3901371.388267208,
    "time_end_2": 3901371.530974125,
    "time_total_2": 0.1427069171331823,
    "time_start_3": 3901371388267250,
    "time_end_3": 3901371530974250,
    "time_total_3": 0.142707
}