{
    "function_method_name": "extract_images_from_pdf_to_files",
    "time_start_1": 1770571115.243952,
    "time_end_1": 1770571115.387137,
    "time_total_1": 0.14318490028381348,
    "time_start_2": 4154109.374018583,
    "time_end_2": 4154109.5172035,
    "time_total_2": 0.14318491704761982,
    "time_start_3": 4154109374018625,
    "time_end_3": 4154109517203708,
    "time_total_3": 0.143185083
}