{
    "function_method_name": "extract_images_from_pdf_to_files",
    "time_start_1": 1770568776.394911,
    "time_end_1": 1770568776.5372941,
    "time_total_1": 0.14238309860229492,
    "time_start_2": 4151770.530233708,
    "time_end_2": 4151770.672617125,
    "time_total_2": 0.14238341664895415,
    "time_start_3": 4151770530233750,
    "time_end_3": 4151770672617500,
    "time_total_3": 0.14238375
}