{
    "function_method_name": "extract_images_from_pdf_to_files",
    "time_start_1": 1770303820.9837592,
    "time_end_1": 1770303821.1263812,
    "time_total_1": 0.1426219940185547,
    "time_start_2": 3903253.426867416,
    "time_end_2": 3903253.569489041,
    "time_total_2": 0.14262162474915385,
    "time_start_3": 3903253426867458,
    "time_end_3": 3903253569489833,
    "time_total_3": 0.142622375
}