{
    "function_method_name": "extract_images_from_pdf_to_files",
    "time_start_1": 1770301874.517567,
    "time_end_1": 1770301874.658817,
    "time_total_1": 0.1412501335144043,
    "time_start_2": 3901306.960072416,
    "time_end_2": 3901307.101321958,
    "time_total_2": 0.14124954212456942,
    "time_start_3": 3901306960072500,
    "time_end_3": 3901307101322291,
    "time_total_3": 0.141249791
}