{
    "function_method_name": "extract_images_from_pdf_to_files",
    "time_start_1": 1770568645.686722,
    "time_end_1": 1770568645.829932,
    "time_total_1": 0.14320993423461914,
    "time_start_2": 4151639.822344041,
    "time_end_2": 4151639.965554041,
    "time_total_2": 0.14320999989286065,
    "time_start_3": 4151639822344083,
    "time_end_3": 4151639965554500,
    "time_total_3": 0.143210417
}