{
    "function_method_name": "extract_images_from_pdf_to_files",
    "time_start_1": 1770514060.234331,
    "time_end_1": 1770514060.3758788,
    "time_total_1": 0.14154791831970215,
    "time_start_2": 4097054.347686291,
    "time_end_2": 4097054.489235041,
    "time_total_2": 0.14154874999076128,
    "time_start_3": 4097054347686333,
    "time_end_3": 4097054489235291,
    "time_total_3": 0.141548958
}