{
    "function_method_name": "extract_images_from_pdf_to_files",
    "time_start_1": 1770511581.723042,
    "time_end_1": 1770511581.865752,
    "time_total_1": 0.14270997047424316,
    "time_start_2": 4094575.842609958,
    "time_end_2": 4094575.985321625,
    "time_total_2": 0.1427116673439741,
    "time_start_3": 4094575842610000,
    "time_end_3": 4094575985322208,
    "time_total_3": 0.142712208
}