{
    "function_method_name": "extract_images_from_pdf_to_files",
    "time_start_1": 1770305919.8522189,
    "time_end_1": 1770305919.9951282,
    "time_total_1": 0.14290928840637207,
    "time_start_2": 3905352.29586325,
    "time_end_2": 3905352.43877325,
    "time_total_2": 0.14291000040248036,
    "time_start_3": 3905352295863333,
    "time_end_3": 3905352438773500,
    "time_total_3": 0.142910167
}