{
    "function_method_name": "extract_images_from_pdf_to_files",
    "time_start_1": 1771755118.324523,
    "time_end_1": 1771755118.4212139,
    "time_total_1": 0.09669089317321777,
    "time_start_2": 211590.208940291,
    "time_end_2": 211590.305631583,
    "time_total_2": 0.09669129201211035,
    "time_start_3": 211590208940333,
    "time_end_3": 211590305631750,
    "time_total_3": 0.096691417
}