{
    "function_method_name": "extract_images_from_pdf_to_files",
    "time_start_1": 1770301831.370039,
    "time_end_1": 1770301831.5127501,
    "time_total_1": 0.14271116256713867,
    "time_start_2": 3901263.812536625,
    "time_end_2": 3901263.955249375,
    "time_total_2": 0.1427127500064671,
    "time_start_3": 3901263812536708,
    "time_end_3": 3901263955249666,
    "time_total_3": 0.142712958
}