{
    "function_method_name": "extract_images_from_pdf_to_files",
    "time_start_1": 1770302025.6455958,
    "time_end_1": 1770302025.787762,
    "time_total_1": 0.1421661376953125,
    "time_start_2": 3901458.088125416,
    "time_end_2": 3901458.230292916,
    "time_total_2": 0.14216749975457788,
    "time_start_3": 3901458088125500,
    "time_end_3": 3901458230293125,
    "time_total_3": 0.142167625
}