{
    "function_method_name": "extract_images_from_pdf_to_files",
    "time_start_1": 1771004983.282885,
    "time_end_1": 1771004983.425131,
    "time_total_1": 0.14224600791931152,
    "time_start_2": 31336.795706583,
    "time_end_2": 31336.937952375,
    "time_total_2": 0.14224579199799336,
    "time_start_3": 31336795706750,
    "time_end_3": 31336937952666,
    "time_total_3": 0.142245916
}