{
    "function_method_name": "extract_images_from_pdf_to_files",
    "time_start_1": 1770306394.36924,
    "time_end_1": 1770306394.5099971,
    "time_total_1": 0.14075708389282227,
    "time_start_2": 3905826.812727291,
    "time_end_2": 3905826.953484666,
    "time_total_2": 0.14075737493112683,
    "time_start_3": 3905826812727375,
    "time_end_3": 3905826953485000,
    "time_total_3": 0.140757625
}