{
    "function_method_name": "extract_images_from_pdf_to_files",
    "time_start_1": 1770306437.6200461,
    "time_end_1": 1770306437.7619221,
    "time_total_1": 0.1418759822845459,
    "time_start_2": 3905870.063539333,
    "time_end_2": 3905870.20541625,
    "time_total_2": 0.14187691686674953,
    "time_start_3": 3905870063539375,
    "time_end_3": 3905870205416333,
    "time_total_3": 0.141876958
}