{
    "function_method_name": "extract_images_from_pdf_to_files",
    "time_start_1": 1770569127.079436,
    "time_end_1": 1770569127.221837,
    "time_total_1": 0.14240097999572754,
    "time_start_2": 4152121.213969541,
    "time_end_2": 4152121.356370708,
    "time_total_2": 0.14240116719156504,
    "time_start_3": 4152121213969583,
    "time_end_3": 4152121356370916,
    "time_total_3": 0.142401333
}