{
    "function_method_name": "extract_images_from_pdf_to_files",
    "time_start_1": 1770512457.750616,
    "time_end_1": 1770512457.8925729,
    "time_total_1": 0.14195680618286133,
    "time_start_2": 4095451.8678055,
    "time_end_2": 4095452.009762791,
    "time_total_2": 0.14195729093626142,
    "time_start_3": 4095451867805541,
    "time_end_3": 4095452009763041,
    "time_total_3": 0.1419575
}