{
    "function_method_name": "extract_images_from_pdf_to_files",
    "time_start_1": 1770304403.152263,
    "time_end_1": 1770304403.294902,
    "time_total_1": 0.14263916015625,
    "time_start_2": 3903835.595544583,
    "time_end_2": 3903835.738183708,
    "time_total_2": 0.14263912476599216,
    "time_start_3": 3903835595544666,
    "time_end_3": 3903835738183833,
    "time_total_3": 0.142639167
}