{
    "function_method_name": "extract_images_from_pdf_to_files",
    "time_start_1": 1770571944.237014,
    "time_end_1": 1770571944.3778539,
    "time_total_1": 0.1408398151397705,
    "time_start_2": 4154938.365279916,
    "time_end_2": 4154938.506120875,
    "time_total_2": 0.14084095880389214,
    "time_start_3": 4154938365279958,
    "time_end_3": 4154938506121250,
    "time_total_3": 0.140841292
}