{
    "function_method_name": "extract_text_to_file_from_any_document",
    "time_start_1": 1771444465.290601,
    "time_end_1": 1771444465.321464,
    "time_total_1": 0.030863046646118164,
    "time_start_2": 434473.795085166,
    "time_end_2": 434473.825948583,
    "time_total_2": 0.030863417021464556,
    "time_start_3": 434473795085250,
    "time_end_3": 434473825948666,
    "time_total_3": 0.030863416
}