{
    "function_method_name": "extract_text_to_file_from_any_document",
    "time_start_1": 1771446917.189845,
    "time_end_1": 1771446917.223041,
    "time_total_1": 0.03319597244262695,
    "time_start_2": 436925.696065875,
    "time_end_2": 436925.729262541,
    "time_total_2": 0.03319666598690674,
    "time_start_3": 436925696065916,
    "time_end_3": 436925729262666,
    "time_total_3": 0.03319675
}