{
    "function_method_name": "extract_text_to_file_from_any_document",
    "time_start_1": 1765466674.6236851,
    "time_end_1": 1765466675.085547,
    "time_total_1": 0.46186184883117676,
    "time_start_2": 2375697.403062583,
    "time_end_2": 2375697.864925,
    "time_total_2": 0.4618624169379473,
    "time_start_3": 2375697403062625,
    "time_end_3": 2375697864925250,
    "time_total_3": 0.461862625
}