{
    "function_method_name": "extract_text_to_file_from_any_document",
    "time_start_1": 1770475295.299855,
    "time_end_1": 1770475295.375555,
    "time_total_1": 0.07570004463195801,
    "time_start_2": 4058289.483969625,
    "time_end_2": 4058289.559670208,
    "time_total_2": 0.07570058293640614,
    "time_start_3": 4058289483969750,
    "time_end_3": 4058289559670500,
    "time_total_3": 0.07570075
}