{
    "function_method_name": "extract_text_to_file_from_any_document",
    "time_start_1": 1772664587.192331,
    "time_end_1": 1772664778.631833,
    "time_total_1": 191.43950200080872,
    "time_start_2": 852317.576832958,
    "time_end_2": 852509.016560333,
    "time_total_2": 191.4397273749346,
    "time_start_3": 852317576833166,
    "time_end_3": 852509016560416,
    "time_total_3": 191.43972725
}