{
    "function_method_name": "extract_tables_to_files_from_pdf_document",
    "time_start_1": 1765392498.69584,
    "time_end_1": 1765392512.59308,
    "time_total_1": 13.897240161895752,
    "time_start_2": 2301521.406036291,
    "time_end_2": 2301535.303289541,
    "time_total_2": 13.897253250237554,
    "time_start_3": 2301521406036375,
    "time_end_3": 2301535303289666,
    "time_total_3": 13.897253291
}