{
  "function_method_name": "extract_text_to_file_from_any_document",
  "num_pages": 0,
  "time_start_1": 1773174269.539448,
  "time_end_1": 1773174269.930186,
  "time_total_1": 0.39073801040649414,
  "pages_per_second_1": 0.0,
  "time_start_2": 1315260.518624958,
  "time_end_2": 1315260.909367291,
  "time_total_2": 0.3907423331402242,
  "pages_per_second_2": 0.0,
  "time_start_3": 1315260518625000,
  "time_end_3": 1315260909367625,
  "time_total_3": 0.390742625,
  "pages_per_second_3": 0.0
}