{
    "function_method_name": "extract_text_to_file_from_any_document",
    "time_start_1": 1763899021.559742,
    "time_end_1": 1763899022.905854,
    "time_total_1": 1.3461120128631592,
    "time_start_2": 834503.054220125,
    "time_end_2": 834504.40032475,
    "time_total_2": 1.3461046250304207,
    "time_start_3": 834503054220166,
    "time_end_3": 834504400324958,
    "time_total_3": 1.346104792
}