{
    "function_method_name": "extract_text_to_file_from_any_document",
    "time_start_1": 1763124008.869826,
    "time_end_1": 1763124010.781098,
    "time_total_1": 1.9112718105316162,
    "time_start_2": 90219.339907666,
    "time_end_2": 90221.251183416,
    "time_total_2": 1.911275749997003,
    "time_start_3": 90219339907750,
    "time_end_3": 90221251183625,
    "time_total_3": 1.911275875
}