{
    "function_method_name": "extract_text_to_file_from_any_document",
    "time_start_1": 1763899327.886552,
    "time_end_1": 1763899329.227416,
    "time_total_1": 1.3408639430999756,
    "time_start_2": 834809.379123416,
    "time_end_2": 834810.719979291,
    "time_total_2": 1.3408558749360964,
    "time_start_3": 834809379123458,
    "time_end_3": 834810719979458,
    "time_total_3": 1.340856
}