{
    "function_method_name": "extract_text_to_file_from_any_document",
    "time_start_1": 1772016278.61108,
    "time_end_1": 1772016279.069303,
    "time_total_1": 0.4582231044769287,
    "time_start_2": 225181.015159666,
    "time_end_2": 225181.473383291,
    "time_total_2": 0.45822362499893643,
    "time_start_3": 225181015159750,
    "time_end_3": 225181473383625,
    "time_total_3": 0.458223875
}