{
    "function_method_name": "extract_tables_to_files_from_pdf_document",
    "time_start_1": 1769626858.420008,
    "time_end_1": 1769626858.830948,
    "time_total_1": 0.41094017028808594,
    "time_start_2": 3226290.351463041,
    "time_end_2": 3226290.762402791,
    "time_total_2": 0.4109397502616048,
    "time_start_3": 3226290351463166,
    "time_end_3": 3226290762402958,
    "time_total_3": 0.410939792
}