{
    "function_method_name": "extract_tables_to_files_from_pdf_document",
    "time_start_1": 1769338220.432682,
    "time_end_1": 1769338220.84664,
    "time_total_1": 0.4139580726623535,
    "time_start_2": 2942449.402060416,
    "time_end_2": 2942449.816018958,
    "time_total_2": 0.4139585420489311,
    "time_start_3": 2942449402060458,
    "time_end_3": 2942449816019041,
    "time_total_3": 0.413958583
}