{
    "function_method_name": "extract_tables_to_files_from_pdf_document",
    "time_start_1": 1769619920.451612,
    "time_end_1": 1769619920.8656662,
    "time_total_1": 0.41405415534973145,
    "time_start_2": 3219352.405286416,
    "time_end_2": 3219352.819338708,
    "time_total_2": 0.4140522922389209,
    "time_start_3": 3219352405286541,
    "time_end_3": 3219352819338833,
    "time_total_3": 0.414052292
}