{
    "function_method_name": "extract_tables_to_files_from_pdf_document",
    "time_start_1": 1769605698.4041002,
    "time_end_1": 1769605698.836171,
    "time_total_1": 0.4320707321166992,
    "time_start_2": 3205130.409711958,
    "time_end_2": 3205130.841782333,
    "time_total_2": 0.43207037495449185,
    "time_start_3": 3205130409712000,
    "time_end_3": 3205130841782500,
    "time_total_3": 0.4320705
}