{
    "function_method_name": "extract_tables_to_files_from_pdf_document",
    "time_start_1": 1769608113.786477,
    "time_end_1": 1769608114.197132,
    "time_total_1": 0.41065502166748047,
    "time_start_2": 3207545.784383375,
    "time_end_2": 3207546.195037875,
    "time_total_2": 0.4106544996611774,
    "time_start_3": 3207545784383458,
    "time_end_3": 3207546195037958,
    "time_total_3": 0.4106545
}