{
    "function_method_name": "extract_text_to_file_from_any_document",
    "time_start_1": 1763217514.743247,
    "time_end_1": 1763217518.048237,
    "time_total_1": 3.30499005317688,
    "time_start_2": 183724.956104958,
    "time_end_2": 183728.261076875,
    "time_total_2": 3.3049719170085154,
    "time_start_3": 183724956105000,
    "time_end_3": 183728261077083,
    "time_total_3": 3.304972083
}