{
    "function_method_name": "extract_text_to_file_from_any_document",
    "time_start_1": 1765462080.9309828,
    "time_end_1": 1765462084.275435,
    "time_total_1": 3.344452142715454,
    "time_start_2": 2371103.715382041,
    "time_end_2": 2371107.059827666,
    "time_total_2": 3.3444456248544157,
    "time_start_3": 2371103715382083,
    "time_end_3": 2371107059827750,
    "time_total_3": 3.344445667
}