{
    "function_method_name": "extract_text_to_file_from_any_document",
    "time_start_1": 1763111450.1358662,
    "time_end_1": 1763111453.4592059,
    "time_total_1": 3.3233397006988525,
    "time_start_2": 77660.633611333,
    "time_end_2": 77663.956952125,
    "time_total_2": 3.3233407919906313,
    "time_start_3": 77660633611375,
    "time_end_3": 77663956952291,
    "time_total_3": 3.323340916
}