{
    "function_method_name": "extract_text_to_file_from_any_document",
    "time_start_1": 1763184075.670144,
    "time_end_1": 1763184078.9934561,
    "time_total_1": 3.3233120441436768,
    "time_start_2": 150285.930113208,
    "time_end_2": 150289.253373125,
    "time_total_2": 3.3232599169714376,
    "time_start_3": 150285930113250,
    "time_end_3": 150289253373333,
    "time_total_3": 3.323260083
}