{
    "function_method_name": "extract_text_to_file_from_any_document",
    "time_start_1": 1763898680.535103,
    "time_end_1": 1763898683.060874,
    "time_total_1": 2.525770902633667,
    "time_start_2": 834162.053665416,
    "time_end_2": 834164.579434375,
    "time_total_2": 2.525768959079869,
    "time_start_3": 834162053665541,
    "time_end_3": 834164579434583,
    "time_total_3": 2.525769042
}