{
    "function_method_name": "extract_text_to_file_from_any_document",
    "time_start_1": 1763215045.47915,
    "time_end_1": 1763215048.767034,
    "time_total_1": 3.287883996963501,
    "time_start_2": 181255.719535833,
    "time_end_2": 181259.007415541,
    "time_total_2": 3.287879708019318,
    "time_start_3": 181255719535875,
    "time_end_3": 181259007415708,
    "time_total_3": 3.287879833
}