{
    "function_method_name": "extract_text_to_file_from_any_document",
    "time_start_1": 1763224507.948964,
    "time_end_1": 1763224510.304257,
    "time_total_1": 2.355292797088623,
    "time_start_2": 190718.171588916,
    "time_end_2": 190720.526890875,
    "time_total_2": 2.355301958974451,
    "time_start_3": 190718171588916,
    "time_end_3": 190720526891166,
    "time_total_3": 2.35530225
}