{
    "function_method_name": "extract_text_to_file_from_any_document",
    "time_start_1": 1763159061.0490172,
    "time_end_1": 1763159064.350546,
    "time_total_1": 3.3015286922454834,
    "time_start_2": 125271.451142166,
    "time_end_2": 125274.75267225,
    "time_total_2": 3.3015300840052078,
    "time_start_3": 125271451142291,
    "time_end_3": 125274752672458,
    "time_total_3": 3.301530167
}