{
    "function_method_name": "extract_text_to_file_from_any_document",
    "time_start_1": 1763077657.232865,
    "time_end_1": 1763077660.5692968,
    "time_total_1": 3.3364317417144775,
    "time_start_2": 43867.733403458,
    "time_end_2": 43871.069826625,
    "time_total_2": 3.3364231669984292,
    "time_start_3": 43867733403541,
    "time_end_3": 43871069826833,
    "time_total_3": 3.336423292
}