{
    "function_method_name": "extract_tables_to_files_from_pdf_document",
    "time_start_1": 1765491263.7498088,
    "time_end_1": 1765491281.413331,
    "time_total_1": 17.663522243499756,
    "time_start_2": 2400286.449835291,
    "time_end_2": 2400304.113417041,
    "time_total_2": 17.66358174989,
    "time_start_3": 2400286449835375,
    "time_end_3": 2400304113417166,
    "time_total_3": 17.663581791
}