{
    "function_method_name": "extract_text_to_file_from_any_document",
    "time_start_1": 1772631480.2661061,
    "time_end_1": 1772631480.266268,
    "time_total_1": 0.00016188621520996094,
    "time_start_2": 819210.678380916,
    "time_end_2": 819210.678543291,
    "time_total_2": 0.00016237504314631224,
    "time_start_3": 819210678380958,
    "time_end_3": 819210678543333,
    "time_total_3": 0.000162375
}