{
    "function_method_name": "extract_text_to_file_from_any_document",
    "time_start_1": 1763092689.929854,
    "time_end_1": 1763092698.723938,
    "time_total_1": 8.794084072113037,
    "time_start_2": 58900.497355458,
    "time_end_2": 58909.291450166,
    "time_total_2": 8.794094707998738,
    "time_start_3": 58900497355500,
    "time_end_3": 58909291450416,
    "time_total_3": 8.794094916
}