{
    "function_method_name": "extract_text_to_file_from_any_document",
    "time_start_1": 1763101398.678421,
    "time_end_1": 1763101407.4329758,
    "time_total_1": 8.754554748535156,
    "time_start_2": 67609.21496475,
    "time_end_2": 67617.969520958,
    "time_total_2": 8.75455620799039,
    "time_start_3": 67609214964833,
    "time_end_3": 67617969521291,
    "time_total_3": 8.754556458
}