{
    "function_method_name": "extract_text_to_file_from_any_document",
    "time_start_1": 1763072638.22613,
    "time_end_1": 1763072646.985043,
    "time_total_1": 8.758913040161133,
    "time_start_2": 38848.731197666,
    "time_end_2": 38857.490039125,
    "time_total_2": 8.758841458999086,
    "time_start_3": 38848731197750,
    "time_end_3": 38857490039333,
    "time_total_3": 8.758841583
}