{
    "function_method_name": "extract_text_to_file_from_any_document",
    "time_start_1": 1763062599.0508301,
    "time_end_1": 1763062607.883469,
    "time_total_1": 8.83263897895813,
    "time_start_2": 28809.613601958,
    "time_end_2": 28818.446202125,
    "time_total_2": 8.832600166999327,
    "time_start_3": 28809613602000,
    "time_end_3": 28818446202333,
    "time_total_3": 8.832600333
}