{
    "function_method_name": "extract_text_to_file_from_any_document",
    "time_start_1": 1763075190.756025,
    "time_end_1": 1763075199.5651,
    "time_total_1": 8.809074878692627,
    "time_start_2": 41401.256350625,
    "time_end_2": 41410.06537975,
    "time_total_2": 8.809029124997323,
    "time_start_3": 41401256350666,
    "time_end_3": 41410065380083,
    "time_total_3": 8.809029417
}