{
    "function_method_name": "extract_tables_to_files_from_pdf_document",
    "time_start_1": 1769610976.8628922,
    "time_end_1": 1769610996.797815,
    "time_total_1": 19.93492293357849,
    "time_start_2": 3210408.849447458,
    "time_end_2": 3210428.7843125,
    "time_total_2": 19.934865042101592,
    "time_start_3": 3210408849447541,
    "time_end_3": 3210428784312833,
    "time_total_3": 19.934865292
}