{
    "function_method_name": "extract_tables_to_files_from_pdf_document",
    "time_start_1": 1769685562.86768,
    "time_end_1": 1769685582.97821,
    "time_total_1": 20.110529899597168,
    "time_start_2": 3284994.846070166,
    "time_end_2": 3285014.956610416,
    "time_total_2": 20.1105402498506,
    "time_start_3": 3284994846070208,
    "time_end_3": 3285014956610666,
    "time_total_3": 20.110540458
}