{
    "function_method_name": "extract_tables_to_files_from_pdf_document",
    "time_start_1": 1769627691.387021,
    "time_end_1": 1769627711.421076,
    "time_total_1": 20.03405499458313,
    "time_start_2": 3227123.315376375,
    "time_end_2": 3227143.349356375,
    "time_total_2": 20.03398000029847,
    "time_start_3": 3227123315376458,
    "time_end_3": 3227143349356583,
    "time_total_3": 20.033980125
}