{
    "function_method_name": "extract_tables_to_files_from_pdf_document",
    "time_start_1": 1769629649.444746,
    "time_end_1": 1769629669.409389,
    "time_total_1": 19.964643001556396,
    "time_start_2": 3229081.360582208,
    "time_end_2": 3229101.325133583,
    "time_total_2": 19.964551375247538,
    "time_start_3": 3229081360582250,
    "time_end_3": 3229101325133833,
    "time_total_3": 19.964551583
}