{
    "function_method_name": "extract_text_to_file_from_any_document",
    "time_start_1": 1771882021.2887738,
    "time_end_1": 1771882021.3387148,
    "time_total_1": 0.049941062927246094,
    "time_start_2": 90923.708590125,
    "time_end_2": 90923.758530875,
    "time_total_2": 0.04994075000286102,
    "time_start_3": 90923708590208,
    "time_end_3": 90923758530958,
    "time_total_3": 0.04994075
}