{
    "function_method_name": "extract_text_to_file_from_any_document",
    "time_start_1": 1772789342.249289,
    "time_end_1": 1772789342.4090629,
    "time_total_1": 0.1597738265991211,
    "time_start_2": 963312.206399208,
    "time_end_2": 963312.36617325,
    "time_total_2": 0.15977404196746647,
    "time_start_3": 963312206399416,
    "time_end_3": 963312366173500,
    "time_total_3": 0.159774084
}