{
    "function_method_name": "extract_text_to_file_from_any_document",
    "time_start_1": 1772789305.943902,
    "time_end_1": 1772789306.086105,
    "time_total_1": 0.14220309257507324,
    "time_start_2": 963275.90099675,
    "time_end_2": 963276.043199708,
    "time_total_2": 0.1422029579989612,
    "time_start_3": 963275900997000,
    "time_end_3": 963276043199958,
    "time_total_3": 0.142202958
}