{
    "function_method_name": "extract_text_to_file_from_any_document",
    "time_start_1": 1769718057.88765,
    "time_end_1": 1769718059.2729542,
    "time_total_1": 1.3853042125701904,
    "time_start_2": 3317489.769134875,
    "time_end_2": 3317491.154437416,
    "time_total_2": 1.385302540846169,
    "time_start_3": 3317489769135000,
    "time_end_3": 3317491154437541,
    "time_total_3": 1.385302541
}