{
    "function_method_name": "extract_text_to_file_from_any_document",
    "time_start_1": 1771570481.584485,
    "time_end_1": 1771570482.794057,
    "time_total_1": 1.2095718383789062,
    "time_start_2": 37541.269902125,
    "time_end_2": 37542.47947575,
    "time_total_2": 1.2095736249975744,
    "time_start_3": 37541269902166,
    "time_end_3": 37542479475833,
    "time_total_3": 1.209573667
}