{
    "function_method_name": "extract_text_to_file_from_any_document",
    "time_start_1": 1771572977.6646569,
    "time_end_1": 1771572978.797317,
    "time_total_1": 1.132660150527954,
    "time_start_2": 40037.321479708,
    "time_end_2": 40038.454135666,
    "time_total_2": 1.1326559579974855,
    "time_start_3": 40037321479791,
    "time_end_3": 40038454138291,
    "time_total_3": 1.1326585
}