{
    "function_method_name": "extract_markdown_to_file_from_any_document",
    "num_pages": 70,
    "time_start_1": 1763186371.694301,
    "time_end_1": 1763186393.2610261,
    "time_total_1": 21.566725254058838,
    "pages_per_second_1": 3.2457407963142697,
    "time_start_2": 152581.974151583,
    "time_end_2": 152603.540731916,
    "time_total_2": 21.56658033299027,
    "pages_per_second_2": 3.2457626067365632,
    "time_start_3": 152581974151750,
    "time_end_3": 152603540732041,
    "time_total_3": 21.566580291,
    "pages_per_second_3": 3.2457626130560837
}