{
    "function_method_name": "extract_markdown_to_file_from_any_document_complex",
    "num_pages": 70,
    "time_start_1": 1763183888.3508759,
    "time_end_1": 1763183909.6011012,
    "time_total_1": 21.25022530555725,
    "pages_per_second_1": 3.2940827211697354,
    "time_start_2": 150098.613797375,
    "time_end_2": 150119.863687791,
    "time_total_2": 21.249890415987466,
    "pages_per_second_2": 3.294134634564286,
    "time_start_3": 150098613797500,
    "time_end_3": 150119863688000,
    "time_total_3": 21.2498905,
    "pages_per_second_3": 3.294134621540756
}