{
    "function_method_name": "extract_text_to_file_from_any_document",
    "time_start_1": 1763188893.075603,
    "time_end_1": 1763188915.057098,
    "time_total_1": 21.981494903564453,
    "time_start_2": 155103.414221541,
    "time_end_2": 155125.395809458,
    "time_total_2": 21.981587916990975,
    "time_start_3": 155103414221666,
    "time_end_3": 155125395809541,
    "time_total_3": 21.981587875
}