{
    "function_method_name": "extract_markdown_to_file_from_any_document",
    "num_pages": 70,
    "time_start_1": 1763214831.147252,
    "time_end_1": 1763214853.4925508,
    "time_total_1": 22.345298767089844,
    "pages_per_second_1": 3.1326499918227095,
    "time_start_2": 181041.387977041,
    "time_end_2": 181063.733242041,
    "time_total_2": 22.345264999981737,
    "pages_per_second_2": 3.1326547257352826,
    "time_start_3": 181041387977166,
    "time_end_3": 181063733242125,
    "time_total_3": 22.345264959,
    "pages_per_second_3": 3.132654731480644
}