{
    "function_method_name": "extract_markdown_to_file_from_any_document_complex",
    "num_pages": 70,
    "time_start_1": 1763156377.735135,
    "time_end_1": 1763156399.248194,
    "time_total_1": 21.51305890083313,
    "pages_per_second_1": 3.25383760267068,
    "time_start_2": 122588.129874291,
    "time_end_2": 122609.643792625,
    "time_total_2": 21.51391833399248,
    "pages_per_second_2": 3.2537076190996976,
    "time_start_3": 122588129874416,
    "time_end_3": 122609643792750,
    "time_total_3": 21.513918334,
    "pages_per_second_3": 3.2537076190985603
}