{
    "function_method_name": "extract_text_to_file_from_any_document",
    "time_start_1": 1763227995.578306,
    "time_end_1": 1763228011.6610692,
    "time_total_1": 16.082763195037842,
    "time_start_2": 194205.791926083,
    "time_end_2": 194221.874673916,
    "time_total_2": 16.08274783298839,
    "time_start_3": 194205791926208,
    "time_end_3": 194221874674125,
    "time_total_3": 16.082747917
}