{
    "function_method_name": "extract_text_to_file_from_any_document",
    "time_start_1": 1763131234.8666508,
    "time_end_1": 1763131256.624219,
    "time_total_1": 21.75756812095642,
    "time_start_2": 97445.276486791,
    "time_end_2": 97467.034001125,
    "time_total_2": 21.75751433399273,
    "time_start_3": 97445276486875,
    "time_end_3": 97467034001208,
    "time_total_3": 21.757514333
}