{
    "function_method_name": "extract_markdown_to_file_from_any_document",
    "num_pages": 70,
    "time_start_1": 1763210592.2117891,
    "time_end_1": 1763210608.543021,
    "time_total_1": 16.331231832504272,
    "pages_per_second_1": 4.286265770881903,
    "time_start_2": 176802.439711375,
    "time_end_2": 176818.77077225,
    "time_total_2": 16.33106087500346,
    "pages_per_second_2": 4.286310640550177,
    "time_start_3": 176802439711500,
    "time_end_3": 176818770772333,
    "time_total_3": 16.331060833,
    "pages_per_second_3": 4.28631065157456
}