{
    "function_method_name": "extract_text_to_file_from_any_document",
    "time_start_1": 1763210576.037272,
    "time_end_1": 1763210592.205955,
    "time_total_1": 16.16868305206299,
    "time_start_2": 176786.265363833,
    "time_end_2": 176802.433877625,
    "time_total_2": 16.168513792013982,
    "time_start_3": 176786265363875,
    "time_end_3": 176802433877666,
    "time_total_3": 16.168513791
}