{
    "function_method_name": "extract_text_to_file_from_any_document",
    "time_start_1": 1763087446.257349,
    "time_end_1": 1763087468.554272,
    "time_total_1": 22.2969229221344,
    "time_start_2": 53656.845780791,
    "time_end_2": 53679.142774166,
    "time_total_2": 22.296993374999147,
    "time_start_3": 53656845780916,
    "time_end_3": 53679142774250,
    "time_total_3": 22.296993334
}