{
    "function_method_name": "extract_text_to_file_from_any_document",
    "time_start_1": 1763126260.9252071,
    "time_end_1": 1763126282.937226,
    "time_total_1": 22.01201891899109,
    "time_start_2": 92471.341419791,
    "time_end_2": 92493.353254291,
    "time_total_2": 22.01183449999371,
    "time_start_3": 92471341419916,
    "time_end_3": 92493353254333,
    "time_total_3": 22.011834417
}