{
    "function_method_name": "extract_tables_to_files_from_pdf_document",
    "time_start_1": 1765514567.758687,
    "time_end_1": 1765514575.0238569,
    "time_total_1": 7.265169858932495,
    "time_start_2": 2423590.4251645,
    "time_end_2": 2423597.690335958,
    "time_total_2": 7.265171458013356,
    "time_start_3": 2423590425164541,
    "time_end_3": 2423597690336208,
    "time_total_3": 7.265171667
}