{
    "function_method_name": "extract_tables_to_files_from_pdf_document",
    "time_start_1": 1765490475.85375,
    "time_end_1": 1765490482.464108,
    "time_total_1": 6.610357999801636,
    "time_start_2": 2399498.517529208,
    "time_end_2": 2399505.127855125,
    "time_total_2": 6.610325916670263,
    "time_start_3": 2399498517529291,
    "time_end_3": 2399505127855375,
    "time_total_3": 6.610326084
}