{
    "function_method_name": "extract_tables_to_files_from_pdf_document",
    "time_start_1": 1765489157.523984,
    "time_end_1": 1765489164.170922,
    "time_total_1": 6.64693808555603,
    "time_start_2": 2398180.194538833,
    "time_end_2": 2398186.841445083,
    "time_total_2": 6.646906249690801,
    "time_start_3": 2398180194538916,
    "time_end_3": 2398186841445291,
    "time_total_3": 6.646906375
}