{
    "function_method_name": "extract_text_to_file_from_pdf_document",
    "time_start_1": 1771406911.695014,
    "time_end_1": 1771407382.604985,
    "time_total_1": 470.90997099876404,
    "time_start_2": 413900.50490975,
    "time_end_2": 414371.41340325,
    "time_total_2": 470.90849349997006,
    "time_start_3": 413900504909958,
    "time_end_3": 414371413403500,
    "time_total_3": 470.908493542
}