{
  "function_method_name": "extract_text_to_file_from_any_document",
  "num_pages": 0,
  "time_start_1": 1773174278.16318,
  "time_end_1": 1773174278.19983,
  "time_total_1": 0.03664994239807129,
  "pages_per_second_1": 0.0,
  "time_start_2": 1315269.142346083,
  "time_end_2": 1315269.179004458,
  "time_total_2": 0.036658375058323145,
  "pages_per_second_2": 0.0,
  "time_start_3": 1315269142346166,
  "time_end_3": 1315269179004791,
  "time_total_3": 0.036658625,
  "pages_per_second_3": 0.0
}