{
    "function_method_name": "extract_images_from_pdf_to_files",
    "time_start_1": 1765462068.396234,
    "time_end_1": 1765462068.401813,
    "time_total_1": 0.0055789947509765625,
    "time_start_2": 2371091.180656416,
    "time_end_2": 2371091.18623775,
    "time_total_2": 0.005581334233283997,
    "time_start_3": 2371091180656500,
    "time_end_3": 2371091186237833,
    "time_total_3": 0.005581333
}