{
    "function_method_name": "extract_text_to_file_from_any_document",
    "time_start_1": 1771002317.402417,
    "time_end_1": 1771002317.406945,
    "time_total_1": 0.004528045654296875,
    "time_start_2": 28670.917417375,
    "time_end_2": 28670.921945625,
    "time_total_2": 0.004528249999566469,
    "time_start_3": 28670917417416,
    "time_end_3": 28670921945708,
    "time_total_3": 0.004528292
}