{
    "function_method_name": "extract_text_to_file_from_any_document",
    "time_start_1": 1772789435.934667,
    "time_end_1": 1772789436.465369,
    "time_total_1": 0.5307018756866455,
    "time_start_2": 963405.891814708,
    "time_end_2": 963406.422517666,
    "time_total_2": 0.5307029579998925,
    "time_start_3": 963405891815083,
    "time_end_3": 963406422517875,
    "time_total_3": 0.530702792
}