{
    "function_method_name": "extract_text_to_file_from_any_document",
    "time_start_1": 1771940664.1348429,
    "time_end_1": 1771940664.327069,
    "time_total_1": 0.19222617149353027,
    "time_start_2": 149566.503175375,
    "time_end_2": 149566.695401958,
    "time_total_2": 0.1922265829925891,
    "time_start_3": 149566503175375,
    "time_end_3": 149566695402125,
    "time_total_3": 0.19222675
}