{
    "function_method_name": "extract_text_to_file_from_any_document",
    "time_start_1": 1771447130.066414,
    "time_end_1": 1771447130.102298,
    "time_total_1": 0.03588390350341797,
    "time_start_2": 437138.572559375,
    "time_end_2": 437138.608443458,
    "time_total_2": 0.035884082957636565,
    "time_start_3": 437138572559458,
    "time_end_3": 437138608443708,
    "time_total_3": 0.03588425
}