{
  "function_method_name": "extract_text_to_file_from_any_document",
  "num_pages": 0,
  "time_start_1": 1773043596.8800771,
  "time_end_1": 1773043599.9347131,
  "time_total_1": 3.054636001586914,
  "pages_per_second_1": 0.0,
  "time_start_2": 1203249.296756208,
  "time_end_2": 1203252.351394333,
  "time_total_2": 3.054638125002384,
  "pages_per_second_2": 0.0,
  "time_start_3": 1203249296756291,
  "time_end_3": 1203252351394583,
  "time_total_3": 3.054638292,
  "pages_per_second_3": 0.0
}