{
    "function_method_name": "extract_tables_to_files_from_pdf_document",
    "time_start_1": 1769307498.128545,
    "time_end_1": 1769307507.5546932,
    "time_total_1": 9.426148176193237,
    "time_start_2": 2911727.177486125,
    "time_end_2": 2911736.603611416,
    "time_total_2": 9.426125291269273,
    "time_start_3": 2911727177486166,
    "time_end_3": 2911736603611666,
    "time_total_3": 9.4261255
}