{
    "function_method_name": "extract_tables_to_files_from_pdf_document",
    "time_start_1": 1769284052.793309,
    "time_end_1": 1769284060.189606,
    "time_total_1": 7.396296977996826,
    "time_start_2": 2888281.925131041,
    "time_end_2": 2888289.321413666,
    "time_total_2": 7.3962826249189675,
    "time_start_3": 2888281925131125,
    "time_end_3": 2888289321413916,
    "time_total_3": 7.396282791
}