{
    "function_method_name": "extract_tables_to_files_from_pdf_document",
    "time_start_1": 1769621485.156756,
    "time_end_1": 1769621494.174145,
    "time_total_1": 9.017389059066772,
    "time_start_2": 3220917.109310125,
    "time_end_2": 3220926.126791166,
    "time_total_2": 9.017481041140854,
    "time_start_3": 3220917109310250,
    "time_end_3": 3220926126791375,
    "time_total_3": 9.017481125
}