{
    "function_method_name": "extract_tables_to_files_from_pdf_document",
    "time_start_1": 1769631688.29704,
    "time_end_1": 1769631697.4937658,
    "time_total_1": 9.196725845336914,
    "time_start_2": 3231120.205240625,
    "time_end_2": 3231129.401928666,
    "time_total_2": 9.196688041090965,
    "time_start_3": 3231120205240666,
    "time_end_3": 3231129401928916,
    "time_total_3": 9.19668825
}