{
    "function_method_name": "extract_text_to_file_from_any_document",
    "time_start_1": 1770475701.006907,
    "time_end_1": 1770475701.0355132,
    "time_total_1": 0.028606176376342773,
    "time_start_2": 4058695.189792333,
    "time_end_2": 4058695.218399208,
    "time_total_2": 0.028606874868273735,
    "time_start_3": 4058695189792416,
    "time_end_3": 4058695218399583,
    "time_total_3": 0.028607167
}