{
    "function_method_name": "extract_text_to_file_from_any_document",
    "time_start_1": 1763907489.158355,
    "time_end_1": 1763907490.073442,
    "time_total_1": 0.9150869846343994,
    "time_start_2": 842970.680679041,
    "time_end_2": 842971.595766083,
    "time_total_2": 0.9150870420271531,
    "time_start_3": 842970680679083,
    "time_end_3": 842971595766166,
    "time_total_3": 0.915087083
}