{
    "function_method_name": "extract_images_from_pdf_to_files",
    "time_start_1": 1769784339.649045,
    "time_end_1": 1769784339.9868748,
    "time_total_1": 0.3378298282623291,
    "time_start_2": 3383771.544283916,
    "time_end_2": 3383771.882114583,
    "time_total_2": 0.33783066738396883,
    "time_start_3": 3383771544284000,
    "time_end_3": 3383771882119125,
    "time_total_3": 0.337835125
}