{
    "function_method_name": "extract_tables_to_files_from_pdf_document",
    "time_start_1": 1772685041.463114,
    "time_end_1": 1772685122.9798021,
    "time_total_1": 81.51668810844421,
    "time_start_2": 872771.745942333,
    "time_end_2": 872853.262145041,
    "time_total_2": 81.51620270800777,
    "time_start_3": 872771745942416,
    "time_end_3": 872853262145250,
    "time_total_3": 81.516202834
}