{
    "function_method_name": "extract_tables_to_files_from_pdf_document",
    "time_start_1": 1765468250.3097038,
    "time_end_1": 1765468253.380296,
    "time_total_1": 3.070592164993286,
    "time_start_2": 2377273.084451208,
    "time_end_2": 2377276.155044458,
    "time_total_2": 3.0705932499840856,
    "time_start_3": 2377273084451333,
    "time_end_3": 2377276155045291,
    "time_total_3": 3.070593958
}