{
    "function_method_name": "extract_tables_to_files_from_pdf_document",
    "time_start_1": 1769301839.020061,
    "time_end_1": 1769301853.452437,
    "time_total_1": 14.43237590789795,
    "time_start_2": 2906068.081785291,
    "time_end_2": 2906082.514117791,
    "time_total_2": 14.432332499884069,
    "time_start_3": 2906068081785416,
    "time_end_3": 2906082514117958,
    "time_total_3": 14.432332542
}