{
    "function_method_name": "extract_tables_to_files_from_pdf_document",
    "time_start_1": 1769411427.742089,
    "time_end_1": 1769411442.0375612,
    "time_total_1": 14.295472145080566,
    "time_start_2": 3015656.622908375,
    "time_end_2": 3015670.9183525,
    "time_total_2": 14.295444124843925,
    "time_start_3": 3015656622908750,
    "time_end_3": 3015670918352708,
    "time_total_3": 14.295443958
}