{
    "function_method_name": "extract_tables_to_files_from_pdf_document",
    "time_start_1": 1769293729.3049312,
    "time_end_1": 1769293743.924038,
    "time_total_1": 14.619106769561768,
    "time_start_2": 2897958.391536041,
    "time_end_2": 2897973.010576916,
    "time_total_2": 14.619040874764323,
    "time_start_3": 2897958391536208,
    "time_end_3": 2897973010577125,
    "time_total_3": 14.619040917
}