{
    "function_method_name": "extract_tables_to_files_from_pdf_document",
    "time_start_1": 1769414625.703158,
    "time_end_1": 1769414639.9128761,
    "time_total_1": 14.209718227386475,
    "time_start_2": 3018854.574346166,
    "time_end_2": 3018868.784026125,
    "time_total_2": 14.209679958876222,
    "time_start_3": 3018854574346375,
    "time_end_3": 3018868784026333,
    "time_total_3": 14.209679958
}