{
    "function_method_name": "extract_tables_to_files_from_pdf_document",
    "time_start_1": 1769292113.494318,
    "time_end_1": 1769292127.769336,
    "time_total_1": 14.275017976760864,
    "time_start_2": 2896342.588617833,
    "time_end_2": 2896356.863572708,
    "time_total_2": 14.274954874999821,
    "time_start_3": 2896342588618083,
    "time_end_3": 2896356863572958,
    "time_total_3": 14.274954875
}