{
    "function_method_name": "extract_tables_to_files_from_pdf_document",
    "time_start_1": 1769785337.250796,
    "time_end_1": 1769785353.2435951,
    "time_total_1": 15.992799043655396,
    "time_start_2": 3384769.144016625,
    "time_end_2": 3384785.134628375,
    "time_total_2": 15.990611750166863,
    "time_start_3": 3384769144016708,
    "time_end_3": 3384785134628500,
    "time_total_3": 15.990611792
}