{
    "function_method_name": "extract_tables_to_files_from_pdf_document",
    "time_start_1": 1769289443.303186,
    "time_end_1": 1769289454.120752,
    "time_total_1": 10.817566156387329,
    "time_start_2": 2893672.40986075,
    "time_end_2": 2893683.227381791,
    "time_total_2": 10.817521040793508,
    "time_start_3": 2893672409860791,
    "time_end_3": 2893683227381958,
    "time_total_3": 10.817521167
}