{
    "function_method_name": "extract_images_from_pdf_to_files",
    "time_start_1": 1771004423.067138,
    "time_end_1": 1771004423.187177,
    "time_total_1": 0.12003898620605469,
    "time_start_2": 30776.578500416,
    "time_end_2": 30776.698539666,
    "time_total_2": 0.12003924999953597,
    "time_start_3": 30776578500458,
    "time_end_3": 30776698539750,
    "time_total_3": 0.120039292
}