{
    "function_method_name": "extract_images_from_pdf_to_files",
    "time_start_1": 1770569886.6832268,
    "time_end_1": 1770569886.862419,
    "time_total_1": 0.17919206619262695,
    "time_start_2": 4152880.814176416,
    "time_end_2": 4152880.993367916,
    "time_total_2": 0.1791914999485016,
    "time_start_3": 4152880814176458,
    "time_end_3": 4152880993368375,
    "time_total_3": 0.179191917
}