{
    "function_method_name": "extract_images_from_pdf_to_files",
    "time_start_1": 1770513521.444812,
    "time_end_1": 1770513521.6231391,
    "time_total_1": 0.17832708358764648,
    "time_start_2": 4096515.559612,
    "time_end_2": 4096515.737938916,
    "time_total_2": 0.17832691594958305,
    "time_start_3": 4096515559612083,
    "time_end_3": 4096515737939375,
    "time_total_3": 0.178327292
}