{
    "function_method_name": "extract_images_from_pdf_to_files",
    "time_start_1": 1770515359.600201,
    "time_end_1": 1770515359.778302,
    "time_total_1": 0.1781010627746582,
    "time_start_2": 4098353.710127125,
    "time_end_2": 4098353.888228625,
    "time_total_2": 0.17810150003060699,
    "time_start_3": 4098353710127166,
    "time_end_3": 4098353888228916,
    "time_total_3": 0.17810175
}