{
    "function_method_name": "extract_images_from_pdf_to_files",
    "time_start_1": 1770306109.483969,
    "time_end_1": 1770306109.6636999,
    "time_total_1": 0.17973089218139648,
    "time_start_2": 3905541.927658583,
    "time_end_2": 3905542.107391125,
    "time_total_2": 0.17973254201933742,
    "time_start_3": 3905541927658625,
    "time_end_3": 3905542107391583,
    "time_total_3": 0.179732958
}