{
    "function_method_name": "extract_images_from_pdf_to_files",
    "time_start_1": 1770301416.412734,
    "time_end_1": 1770301416.592799,
    "time_total_1": 0.18006491661071777,
    "time_start_2": 3900848.852388666,
    "time_end_2": 3900849.032453791,
    "time_total_2": 0.1800651247613132,
    "time_start_3": 3900848852388750,
    "time_end_3": 3900849032454208,
    "time_total_3": 0.180065458
}