{
    "function_method_name": "extract_images_from_pdf_to_files",
    "time_start_1": 1770511918.960342,
    "time_end_1": 1770511919.138314,
    "time_total_1": 0.17797207832336426,
    "time_start_2": 4094913.078994708,
    "time_end_2": 4094913.256966625,
    "time_total_2": 0.17797191673889756,
    "time_start_3": 4094913078994791,
    "time_end_3": 4094913256967125,
    "time_total_3": 0.177972334
}