{
    "function_method_name": "extract_images_from_pdf_to_files",
    "time_start_1": 1770571721.536455,
    "time_end_1": 1770571721.716408,
    "time_total_1": 0.17995309829711914,
    "time_start_2": 4154715.665201166,
    "time_end_2": 4154715.845154041,
    "time_total_2": 0.17995287477970123,
    "time_start_3": 4154715665201250,
    "time_end_3": 4154715845154416,
    "time_total_3": 0.179953166
}