{
    "function_method_name": "extract_images_from_pdf_to_files",
    "time_start_1": 1770303600.5687912,
    "time_end_1": 1770303600.7477891,
    "time_total_1": 0.17899799346923828,
    "time_start_2": 3903033.01155425,
    "time_end_2": 3903033.190552458,
    "time_total_2": 0.17899820813909173,
    "time_start_3": 3903033011554333,
    "time_end_3": 3903033190553166,
    "time_total_3": 0.178998833
}