{
    "function_method_name": "extract_images_from_pdf_to_files",
    "time_start_1": 1771005498.241257,
    "time_end_1": 1771005498.361481,
    "time_total_1": 0.1202239990234375,
    "time_start_2": 31851.7531295,
    "time_end_2": 31851.8733535,
    "time_total_2": 0.12022399999841582,
    "time_start_3": 31851753129541,
    "time_end_3": 31851873353708,
    "time_total_3": 0.120224167
}