{
    "function_method_name": "extract_images_from_pdf_to_files",
    "time_start_1": 1770304054.090034,
    "time_end_1": 1770304054.268615,
    "time_total_1": 0.17858099937438965,
    "time_start_2": 3903486.533231458,
    "time_end_2": 3903486.711813125,
    "time_total_2": 0.17858166666701436,
    "time_start_3": 3903486533231541,
    "time_end_3": 3903486711813583,
    "time_total_3": 0.178582042
}