{
    "function_method_name": "extract_images_from_pdf_to_files",
    "time_start_1": 1770516192.958561,
    "time_end_1": 1770516193.136391,
    "time_total_1": 0.17782998085021973,
    "time_start_2": 4099187.070674041,
    "time_end_2": 4099187.248503666,
    "time_total_2": 0.17782962508499622,
    "time_start_3": 4099187070674083,
    "time_end_3": 4099187248503708,
    "time_total_3": 0.177829625
}