{
    "function_method_name": "extract_images_from_pdf_to_files",
    "time_start_1": 1770512623.947953,
    "time_end_1": 1770512624.1257548,
    "time_total_1": 0.17780184745788574,
    "time_start_2": 4095618.064685666,
    "time_end_2": 4095618.24248875,
    "time_total_2": 0.17780308378860354,
    "time_start_3": 4095618064685708,
    "time_end_3": 4095618242488833,
    "time_total_3": 0.177803125
}