{
    "function_method_name": "extract_images_from_pdf_to_files",
    "time_start_1": 1770516641.874766,
    "time_end_1": 1770516642.052257,
    "time_total_1": 0.1774909496307373,
    "time_start_2": 4099635.9860595,
    "time_end_2": 4099636.163549791,
    "time_total_2": 0.17749029118567705,
    "time_start_3": 4099635986059541,
    "time_end_3": 4099636163550500,
    "time_total_3": 0.177490959
}