{
    "function_method_name": "extract_images_from_pdf_to_files",
    "time_start_1": 1770567612.756307,
    "time_end_1": 1770567612.944906,
    "time_total_1": 0.1885991096496582,
    "time_start_2": 4150606.894653166,
    "time_end_2": 4150607.083252416,
    "time_total_2": 0.18859924981370568,
    "time_start_3": 4150606894653250,
    "time_end_3": 4150607083252500,
    "time_total_3": 0.18859925
}