{
    "function_method_name": "extract_images_from_pdf_to_files",
    "time_start_1": 1770566737.702614,
    "time_end_1": 1770566737.8891819,
    "time_total_1": 0.1865677833557129,
    "time_start_2": 4149731.839011541,
    "time_end_2": 4149732.025579791,
    "time_total_2": 0.18656824994832277,
    "time_start_3": 4149731839011583,
    "time_end_3": 4149732025580208,
    "time_total_3": 0.186568625
}