{
    "function_method_name": "extract_images_from_pdf_to_files",
    "time_start_1": 1770306217.246666,
    "time_end_1": 1770306217.426908,
    "time_total_1": 0.18024206161499023,
    "time_start_2": 3905649.690381875,
    "time_end_2": 3905649.870625,
    "time_total_2": 0.18024312518537045,
    "time_start_3": 3905649690381916,
    "time_end_3": 3905649870625333,
    "time_total_3": 0.180243417
}