{
    "function_method_name": "extract_images_from_pdf_to_files",
    "time_start_1": 1770302971.148967,
    "time_end_1": 1770302971.3270028,
    "time_total_1": 0.17803573608398438,
    "time_start_2": 3902403.591634708,
    "time_end_2": 3902403.769671916,
    "time_total_2": 0.17803720803931355,
    "time_start_3": 3902403591634750,
    "time_end_3": 3902403769672250,
    "time_total_3": 0.1780375
}