{
    "function_method_name": "extract_images_from_pdf_to_files",
    "time_start_1": 1770568684.585668,
    "time_end_1": 1770568684.7671099,
    "time_total_1": 0.1814417839050293,
    "time_start_2": 4151678.7212005,
    "time_end_2": 4151678.902643333,
    "time_total_2": 0.1814428330399096,
    "time_start_3": 4151678721200583,
    "time_end_3": 4151678902643875,
    "time_total_3": 0.181443292
}