{
    "function_method_name": "extract_images_from_pdf_to_files",
    "time_start_1": 1771005022.818452,
    "time_end_1": 1771005023.025837,
    "time_total_1": 0.20738506317138672,
    "time_start_2": 31376.331202916,
    "time_end_2": 31376.538587666,
    "time_total_2": 0.2073847499996191,
    "time_start_3": 31376331203000,
    "time_end_3": 31376538587833,
    "time_total_3": 0.207384833
}