{
    "function_method_name": "extract_images_from_pdf_to_files",
    "time_start_1": 1770514162.163244,
    "time_end_1": 1770514162.340894,
    "time_total_1": 0.17764997482299805,
    "time_start_2": 4097156.276330333,
    "time_end_2": 4097156.453981041,
    "time_total_2": 0.17765070777386427,
    "time_start_3": 4097156276330416,
    "time_end_3": 4097156453981333,
    "time_total_3": 0.177650917
}