{
    "function_method_name": "extract_images_from_pdf_to_files",
    "time_start_1": 1771005558.6758358,
    "time_end_1": 1771005558.796392,
    "time_total_1": 0.12055611610412598,
    "time_start_2": 31912.1875855,
    "time_end_2": 31912.308141791,
    "time_total_2": 0.12055629099995713,
    "time_start_3": 31912187585583,
    "time_end_3": 31912308141958,
    "time_total_3": 0.120556375
}