{
    "function_method_name": "extract_images_from_pdf_to_files",
    "time_start_1": 1770306066.2810822,
    "time_end_1": 1770306066.4600651,
    "time_total_1": 0.17898297309875488,
    "time_start_2": 3905498.724761666,
    "time_end_2": 3905498.903745208,
    "time_total_2": 0.17898354213684797,
    "time_start_3": 3905498724761708,
    "time_end_3": 3905498903745666,
    "time_total_3": 0.178983958
}