{
    "function_method_name": "extract_images_from_pdf_to_files",
    "time_start_1": 1770511897.659393,
    "time_end_1": 1770511897.836759,
    "time_total_1": 0.17736601829528809,
    "time_start_2": 4094891.778104416,
    "time_end_2": 4094891.955470083,
    "time_total_2": 0.17736566672101617,
    "time_start_3": 4094891778104500,
    "time_end_3": 4094891955470125,
    "time_total_3": 0.177365625
}