{
    "function_method_name": "extract_images_from_pdf_to_files",
    "time_start_1": 1770513500.111285,
    "time_end_1": 1770513500.288844,
    "time_total_1": 0.17755913734436035,
    "time_start_2": 4096494.226141208,
    "time_end_2": 4096494.403700625,
    "time_total_2": 0.17755941720679402,
    "time_start_3": 4096494226141291,
    "time_end_3": 4096494403701083,
    "time_total_3": 0.177559792
}