{
    "function_method_name": "extract_images_from_pdf_to_files",
    "time_start_1": 1770511598.52146,
    "time_end_1": 1770511598.699426,
    "time_total_1": 0.17796587944030762,
    "time_start_2": 4094592.640981958,
    "time_end_2": 4094592.818948458,
    "time_total_2": 0.1779665001668036,
    "time_start_3": 4094592640982041,
    "time_end_3": 4094592818949083,
    "time_total_3": 0.177967042
}