{
    "function_method_name": "extract_images_from_pdf_to_files",
    "time_start_1": 1770305074.3855119,
    "time_end_1": 1770305074.564824,
    "time_total_1": 0.17931222915649414,
    "time_start_2": 3904506.82897675,
    "time_end_2": 3904507.008289833,
    "time_total_2": 0.17931308317929506,
    "time_start_3": 3904506828976791,
    "time_end_3": 3904507008290083,
    "time_total_3": 0.179313292
}