{
    "function_method_name": "extract_images_from_pdf_to_files",
    "time_start_1": 1770568597.482734,
    "time_end_1": 1770568597.66226,
    "time_total_1": 0.17952609062194824,
    "time_start_2": 4151591.618468125,
    "time_end_2": 4151591.797993333,
    "time_total_2": 0.1795252081938088,
    "time_start_3": 4151591618468208,
    "time_end_3": 4151591797994041,
    "time_total_3": 0.179525833
}