{
    "function_method_name": "extract_images_from_pdf_to_files",
    "time_start_1": 1770306627.294463,
    "time_end_1": 1770306627.4734871,
    "time_total_1": 0.17902421951293945,
    "time_start_2": 3906059.737985958,
    "time_end_2": 3906059.917011083,
    "time_total_2": 0.17902512522414327,
    "time_start_3": 3906059737986000,
    "time_end_3": 3906059917011416,
    "time_total_3": 0.179025416
}