{
    "function_method_name": "extract_images_from_pdf_to_files",
    "time_start_1": 1770571939.673128,
    "time_end_1": 1770571939.851892,
    "time_total_1": 0.17876410484313965,
    "time_start_2": 4154933.801404041,
    "time_end_2": 4154933.980168208,
    "time_total_2": 0.17876416724175215,
    "time_start_3": 4154933801404083,
    "time_end_3": 4154933980168291,
    "time_total_3": 0.178764208
}