{
    "function_method_name": "extract_images_from_pdf_to_files",
    "time_start_1": 1770303622.046554,
    "time_end_1": 1770303622.225426,
    "time_total_1": 0.17887187004089355,
    "time_start_2": 3903054.48932025,
    "time_end_2": 3903054.668193416,
    "time_total_2": 0.17887316597625613,
    "time_start_3": 3903054489320416,
    "time_end_3": 3903054668193791,
    "time_total_3": 0.178873375
}