{
    "function_method_name": "extract_images_from_pdf_to_files",
    "time_start_1": 1770305117.31662,
    "time_end_1": 1770305117.504663,
    "time_total_1": 0.18804287910461426,
    "time_start_2": 3904549.760094791,
    "time_end_2": 3904549.948138708,
    "time_total_2": 0.18804391659796238,
    "time_start_3": 3904549760094833,
    "time_end_3": 3904549948139291,
    "time_total_3": 0.188044458
}