{
    "function_method_name": "extract_images_from_pdf_to_files",
    "time_start_1": 1770571045.447955,
    "time_end_1": 1770571045.627885,
    "time_total_1": 0.1799302101135254,
    "time_start_2": 4154039.57803825,
    "time_end_2": 4154039.757970625,
    "time_total_2": 0.17993237497285008,
    "time_start_3": 4154039578038333,
    "time_end_3": 4154039757970833,
    "time_total_3": 0.1799325
}