{
    "function_method_name": "extract_images_from_pdf_to_files",
    "time_start_1": 1770568291.790709,
    "time_end_1": 1770568291.9723551,
    "time_total_1": 0.18164610862731934,
    "time_start_2": 4151285.927540041,
    "time_end_2": 4151286.109186958,
    "time_total_2": 0.1816469170153141,
    "time_start_3": 4151285927540083,
    "time_end_3": 4151286109187083,
    "time_total_3": 0.181647
}