{
    "function_method_name": "extract_images_from_pdf_to_files",
    "time_start_1": 1770306087.729669,
    "time_end_1": 1770306087.911124,
    "time_total_1": 0.18145489692687988,
    "time_start_2": 3905520.173353791,
    "time_end_2": 3905520.354808666,
    "time_total_2": 0.18145487504079938,
    "time_start_3": 3905520173353833,
    "time_end_3": 3905520354808916,
    "time_total_3": 0.181455083
}