{
    "function_method_name": "extract_images_from_pdf_to_files",
    "time_start_1": 1770515979.660743,
    "time_end_1": 1770515979.843447,
    "time_total_1": 0.18270397186279297,
    "time_start_2": 4098973.77322975,
    "time_end_2": 4098973.9559345,
    "time_total_2": 0.18270474998280406,
    "time_start_3": 4098973773229791,
    "time_end_3": 4098973955935000,
    "time_total_3": 0.182705209
}