{
    "function_method_name": "extract_images_from_pdf_to_files",
    "time_start_1": 1770569166.4267251,
    "time_end_1": 1770569166.612612,
    "time_total_1": 0.18588685989379883,
    "time_start_2": 4152160.561168,
    "time_end_2": 4152160.747056166,
    "time_total_2": 0.18588816607370973,
    "time_start_3": 4152160561168083,
    "time_end_3": 4152160747056458,
    "time_total_3": 0.185888375
}