{
    "function_method_name": "extract_images_from_pdf_to_files",
    "time_start_1": 1770512111.008351,
    "time_end_1": 1770512111.18674,
    "time_total_1": 0.1783888339996338,
    "time_start_2": 4095105.126474625,
    "time_end_2": 4095105.304863875,
    "time_total_2": 0.17838924983516335,
    "time_start_3": 4095105126474750,
    "time_end_3": 4095105304864458,
    "time_total_3": 0.178389708
}