{
    "function_method_name": "extract_images_from_pdf_to_files",
    "time_start_1": 1770301502.398576,
    "time_end_1": 1770301502.5783858,
    "time_total_1": 0.1798098087310791,
    "time_start_2": 3900934.838189708,
    "time_end_2": 3900935.017999625,
    "time_total_2": 0.17980991676449776,
    "time_start_3": 3900934838189791,
    "time_end_3": 3900935018000041,
    "time_total_3": 0.17981025
}