{
    "function_method_name": "extract_images_from_pdf_to_files",
    "time_start_1": 1771004824.338169,
    "time_end_1": 1771004824.5194392,
    "time_total_1": 0.18127012252807617,
    "time_start_2": 31177.851272625,
    "time_end_2": 31178.032544041,
    "time_total_2": 0.1812714160005271,
    "time_start_3": 31177851272750,
    "time_end_3": 31178032544583,
    "time_total_3": 0.181271833
}