{
    "function_method_name": "extract_images_from_pdf_to_files",
    "time_start_1": 1771006131.7253351,
    "time_end_1": 1771006131.8471448,
    "time_total_1": 0.12180972099304199,
    "time_start_2": 32485.221386333,
    "time_end_2": 32485.343195708,
    "time_total_2": 0.12180937499942956,
    "time_start_3": 32485221386416,
    "time_end_3": 32485343195875,
    "time_total_3": 0.121809459
}