{
    "function_method_name": "extract_images_from_pdf_to_files",
    "time_start_1": 1770304291.213315,
    "time_end_1": 1770304291.391928,
    "time_total_1": 0.17861294746398926,
    "time_start_2": 3903723.65656975,
    "time_end_2": 3903723.835183708,
    "time_total_2": 0.17861395794898272,
    "time_start_3": 3903723656569791,
    "time_end_3": 3903723835184000,
    "time_total_3": 0.178614209
}