{
    "function_method_name": "extract_text_to_file_from_any_document",
    "time_start_1": 1772214759.653652,
    "time_end_1": 1772214759.773802,
    "time_total_1": 0.12015008926391602,
    "time_start_2": 402490.303527458,
    "time_end_2": 402490.423677416,
    "time_total_2": 0.12014995800564066,
    "time_start_3": 402490303527541,
    "time_end_3": 402490423677500,
    "time_total_3": 0.120149959
}