{
    "function_method_name": "extract_text_to_file_from_any_document",
    "time_start_1": 1769269680.692246,
    "time_end_1": 1769269680.775539,
    "time_total_1": 0.08329296112060547,
    "time_start_2": 2873909.857468416,
    "time_end_2": 2873909.940762291,
    "time_total_2": 0.08329387521371245,
    "time_start_3": 2873909857468458,
    "time_end_3": 2873909940762458,
    "time_total_3": 0.083294
}