{
    "function_method_name": "extract_text_to_file_from_any_document",
    "time_start_1": 1769267005.915879,
    "time_end_1": 1769267009.1805718,
    "time_total_1": 3.264692783355713,
    "time_start_2": 2871235.086144666,
    "time_end_2": 2871238.350837833,
    "time_total_2": 3.2646931665949523,
    "time_start_3": 2871235086144750,
    "time_end_3": 2871238350838125,
    "time_total_3": 3.264693375
}