{
    "function_method_name": "extract_text_to_file_from_any_document",
    "time_start_1": 1772631329.723785,
    "time_end_1": 1772631330.168159,
    "time_total_1": 0.44437408447265625,
    "time_start_2": 819060.136839666,
    "time_end_2": 819060.581211041,
    "time_total_2": 0.44437137490604073,
    "time_start_3": 819060136840500,
    "time_end_3": 819060581211666,
    "time_total_3": 0.444371166
}