{
  "function_method_name": "extract_text_to_file_from_any_document",
  "num_pages": 12,
  "time_start_1": 1774225660.863107,
  "time_end_1": 1774225719.839295,
  "time_total_1": 58.97618794441223,
  "pages_per_second_1": 0.20347195059997014,
  "time_start_2": 985616.536283,
  "time_end_2": 985675.512248041,
  "time_total_2": 58.97596504096873,
  "pages_per_second_2": 0.20347271963526126,
  "time_start_3": 985616536283083,
  "time_end_3": 985675512248291,
  "time_total_3": 58.975965208,
  "pages_per_second_3": 0.20347271905898742
}