{
    "function_method_name": "extract_tables_to_files_from_pdf_document",
    "time_start_1": 1765488849.625362,
    "time_end_1": 1765488850.119607,
    "time_total_1": 0.4942450523376465,
    "time_start_2": 2397872.297416958,
    "time_end_2": 2397872.791660291,
    "time_total_2": 0.49424333311617374,
    "time_start_3": 2397872297417000,
    "time_end_3": 2397872791660500,
    "time_total_3": 0.4942435
}