{
    "function_method_name": "extract_tables_to_files_from_pdf_document",
    "time_start_1": 1765503792.027775,
    "time_end_1": 1765503792.533195,
    "time_total_1": 0.5054199695587158,
    "time_start_2": 2412814.64437625,
    "time_end_2": 2412815.149794625,
    "time_total_2": 0.5054183751344681,
    "time_start_3": 2412814644376333,
    "time_end_3": 2412815149794791,
    "time_total_3": 0.505418458
}