{
    "function_method_name": "extract_tables_to_files_from_pdf_document",
    "time_start_1": 1765495252.3824441,
    "time_end_1": 1765495252.873558,
    "time_total_1": 0.49111390113830566,
    "time_start_2": 2404275.030096791,
    "time_end_2": 2404275.521207083,
    "time_total_2": 0.49111029179766774,
    "time_start_3": 2404275030096875,
    "time_end_3": 2404275521207250,
    "time_total_3": 0.491110375
}