{
  "function_method_name": "extract_text_to_file_from_any_document",
  "num_pages": 104,
  "time_start_1": 1772966976.045268,
  "time_end_1": 1772966976.13029,
  "time_total_1": 0.08502197265625,
  "pages_per_second_1": 1223.2132089016511,
  "time_start_2": 1126628.657665125,
  "time_end_2": 1126628.742687916,
  "time_total_2": 0.0850227908231318,
  "pages_per_second_2": 1223.2014380278981,
  "time_start_3": 1126628657665208,
  "time_end_3": 1126628742688083,
  "time_total_3": 0.085022875,
  "pages_per_second_3": 1223.2002269977345
}