{
    "function_method_name": "extract_tables_to_files_from_pdf_document",
    "time_start_1": 1769426230.28227,
    "time_end_1": 1769426230.663923,
    "time_total_1": 0.3816530704498291,
    "time_start_2": 3030459.118427958,
    "time_end_2": 3030459.500058875,
    "time_total_2": 0.3816309170797467,
    "time_start_3": 3030459118428041,
    "time_end_3": 3030459500059041,
    "time_total_3": 0.381631
}