{
    "function_method_name": "extract_tables_to_files_from_pdf_document",
    "time_start_1": 1769306986.690602,
    "time_end_1": 1769306987.0737228,
    "time_total_1": 0.3831207752227783,
    "time_start_2": 2911215.740811666,
    "time_end_2": 2911216.123932791,
    "time_total_2": 0.3831211249344051,
    "time_start_3": 2911215740811708,
    "time_end_3": 2911216123933000,
    "time_total_3": 0.383121292
}