{
    "function_method_name": "extract_tables_to_files_from_pdf_document",
    "time_start_1": 1769408490.847899,
    "time_end_1": 1769408491.233566,
    "time_total_1": 0.385667085647583,
    "time_start_2": 3012719.735926083,
    "time_end_2": 3012720.121593416,
    "time_total_2": 0.38566733337938786,
    "time_start_3": 3012719735926208,
    "time_end_3": 3012720121593625,
    "time_total_3": 0.385667417
}