{
    "function_method_name": "extract_tables_to_files_from_pdf_document",
    "time_start_1": 1769421346.295478,
    "time_end_1": 1769421346.6765382,
    "time_total_1": 0.3810601234436035,
    "time_start_2": 3025575.148272916,
    "time_end_2": 3025575.529332,
    "time_total_2": 0.38105908362194896,
    "time_start_3": 3025575148273000,
    "time_end_3": 3025575529332208,
    "time_total_3": 0.381059208
}