{
    "function_method_name": "extract_tables_to_files_from_pdf_document",
    "time_start_1": 1769321561.325897,
    "time_end_1": 1769321561.778531,
    "time_total_1": 0.4526340961456299,
    "time_start_2": 2925790.334841833,
    "time_end_2": 2925790.78747575,
    "time_total_2": 0.45263391686603427,
    "time_start_3": 2925790334841916,
    "time_end_3": 2925790787475916,
    "time_total_3": 0.452634
}