{
    "function_method_name": "extract_tables_to_files_from_pdf_document",
    "time_start_1": 1769302075.147361,
    "time_end_1": 1769302075.6038249,
    "time_total_1": 0.4564638137817383,
    "time_start_2": 2906304.209544333,
    "time_end_2": 2906304.666006875,
    "time_total_2": 0.45646254206076264,
    "time_start_3": 2906304209544416,
    "time_end_3": 2906304666007125,
    "time_total_3": 0.456462709
}