{
    "function_method_name": "extract_tables_to_files_from_pdf_document",
    "time_start_1": 1769290827.286121,
    "time_end_1": 1769290827.6129122,
    "time_total_1": 0.32679128646850586,
    "time_start_2": 2895056.385886833,
    "time_end_2": 2895056.712676083,
    "time_total_2": 0.32678925013169646,
    "time_start_3": 2895056385886875,
    "time_end_3": 2895056712676250,
    "time_total_3": 0.326789375
}