{
    "function_method_name": "extract_tables_to_files_from_pdf_document",
    "time_start_1": 1769297782.9099772,
    "time_end_1": 1769297799.615378,
    "time_total_1": 16.705400705337524,
    "time_start_2": 2902011.982777041,
    "time_end_2": 2902028.688117791,
    "time_total_2": 16.7053407500498,
    "time_start_3": 2902011982777083,
    "time_end_3": 2902028688118000,
    "time_total_3": 16.705340917
}