{
    "function_method_name": "extract_tables_to_files_from_pdf_document",
    "time_start_1": 1769284082.104773,
    "time_end_1": 1769284094.665809,
    "time_total_1": 12.561035871505737,
    "time_start_2": 2888311.23653775,
    "time_end_2": 2888323.79754875,
    "time_total_2": 12.561011000070721,
    "time_start_3": 2888311236537833,
    "time_end_3": 2888323797549000,
    "time_total_3": 12.561011167
}