{
    "function_method_name": "extract_tables_to_files_from_pdf_document",
    "time_start_1": 1769291317.197108,
    "time_end_1": 1769291333.606078,
    "time_total_1": 16.40896987915039,
    "time_start_2": 2895546.2946955,
    "time_end_2": 2895562.703592833,
    "time_total_2": 16.40889733331278,
    "time_start_3": 2895546294695583,
    "time_end_3": 2895562703593125,
    "time_total_3": 16.408897542
}