{
    "function_method_name": "extract_text_to_file_from_any_document",
    "time_start_1": 1763907699.992308,
    "time_end_1": 1763907703.4681249,
    "time_total_1": 3.4758169651031494,
    "time_start_2": 843181.514680291,
    "time_end_2": 843184.99049825,
    "time_total_2": 3.475817959057167,
    "time_start_3": 843181514680333,
    "time_end_3": 843184990498458,
    "time_total_3": 3.475818125
}