{
    "function_method_name": "extract_text_to_file_from_image",
    "time_start_1": 1769799581.391957,
    "time_end_1": 1769799583.303909,
    "time_total_1": 1.911952018737793,
    "time_start_2": 3399013.227169708,
    "time_end_2": 3399015.139113541,
    "time_total_2": 1.9119438333436847,
    "time_start_3": 3399013227169958,
    "time_end_3": 3399015139114000,
    "time_total_3": 1.911944042
}