{
  "function_method_name": "extract_tables_to_files_from_pdf_document",
  "time_start_1": 1773215098.430038,
  "time_end_1": 1773215104.854773,
  "time_total_1": 6.424735069274902,
  "time_start_2": 1356089.299731125,
  "time_end_2": 1356095.724468041,
  "time_total_2": 6.424736916087568,
  "time_start_3": 1356089299731333,
  "time_end_3": 1356095724468291,
  "time_total_3": 6.424736958,
  "num_pages": 0,
  "pages_per_second_1": 0.0,
  "pages_per_second_2": 0.0,
  "pages_per_second_3": 0.0
}