{
    "function_method_name": "extract_text_to_file_from_any_document",
    "time_start_1": 1772215497.5552351,
    "time_end_1": 1772215498.748354,
    "time_total_1": 1.1931188106536865,
    "time_start_2": 403228.202159291,
    "time_end_2": 403229.395274083,
    "time_total_2": 1.193114791996777,
    "time_start_3": 403228202159291,
    "time_end_3": 403229395274208,
    "time_total_3": 1.193114917
}