{
    "function_method_name": "extract_tables_to_files_from_pdf_document",
    "time_start_1": 1769336704.997365,
    "time_end_1": 1769336712.515131,
    "time_total_1": 7.517765998840332,
    "time_start_2": 2940933.965547833,
    "time_end_2": 2940941.48329125,
    "time_total_2": 7.517743417061865,
    "time_start_3": 2940933965547916,
    "time_end_3": 2940941483291458,
    "time_total_3": 7.517743542
}