{
    "function_method_name": "extract_tables_to_files_from_pdf_document",
    "time_start_1": 1769302224.162542,
    "time_end_1": 1769302231.75191,
    "time_total_1": 7.589367866516113,
    "time_start_2": 2906453.224318458,
    "time_end_2": 2906460.813666791,
    "time_total_2": 7.589348333422095,
    "time_start_3": 2906453224318500,
    "time_end_3": 2906460813667083,
    "time_total_3": 7.589348583
}