{
    "function_method_name": "extract_tables_to_files_from_pdf_document",
    "time_start_1": 1769413406.324517,
    "time_end_1": 1769413413.867402,
    "time_total_1": 7.542885065078735,
    "time_start_2": 3017635.199789041,
    "time_end_2": 3017642.742656583,
    "time_total_2": 7.542867541778833,
    "time_start_3": 3017635199789125,
    "time_end_3": 3017642742656875,
    "time_total_3": 7.54286775
}