{
    "function_method_name": "extract_tables_to_files_from_pdf_document",
    "time_start_1": 1769638730.0752761,
    "time_end_1": 1769638737.616927,
    "time_total_1": 7.541650772094727,
    "time_start_2": 3238161.980320791,
    "time_end_2": 3238169.521963458,
    "time_total_2": 7.541642667260021,
    "time_start_3": 3238161980320875,
    "time_end_3": 3238169521963666,
    "time_total_3": 7.541642791
}