{
    "function_method_name": "extract_tables_to_files_from_pdf_document",
    "time_start_1": 1769623015.738414,
    "time_end_1": 1769623023.239531,
    "time_total_1": 7.501116991043091,
    "time_start_2": 3222447.687794666,
    "time_end_2": 3222455.188889291,
    "time_total_2": 7.501094625331461,
    "time_start_3": 3222447687794708,
    "time_end_3": 3222455188889500,
    "time_total_3": 7.501094792
}