{
    "function_method_name": "extract_tables_to_files_from_pdf_document",
    "time_start_1": 1769320102.193792,
    "time_end_1": 1769320109.665401,
    "time_total_1": 7.471608877182007,
    "time_start_2": 2924331.206571041,
    "time_end_2": 2924338.678176125,
    "time_total_2": 7.47160508390516,
    "time_start_3": 2924331206571125,
    "time_end_3": 2924338678176333,
    "time_total_3": 7.471605208
}