{
    "function_method_name": "extract_tables_to_files_from_pdf_document",
    "time_start_1": 1769627017.3739882,
    "time_end_1": 1769627025.287492,
    "time_total_1": 7.913503885269165,
    "time_start_2": 3226449.30484825,
    "time_end_2": 3226457.218323333,
    "time_total_2": 7.9134750831872225,
    "time_start_3": 3226449304848333,
    "time_end_3": 3226457218323583,
    "time_total_3": 7.91347525
}