{
    "function_method_name": "extract_tables_to_files_from_pdf_document",
    "time_start_1": 1769313611.525325,
    "time_end_1": 1769313619.014005,
    "time_total_1": 7.488679885864258,
    "time_start_2": 2917840.5549915,
    "time_end_2": 2917848.043648875,
    "time_total_2": 7.488657374866307,
    "time_start_3": 2917840554991541,
    "time_end_3": 2917848043649166,
    "time_total_3": 7.488657625
}