{
    "function_method_name": "extract_tables_to_files_from_pdf_document",
    "time_start_1": 1769416612.0066402,
    "time_end_1": 1769416619.519128,
    "time_total_1": 7.512487888336182,
    "time_start_2": 3020840.871923458,
    "time_end_2": 3020848.384391,
    "time_total_2": 7.512467542197555,
    "time_start_3": 3020840871923541,
    "time_end_3": 3020848384391208,
    "time_total_3": 7.512467667
}