{
    "function_method_name": "extract_text_to_file_from_any_document",
    "time_start_1": 1763162577.722511,
    "time_end_1": 1763162590.590933,
    "time_total_1": 12.868422031402588,
    "time_start_2": 128788.080786875,
    "time_end_2": 128800.949128416,
    "time_total_2": 12.868341541005066,
    "time_start_3": 128788080786958,
    "time_end_3": 128800949128541,
    "time_total_3": 12.868341583
}