{
    "function_method_name": "extract_markdown_to_file_from_any_document_complex",
    "num_pages": 40,
    "time_start_1": 1763200075.750116,
    "time_end_1": 1763200088.309867,
    "time_total_1": 12.55975079536438,
    "pages_per_second_1": 3.1847765653728906,
    "time_start_2": 166286.044600208,
    "time_end_2": 166298.6043525,
    "time_total_2": 12.559752291999757,
    "pages_per_second_2": 3.184776185871037,
    "time_start_3": 166286044600250,
    "time_end_3": 166298604352666,
    "time_total_3": 12.559752416,
    "pages_per_second_3": 3.1847761544282975
}