{
    "function_method_name": "extract_text_to_file_from_any_document",
    "time_start_1": 1765463752.6668758,
    "time_end_1": 1765463765.302238,
    "time_total_1": 12.635362148284912,
    "time_start_2": 2372775.438611208,
    "time_end_2": 2372788.064418583,
    "time_total_2": 12.625807375181466,
    "time_start_3": 2372775438611291,
    "time_end_3": 2372788064418791,
    "time_total_3": 12.6258075
}