{
    "function_method_name": "extract_markdown_to_file_from_any_document_complex",
    "num_pages": 40,
    "time_start_1": 1763063622.6661289,
    "time_end_1": 1763063635.4728699,
    "time_total_1": 12.806740999221802,
    "pages_per_second_1": 3.1233551145002925,
    "time_start_2": 29833.224335875,
    "time_end_2": 29846.031018833,
    "time_total_2": 12.806682958002057,
    "pages_per_second_2": 3.123369269870667,
    "time_start_3": 29833224335916,
    "time_end_3": 29846031018875,
    "time_total_3": 12.806682959,
    "pages_per_second_3": 3.123369269627283
}