{
    "function_method_name": "extract_text_to_file_from_any_document",
    "time_start_1": 1763114935.653395,
    "time_end_1": 1763114947.915159,
    "time_total_1": 12.26176404953003,
    "time_start_2": 81146.168566833,
    "time_end_2": 81158.430364833,
    "time_total_2": 12.261797999992268,
    "time_start_3": 81146168567000,
    "time_end_3": 81158430364916,
    "time_total_3": 12.261797916
}