{
    "function_method_name": "extract_markdown_to_file_from_any_document",
    "num_pages": 40,
    "time_start_1": 1763091169.4205692,
    "time_end_1": 1763091182.0639732,
    "time_total_1": 12.643404006958008,
    "pages_per_second_1": 3.163704962523298,
    "time_start_2": 57379.949698208,
    "time_end_2": 57392.593010875,
    "time_total_2": 12.643312667001737,
    "pages_per_second_2": 3.1637278182954,
    "time_start_3": 57379949698291,
    "time_end_3": 57392593010958,
    "time_total_3": 12.643312667,
    "pages_per_second_3": 3.1637278182958344
}