{
    "function_method_name": "extract_markdown_to_file_from_any_document",
    "num_pages": 40,
    "time_start_1": 1763129981.844419,
    "time_end_1": 1763129994.3326771,
    "time_total_1": 12.488258123397827,
    "pages_per_second_1": 3.2030087466767325,
    "time_start_2": 96192.221466041,
    "time_end_2": 96204.709604291,
    "time_total_2": 12.488138250002521,
    "pages_per_second_2": 3.2030394922951726,
    "time_start_3": 96192221466125,
    "time_end_3": 96204709604333,
    "time_total_3": 12.488138208,
    "pages_per_second_3": 3.203039503068254
}