{
    "function_method_name": "extract_text_to_file_from_any_document",
    "time_start_1": 1763142537.56098,
    "time_end_1": 1763142550.0098848,
    "time_total_1": 12.448904752731323,
    "time_start_2": 108747.952299375,
    "time_end_2": 108760.401126625,
    "time_total_2": 12.448827250002068,
    "time_start_3": 108747952299458,
    "time_end_3": 108760401126791,
    "time_total_3": 12.448827333
}