{
    "function_method_name": "extract_markdown_to_file_from_any_document_complex",
    "num_pages": 40,
    "time_start_1": 1763177602.8711329,
    "time_end_1": 1763177615.4039838,
    "time_total_1": 12.532850980758667,
    "pages_per_second_1": 3.19161219274137,
    "time_start_2": 143813.245804333,
    "time_end_2": 143825.778621958,
    "time_total_2": 12.532817624974996,
    "pages_per_second_2": 3.191620687138165,
    "time_start_3": 143813245804458,
    "time_end_3": 143825778622041,
    "time_total_3": 12.532817583,
    "pages_per_second_3": 3.1916206978275623
}