{
  "function_method_name": "extract_text_to_file_from_any_document",
  "num_pages": 19,
  "time_start_1": 1774358469.958103,
  "time_end_1": 1774358533.112384,
  "time_total_1": 63.15428113937378,
  "pages_per_second_1": 0.3008505465855802,
  "time_start_2": 1118425.548178541,
  "time_end_2": 1118488.702147708,
  "time_total_2": 63.15396916703321,
  "pages_per_second_2": 0.30085203274789774,
  "time_start_3": 1118425548178666,
  "time_end_3": 1118488702148000,
  "time_total_3": 63.153969334,
  "pages_per_second_3": 0.3008520319525036
}