{
    "function_method_name": "extract_text_to_file_from_any_document",
    "time_start_1": 1769689119.393078,
    "time_end_1": 1769689132.1463208,
    "time_total_1": 12.75324273109436,
    "time_start_2": 3288551.352268416,
    "time_end_2": 3288564.105479791,
    "time_total_2": 12.753211374860257,
    "time_start_3": 3288551352268458,
    "time_end_3": 3288564105480125,
    "time_total_3": 12.753211667
}