{
    "function_method_name": "extract_text_to_file_from_any_document",
    "time_start_1": 1769270377.534507,
    "time_end_1": 1769270390.4382179,
    "time_total_1": 12.903710842132568,
    "time_start_2": 2874606.698969083,
    "time_end_2": 2874619.602666791,
    "time_total_2": 12.90369770815596,
    "time_start_3": 2874606698969125,
    "time_end_3": 2874619602666958,
    "time_total_3": 12.903697833
}