{
    "function_method_name": "extract_tables_to_files_from_pdf_document",
    "time_start_1": 1765500355.3081229,
    "time_end_1": 1765500355.7166421,
    "time_total_1": 0.40851926803588867,
    "time_start_2": 2409377.934366625,
    "time_end_2": 2409378.342883,
    "time_total_2": 0.4085163753479719,
    "time_start_3": 2409377934366750,
    "time_end_3": 2409378342883375,
    "time_total_3": 0.408516625
}