{
    "function_method_name": "extract_tables_to_files_from_pdf_document",
    "time_start_1": 1765474815.2186089,
    "time_end_1": 1765474815.87276,
    "time_total_1": 0.654151201248169,
    "time_start_2": 2383837.985647875,
    "time_end_2": 2383838.63979925,
    "time_total_2": 0.6541513749398291,
    "time_start_3": 2383837985647958,
    "time_end_3": 2383838639799500,
    "time_total_3": 0.654151542
}