{
    "function_method_name": "extract_tables_to_files_from_pdf_document",
    "time_start_1": 1765517675.2945468,
    "time_end_1": 1765517675.708651,
    "time_total_1": 0.4141042232513428,
    "time_start_2": 2426697.889536958,
    "time_end_2": 2426698.303636541,
    "time_total_2": 0.41409958293661475,
    "time_start_3": 2426697889537000,
    "time_end_3": 2426698303636750,
    "time_total_3": 0.41409975
}