{
    "function_method_name": "extract_tables_to_files_from_pdf_document",
    "time_start_1": 1765389100.977452,
    "time_end_1": 1765389101.391546,
    "time_total_1": 0.4140939712524414,
    "time_start_2": 2298123.690490666,
    "time_end_2": 2298124.104586333,
    "time_total_2": 0.4140956671908498,
    "time_start_3": 2298123690490750,
    "time_end_3": 2298124104586416,
    "time_total_3": 0.414095666
}