{
    "function_method_name": "extract_tables_to_files_from_pdf_document",
    "time_start_1": 1769303711.057465,
    "time_end_1": 1769303711.554104,
    "time_total_1": 0.4966390132904053,
    "time_start_2": 2907940.115434625,
    "time_end_2": 2907940.612073333,
    "time_total_2": 0.4966387078166008,
    "time_start_3": 2907940115434666,
    "time_end_3": 2907940612073416,
    "time_total_3": 0.49663875
}