{
    "function_method_name": "extract_tables_to_files_from_pdf_document",
    "time_start_1": 1769635837.146493,
    "time_end_1": 1769635837.6445172,
    "time_total_1": 0.49802422523498535,
    "time_start_2": 3235269.052911583,
    "time_end_2": 3235269.550935125,
    "time_total_2": 0.49802354210987687,
    "time_start_3": 3235269052911708,
    "time_end_3": 3235269550935375,
    "time_total_3": 0.498023667
}