{
    "function_method_name": "extract_tables_to_files_from_pdf_document",
    "time_start_1": 1769338219.2127712,
    "time_end_1": 1769338219.707152,
    "time_total_1": 0.4943807125091553,
    "time_start_2": 2942448.182152125,
    "time_end_2": 2942448.676533,
    "time_total_2": 0.49438087502494454,
    "time_start_3": 2942448182152208,
    "time_end_3": 2942448676533166,
    "time_total_3": 0.494380958
}