{
    "function_method_name": "extract_tables_to_files_from_pdf_document",
    "time_start_1": 1769298818.7715452,
    "time_end_1": 1769298819.2701151,
    "time_total_1": 0.49856996536254883,
    "time_start_2": 2903047.840604958,
    "time_end_2": 2903048.339173583,
    "time_total_2": 0.49856862472370267,
    "time_start_3": 2903047840605041,
    "time_end_3": 2903048339174083,
    "time_total_3": 0.498569042
}