{
    "function_method_name": "extract_tables_to_files_from_pdf_document",
    "time_start_1": 1769329851.385015,
    "time_end_1": 1769329851.878175,
    "time_total_1": 0.4931600093841553,
    "time_start_2": 2934080.372133708,
    "time_end_2": 2934080.86529225,
    "time_total_2": 0.49315854208543897,
    "time_start_3": 2934080372133833,
    "time_end_3": 2934080865292458,
    "time_total_3": 0.493158625
}