{
    "function_method_name": "extract_text_to_file_from_any_document",
    "time_start_1": 1772016295.749791,
    "time_end_1": 1772016295.864741,
    "time_total_1": 0.11495018005371094,
    "time_start_2": 225198.153867083,
    "time_end_2": 225198.268816708,
    "time_total_2": 0.1149496250145603,
    "time_start_3": 225198153867125,
    "time_end_3": 225198268816750,
    "time_total_3": 0.114949625
}