{
    "function_method_name": "extract_text_to_file_from_any_document",
    "time_start_1": 1763212738.018646,
    "time_end_1": 1763212738.8780868,
    "time_total_1": 0.859440803527832,
    "time_start_2": 178948.227392416,
    "time_end_2": 178949.086825041,
    "time_total_2": 0.8594326250022277,
    "time_start_3": 178948227392458,
    "time_end_3": 178949086825208,
    "time_total_3": 0.85943275
}