{
    "function_method_name": "extract_text_to_file_from_any_document",
    "time_start_1": 1763217563.3158112,
    "time_end_1": 1763217564.53708,
    "time_total_1": 1.221268892288208,
    "time_start_2": 183773.5284025,
    "time_end_2": 183774.749664541,
    "time_total_2": 1.2212620410136878,
    "time_start_3": 183773528402541,
    "time_end_3": 183774749664875,
    "time_total_3": 1.221262334
}