{
    "function_method_name": "extract_text_to_file_from_any_document",
    "time_start_1": 1763222403.8413959,
    "time_end_1": 1763222404.720143,
    "time_total_1": 0.8787472248077393,
    "time_start_2": 188614.032909,
    "time_end_2": 188614.911653958,
    "time_total_2": 0.8787449579976965,
    "time_start_3": 188614032909083,
    "time_end_3": 188614911654000,
    "time_total_3": 0.878744917
}