{
    "function_method_name": "extract_text_to_file_from_any_document",
    "time_start_1": 1763092710.905452,
    "time_end_1": 1763092712.122773,
    "time_total_1": 1.2173209190368652,
    "time_start_2": 58921.472976041,
    "time_end_2": 58922.690299041,
    "time_total_2": 1.2173230000043986,
    "time_start_3": 58921472976125,
    "time_end_3": 58922690299250,
    "time_total_3": 1.217323125
}