{
    "function_method_name": "extract_text_to_file_from_any_document",
    "time_start_1": 1763097724.601148,
    "time_end_1": 1763097725.8249469,
    "time_total_1": 1.2237989902496338,
    "time_start_2": 63935.116668583,
    "time_end_2": 63936.340460833,
    "time_total_2": 1.2237922499989509,
    "time_start_3": 63935116668625,
    "time_end_3": 63936340461000,
    "time_total_3": 1.223792375
}