{
    "function_method_name": "extract_text_to_file_from_any_document",
    "time_start_1": 1763189172.95564,
    "time_end_1": 1763189174.1615272,
    "time_total_1": 1.2058870792388916,
    "time_start_2": 155383.295566041,
    "time_end_2": 155384.501459083,
    "time_total_2": 1.2058930420025717,
    "time_start_3": 155383295566083,
    "time_end_3": 155384501459291,
    "time_total_3": 1.205893208
}