{
    "function_method_name": "extract_text_to_file_from_any_document",
    "time_start_1": 1763067641.0639071,
    "time_end_1": 1763067642.283205,
    "time_total_1": 1.2192978858947754,
    "time_start_2": 33851.61214175,
    "time_end_2": 33852.831432583,
    "time_total_2": 1.2192908329961938,
    "time_start_3": 33851612141833,
    "time_end_3": 33852831432833,
    "time_total_3": 1.219291
}