{
    "function_method_name": "extract_text_to_file_from_any_document",
    "time_start_1": 1763131510.718236,
    "time_end_1": 1763131511.930732,
    "time_total_1": 1.212496042251587,
    "time_start_2": 97721.127573708,
    "time_end_2": 97722.34006875,
    "time_total_2": 1.2124950419965899,
    "time_start_3": 97721127573708,
    "time_end_3": 97722340068875,
    "time_total_3": 1.212495167
}