{
    "function_method_name": "extract_images_from_pdf_to_files",
    "time_start_1": 1770302578.22931,
    "time_end_1": 1770302578.230867,
    "time_total_1": 0.0015568733215332031,
    "time_start_2": 3902010.671913666,
    "time_end_2": 3902010.67347075,
    "time_total_2": 0.0015570838004350662,
    "time_start_3": 3902010671913708,
    "time_end_3": 3902010673470833,
    "time_total_3": 0.001557125
}