{
    "function_method_name": "extract_images_from_pdf_to_files",
    "time_start_1": 1770306083.56556,
    "time_end_1": 1770306083.567123,
    "time_total_1": 0.0015628337860107422,
    "time_start_2": 3905516.009243791,
    "time_end_2": 3905516.010806791,
    "time_total_2": 0.001563000027090311,
    "time_start_3": 3905516009243875,
    "time_end_3": 3905516010806833,
    "time_total_3": 0.001562958
}