{
    "function_method_name": "extract_images_from_pdf_to_files",
    "time_start_1": 1770305393.647424,
    "time_end_1": 1770305393.649068,
    "time_total_1": 0.001644134521484375,
    "time_start_2": 3904826.090950833,
    "time_end_2": 3904826.092594166,
    "time_total_2": 0.001643332652747631,
    "time_start_3": 3904826090950916,
    "time_end_3": 3904826092594250,
    "time_total_3": 0.001643334
}