{
    "function_method_name": "extract_images_from_pdf_to_files",
    "time_start_1": 1770513388.950681,
    "time_end_1": 1770513388.952349,
    "time_total_1": 0.0016679763793945312,
    "time_start_2": 4096383.065617625,
    "time_end_2": 4096383.067285625,
    "time_total_2": 0.0016679996624588966,
    "time_start_3": 4096383065617708,
    "time_end_3": 4096383067285708,
    "time_total_3": 0.001668
}