{
    "function_method_name": "extract_images_from_pdf_to_files",
    "time_start_1": 1770304854.3340118,
    "time_end_1": 1770304854.335588,
    "time_total_1": 0.0015761852264404297,
    "time_start_2": 3904286.777423333,
    "time_end_2": 3904286.778999625,
    "time_total_2": 0.0015762918628752232,
    "time_start_3": 3904286777423416,
    "time_end_3": 3904286778999750,
    "time_total_3": 0.001576334
}