{
    "function_method_name": "extract_images_from_pdf_to_files",
    "time_start_1": 1770570866.204572,
    "time_end_1": 1770570866.206182,
    "time_total_1": 0.0016100406646728516,
    "time_start_2": 4153860.332971,
    "time_end_2": 4153860.334580916,
    "time_total_2": 0.001609915867447853,
    "time_start_3": 4153860332971041,
    "time_end_3": 4153860334581000,
    "time_total_3": 0.001609959
}