{
    "function_method_name": "extract_images_from_pdf_to_files",
    "time_start_1": 1770512449.000957,
    "time_end_1": 1770512449.002604,
    "time_total_1": 0.0016469955444335938,
    "time_start_2": 4095443.118171041,
    "time_end_2": 4095443.119817958,
    "time_total_2": 0.001646917313337326,
    "time_start_3": 4095443118171125,
    "time_end_3": 4095443119818041,
    "time_total_3": 0.001646916
}