{
    "function_method_name": "extract_images_from_pdf_to_files",
    "time_start_1": 1770306256.519283,
    "time_end_1": 1770306256.520873,
    "time_total_1": 0.0015900135040283203,
    "time_start_2": 3905688.963007708,
    "time_end_2": 3905688.964597875,
    "time_total_2": 0.0015901667065918446,
    "time_start_3": 3905688963007791,
    "time_end_3": 3905688964597958,
    "time_total_3": 0.001590167
}