{
    "function_method_name": "extract_images_from_pdf_to_files",
    "time_start_1": 1770516637.7157,
    "time_end_1": 1770516637.717294,
    "time_total_1": 0.0015940666198730469,
    "time_start_2": 4099631.827000125,
    "time_end_2": 4099631.828594541,
    "time_total_2": 0.001594416331499815,
    "time_start_3": 4099631827000208,
    "time_end_3": 4099631828594583,
    "time_total_3": 0.001594375
}