{
    "function_method_name": "extract_images_from_pdf_to_files",
    "time_start_1": 1770306040.5879638,
    "time_end_1": 1770306040.5894332,
    "time_total_1": 0.0014693737030029297,
    "time_start_2": 3905473.031637583,
    "time_end_2": 3905473.033105833,
    "time_total_2": 0.0014682500623166561,
    "time_start_3": 3905473031637666,
    "time_end_3": 3905473033105916,
    "time_total_3": 0.00146825
}