{
    "function_method_name": "extract_images_from_pdf_to_files",
    "time_start_1": 1770306536.965281,
    "time_end_1": 1770306536.966909,
    "time_total_1": 0.0016279220581054688,
    "time_start_2": 3905969.408787708,
    "time_end_2": 3905969.410415875,
    "time_total_2": 0.0016281669959425926,
    "time_start_3": 3905969408787833,
    "time_end_3": 3905969410415958,
    "time_total_3": 0.001628125
}