{
    "function_method_name": "extract_images_from_pdf_to_files",
    "time_start_1": 1770513709.592635,
    "time_end_1": 1770513709.594166,
    "time_total_1": 0.0015311241149902344,
    "time_start_2": 4096703.706916125,
    "time_end_2": 4096703.7084465,
    "time_total_2": 0.0015303748659789562,
    "time_start_3": 4096703706916208,
    "time_end_3": 4096703708446583,
    "time_total_3": 0.001530375
}