{
    "function_method_name": "extract_images_from_pdf_to_files",
    "time_start_1": 1770515141.4353511,
    "time_end_1": 1770515141.436939,
    "time_total_1": 0.0015878677368164062,
    "time_start_2": 4098135.545851625,
    "time_end_2": 4098135.547439416,
    "time_total_2": 0.0015877909027040005,
    "time_start_3": 4098135545851708,
    "time_end_3": 4098135547439500,
    "time_total_3": 0.001587792
}