{
    "function_method_name": "extract_images_from_pdf_to_files",
    "time_start_1": 1770512726.381423,
    "time_end_1": 1770512726.3830972,
    "time_total_1": 0.0016741752624511719,
    "time_start_2": 4095720.497873166,
    "time_end_2": 4095720.499547208,
    "time_total_2": 0.0016740420833230019,
    "time_start_3": 4095720497873250,
    "time_end_3": 4095720499547291,
    "time_total_3": 0.001674041
}