{
    "function_method_name": "extract_images_from_pdf_to_files",
    "time_start_1": 1770302966.972283,
    "time_end_1": 1770302966.9738822,
    "time_total_1": 0.0015993118286132812,
    "time_start_2": 3902399.4149505,
    "time_end_2": 3902399.416549333,
    "time_total_2": 0.001598833128809929,
    "time_start_3": 3902399414950583,
    "time_end_3": 3902399416549416,
    "time_total_3": 0.001598833
}