{
    "function_method_name": "extract_images_from_pdf_to_files",
    "time_start_1": 1770305113.166991,
    "time_end_1": 1770305113.168559,
    "time_total_1": 0.0015680789947509766,
    "time_start_2": 3904545.610464625,
    "time_end_2": 3904545.612033125,
    "time_total_2": 0.0015684999525547028,
    "time_start_3": 3904545610464708,
    "time_end_3": 3904545612033208,
    "time_total_3": 0.0015685
}