{
    "function_method_name": "extract_images_from_pdf_to_files",
    "time_start_1": 1770512213.733204,
    "time_end_1": 1770512213.734771,
    "time_total_1": 0.0015671253204345703,
    "time_start_2": 4095207.851044958,
    "time_end_2": 4095207.852612083,
    "time_total_2": 0.001567124854773283,
    "time_start_3": 4095207851045041,
    "time_end_3": 4095207852612166,
    "time_total_3": 0.001567125
}