{
    "function_method_name": "extract_images_from_pdf_to_files",
    "time_start_1": 1770304179.4545898,
    "time_end_1": 1770304179.45615,
    "time_total_1": 0.001560211181640625,
    "time_start_2": 3903611.89781775,
    "time_end_2": 3903611.899377458,
    "time_total_2": 0.0015597078017890453,
    "time_start_3": 3903611897817833,
    "time_end_3": 3903611899377500,
    "time_total_3": 0.001559667
}