{
    "function_method_name": "extract_images_from_pdf_to_files",
    "time_start_1": 1770568177.8679261,
    "time_end_1": 1770568177.869514,
    "time_total_1": 0.0015878677368164062,
    "time_start_2": 4151172.004999333,
    "time_end_2": 4151172.006587916,
    "time_total_2": 0.001588582992553711,
    "time_start_3": 4151172004999416,
    "time_end_3": 4151172006588000,
    "time_total_3": 0.001588584
}