{
    "function_method_name": "extract_images_from_pdf_to_files",
    "time_start_1": 1770516124.930481,
    "time_end_1": 1770516124.932066,
    "time_total_1": 0.0015850067138671875,
    "time_start_2": 4099119.042713875,
    "time_end_2": 4099119.044298833,
    "time_total_2": 0.0015849578194320202,
    "time_start_3": 4099119042713916,
    "time_end_3": 4099119044298875,
    "time_total_3": 0.001584959
}