{
    "function_method_name": "extract_images_from_pdf_to_files",
    "time_start_1": 1770302664.712325,
    "time_end_1": 1770302664.713888,
    "time_total_1": 0.0015628337860107422,
    "time_start_2": 3902097.154942916,
    "time_end_2": 3902097.156506208,
    "time_total_2": 0.001563291996717453,
    "time_start_3": 3902097154943000,
    "time_end_3": 3902097156506291,
    "time_total_3": 0.001563291
}