{
    "function_method_name": "extract_images_from_pdf_to_files",
    "time_start_1": 1770305976.1120481,
    "time_end_1": 1770305976.113622,
    "time_total_1": 0.001573801040649414,
    "time_start_2": 3905408.555705791,
    "time_end_2": 3905408.557279333,
    "time_total_2": 0.001573542132973671,
    "time_start_3": 3905408555705833,
    "time_end_3": 3905408557279375,
    "time_total_3": 0.001573542
}