{
    "function_method_name": "extract_images_from_pdf_to_files",
    "time_start_1": 1771005833.057342,
    "time_end_1": 1771005833.058444,
    "time_total_1": 0.0011019706726074219,
    "time_start_2": 32186.568602666,
    "time_end_2": 32186.569705041,
    "time_total_2": 0.0011023750012100209,
    "time_start_3": 32186568602666,
    "time_end_3": 32186569705125,
    "time_total_3": 0.001102459
}