{
    "function_method_name": "extract_images_from_pdf_to_files",
    "time_start_1": 1770570844.1939478,
    "time_end_1": 1770570844.195595,
    "time_total_1": 0.0016472339630126953,
    "time_start_2": 4153838.322405166,
    "time_end_2": 4153838.324051791,
    "time_total_2": 0.0016466248780488968,
    "time_start_3": 4153838322405291,
    "time_end_3": 4153838324051875,
    "time_total_3": 0.001646584
}