{
    "function_method_name": "extract_images_from_pdf_to_files",
    "time_start_1": 1770515739.939465,
    "time_end_1": 1770515739.940994,
    "time_total_1": 0.0015289783477783203,
    "time_start_2": 4098734.048387083,
    "time_end_2": 4098734.049915458,
    "time_total_2": 0.0015283748507499695,
    "time_start_3": 4098734048387166,
    "time_end_3": 4098734049915541,
    "time_total_3": 0.001528375
}