{
    "function_method_name": "extract_images_from_pdf_to_files",
    "time_start_1": 1770512277.676244,
    "time_end_1": 1770512277.67781,
    "time_total_1": 0.0015659332275390625,
    "time_start_2": 4095271.793927166,
    "time_end_2": 4095271.7954935,
    "time_total_2": 0.0015663336962461472,
    "time_start_3": 4095271793927250,
    "time_end_3": 4095271795493541,
    "time_total_3": 0.001566291
}