{
    "function_method_name": "extract_images_from_pdf_to_files",
    "time_start_1": 1770306709.0606441,
    "time_end_1": 1770306709.0622451,
    "time_total_1": 0.0016009807586669922,
    "time_start_2": 3906141.504181875,
    "time_end_2": 3906141.505782833,
    "time_total_2": 0.001600957941263914,
    "time_start_3": 3906141504181958,
    "time_end_3": 3906141505783000,
    "time_total_3": 0.001601042
}