{
    "function_method_name": "extract_images_from_pdf_to_files",
    "time_start_1": 1770571521.11569,
    "time_end_1": 1770571521.1172202,
    "time_total_1": 0.0015301704406738281,
    "time_start_2": 4154515.244867833,
    "time_end_2": 4154515.246397416,
    "time_total_2": 0.001529583241790533,
    "time_start_3": 4154515244867916,
    "time_end_3": 4154515246397500,
    "time_total_3": 0.001529584
}