{
    "function_method_name": "extract_images_from_pdf_to_files",
    "time_start_1": 1771004420.2058399,
    "time_end_1": 1771004420.206908,
    "time_total_1": 0.001068115234375,
    "time_start_2": 30773.717209583,
    "time_end_2": 30773.718277375,
    "time_total_2": 0.00106779199995799,
    "time_start_3": 30773717209625,
    "time_end_3": 30773718277458,
    "time_total_3": 0.001067833
}