{
    "function_method_name": "extract_images_from_pdf_to_files",
    "time_start_1": 1770305177.706451,
    "time_end_1": 1770305177.70812,
    "time_total_1": 0.001669168472290039,
    "time_start_2": 3904610.149940125,
    "time_end_2": 3904610.151609625,
    "time_total_2": 0.0016695000231266022,
    "time_start_3": 3904610149940250,
    "time_end_3": 3904610151609750,
    "time_total_3": 0.0016695
}