{
    "function_method_name": "extract_images_from_pdf_to_files",
    "time_start_1": 1771004637.178221,
    "time_end_1": 1771004637.179439,
    "time_total_1": 0.0012180805206298828,
    "time_start_2": 30990.691288083,
    "time_end_2": 30990.692506125,
    "time_total_2": 0.0012180420017102733,
    "time_start_3": 30990691288125,
    "time_end_3": 30990692506166,
    "time_total_3": 0.001218041
}