{
    "function_method_name": "extract_images_from_pdf_to_files",
    "time_start_1": 1770515269.8158,
    "time_end_1": 1770515269.8173718,
    "time_total_1": 0.0015718936920166016,
    "time_start_2": 4098263.92596125,
    "time_end_2": 4098263.9275335,
    "time_total_2": 0.001572249922901392,
    "time_start_3": 4098263925961291,
    "time_end_3": 4098263927533541,
    "time_total_3": 0.00157225
}