{
    "function_method_name": "extract_images_from_pdf_to_files",
    "time_start_1": 1770515953.859147,
    "time_end_1": 1770515953.860804,
    "time_total_1": 0.0016570091247558594,
    "time_start_2": 4098947.97167425,
    "time_end_2": 4098947.973331791,
    "time_total_2": 0.0016575409099459648,
    "time_start_3": 4098947971674291,
    "time_end_3": 4098947973331833,
    "time_total_3": 0.001657542
}