{
    "function_method_name": "extract_images_from_pdf_to_files",
    "time_start_1": 1771005510.4265542,
    "time_end_1": 1771005510.4276311,
    "time_total_1": 0.0010769367218017578,
    "time_start_2": 31863.938399333,
    "time_end_2": 31863.939475708,
    "time_total_2": 0.0010763749996840488,
    "time_start_3": 31863938399375,
    "time_end_3": 31863939475791,
    "time_total_3": 0.001076416
}