{
    "function_method_name": "extract_images_from_pdf_to_files",
    "time_start_1": 1771005848.368276,
    "time_end_1": 1771005848.369379,
    "time_total_1": 0.0011031627655029297,
    "time_start_2": 32201.879510083,
    "time_end_2": 32201.880613125,
    "time_total_2": 0.0011030419991584495,
    "time_start_3": 32201879510166,
    "time_end_3": 32201880613166,
    "time_total_3": 0.001103
}