{
    "function_method_name": "extract_images_from_pdf_to_files",
    "time_start_1": 1770571935.508671,
    "time_end_1": 1770571935.510199,
    "time_total_1": 0.001528024673461914,
    "time_start_2": 4154929.63695575,
    "time_end_2": 4154929.638483875,
    "time_total_2": 0.0015281247906386852,
    "time_start_3": 4154929636955791,
    "time_end_3": 4154929638483916,
    "time_total_3": 0.001528125
}