{
    "function_method_name": "extract_images_from_pdf_to_files",
    "time_start_1": 1770513047.171838,
    "time_end_1": 1770513047.173483,
    "time_total_1": 0.0016448497772216797,
    "time_start_2": 4096041.287364375,
    "time_end_2": 4096041.289008541,
    "time_total_2": 0.001644166186451912,
    "time_start_3": 4096041287364458,
    "time_end_3": 4096041289008583,
    "time_total_3": 0.001644125
}