{
    "function_method_name": "extract_images_from_pdf_to_files",
    "time_start_1": 1770567871.7545788,
    "time_end_1": 1770567871.756234,
    "time_total_1": 0.0016551017761230469,
    "time_start_2": 4150865.892330625,
    "time_end_2": 4150865.893985583,
    "time_total_2": 0.0016549578867852688,
    "time_start_3": 4150865892330750,
    "time_end_3": 4150865893985666,
    "time_total_3": 0.001654916
}