{
    "function_method_name": "extract_images_from_pdf_to_files",
    "time_start_1": 1770571303.0276248,
    "time_end_1": 1770571303.029131,
    "time_total_1": 0.0015060901641845703,
    "time_start_2": 4154297.157272458,
    "time_end_2": 4154297.158777833,
    "time_total_2": 0.0015053749084472656,
    "time_start_3": 4154297157272500,
    "time_end_3": 4154297158777916,
    "time_total_3": 0.001505416
}