{
    "function_method_name": "extract_images_from_pdf_to_files",
    "time_start_1": 1770568243.5540931,
    "time_end_1": 1770568243.555702,
    "time_total_1": 0.0016088485717773438,
    "time_start_2": 4151237.691023708,
    "time_end_2": 4151237.692632625,
    "time_total_2": 0.001608917023986578,
    "time_start_3": 4151237691023750,
    "time_end_3": 4151237692632708,
    "time_total_3": 0.001608958
}