{
    "function_method_name": "extract_images_from_pdf_to_files",
    "time_start_1": 1770568331.173829,
    "time_end_1": 1770568331.175482,
    "time_total_1": 0.0016529560089111328,
    "time_start_2": 4151325.3105735,
    "time_end_2": 4151325.312226458,
    "time_total_2": 0.001652957871556282,
    "time_start_3": 4151325310573583,
    "time_end_3": 4151325312226541,
    "time_total_3": 0.001652958
}