{
    "function_method_name": "extract_images_from_pdf_to_files",
    "time_start_1": 1770516231.441625,
    "time_end_1": 1770516231.443249,
    "time_total_1": 0.0016238689422607422,
    "time_start_2": 4099225.553670791,
    "time_end_2": 4099225.555294541,
    "time_total_2": 0.0016237501986324787,
    "time_start_3": 4099225553670875,
    "time_end_3": 4099225555294625,
    "time_total_3": 0.00162375
}