{
    "function_method_name": "extract_images_from_pdf_to_files",
    "time_start_1": 1770515889.861009,
    "time_end_1": 1770515889.862593,
    "time_total_1": 0.0015840530395507812,
    "time_start_2": 4098883.97331925,
    "time_end_2": 4098883.974904208,
    "time_total_2": 0.0015849578194320202,
    "time_start_3": 4098883973319333,
    "time_end_3": 4098883974904250,
    "time_total_3": 0.001584917
}