{
    "function_method_name": "extract_images_from_pdf_to_files",
    "time_start_1": 1770304459.282975,
    "time_end_1": 1770304459.284566,
    "time_total_1": 0.0015909671783447266,
    "time_start_2": 3903891.726269583,
    "time_end_2": 3903891.727860833,
    "time_total_2": 0.0015912498347461224,
    "time_start_3": 3903891726269625,
    "time_end_3": 3903891727860916,
    "time_total_3": 0.001591291
}