{
    "function_method_name": "extract_images_from_pdf_to_files",
    "time_start_1": 1770304136.4143481,
    "time_end_1": 1770304136.415947,
    "time_total_1": 0.0015988349914550781,
    "time_start_2": 3903568.857565583,
    "time_end_2": 3903568.859164208,
    "time_total_2": 0.0015986249782145023,
    "time_start_3": 3903568857565708,
    "time_end_3": 3903568859164291,
    "time_total_3": 0.001598583
}