{
    "function_method_name": "extract_images_from_pdf_to_files",
    "time_start_1": 1770513111.529342,
    "time_end_1": 1770513111.530924,
    "time_total_1": 0.0015821456909179688,
    "time_start_2": 4096105.644690625,
    "time_end_2": 4096105.646272416,
    "time_total_2": 0.0015817913226783276,
    "time_start_3": 4096105644690708,
    "time_end_3": 4096105646272500,
    "time_total_3": 0.001581792
}