{
    "function_method_name": "extract_images_from_pdf_to_files",
    "time_start_1": 1771004974.346869,
    "time_end_1": 1771004974.348489,
    "time_total_1": 0.0016200542449951172,
    "time_start_2": 31327.859706291,
    "time_end_2": 31327.861326208,
    "time_total_2": 0.0016199169986066408,
    "time_start_3": 31327859706375,
    "time_end_3": 31327861326250,
    "time_total_3": 0.001619875
}