{
    "function_method_name": "extract_images_from_pdf_to_files",
    "time_start_1": 1770516082.185123,
    "time_end_1": 1770516082.186678,
    "time_total_1": 0.0015549659729003906,
    "time_start_2": 4099076.297431166,
    "time_end_2": 4099076.29898625,
    "time_total_2": 0.0015550842508673668,
    "time_start_3": 4099076297431250,
    "time_end_3": 4099076298986375,
    "time_total_3": 0.001555125
}