{
    "function_method_name": "extract_images_from_pdf_to_files",
    "time_start_1": 1770511765.229089,
    "time_end_1": 1770511765.2306151,
    "time_total_1": 0.0015261173248291016,
    "time_start_2": 4094759.348165541,
    "time_end_2": 4094759.349691125,
    "time_total_2": 0.0015255841426551342,
    "time_start_3": 4094759348165666,
    "time_end_3": 4094759349691208,
    "time_total_3": 0.001525542
}