{
    "function_method_name": "extract_images_from_pdf_to_files",
    "time_start_1": 1770304437.744192,
    "time_end_1": 1770304437.745839,
    "time_total_1": 0.0016472339630126953,
    "time_start_2": 3903870.187481291,
    "time_end_2": 3903870.189129125,
    "time_total_2": 0.0016478337347507477,
    "time_start_3": 3903870187481375,
    "time_end_3": 3903870189129166,
    "time_total_3": 0.001647791
}