{
    "function_method_name": "extract_images_from_pdf_to_files",
    "time_start_1": 1771005555.8316832,
    "time_end_1": 1771005555.832784,
    "time_total_1": 0.001100778579711914,
    "time_start_2": 31909.343437916,
    "time_end_2": 31909.344538458,
    "time_total_2": 0.0011005420019500889,
    "time_start_3": 31909343438000,
    "time_end_3": 31909344538541,
    "time_total_3": 0.001100541
}