{
    "function_method_name": "extract_images_from_pdf_to_files",
    "time_start_1": 1770569030.155668,
    "time_end_1": 1770569030.157274,
    "time_total_1": 0.001605987548828125,
    "time_start_2": 4152024.290422541,
    "time_end_2": 4152024.292028666,
    "time_total_2": 0.0016061249189078808,
    "time_start_3": 4152024290422625,
    "time_end_3": 4152024292028708,
    "time_total_3": 0.001606083
}