{
    "function_method_name": "extract_text_to_file_from_any_document",
    "time_start_1": 1764500762.3160949,
    "time_end_1": 1764500763.6955898,
    "time_total_1": 1.3794949054718018,
    "time_start_2": 1436244.307547,
    "time_end_2": 1436245.687037458,
    "time_total_2": 1.3794904579408467,
    "time_start_3": 1436244307547041,
    "time_end_3": 1436245687037666,
    "time_total_3": 1.379490625
}