{
    "function_method_name": "extract_tables_to_files_from_pdf_document",
    "time_start_1": 1769313705.963957,
    "time_end_1": 1769313708.512359,
    "time_total_1": 2.5484018325805664,
    "time_start_2": 2917934.993334958,
    "time_end_2": 2917937.541730166,
    "time_total_2": 2.548395208083093,
    "time_start_3": 2917934993335041,
    "time_end_3": 2917937541730291,
    "time_total_3": 2.54839525
}