{
    "function_method_name": "extract_tables_to_files_from_pdf_document",
    "time_start_1": 1769340148.547286,
    "time_end_1": 1769340151.1442099,
    "time_total_1": 2.596923828125,
    "time_start_2": 2944377.508609541,
    "time_end_2": 2944380.105527208,
    "time_total_2": 2.5969176669605076,
    "time_start_3": 2944377508609625,
    "time_end_3": 2944380105527291,
    "time_total_3": 2.596917666
}