{
    "function_method_name": "extract_tables_to_files_from_pdf_document",
    "time_start_1": 1769614259.558646,
    "time_end_1": 1769614262.1617038,
    "time_total_1": 2.603057861328125,
    "time_start_2": 3213691.526919041,
    "time_end_2": 3213694.129968,
    "time_total_2": 2.6030489592812955,
    "time_start_3": 3213691526919125,
    "time_end_3": 3213694129968250,
    "time_total_3": 2.603049125
}