{
    "function_method_name": "extract_tables_to_files_from_pdf_document",
    "time_start_1": 1769338474.315367,
    "time_end_1": 1769338476.901879,
    "time_total_1": 2.5865120887756348,
    "time_start_2": 2942703.284328958,
    "time_end_2": 2942705.870836708,
    "time_total_2": 2.586507750209421,
    "time_start_3": 2942703284329041,
    "time_end_3": 2942705870837000,
    "time_total_3": 2.586507959
}