{
    "function_method_name": "extract_tables_to_files_from_pdf_document",
    "time_start_1": 1769408690.89504,
    "time_end_1": 1769408693.475469,
    "time_total_1": 2.5804290771484375,
    "time_start_2": 3012919.782790041,
    "time_end_2": 3012922.363216208,
    "time_total_2": 2.580426166765392,
    "time_start_3": 3012919782790166,
    "time_end_3": 3012922363216500,
    "time_total_3": 2.580426334
}