{
    "function_method_name": "extract_tables_to_files_from_pdf_document",
    "time_start_1": 1769336797.712379,
    "time_end_1": 1769336800.252873,
    "time_total_1": 2.540493965148926,
    "time_start_2": 2941026.680286166,
    "time_end_2": 2941029.220773375,
    "time_total_2": 2.5404872093349695,
    "time_start_3": 2941026680286208,
    "time_end_3": 2941029220773583,
    "time_total_3": 2.540487375
}