{
    "function_method_name": "extract_markdown_to_file_from_any_document_complex",
    "num_pages": 1,
    "time_start_1": 1770498791.979077,
    "time_end_1": 1770498797.022572,
    "time_total_1": 5.043494939804077,
    "pages_per_second_1": 0.19827520636688625,
    "time_start_2": 4081786.128483833,
    "time_end_2": 4081791.171977958,
    "time_total_2": 5.043494125362486,
    "pages_per_second_2": 0.19827523838508052,
    "time_start_3": 4081786128483875,
    "time_end_3": 4081791171978083,
    "time_total_3": 5.043494208,
    "pages_per_second_3": 0.19827523513634615
}