{
    "function_method_name": "extract_markdown_to_file_from_any_document_complex",
    "num_pages": 1,
    "time_start_1": 1770550220.035978,
    "time_end_1": 1770550225.085293,
    "time_total_1": 5.049314975738525,
    "pages_per_second_1": 0.19804666668744259,
    "time_start_2": 4133214.228175541,
    "time_end_2": 4133219.277508041,
    "time_total_2": 5.049332499969751,
    "pages_per_second_2": 0.19804597934598103,
    "time_start_3": 4133214228175583,
    "time_end_3": 4133219277508166,
    "time_total_3": 5.049332583,
    "pages_per_second_3": 0.1980459760893512
}