{
    "function_method_name": "extract_markdown_to_file_from_any_document",
    "num_pages": 1,
    "time_start_1": 1770498787.318673,
    "time_end_1": 1770498791.978134,
    "time_total_1": 4.65946102142334,
    "pages_per_second_1": 0.21461709742869078,
    "time_start_2": 4081781.468081458,
    "time_end_2": 4081786.127541875,
    "time_total_2": 4.659460416994989,
    "pages_per_second_2": 0.21461712526896556,
    "time_start_3": 4081781468081541,
    "time_end_3": 4081786127542000,
    "time_total_3": 4.659460459,
    "pages_per_second_3": 0.21461712333419333
}