{
    "function_method_name": "extract_markdown_to_file_from_any_document_complex",
    "num_pages": 1,
    "time_start_1": 1770412175.365066,
    "time_end_1": 1770412180.670709,
    "time_total_1": 5.30564284324646,
    "pages_per_second_1": 0.18847857451861796,
    "time_start_2": 3995169.596018541,
    "time_end_2": 3995174.901669458,
    "time_total_2": 5.305650916881859,
    "pages_per_second_2": 0.18847828770983333,
    "time_start_3": 3995169596018583,
    "time_end_3": 3995174901669583,
    "time_total_3": 5.305651,
    "pages_per_second_3": 0.18847828475713913
}