{
    "function_method_name": "extract_tables_to_files_from_pdf_document",
    "time_start_1": 1769624815.7765172,
    "time_end_1": 1769624816.268794,
    "time_total_1": 0.4922769069671631,
    "time_start_2": 3224247.713109833,
    "time_end_2": 3224248.205384791,
    "time_total_2": 0.4922749577090144,
    "time_start_3": 3224247713109916,
    "time_end_3": 3224248205385000,
    "time_total_3": 0.492275084
}