{
    "function_method_name": "extract_tables_to_files_from_pdf_document",
    "time_start_1": 1769338222.9327512,
    "time_end_1": 1769338223.421603,
    "time_total_1": 0.48885178565979004,
    "time_start_2": 2942451.90212625,
    "time_end_2": 2942452.39097775,
    "time_total_2": 0.4888515002094209,
    "time_start_3": 2942451902126291,
    "time_end_3": 2942452390978000,
    "time_total_3": 0.488851709
}