{
    "function_method_name": "extract_text_to_file_from_any_document",
    "time_start_1": 1763166551.886443,
    "time_end_1": 1763166552.789323,
    "time_total_1": 0.9028801918029785,
    "time_start_2": 132762.212696791,
    "time_end_2": 132763.115570833,
    "time_total_2": 0.9028740420180839,
    "time_start_3": 132762212696833,
    "time_end_3": 132763115570916,
    "time_total_3": 0.902874083
}