{
    "function_method_name": "extract_text_to_file_from_any_document",
    "time_start_1": 1763194113.647694,
    "time_end_1": 1763194114.5367281,
    "time_total_1": 0.8890340328216553,
    "time_start_2": 160323.978796333,
    "time_end_2": 160324.867832625,
    "time_total_2": 0.8890362920064945,
    "time_start_3": 160323978796416,
    "time_end_3": 160324867832916,
    "time_total_3": 0.8890365
}