{
    "function_method_name": "extract_text_to_file_from_any_document",
    "time_start_1": 1763199060.8891861,
    "time_end_1": 1763199061.790532,
    "time_total_1": 0.90134596824646,
    "time_start_2": 165271.184116708,
    "time_end_2": 165272.08546225,
    "time_total_2": 0.9013455419917591,
    "time_start_3": 165271184116791,
    "time_end_3": 165272085462458,
    "time_total_3": 0.901345667
}