{
    "function_method_name": "extract_text_to_file_from_any_document",
    "time_start_1": 1763230351.995659,
    "time_end_1": 1763230352.652617,
    "time_total_1": 0.6569578647613525,
    "time_start_2": 196562.195657208,
    "time_end_2": 196562.852615958,
    "time_total_2": 0.6569587499834597,
    "time_start_3": 196562195657250,
    "time_end_3": 196562852616041,
    "time_total_3": 0.656958791
}