{
    "function_method_name": "extract_text_to_file_from_any_document",
    "time_start_1": 1763164082.183445,
    "time_end_1": 1763164083.082293,
    "time_total_1": 0.8988480567932129,
    "time_start_2": 130292.527514708,
    "time_end_2": 130293.4263565,
    "time_total_2": 0.8988417920045322,
    "time_start_3": 130292527514750,
    "time_end_3": 130293426356666,
    "time_total_3": 0.898841916
}