{
    "function_method_name": "extract_text_to_file_from_any_document",
    "time_start_1": 1763208924.636672,
    "time_end_1": 1763208925.28261,
    "time_total_1": 0.6459379196166992,
    "time_start_2": 175134.934812333,
    "time_end_2": 175135.580752375,
    "time_total_2": 0.6459400420135353,
    "time_start_3": 175134934812375,
    "time_end_3": 175135580752666,
    "time_total_3": 0.645940291
}