{
    "function_method_name": "extract_text_to_file_from_any_document",
    "time_start_1": 1763101385.1786351,
    "time_end_1": 1763101386.070539,
    "time_total_1": 0.8919038772583008,
    "time_start_2": 67595.715177291,
    "time_end_2": 67596.607081791,
    "time_total_2": 0.8919044999929611,
    "time_start_3": 67595715177333,
    "time_end_3": 67596607082000,
    "time_total_3": 0.891904667
}