{
    "function_method_name": "extract_text_to_file_from_any_document",
    "time_start_1": 1763134004.753737,
    "time_end_1": 1763134005.6618009,
    "time_total_1": 0.9080638885498047,
    "time_start_2": 100215.223359166,
    "time_end_2": 100216.131430291,
    "time_total_2": 0.908071124998969,
    "time_start_3": 100215223359208,
    "time_end_3": 100216131430541,
    "time_total_3": 0.908071333
}