{
    "function_method_name": "extract_text_to_file_from_any_document",
    "time_start_1": 1765462095.2399528,
    "time_end_1": 1765462096.147871,
    "time_total_1": 0.9079182147979736,
    "time_start_2": 2371118.024325208,
    "time_end_2": 2371118.932242166,
    "time_total_2": 0.9079169579781592,
    "time_start_3": 2371118024325291,
    "time_end_3": 2371118932242375,
    "time_total_3": 0.907917084
}