{
    "function_method_name": "extract_text_to_file_from_any_document",
    "time_start_1": 1771940662.155963,
    "time_end_1": 1771940662.207244,
    "time_total_1": 0.051280975341796875,
    "time_start_2": 149564.524295041,
    "time_end_2": 149564.575577041,
    "time_total_2": 0.051282000000355765,
    "time_start_3": 149564524295083,
    "time_end_3": 149564575577166,
    "time_total_3": 0.051282083
}