{
    "function_method_name": "extract_tables_to_files_from_pdf_document",
    "time_start_1": 1769323177.515934,
    "time_end_1": 1769323177.859639,
    "time_total_1": 0.3437049388885498,
    "time_start_2": 2927406.52130525,
    "time_end_2": 2927406.865009833,
    "time_total_2": 0.3437045831233263,
    "time_start_3": 2927406521305333,
    "time_end_3": 2927406865009916,
    "time_total_3": 0.343704583
}