{
    "function_method_name": "extract_text_to_file_from_any_document",
    "time_start_1": 1771573559.7431512,
    "time_end_1": 1771573580.03055,
    "time_total_1": 20.28739881515503,
    "time_start_2": 40619.397421125,
    "time_end_2": 40639.684731875,
    "time_total_2": 20.28731074999814,
    "time_start_3": 40619397421166,
    "time_end_3": 40639684732083,
    "time_total_3": 20.287310917
}