{
    "function_method_name": "extract_text_to_file_from_any_document",
    "time_start_1": 1772653277.185836,
    "time_end_1": 1772653278.107195,
    "time_total_1": 0.9213588237762451,
    "time_start_2": 841007.592992458,
    "time_end_2": 841008.514348333,
    "time_total_2": 0.9213558749761432,
    "time_start_3": 841007592992500,
    "time_end_3": 841008514348541,
    "time_total_3": 0.921356041
}