{
    "function_method_name": "extract_text_to_file_from_any_document",
    "time_start_1": 1772652056.648772,
    "time_end_1": 1772652056.774559,
    "time_total_1": 0.12578701972961426,
    "time_start_2": 839787.060516916,
    "time_end_2": 839787.186303958,
    "time_total_2": 0.12578704196494073,
    "time_start_3": 839787060516958,
    "time_end_3": 839787186304291,
    "time_total_3": 0.125787333
}