{
    "function_method_name": "extract_text_to_file_from_any_document",
    "time_start_1": 1771573537.67512,
    "time_end_1": 1771573555.189873,
    "time_total_1": 17.514752864837646,
    "time_start_2": 40597.32948675,
    "time_end_2": 40614.8441635,
    "time_total_2": 17.514676749997307,
    "time_start_3": 40597329486833,
    "time_end_3": 40614844163666,
    "time_total_3": 17.514676833
}