{
    "function_method_name": "extract_text_to_file_from_any_document",
    "time_start_1": 1771940826.2508328,
    "time_end_1": 1771940826.2520251,
    "time_total_1": 0.001192331314086914,
    "time_start_2": 149728.619189833,
    "time_end_2": 149728.620381833,
    "time_total_2": 0.0011919999960809946,
    "time_start_3": 149728619189833,
    "time_end_3": 149728620381875,
    "time_total_3": 0.001192042
}