{
  "function_method_name": "extract_text_to_file_from_any_document",
  "num_pages": 0,
  "time_start_1": 1773005461.149306,
  "time_end_1": 1773005461.165372,
  "time_total_1": 0.01606583595275879,
  "pages_per_second_1": 0.0,
  "time_start_2": 1165113.661454875,
  "time_end_2": 1165113.677520958,
  "time_total_2": 0.016066082986071706,
  "pages_per_second_2": 0.0,
  "time_start_3": 1165113661454916,
  "time_end_3": 1165113677521041,
  "time_total_3": 0.016066125,
  "pages_per_second_3": 0.0
}