{
    "function_method_name": "extract_tables_to_files_from_pdf_document",
    "time_start_1": 1769285144.467411,
    "time_end_1": 1769285144.643979,
    "time_total_1": 0.17656803131103516,
    "time_start_2": 2889373.594868083,
    "time_end_2": 2889373.771435833,
    "time_total_2": 0.17656775005161762,
    "time_start_3": 2889373594868125,
    "time_end_3": 2889373771435958,
    "time_total_3": 0.176567833
}