{
    "function_method_name": "extract_tables_to_files_from_pdf_document",
    "time_start_1": 1769330278.606303,
    "time_end_1": 1769330278.8389819,
    "time_total_1": 0.23267889022827148,
    "time_start_2": 2934507.592255208,
    "time_end_2": 2934507.8249345,
    "time_total_2": 0.23267929162830114,
    "time_start_3": 2934507592255291,
    "time_end_3": 2934507824934875,
    "time_total_3": 0.232679584
}