{
    "function_method_name": "extract_tables_to_files_from_pdf_document",
    "time_start_1": 1769620334.377679,
    "time_end_1": 1769620334.617514,
    "time_total_1": 0.23983478546142578,
    "time_start_2": 3219766.329411458,
    "time_end_2": 3219766.569245625,
    "time_total_2": 0.23983416659757495,
    "time_start_3": 3219766329411541,
    "time_end_3": 3219766569245833,
    "time_total_3": 0.239834292
}