{
    "function_method_name": "extract_tables_to_files_from_pdf_document",
    "time_start_1": 1765467883.5886238,
    "time_end_1": 1765467886.668285,
    "time_total_1": 3.0796611309051514,
    "time_start_2": 2376906.363358541,
    "time_end_2": 2376909.44301825,
    "time_total_2": 3.079659709241241,
    "time_start_3": 2376906363358625,
    "time_end_3": 2376909443018500,
    "time_total_3": 3.079659875
}