{
    "function_method_name": "extract_tables_to_files_from_pdf_document",
    "time_start_1": 1765512735.664429,
    "time_end_1": 1765512738.101799,
    "time_total_1": 2.4373700618743896,
    "time_start_2": 2421758.332031458,
    "time_end_2": 2421760.769206416,
    "time_total_2": 2.4371749577112496,
    "time_start_3": 2421758332031541,
    "time_end_3": 2421760769206666,
    "time_total_3": 2.437175125
}