{
    "function_method_name": "extract_tables_to_files_from_pdf_document",
    "time_start_1": 1765463918.4666822,
    "time_end_1": 1765463920.81682,
    "time_total_1": 2.350137710571289,
    "time_start_2": 2372941.220143916,
    "time_end_2": 2372943.570264541,
    "time_total_2": 2.3501206249929965,
    "time_start_3": 2372941220144000,
    "time_end_3": 2372943570264708,
    "time_total_3": 2.350120708
}