{
    "function_method_name": "extract_tables_to_files_from_pdf_document",
    "time_start_1": 1765490377.249771,
    "time_end_1": 1765490379.572006,
    "time_total_1": 2.322234869003296,
    "time_start_2": 2399399.914037791,
    "time_end_2": 2399402.236261708,
    "time_total_2": 2.3222239171154797,
    "time_start_3": 2399399914037875,
    "time_end_3": 2399402236261833,
    "time_total_3": 2.322223958
}