{
    "function_method_name": "extract_text_to_file_from_any_document",
    "time_start_1": 1771403049.791199,
    "time_end_1": 1771403049.794315,
    "time_total_1": 0.003116130828857422,
    "time_start_2": 410038.614447,
    "time_end_2": 410038.617562416,
    "time_total_2": 0.0031154159805737436,
    "time_start_3": 410038614447083,
    "time_end_3": 410038617562500,
    "time_total_3": 0.003115417
}