{
    "function_method_name": "extract_text_to_file_from_any_document",
    "time_start_1": 1772652849.233744,
    "time_end_1": 1772652854.0541282,
    "time_total_1": 4.82038426399231,
    "time_start_2": 840579.642512708,
    "time_end_2": 840584.462879083,
    "time_total_2": 4.820366375031881,
    "time_start_3": 840579642512791,
    "time_end_3": 840584462879666,
    "time_total_3": 4.820366875
}