{
    "function_method_name": "extract_markdown_to_file_from_any_document_complex",
    "num_pages": 0,
    "time_start_1": 1772651976.532502,
    "time_end_1": 1772651976.684225,
    "time_total_1": 0.15172314643859863,
    "pages_per_second_1": 0.0,
    "time_start_2": 839706.9445535,
    "time_end_2": 839707.096277083,
    "time_total_2": 0.15172358299605548,
    "pages_per_second_2": 0.0,
    "time_start_3": 839706944553541,
    "time_end_3": 839707096277125,
    "time_total_3": 0.151723584,
    "pages_per_second_3": 0.0
}