{
    "function_method_name": "extract_markdown_to_file_from_any_document",
    "num_pages": 0,
    "time_start_1": 1771573032.615656,
    "time_end_1": 1771573032.763492,
    "time_total_1": 0.14783620834350586,
    "pages_per_second_1": 0.0,
    "time_start_2": 40092.272238041,
    "time_end_2": 40092.420073333,
    "time_total_2": 0.14783529200212797,
    "pages_per_second_2": 0.0,
    "time_start_3": 40092272238125,
    "time_end_3": 40092420073416,
    "time_total_3": 0.147835291,
    "pages_per_second_3": 0.0
}