{
    "function_method_name": "extract_text_to_file_from_any_document",
    "time_start_1": 1772214637.9517598,
    "time_end_1": 1772214638.1661649,
    "time_total_1": 0.21440505981445312,
    "time_start_2": 402368.602121291,
    "time_end_2": 402368.816525875,
    "time_total_2": 0.21440458402503282,
    "time_start_3": 402368602121375,
    "time_end_3": 402368816526000,
    "time_total_3": 0.214404625
}