{
  "function_method_name": "extract_text_to_file_from_any_document",
  "num_pages": 100,
  "time_start_1": 1773176970.321084,
  "time_end_1": 1773176974.310451,
  "time_total_1": 3.9893670082092285,
  "pages_per_second_1": 25.066633326595994,
  "time_start_2": 1317961.287761791,
  "time_end_2": 1317965.277116791,
  "time_total_2": 3.9893550002016127,
  "pages_per_second_2": 25.066708777470602,
  "time_start_3": 1317961287761875,
  "time_end_3": 1317965277117000,
  "time_total_3": 3.989355125,
  "pages_per_second_3": 25.06670799331258
}