{
    "function_method_name": "extract_text_to_file_from_any_document",
    "time_start_1": 1770468383.042047,
    "time_end_1": 1770468386.625016,
    "time_total_1": 3.5829689502716064,
    "time_start_2": 4051377.24636575,
    "time_end_2": 4051380.829330833,
    "time_total_2": 3.5829650829546154,
    "time_start_3": 4051377246366000,
    "time_end_3": 4051380829331125,
    "time_total_3": 3.582965125
}