{
    "function_method_name": "extract_text_to_file_from_any_document",
    "time_start_1": 1770550255.121888,
    "time_end_1": 1770550258.149798,
    "time_total_1": 3.027909994125366,
    "time_start_2": 4133249.314205666,
    "time_end_2": 4133252.34212625,
    "time_total_2": 3.027920583728701,
    "time_start_3": 4133249314205708,
    "time_end_3": 4133252342126458,
    "time_total_3": 3.02792075
}