{
    "function_method_name": "extract_tables_to_files_from_pdf_document",
    "time_start_1": 1765485454.2079418,
    "time_end_1": 1765485454.662818,
    "time_total_1": 0.454876184463501,
    "time_start_2": 2394476.906122625,
    "time_end_2": 2394477.360996625,
    "time_total_2": 0.4548740000464022,
    "time_start_3": 2394476906122750,
    "time_end_3": 2394477360997083,
    "time_total_3": 0.454874333
}