{
    "function_method_name": "extract_tables_to_files_from_pdf_document",
    "time_start_1": 1765465840.088502,
    "time_end_1": 1765465840.478902,
    "time_total_1": 0.3904001712799072,
    "time_start_2": 2374862.867400875,
    "time_end_2": 2374863.257801041,
    "time_total_2": 0.39040016615763307,
    "time_start_3": 2374862867400916,
    "time_end_3": 2374863257801208,
    "time_total_3": 0.390400292
}