{
    "function_method_name": "extract_tables_to_files_from_pdf_document",
    "time_start_1": 1765509045.453664,
    "time_end_1": 1765509045.842644,
    "time_total_1": 0.3889799118041992,
    "time_start_2": 2418068.117527666,
    "time_end_2": 2418068.506509708,
    "time_total_2": 0.38898204173892736,
    "time_start_3": 2418068117527750,
    "time_end_3": 2418068506509875,
    "time_total_3": 0.388982125
}