{
    "function_method_name": "extract_tables_to_files_from_pdf_document",
    "time_start_1": 1765488902.4829912,
    "time_end_1": 1765488902.8719292,
    "time_total_1": 0.38893795013427734,
    "time_start_2": 2397925.154788375,
    "time_end_2": 2397925.543724791,
    "time_total_2": 0.38893641624599695,
    "time_start_3": 2397925154788458,
    "time_end_3": 2397925543724916,
    "time_total_3": 0.388936458
}