{
    "function_method_name": "extract_tables_to_files_from_pdf_document",
    "time_start_1": 1765565451.2093272,
    "time_end_1": 1765565451.600249,
    "time_total_1": 0.39092183113098145,
    "time_start_2": 2450973.733134458,
    "time_end_2": 2450974.124056125,
    "time_total_2": 0.3909216672182083,
    "time_start_3": 2450973733134541,
    "time_end_3": 2450974124056291,
    "time_total_3": 0.39092175
}