{
    "function_method_name": "extract_text_to_file_from_any_document",
    "time_start_1": 1770392051.3544111,
    "time_end_1": 1770392052.71281,
    "time_total_1": 1.3583989143371582,
    "time_start_2": 3991483.893149958,
    "time_end_2": 3991485.251548125,
    "time_total_2": 1.358398166950792,
    "time_start_3": 3991483893150000,
    "time_end_3": 3991485251548291,
    "time_total_3": 1.358398291
}