{
    "function_method_name": "extract_text_to_file_from_any_document",
    "time_start_1": 1770498955.48467,
    "time_end_1": 1770498956.8275268,
    "time_total_1": 1.3428568840026855,
    "time_start_2": 4081949.634032,
    "time_end_2": 4081950.976889083,
    "time_total_2": 1.3428570833057165,
    "time_start_3": 4081949634032041,
    "time_end_3": 4081950976889291,
    "time_total_3": 1.34285725
}