{
    "function_method_name": "extract_text_to_file_from_pdf_document",
    "time_start_1": 1769796680.5459251,
    "time_end_1": 1769797560.768408,
    "time_total_1": 880.222482919693,
    "time_start_2": 3396112.402818333,
    "time_end_2": 3396992.626915916,
    "time_total_2": 880.2240975829773,
    "time_start_3": 3396112402818625,
    "time_end_3": 3396992626916375,
    "time_total_3": 880.22409775
}