{
    "function_method_name": "extract_tables_to_files_from_pdf_document",
    "time_start_1": 1765499095.572722,
    "time_end_1": 1765499100.7559302,
    "time_total_1": 5.183208227157593,
    "time_start_2": 2408118.207000208,
    "time_end_2": 2408123.390175333,
    "time_total_2": 5.183175124693662,
    "time_start_3": 2408118207000333,
    "time_end_3": 2408123390175541,
    "time_total_3": 5.183175208
}