{
    "function_method_name": "extract_tables_to_files_from_pdf_document",
    "time_start_1": 1765512996.090646,
    "time_end_1": 1765513000.869544,
    "time_total_1": 4.778898000717163,
    "time_start_2": 2422018.756933375,
    "time_end_2": 2422023.535831916,
    "time_total_2": 4.778898541349918,
    "time_start_3": 2422018756933458,
    "time_end_3": 2422023535832083,
    "time_total_3": 4.778898625
}