{
    "function_method_name": "extract_text_to_file_from_any_document",
    "time_start_1": 1770996758.653713,
    "time_end_1": 1770996762.5262542,
    "time_total_1": 3.8725411891937256,
    "time_start_2": 23112.188467541,
    "time_end_2": 23116.060996166,
    "time_total_2": 3.872528625000996,
    "time_start_3": 23112188467583,
    "time_end_3": 23116060996375,
    "time_total_3": 3.872528792
}