{
    "function_method_name": "extract_text_to_file_from_any_document",
    "time_start_1": 1772631210.705726,
    "time_end_1": 1772631210.765246,
    "time_total_1": 0.05952000617980957,
    "time_start_2": 818941.119373083,
    "time_end_2": 818941.1788965,
    "time_total_2": 0.05952341703232378,
    "time_start_3": 818941119373166,
    "time_end_3": 818941178897500,
    "time_total_3": 0.059524334
}