{
    "function_method_name": "extract_text_to_file_from_any_document",
    "time_start_1": 1769397322.019752,
    "time_end_1": 1769397712.979286,
    "time_total_1": 390.95953392982483,
    "time_start_2": 3001550.913954291,
    "time_end_2": 3001941.87227275,
    "time_total_2": 390.95831845887005,
    "time_start_3": 3001550913954625,
    "time_end_3": 3001941872272958,
    "time_total_3": 390.958318333
}