{
    "function_method_name": "extract_images_from_pdf_to_files",
    "time_start_1": 1769283731.834861,
    "time_end_1": 1769283731.96927,
    "time_total_1": 0.13440895080566406,
    "time_start_2": 2887960.967311583,
    "time_end_2": 2887961.101721041,
    "time_total_2": 0.13440945791080594,
    "time_start_3": 2887960967311625,
    "time_end_3": 2887961101721333,
    "time_total_3": 0.134409708
}