{
    "function_method_name": "extract_images_from_pdf_to_files",
    "time_start_1": 1765462053.011719,
    "time_end_1": 1765462053.226324,
    "time_total_1": 0.21460509300231934,
    "time_start_2": 2371075.796169,
    "time_end_2": 2371076.010775541,
    "time_total_2": 0.21460654074326158,
    "time_start_3": 2371075796169083,
    "time_end_3": 2371076010775833,
    "time_total_3": 0.21460675
}