{
    "function_method_name": "extract_text_to_file_from_any_document",
    "time_start_1": 1771444464.507189,
    "time_end_1": 1771444464.561665,
    "time_total_1": 0.054476022720336914,
    "time_start_2": 434473.011672708,
    "time_end_2": 434473.066149416,
    "time_total_2": 0.05447670799912885,
    "time_start_3": 434473011672791,
    "time_end_3": 434473066149583,
    "time_total_3": 0.054476792
}