{
    "function_method_name": "extract_text_to_file_from_any_document",
    "time_start_1": 1772789370.015367,
    "time_end_1": 1772789370.409408,
    "time_total_1": 0.3940410614013672,
    "time_start_2": 963339.9724875,
    "time_end_2": 963340.366529833,
    "time_total_2": 0.3940423328895122,
    "time_start_3": 963339972487750,
    "time_end_3": 963340366530083,
    "time_total_3": 0.394042333
}