{
    "function_method_name": "extract_tables_to_files_from_pdf_document",
    "time_start_1": 1769326960.1494799,
    "time_end_1": 1769326971.41765,
    "time_total_1": 11.26817011833191,
    "time_start_2": 2931189.145083125,
    "time_end_2": 2931200.413224416,
    "time_total_2": 11.268141290638596,
    "time_start_3": 2931189145083375,
    "time_end_3": 2931200413224666,
    "time_total_3": 11.268141291
}