{
    "function_method_name": "extract_tables_to_files_from_pdf_document",
    "time_start_1": 1769413680.515931,
    "time_end_1": 1769413689.004926,
    "time_total_1": 8.48899507522583,
    "time_start_2": 3017909.390554875,
    "time_end_2": 3017917.879530208,
    "time_total_2": 8.488975333049893,
    "time_start_3": 3017909390554958,
    "time_end_3": 3017917879530416,
    "time_total_3": 8.488975458
}