{
    "function_method_name": "extract_tables_to_files_from_pdf_document",
    "time_start_1": 1769408876.998529,
    "time_end_1": 1769408885.61359,
    "time_total_1": 8.615061044692993,
    "time_start_2": 3013105.886020083,
    "time_end_2": 3013114.501070041,
    "time_total_2": 8.615049958229065,
    "time_start_3": 3013105886020125,
    "time_end_3": 3013114501070375,
    "time_total_3": 8.61505025
}