{
    "function_method_name": "extract_tables_to_files_from_pdf_document",
    "time_start_1": 1769286346.0640798,
    "time_end_1": 1769286352.835721,
    "time_total_1": 6.771641254425049,
    "time_start_2": 2890575.186288583,
    "time_end_2": 2890581.957909625,
    "time_total_2": 6.771621041931212,
    "time_start_3": 2890575186288583,
    "time_end_3": 2890581957909791,
    "time_total_3": 6.771621208
}