{
    "function_method_name": "extract_text_to_file_from_any_document",
    "time_start_1": 1772665222.408512,
    "time_end_1": 1772665372.1906948,
    "time_total_1": 149.78218269348145,
    "time_start_2": 852952.793024458,
    "time_end_2": 853102.575114,
    "time_total_2": 149.78208954201546,
    "time_start_3": 852952793024666,
    "time_end_3": 853102575114166,
    "time_total_3": 149.7820895
}