{
    "function_method_name": "extract_text_to_file_from_any_document",
    "time_start_1": 1771573112.9274602,
    "time_end_1": 1771573112.928668,
    "time_total_1": 0.0012078285217285156,
    "time_start_2": 40172.583689708,
    "time_end_2": 40172.5848975,
    "time_total_2": 0.0012077919964212924,
    "time_start_3": 40172583689750,
    "time_end_3": 40172584897541,
    "time_total_3": 0.001207791
}