{
    "function_method_name": "extract_tables_to_files_from_pdf_document",
    "time_start_1": 1765466063.842091,
    "time_end_1": 1765466076.7106261,
    "time_total_1": 12.868535041809082,
    "time_start_2": 2375086.62110325,
    "time_end_2": 2375099.489645833,
    "time_total_2": 12.86854258319363,
    "time_start_3": 2375086621103291,
    "time_end_3": 2375099489646083,
    "time_total_3": 12.868542792
}