{
    "function_method_name": "extract_tables_to_files_from_pdf_document",
    "time_start_1": 1765482503.8909938,
    "time_end_1": 1765482522.2404459,
    "time_total_1": 18.349452018737793,
    "time_start_2": 2391526.601258791,
    "time_end_2": 2391544.950628958,
    "time_total_2": 18.349370167125016,
    "time_start_3": 2391526601258875,
    "time_end_3": 2391544950629333,
    "time_total_3": 18.349370458
}