{
    "function_method_name": "extract_tables_to_files_from_pdf_document",
    "time_start_1": 1763233125.004826,
    "time_end_1": 1763233137.1156402,
    "time_total_1": 12.110814094543457,
    "time_start_2": 199335.240432083,
    "time_end_2": 199347.35131325,
    "time_total_2": 12.110881166998297,
    "time_start_3": 199335240432166,
    "time_end_3": 199347351313666,
    "time_total_3": 12.1108815
}