{
    "function_method_name": "extract_text_to_file_from_any_document",
    "time_start_1": 1770993774.2445261,
    "time_end_1": 1770993774.674013,
    "time_total_1": 0.4294867515563965,
    "time_start_2": 20127.79591475,
    "time_end_2": 20128.225402416,
    "time_total_2": 0.42948766599874943,
    "time_start_3": 20127795914916,
    "time_end_3": 20128225402916,
    "time_total_3": 0.429488
}