{
  "function_method_name": "extract_text_to_file_from_any_document",
  "num_pages": 42,
  "time_start_1": 1772966882.119242,
  "time_end_1": 1772966882.212131,
  "time_total_1": 0.09288907051086426,
  "pages_per_second_1": 452.1522259724593,
  "time_start_2": 1126534.731657833,
  "time_end_2": 1126534.824546791,
  "time_total_2": 0.09288895782083273,
  "pages_per_second_2": 452.15277450965675,
  "time_start_3": 1126534731657916,
  "time_end_3": 1126534824547000,
  "time_total_3": 0.092889084,
  "pages_per_second_3": 452.1521603119695
}