{
    "function_method_name": "extract_tables_to_files_from_pdf_document",
    "time_start_1": 1765471620.480531,
    "time_end_1": 1765471625.997516,
    "time_total_1": 5.516984939575195,
    "time_start_2": 2380643.241539916,
    "time_end_2": 2380648.758504875,
    "time_total_2": 5.5169649589806795,
    "time_start_3": 2380643241540083,
    "time_end_3": 2380648758505125,
    "time_total_3": 5.516965042
}