{
    "function_method_name": "extract_tables_to_files_from_pdf_document",
    "time_start_1": 1765485880.895364,
    "time_end_1": 1765485886.910759,
    "time_total_1": 6.015394926071167,
    "time_start_2": 2394903.591702416,
    "time_end_2": 2394909.607072583,
    "time_total_2": 6.015370166860521,
    "time_start_3": 2394903591702500,
    "time_end_3": 2394909607072833,
    "time_total_3": 6.015370333
}