{
    "function_method_name": "extract_tables_to_files_from_pdf_document",
    "time_start_1": 1765478951.907573,
    "time_end_1": 1765478957.294646,
    "time_total_1": 5.387073040008545,
    "time_start_2": 2387974.640520166,
    "time_end_2": 2387980.027580291,
    "time_total_2": 5.387060124892741,
    "time_start_3": 2387974640520250,
    "time_end_3": 2387980027580625,
    "time_total_3": 5.387060375
}