{
    "function_method_name": "extract_tables_to_files_from_pdf_document",
    "time_start_1": 1765490493.183054,
    "time_end_1": 1765490496.8300538,
    "time_total_1": 3.6469998359680176,
    "time_start_2": 2399515.846748416,
    "time_end_2": 2399519.493730958,
    "time_total_2": 3.6469825422391295,
    "time_start_3": 2399515846748458,
    "time_end_3": 2399519493731166,
    "time_total_3": 3.646982708
}