{
    "function_method_name": "extract_tables_to_files_from_pdf_document",
    "time_start_1": 1765528469.4427688,
    "time_end_1": 1765528473.320151,
    "time_total_1": 3.877382278442383,
    "time_start_2": 2437492.040118833,
    "time_end_2": 2437495.917495,
    "time_total_2": 3.877376167103648,
    "time_start_3": 2437492040118916,
    "time_end_3": 2437495917495333,
    "time_total_3": 3.877376417
}