{
    "function_method_name": "extract_text_to_file_from_pdf_document",
    "time_start_1": 1772221159.587587,
    "time_end_1": 1772221269.672788,
    "time_total_1": 110.08520078659058,
    "time_start_2": 408890.200607625,
    "time_end_2": 409000.285160541,
    "time_total_2": 110.08455291599967,
    "time_start_3": 408890200607666,
    "time_end_3": 409000285160666,
    "time_total_3": 110.084553
}