{
    "function_method_name": "extract_tables_to_files_from_pdf_document",
    "time_start_1": 1769786857.745307,
    "time_end_1": 1769786870.002079,
    "time_total_1": 12.2567720413208,
    "time_start_2": 3386289.633325125,
    "time_end_2": 3386301.890083083,
    "time_total_2": 12.256757957860827,
    "time_start_3": 3386289633325250,
    "time_end_3": 3386301890083291,
    "time_total_3": 12.256758041
}