{
    "function_method_name": "extract_tables_to_files_from_pdf_document",
    "time_start_1": 1769635971.339642,
    "time_end_1": 1769635980.449997,
    "time_total_1": 9.110354900360107,
    "time_start_2": 3235403.245854041,
    "time_end_2": 3235412.356195333,
    "time_total_2": 9.110341291874647,
    "time_start_3": 3235403245854125,
    "time_end_3": 3235412356195541,
    "time_total_3": 9.110341416
}