{
    "function_method_name": "extract_tables_to_files_from_pdf_document",
    "time_start_1": 1769310341.443024,
    "time_end_1": 1769310346.4163451,
    "time_total_1": 4.973321199417114,
    "time_start_2": 2914570.483662958,
    "time_end_2": 2914575.456970791,
    "time_total_2": 4.973307833075523,
    "time_start_3": 2914570483663041,
    "time_end_3": 2914575456971000,
    "time_total_3": 4.973307959
}