{
    "function_method_name": "extract_tables_to_files_from_pdf_document",
    "time_start_1": 1769292481.375061,
    "time_end_1": 1769292486.315839,
    "time_total_1": 4.940778017044067,
    "time_start_2": 2896710.467748875,
    "time_end_2": 2896715.408505583,
    "time_total_2": 4.94075670838356,
    "time_start_3": 2896710467749000,
    "time_end_3": 2896715408505833,
    "time_total_3": 4.940756833
}