{
    "function_method_name": "extract_images_from_pdf_to_files",
    "time_start_1": 1770514528.6974,
    "time_end_1": 1770514528.905899,
    "time_total_1": 0.20849895477294922,
    "time_start_2": 4097522.809533083,
    "time_end_2": 4097523.018032041,
    "time_total_2": 0.20849895803257823,
    "time_start_3": 4097522809533166,
    "time_end_3": 4097523018032458,
    "time_total_3": 0.208499292
}