{
    "function_method_name": "extract_images_from_pdf_to_files",
    "time_start_1": 1771004915.660455,
    "time_end_1": 1771004915.869985,
    "time_total_1": 0.20953011512756348,
    "time_start_2": 31269.173396458,
    "time_end_2": 31269.382926833,
    "time_total_2": 0.2095303749993036,
    "time_start_3": 31269173396541,
    "time_end_3": 31269382927458,
    "time_total_3": 0.209530917
}