{
    "function_method_name": "extract_images_from_pdf_to_files",
    "time_start_1": 1770513503.115541,
    "time_end_1": 1770513503.324596,
    "time_total_1": 0.20905494689941406,
    "time_start_2": 4096497.230389916,
    "time_end_2": 4096497.439444875,
    "time_total_2": 0.20905495900660753,
    "time_start_3": 4096497230389958,
    "time_end_3": 4096497439445375,
    "time_total_3": 0.209055417
}