{
    "function_method_name": "extract_images_from_pdf_to_files",
    "time_start_1": 1770512049.778493,
    "time_end_1": 1770512049.9880588,
    "time_total_1": 0.2095658779144287,
    "time_start_2": 4095043.896785375,
    "time_end_2": 4095044.106351833,
    "time_total_2": 0.2095664576627314,
    "time_start_3": 4095043896785416,
    "time_end_3": 4095044106351916,
    "time_total_3": 0.2095665
}