{
    "function_method_name": "extract_images_from_pdf_to_files",
    "time_start_1": 1770571179.0584488,
    "time_end_1": 1770571179.265999,
    "time_total_1": 0.2075502872467041,
    "time_start_2": 4154173.188363916,
    "time_end_2": 4154173.395913583,
    "time_total_2": 0.2075496674515307,
    "time_start_3": 4154173188363958,
    "time_end_3": 4154173395913833,
    "time_total_3": 0.207549875
}