{
    "function_method_name": "extract_images_from_pdf_to_files",
    "time_start_1": 1770511558.775811,
    "time_end_1": 1770511558.9855309,
    "time_total_1": 0.20971989631652832,
    "time_start_2": 4094552.895442708,
    "time_end_2": 4094553.105162875,
    "time_total_2": 0.20972016686573625,
    "time_start_3": 4094552895442791,
    "time_end_3": 4094553105162958,
    "time_total_3": 0.209720167
}