{
    "function_method_name": "extract_images_from_pdf_to_files",
    "time_start_1": 1771005159.7018502,
    "time_end_1": 1771005159.912825,
    "time_total_1": 0.21097493171691895,
    "time_start_2": 31513.214325291,
    "time_end_2": 31513.425301333,
    "time_total_2": 0.21097604200258502,
    "time_start_3": 31513214325375,
    "time_end_3": 31513425301625,
    "time_total_3": 0.21097625
}