{
    "function_method_name": "extract_images_from_pdf_to_files",
    "time_start_1": 1770301548.425826,
    "time_end_1": 1770301548.635388,
    "time_total_1": 0.20956182479858398,
    "time_start_2": 3900980.865417833,
    "time_end_2": 3900981.074979875,
    "time_total_2": 0.20956204179674387,
    "time_start_3": 3900980865417916,
    "time_end_3": 3900981074979958,
    "time_total_3": 0.209562042
}