{
    "function_method_name": "extract_images_from_pdf_to_files",
    "time_start_1": 1770569453.456511,
    "time_end_1": 1770569453.669888,
    "time_total_1": 0.2133769989013672,
    "time_start_2": 4152447.590298583,
    "time_end_2": 4152447.803675333,
    "time_total_2": 0.21337675023823977,
    "time_start_3": 4152447590298625,
    "time_end_3": 4152447803675541,
    "time_total_3": 0.213376916
}