{
    "function_method_name": "extract_images_from_pdf_to_files",
    "time_start_1": 1770571004.5084422,
    "time_end_1": 1770571004.720255,
    "time_total_1": 0.21181273460388184,
    "time_start_2": 4153998.636858625,
    "time_end_2": 4153998.848698375,
    "time_total_2": 0.211839749943465,
    "time_start_3": 4153998636858708,
    "time_end_3": 4153998848698875,
    "time_total_3": 0.211840167
}