{
    "function_method_name": "extract_images_from_pdf_to_files",
    "time_start_1": 1771005651.779246,
    "time_end_1": 1771005651.9350212,
    "time_total_1": 0.1557750701904297,
    "time_start_2": 32005.290828958,
    "time_end_2": 32005.446604791,
    "time_total_2": 0.15577583299818798,
    "time_start_3": 32005290829000,
    "time_end_3": 32005446605125,
    "time_total_3": 0.155776125
}