{
    "function_method_name": "extract_images_from_pdf_to_files",
    "time_start_1": 1770513332.090858,
    "time_end_1": 1770513332.299319,
    "time_total_1": 0.20846104621887207,
    "time_start_2": 4096326.2055995,
    "time_end_2": 4096326.414059791,
    "time_total_2": 0.20846029091626406,
    "time_start_3": 4096326205599666,
    "time_end_3": 4096326414059875,
    "time_total_3": 0.208460209
}