{
    "function_method_name": "extract_images_from_pdf_to_files",
    "time_start_1": 1770570305.409448,
    "time_end_1": 1770570305.618922,
    "time_total_1": 0.2094740867614746,
    "time_start_2": 4153299.539302125,
    "time_end_2": 4153299.748775791,
    "time_total_2": 0.20947366580367088,
    "time_start_3": 4153299539302208,
    "time_end_3": 4153299748776083,
    "time_total_3": 0.209473875
}