{
    "function_method_name": "extract_images_from_pdf_to_files",
    "time_start_1": 1770514186.526203,
    "time_end_1": 1770514186.734829,
    "time_total_1": 0.20862603187561035,
    "time_start_2": 4097180.639224666,
    "time_end_2": 4097180.847850666,
    "time_total_2": 0.20862599974498153,
    "time_start_3": 4097180639224750,
    "time_end_3": 4097180847850958,
    "time_total_3": 0.208626208
}