{
    "function_method_name": "extract_images_from_pdf_to_files",
    "time_start_1": 1770568141.168227,
    "time_end_1": 1770568141.379433,
    "time_total_1": 0.21120595932006836,
    "time_start_2": 4151135.305381708,
    "time_end_2": 4151135.516588791,
    "time_total_2": 0.21120708296075463,
    "time_start_3": 4151135305381750,
    "time_end_3": 4151135516589083,
    "time_total_3": 0.211207333
}