{
    "function_method_name": "extract_images_from_pdf_to_files",
    "time_start_1": 1770302131.7160041,
    "time_end_1": 1770302131.923433,
    "time_total_1": 0.2074289321899414,
    "time_start_2": 3901564.158550958,
    "time_end_2": 3901564.365979875,
    "time_total_2": 0.20742891682311893,
    "time_start_3": 3901564158551000,
    "time_end_3": 3901564365979916,
    "time_total_3": 0.207428916
}