{
    "function_method_name": "extract_images_from_pdf_to_files",
    "time_start_1": 1771004871.444243,
    "time_end_1": 1771004871.655379,
    "time_total_1": 0.2111361026763916,
    "time_start_2": 31224.957262791,
    "time_end_2": 31225.168400208,
    "time_total_2": 0.21113741700173705,
    "time_start_3": 31224957262875,
    "time_end_3": 31225168400625,
    "time_total_3": 0.21113775
}