{
    "function_method_name": "extract_images_from_pdf_to_files",
    "time_start_1": 1770303323.069909,
    "time_end_1": 1770303323.278709,
    "time_total_1": 0.2087998390197754,
    "time_start_2": 3902755.512626666,
    "time_end_2": 3902755.721426916,
    "time_total_2": 0.2088002497330308,
    "time_start_3": 3902755512626750,
    "time_end_3": 3902755721427458,
    "time_total_3": 0.208800708
}