{
    "function_method_name": "extract_images_from_pdf_to_files",
    "time_start_1": 1770304165.104634,
    "time_end_1": 1770304165.31344,
    "time_total_1": 0.20880603790283203,
    "time_start_2": 3903597.5478585,
    "time_end_2": 3903597.756664291,
    "time_total_2": 0.20880579110234976,
    "time_start_3": 3903597547858583,
    "time_end_3": 3903597756664583,
    "time_total_3": 0.208806
}