{
    "function_method_name": "extract_images_from_pdf_to_files",
    "time_start_1": 1770514849.2804658,
    "time_end_1": 1770514849.487932,
    "time_total_1": 0.20746612548828125,
    "time_start_2": 4097843.391738,
    "time_end_2": 4097843.599203208,
    "time_total_2": 0.20746520813554525,
    "time_start_3": 4097843391738083,
    "time_end_3": 4097843599203291,
    "time_total_3": 0.207465208
}