{
    "function_method_name": "extract_images_from_pdf_to_files",
    "time_start_1": 1770512413.131389,
    "time_end_1": 1770512413.342392,
    "time_total_1": 0.21100306510925293,
    "time_start_2": 4095407.248702041,
    "time_end_2": 4095407.459705208,
    "time_total_2": 0.21100316708907485,
    "time_start_3": 4095407248702125,
    "time_end_3": 4095407459705458,
    "time_total_3": 0.211003333
}