{
    "function_method_name": "extract_images_from_pdf_to_files",
    "time_start_1": 1770305681.53681,
    "time_end_1": 1770305681.744051,
    "time_total_1": 0.20724105834960938,
    "time_start_2": 3905113.980405666,
    "time_end_2": 3905114.187646458,
    "time_total_2": 0.20724079199135303,
    "time_start_3": 3905113980405708,
    "time_end_3": 3905114187646500,
    "time_total_3": 0.207240792
}