{
    "function_method_name": "extract_images_from_pdf_to_files",
    "time_start_1": 1770511836.6961222,
    "time_end_1": 1770511836.906323,
    "time_total_1": 0.21020078659057617,
    "time_start_2": 4094830.815001083,
    "time_end_2": 4094831.025202,
    "time_total_2": 0.21020091697573662,
    "time_start_3": 4094830815001125,
    "time_end_3": 4094831025202500,
    "time_total_3": 0.210201375
}