{
    "function_method_name": "extract_images_from_pdf_to_files",
    "time_start_1": 1770512391.71707,
    "time_end_1": 1770512391.925953,
    "time_total_1": 0.20888280868530273,
    "time_start_2": 4095385.834442,
    "time_end_2": 4095386.043324708,
    "time_total_2": 0.20888270810246468,
    "time_start_3": 4095385834442041,
    "time_end_3": 4095386043325083,
    "time_total_3": 0.208883042
}