{
    "function_method_name": "extract_images_from_pdf_to_files",
    "time_start_1": 1770567418.578946,
    "time_end_1": 1770567418.788258,
    "time_total_1": 0.20931196212768555,
    "time_start_2": 4150412.717719416,
    "time_end_2": 4150412.927031916,
    "time_total_2": 0.2093124999664724,
    "time_start_3": 4150412717719500,
    "time_end_3": 4150412927032166,
    "time_total_3": 0.209312666
}