{
    "function_method_name": "extract_images_from_pdf_to_files",
    "time_start_1": 1771005837.976823,
    "time_end_1": 1771005838.120358,
    "time_total_1": 0.14353489875793457,
    "time_start_2": 32191.488075291,
    "time_end_2": 32191.631610958,
    "time_total_2": 0.1435356670008332,
    "time_start_3": 32191488075333,
    "time_end_3": 32191631611041,
    "time_total_3": 0.143535708
}