{
    "function_method_name": "extract_images_from_pdf_to_files",
    "time_start_1": 1770304121.930998,
    "time_end_1": 1770304122.139456,
    "time_total_1": 0.20845794677734375,
    "time_start_2": 3903554.374212083,
    "time_end_2": 3903554.582670291,
    "time_total_2": 0.20845820801332593,
    "time_start_3": 3903554374212166,
    "time_end_3": 3903554582670958,
    "time_total_3": 0.208458792
}