{
    "function_method_name": "extract_images_from_pdf_to_files",
    "time_start_1": 1770303082.138537,
    "time_end_1": 1770303082.350803,
    "time_total_1": 0.2122659683227539,
    "time_start_2": 3902514.581215583,
    "time_end_2": 3902514.793481791,
    "time_total_2": 0.21226620813831687,
    "time_start_3": 3902514581215625,
    "time_end_3": 3902514793482208,
    "time_total_3": 0.212266583
}