{
    "function_method_name": "extract_images_from_pdf_to_files",
    "time_start_1": 1770302563.9166322,
    "time_end_1": 1770302564.126142,
    "time_total_1": 0.20950984954833984,
    "time_start_2": 3901996.3592335,
    "time_end_2": 3901996.568742958,
    "time_total_2": 0.20950945792719722,
    "time_start_3": 3901996359233583,
    "time_end_3": 3901996568743250,
    "time_total_3": 0.209509667
}