{
    "function_method_name": "extract_images_from_pdf_to_files",
    "time_start_1": 1770301786.6090791,
    "time_end_1": 1770301786.817526,
    "time_total_1": 0.20844697952270508,
    "time_start_2": 3901219.051568875,
    "time_end_2": 3901219.260016958,
    "time_total_2": 0.208448083139956,
    "time_start_3": 3901219051568916,
    "time_end_3": 3901219260017250,
    "time_total_3": 0.208448334
}