{
    "function_method_name": "extract_images_from_pdf_to_files",
    "time_start_1": 1770305875.181788,
    "time_end_1": 1770305875.389777,
    "time_total_1": 0.20798897743225098,
    "time_start_2": 3905307.625430125,
    "time_end_2": 3905307.833419041,
    "time_total_2": 0.20798891596496105,
    "time_start_3": 3905307625430208,
    "time_end_3": 3905307833419125,
    "time_total_3": 0.207988917
}