{
    "function_method_name": "extract_images_from_pdf_to_files",
    "time_start_1": 1770567857.057108,
    "time_end_1": 1770567857.266185,
    "time_total_1": 0.2090771198272705,
    "time_start_2": 4150851.194898125,
    "time_end_2": 4150851.403975666,
    "time_total_2": 0.20907754125073552,
    "time_start_3": 4150851194898208,
    "time_end_3": 4150851403975833,
    "time_total_3": 0.209077625
}