{
    "function_method_name": "extract_images_from_pdf_to_files",
    "time_start_1": 1770303884.514482,
    "time_end_1": 1770303884.7221591,
    "time_total_1": 0.20767712593078613,
    "time_start_2": 3903316.957637875,
    "time_end_2": 3903317.165316083,
    "time_total_2": 0.20767820812761784,
    "time_start_3": 3903316957637958,
    "time_end_3": 3903317165316416,
    "time_total_3": 0.207678458
}