{
    "function_method_name": "extract_images_from_pdf_to_files",
    "time_start_1": 1770514250.86899,
    "time_end_1": 1770514251.078464,
    "time_total_1": 0.2094740867614746,
    "time_start_2": 4097244.981855625,
    "time_end_2": 4097245.191330583,
    "time_total_2": 0.20947495801374316,
    "time_start_3": 4097244981855708,
    "time_end_3": 4097245191331000,
    "time_total_3": 0.209475292
}