{
    "function_method_name": "extract_images_from_pdf_to_files",
    "time_start_1": 1770302736.35815,
    "time_end_1": 1770302736.566056,
    "time_total_1": 0.20790600776672363,
    "time_start_2": 3902168.800779083,
    "time_end_2": 3902169.00868675,
    "time_total_2": 0.2079076673835516,
    "time_start_3": 3902168800779166,
    "time_end_3": 3902169008687375,
    "time_total_3": 0.207908209
}