{
    "function_method_name": "extract_images_from_pdf_to_files",
    "time_start_1": 1770516452.2996118,
    "time_end_1": 1770516452.507145,
    "time_total_1": 0.2075331211090088,
    "time_start_2": 4099446.411237958,
    "time_end_2": 4099446.618770458,
    "time_total_2": 0.20753249991685152,
    "time_start_3": 4099446411238041,
    "time_end_3": 4099446618770833,
    "time_total_3": 0.207532792
}