{
    "function_method_name": "extract_images_from_pdf_to_files",
    "time_start_1": 1770569584.256787,
    "time_end_1": 1770569584.465197,
    "time_total_1": 0.20841002464294434,
    "time_start_2": 4152578.388485541,
    "time_end_2": 4152578.596895125,
    "time_total_2": 0.20840958412736654,
    "time_start_3": 4152578388485583,
    "time_end_3": 4152578596895625,
    "time_total_3": 0.208410042
}