{
    "function_method_name": "extract_images_from_pdf_to_files",
    "time_start_1": 1770571332.255769,
    "time_end_1": 1770571332.464562,
    "time_total_1": 0.20879292488098145,
    "time_start_2": 4154326.385352833,
    "time_end_2": 4154326.594146666,
    "time_total_2": 0.2087938329204917,
    "time_start_3": 4154326385352875,
    "time_end_3": 4154326594147041,
    "time_total_3": 0.208794166
}