{
    "function_method_name": "extract_images_from_pdf_to_files",
    "time_start_1": 1770515918.420073,
    "time_end_1": 1770515918.628803,
    "time_total_1": 0.20872998237609863,
    "time_start_2": 4098912.532613083,
    "time_end_2": 4098912.741345375,
    "time_total_2": 0.20873229205608368,
    "time_start_3": 4098912532613208,
    "time_end_3": 4098912741345666,
    "time_total_3": 0.208732458
}