{
    "function_method_name": "extract_images_from_pdf_to_files",
    "time_start_1": 1770306090.738655,
    "time_end_1": 1770306090.946966,
    "time_total_1": 0.20831084251403809,
    "time_start_2": 3905523.1823405,
    "time_end_2": 3905523.390651333,
    "time_total_2": 0.20831083320081234,
    "time_start_3": 3905523182340583,
    "time_end_3": 3905523390651666,
    "time_total_3": 0.208311083
}