{
    "function_method_name": "extract_images_from_pdf_to_files",
    "time_start_1": 1770515576.18641,
    "time_end_1": 1770515576.395081,
    "time_total_1": 0.20867109298706055,
    "time_start_2": 4098570.295764583,
    "time_end_2": 4098570.504434791,
    "time_total_2": 0.20867020776495337,
    "time_start_3": 4098570295764625,
    "time_end_3": 4098570504435125,
    "time_total_3": 0.2086705
}