{
    "function_method_name": "extract_images_from_pdf_to_files",
    "time_start_1": 1770567374.9673102,
    "time_end_1": 1770567375.176812,
    "time_total_1": 0.2095017433166504,
    "time_start_2": 4150369.106178958,
    "time_end_2": 4150369.315682166,
    "time_total_2": 0.20950320782139897,
    "time_start_3": 4150369106179041,
    "time_end_3": 4150369315682500,
    "time_total_3": 0.209503459
}