{
    "function_method_name": "extract_tables_to_files_from_pdf_document",
    "time_start_1": 1763234967.9623868,
    "time_end_1": 1763234983.390831,
    "time_total_1": 15.428444147109985,
    "time_start_2": 201178.163986625,
    "time_end_2": 201193.592404,
    "time_total_2": 15.428417374991113,
    "time_start_3": 201178163986666,
    "time_end_3": 201193592404208,
    "time_total_3": 15.428417542
}