{
    "function_method_name": "extract_text_to_file_from_any_document",
    "time_start_1": 1770412416.377001,
    "time_end_1": 1770412416.5330958,
    "time_total_1": 0.15609478950500488,
    "time_start_2": 3995410.608322291,
    "time_end_2": 3995410.764418041,
    "time_total_2": 0.1560957496985793,
    "time_start_3": 3995410608322291,
    "time_end_3": 3995410764418250,
    "time_total_3": 0.156095959
}