{
    "function_method_name": "extract_text_to_file_from_any_document",
    "time_start_1": 1772652057.474541,
    "time_end_1": 1772652057.566697,
    "time_total_1": 0.09215593338012695,
    "time_start_2": 839787.8862825,
    "time_end_2": 839787.978439166,
    "time_total_2": 0.09215666598174721,
    "time_start_3": 839787886282541,
    "time_end_3": 839787978439250,
    "time_total_3": 0.092156709
}