{
    "function_method_name": "extract_tables_to_files_from_pdf_document",
    "time_start_1": 1769340056.427205,
    "time_end_1": 1769340058.202707,
    "time_total_1": 1.7755019664764404,
    "time_start_2": 2944285.388766458,
    "time_end_2": 2944287.164264875,
    "time_total_2": 1.7754984172061086,
    "time_start_3": 2944285388766500,
    "time_end_3": 2944287164265166,
    "time_total_3": 1.775498666
}