{
    "function_method_name": "extract_tables_to_files_from_pdf_document",
    "time_start_1": 1769423082.179126,
    "time_end_1": 1769423083.95923,
    "time_total_1": 1.7801039218902588,
    "time_start_2": 3027311.027219625,
    "time_end_2": 3027312.807318833,
    "time_total_2": 1.7800992080010474,
    "time_start_3": 3027311027219708,
    "time_end_3": 3027312807319125,
    "time_total_3": 1.780099417
}