{
    "function_method_name": "extract_tables_to_files_from_pdf_document",
    "time_start_1": 1769612214.7290628,
    "time_end_1": 1769612217.367708,
    "time_total_1": 2.6386451721191406,
    "time_start_2": 3211646.705981,
    "time_end_2": 3211649.344607958,
    "time_total_2": 2.638626958243549,
    "time_start_3": 3211646705981083,
    "time_end_3": 3211649344608166,
    "time_total_3": 2.638627083
}