{
    "function_method_name": "extract_tables_to_files_from_pdf_document",
    "time_start_1": 1771634756.591501,
    "time_end_1": 1771634758.438504,
    "time_total_1": 1.8470029830932617,
    "time_start_2": 91228.593785041,
    "time_end_2": 91230.440778083,
    "time_total_2": 1.8469930419960292,
    "time_start_3": 91228593785083,
    "time_end_3": 91230440778333,
    "time_total_3": 1.84699325
}