{
    "function_method_name": "extract_text_to_file_from_any_document",
    "time_start_1": 1772631203.118026,
    "time_end_1": 1772631203.148618,
    "time_total_1": 0.030591964721679688,
    "time_start_2": 818933.531710916,
    "time_end_2": 818933.562302875,
    "time_total_2": 0.030591959017328918,
    "time_start_3": 818933531711000,
    "time_end_3": 818933562303041,
    "time_total_3": 0.030592041
}