{
    "function_method_name": "extract_tables_to_files_from_pdf_document",
    "time_start_1": 1765478474.820364,
    "time_end_1": 1765478475.391277,
    "time_total_1": 0.5709130764007568,
    "time_start_2": 2387497.5545905,
    "time_end_2": 2387498.125504541,
    "time_total_2": 0.5709140412509441,
    "time_start_3": 2387497554590625,
    "time_end_3": 2387498125505125,
    "time_total_3": 0.5709145
}