{
    "function_method_name": "extract_tables_to_files_from_pdf_document",
    "time_start_1": 1765482108.73968,
    "time_end_1": 1765482109.483306,
    "time_total_1": 0.7436258792877197,
    "time_start_2": 2391131.451529083,
    "time_end_2": 2391132.195152875,
    "time_total_2": 0.74362379219383,
    "time_start_3": 2391131451529208,
    "time_end_3": 2391132195153208,
    "time_total_3": 0.743624
}