{
    "function_method_name": "extract_tables_to_files_from_pdf_document",
    "time_start_1": 1765563700.690433,
    "time_end_1": 1765563701.177581,
    "time_total_1": 0.4871480464935303,
    "time_start_2": 2449223.218123875,
    "time_end_2": 2449223.705573583,
    "time_total_2": 0.48744970792904496,
    "time_start_3": 2449223218123958,
    "time_end_3": 2449223705574000,
    "time_total_3": 0.487450042
}