{
    "function_method_name": "extract_tables_to_files_from_pdf_document",
    "time_start_1": 1765502072.180979,
    "time_end_1": 1765502072.664288,
    "time_total_1": 0.4833090305328369,
    "time_start_2": 2411094.800952208,
    "time_end_2": 2411095.284260166,
    "time_total_2": 0.48330795764923096,
    "time_start_3": 2411094800952291,
    "time_end_3": 2411095284260416,
    "time_total_3": 0.483308125
}