{
    "function_method_name": "extract_text_to_file_from_any_document",
    "time_start_1": 1769721602.450201,
    "time_end_1": 1769721613.6347651,
    "time_total_1": 11.184564113616943,
    "time_start_2": 3321034.3196215,
    "time_end_2": 3321045.504159333,
    "time_total_2": 11.184537833090872,
    "time_start_3": 3321034319621583,
    "time_end_3": 3321045504159666,
    "time_total_3": 11.184538083
}