{
    "function_method_name": "extract_tables_to_files_from_pdf_document",
    "time_start_1": 1765463098.28597,
    "time_end_1": 1765463201.3882902,
    "time_total_1": 103.10232019424438,
    "time_start_2": 2372121.068462875,
    "time_end_2": 2372224.170592833,
    "time_total_2": 103.10212995763868,
    "time_start_3": 2372121068462958,
    "time_end_3": 2372224170592958,
    "time_total_3": 103.10213
}