{
    "function_method_name": "extract_tables_to_files_from_pdf_document",
    "time_start_1": 1765467002.739006,
    "time_end_1": 1765467082.015931,
    "time_total_1": 79.27692484855652,
    "time_start_2": 2376025.518575708,
    "time_end_2": 2376104.795547083,
    "time_total_2": 79.27697137510404,
    "time_start_3": 2376025518575791,
    "time_end_3": 2376104795547208,
    "time_total_3": 79.276971417
}