{
    "function_method_name": "extract_tables_to_files_from_pdf_document",
    "time_start_1": 1765527577.01873,
    "time_end_1": 1765527657.885524,
    "time_total_1": 80.86679410934448,
    "time_start_2": 2436599.617570041,
    "time_end_2": 2436680.484228708,
    "time_total_2": 80.8666586666368,
    "time_start_3": 2436599617570125,
    "time_end_3": 2436680484228916,
    "time_total_3": 80.866658791
}