{
    "function_method_name": "extract_text_to_file_from_any_document",
    "time_start_1": 1763184135.8429,
    "time_end_1": 1763184137.209557,
    "time_total_1": 1.366657018661499,
    "time_start_2": 150346.101920458,
    "time_end_2": 150347.468556833,
    "time_total_2": 1.366636374994414,
    "time_start_3": 150346101920541,
    "time_end_3": 150347468557125,
    "time_total_3": 1.366636584
}