{
    "function_method_name": "extract_text_to_file_from_any_document",
    "time_start_1": 1763154071.265843,
    "time_end_1": 1763154072.629951,
    "time_total_1": 1.3641080856323242,
    "time_start_2": 120281.663316708,
    "time_end_2": 120283.026803916,
    "time_total_2": 1.3634872080001514,
    "time_start_3": 120281663316791,
    "time_end_3": 120283026804083,
    "time_total_3": 1.363487292
}