{
    "function_method_name": "extract_text_to_file_from_any_document",
    "time_start_1": 1763077717.3264651,
    "time_end_1": 1763077718.6953862,
    "time_total_1": 1.3689210414886475,
    "time_start_2": 43927.826837958,
    "time_end_2": 43929.195755625,
    "time_total_2": 1.3689176670013694,
    "time_start_3": 43927826838000,
    "time_end_3": 43929195755916,
    "time_total_3": 1.368917916
}