{
    "function_method_name": "extract_text_to_file_from_any_document",
    "time_start_1": 1763186639.4075232,
    "time_end_1": 1763186640.788037,
    "time_total_1": 1.3805139064788818,
    "time_start_2": 152849.685557666,
    "time_end_2": 152851.066063208,
    "time_total_2": 1.3805055420089047,
    "time_start_3": 152849685557791,
    "time_end_3": 152851066063375,
    "time_total_3": 1.380505584
}