{
    "function_method_name": "extract_text_to_file_from_any_document",
    "time_start_1": 1763898826.832542,
    "time_end_1": 1763898827.814995,
    "time_total_1": 0.9824531078338623,
    "time_start_2": 834308.350954041,
    "time_end_2": 834309.333407,
    "time_total_2": 0.982452959055081,
    "time_start_3": 834308350954083,
    "time_end_3": 834309333407166,
    "time_total_3": 0.982453083
}