{
    "function_method_name": "extract_text_to_file_from_any_document",
    "time_start_1": 1763134051.180703,
    "time_end_1": 1763134052.547785,
    "time_total_1": 1.367082118988037,
    "time_start_2": 100261.650690958,
    "time_end_2": 100263.017783916,
    "time_total_2": 1.3670929579966469,
    "time_start_3": 100261650691000,
    "time_end_3": 100263017784125,
    "time_total_3": 1.367093125
}