{
    "function_method_name": "extract_text_to_file_from_any_document",
    "time_start_1": 1772214751.845029,
    "time_end_1": 1772214752.016983,
    "time_total_1": 0.17195391654968262,
    "time_start_2": 402482.494935541,
    "time_end_2": 402482.666889125,
    "time_total_2": 0.17195358400931582,
    "time_start_3": 402482494935625,
    "time_end_3": 402482666889250,
    "time_total_3": 0.171953625
}