{
    "function_method_name": "extract_tables_to_files_from_pdf_document",
    "time_start_1": 1769411888.977973,
    "time_end_1": 1769411897.414358,
    "time_total_1": 8.436384916305542,
    "time_start_2": 3016117.857871291,
    "time_end_2": 3016126.29424,
    "time_total_2": 8.436368708964437,
    "time_start_3": 3016117857871375,
    "time_end_3": 3016126294240208,
    "time_total_3": 8.436368833
}