{
    "function_method_name": "extract_tables_to_files_from_pdf_document",
    "time_start_1": 1769605946.343441,
    "time_end_1": 1769605954.483849,
    "time_total_1": 8.140408039093018,
    "time_start_2": 3205378.344965666,
    "time_end_2": 3205386.485360625,
    "time_total_2": 8.140394959133118,
    "time_start_3": 3205378344965708,
    "time_end_3": 3205386485360791,
    "time_total_3": 8.140395083
}