{
    "function_method_name": "extract_images_from_pdf_to_files",
    "time_start_1": 1769716865.6964622,
    "time_end_1": 1769716866.003974,
    "time_total_1": 0.3075118064880371,
    "time_start_2": 3316297.579150666,
    "time_end_2": 3316297.886663541,
    "time_total_2": 0.3075128751806915,
    "time_start_3": 3316297579150708,
    "time_end_3": 3316297886663833,
    "time_total_3": 0.307513125
}