{
    "function_method_name": "extract_text_to_file_from_any_document",
    "time_start_1": 1769271274.049682,
    "time_end_1": 1769271274.23611,
    "time_total_1": 0.18642807006835938,
    "time_start_2": 2875503.209636166,
    "time_end_2": 2875503.396064958,
    "time_total_2": 0.1864287918433547,
    "time_start_3": 2875503209636250,
    "time_end_3": 2875503396065166,
    "time_total_3": 0.186428916
}