{
    "function_method_name": "extract_text_to_file_from_any_document",
    "time_start_1": 1769608907.796452,
    "time_end_1": 1769608907.990857,
    "time_total_1": 0.19440484046936035,
    "time_start_2": 3208339.800859708,
    "time_end_2": 3208339.995265875,
    "time_total_2": 0.1944061671383679,
    "time_start_3": 3208339800859750,
    "time_end_3": 3208339995266000,
    "time_total_3": 0.19440625
}