{
    "function_method_name": "extract_text_to_file_from_any_document",
    "time_start_1": 1769721760.856771,
    "time_end_1": 1769721761.040768,
    "time_total_1": 0.18399691581726074,
    "time_start_2": 3321192.725819083,
    "time_end_2": 3321192.909816416,
    "time_total_2": 0.18399733304977417,
    "time_start_3": 3321192725819125,
    "time_end_3": 3321192909816625,
    "time_total_3": 0.1839975
}