{
    "function_method_name": "extract_tables_to_files_from_pdf_document",
    "time_start_1": 1765528641.287688,
    "time_end_1": 1765528671.529678,
    "time_total_1": 30.241990089416504,
    "time_start_2": 2437663.884726416,
    "time_end_2": 2437694.126665291,
    "time_total_2": 30.241938875056803,
    "time_start_3": 2437663884726500,
    "time_end_3": 2437694126665500,
    "time_total_3": 30.241939
}