{
    "function_method_name": "extract_tables_to_files_from_pdf_document",
    "time_start_1": 1765511285.8791199,
    "time_end_1": 1765511316.175373,
    "time_total_1": 30.296253204345703,
    "time_start_2": 2420308.564748458,
    "time_end_2": 2420338.861187791,
    "time_total_2": 30.29643933288753,
    "time_start_3": 2420308564748541,
    "time_end_3": 2420338861188000,
    "time_total_3": 30.296439459
}