{
    "function_method_name": "extract_tables_to_files_from_pdf_document",
    "time_start_1": 1765516497.597524,
    "time_end_1": 1765516527.845536,
    "time_total_1": 30.24801206588745,
    "time_start_2": 2425520.211577875,
    "time_end_2": 2425550.459342708,
    "time_total_2": 30.247764832805842,
    "time_start_3": 2425520211577958,
    "time_end_3": 2425550459342916,
    "time_total_3": 30.247764958
}