{
    "function_method_name": "extract_text_to_file_from_any_document",
    "time_start_1": 1772652257.029127,
    "time_end_1": 1772652258.784607,
    "time_total_1": 1.7554800510406494,
    "time_start_2": 839987.440115875,
    "time_end_2": 839989.195589833,
    "time_total_2": 1.7554739579791203,
    "time_start_3": 839987440115958,
    "time_end_3": 839989195589916,
    "time_total_3": 1.755473958
}