{
    "function_method_name": "extract_text_to_file_from_any_document",
    "time_start_1": 1772215174.9690182,
    "time_end_1": 1772215177.814029,
    "time_total_1": 2.845010757446289,
    "time_start_2": 402905.617250208,
    "time_end_2": 402908.462250416,
    "time_total_2": 2.8450002080062404,
    "time_start_3": 402905617250250,
    "time_end_3": 402908462250625,
    "time_total_3": 2.845000375
}