{
    "function_method_name": "extract_text_to_file_from_any_document",
    "time_start_1": 1769607899.5422862,
    "time_end_1": 1769607899.640807,
    "time_total_1": 0.09852075576782227,
    "time_start_2": 3207331.540549833,
    "time_end_2": 3207331.639072166,
    "time_total_2": 0.09852233296260238,
    "time_start_3": 3207331540549875,
    "time_end_3": 3207331639072291,
    "time_total_3": 0.098522416
}