{
    "function_method_name": "extract_text_to_file_from_any_document",
    "time_start_1": 1769688670.3943648,
    "time_end_1": 1769688670.491509,
    "time_total_1": 0.09714412689208984,
    "time_start_2": 3288102.354711583,
    "time_end_2": 3288102.451855083,
    "time_total_2": 0.09714350011199713,
    "time_start_3": 3288102354711625,
    "time_end_3": 3288102451855291,
    "time_total_3": 0.097143666
}