{
    "function_method_name": "extract_text_to_file_from_any_document",
    "time_start_1": 1769721682.4154902,
    "time_end_1": 1769721682.418619,
    "time_total_1": 0.0031287670135498047,
    "time_start_2": 3321114.284722166,
    "time_end_2": 3321114.287851416,
    "time_total_2": 0.003129249904304743,
    "time_start_3": 3321114284722333,
    "time_end_3": 3321114287851541,
    "time_total_3": 0.003129208
}